{
  "dataset_revision": "f22508f96b7a36c2415181ed8bb76f76e04ae2d5",
  "task_name": "AppsRetrieval",
  "mteb_version": "1.34.8",
  "scores": {
    "test": [
      {
        "ndcg_at_1": 0.05286,
        "ndcg_at_3": 0.0706,
        "ndcg_at_5": 0.07731,
        "ndcg_at_10": 0.08282,
        "ndcg_at_20": 0.0903,
        "ndcg_at_100": 0.10896,
        "ndcg_at_1000": 0.14265,
        "map_at_1": 0.05286,
        "map_at_3": 0.06618,
        "map_at_5": 0.06992,
        "map_at_10": 0.07221,
        "map_at_20": 0.07424,
        "map_at_100": 0.07659,
        "map_at_1000": 0.07758,
        "recall_at_1": 0.05286,
        "recall_at_3": 0.0834,
        "recall_at_5": 0.0996,
        "recall_at_10": 0.1166,
        "recall_at_20": 0.14635,
        "recall_at_100": 0.2502,
        "recall_at_1000": 0.53174,
        "precision_at_1": 0.05286,
        "precision_at_3": 0.0278,
        "precision_at_5": 0.01992,
        "precision_at_10": 0.01166,
        "precision_at_20": 0.00732,
        "precision_at_100": 0.0025,
        "precision_at_1000": 0.00053,
        "mrr_at_1": 0.052855,
        "mrr_at_3": 0.06618,
        "mrr_at_5": 0.069925,
        "mrr_at_10": 0.072211,
        "mrr_at_20": 0.074244,
        "mrr_at_100": 0.076592,
        "mrr_at_1000": 0.077583,
        "nauc_ndcg_at_1_max": 0.438206,
        "nauc_ndcg_at_1_std": 0.040913,
        "nauc_ndcg_at_1_diff1": 0.457749,
        "nauc_ndcg_at_3_max": 0.408371,
        "nauc_ndcg_at_3_std": 0.04132,
        "nauc_ndcg_at_3_diff1": 0.358335,
        "nauc_ndcg_at_5_max": 0.394406,
        "nauc_ndcg_at_5_std": 0.043296,
        "nauc_ndcg_at_5_diff1": 0.327466,
        "nauc_ndcg_at_10_max": 0.385362,
        "nauc_ndcg_at_10_std": 0.048674,
        "nauc_ndcg_at_10_diff1": 0.308984,
        "nauc_ndcg_at_20_max": 0.371626,
        "nauc_ndcg_at_20_std": 0.056332,
        "nauc_ndcg_at_20_diff1": 0.281404,
        "nauc_ndcg_at_100_max": 0.348381,
        "nauc_ndcg_at_100_std": 0.067207,
        "nauc_ndcg_at_100_diff1": 0.245926,
        "nauc_ndcg_at_1000_max": 0.350052,
        "nauc_ndcg_at_1000_std": 0.086528,
        "nauc_ndcg_at_1000_diff1": 0.229834,
        "nauc_map_at_1_max": 0.438206,
        "nauc_map_at_1_std": 0.040913,
        "nauc_map_at_1_diff1": 0.457749,
        "nauc_map_at_3_max": 0.415359,
        "nauc_map_at_3_std": 0.040997,
        "nauc_map_at_3_diff1": 0.379029,
        "nauc_map_at_5_max": 0.406295,
        "nauc_map_at_5_std": 0.042416,
        "nauc_map_at_5_diff1": 0.35878,
        "nauc_map_at_10_max": 0.401476,
        "nauc_map_at_10_std": 0.044743,
        "nauc_map_at_10_diff1": 0.349281,
        "nauc_map_at_20_max": 0.397037,
        "nauc_map_at_20_std": 0.047281,
        "nauc_map_at_20_diff1": 0.339688,
        "nauc_map_at_100_max": 0.39272,
        "nauc_map_at_100_std": 0.049247,
        "nauc_map_at_100_diff1": 0.332712,
        "nauc_map_at_1000_max": 0.392565,
        "nauc_map_at_1000_std": 0.050246,
        "nauc_map_at_1000_diff1": 0.33164,
        "nauc_recall_at_1_max": 0.438206,
        "nauc_recall_at_1_std": 0.040913,
        "nauc_recall_at_1_diff1": 0.457749,
        "nauc_recall_at_3_max": 0.391961,
        "nauc_recall_at_3_std": 0.04214,
        "nauc_recall_at_3_diff1": 0.310441,
        "nauc_recall_at_5_max": 0.368673,
        "nauc_recall_at_5_std": 0.04518,
        "nauc_recall_at_5_diff1": 0.260652,
        "nauc_recall_at_10_max": 0.352024,
        "nauc_recall_at_10_std": 0.057779,
        "nauc_recall_at_10_diff1": 0.22644,
        "nauc_recall_at_20_max": 0.31999,
        "nauc_recall_at_20_std": 0.076395,
        "nauc_recall_at_20_diff1": 0.166714,
        "nauc_recall_at_100_max": 0.267526,
        "nauc_recall_at_100_std": 0.102208,
        "nauc_recall_at_100_diff1": 0.097068,
        "nauc_recall_at_1000_max": 0.282513,
        "nauc_recall_at_1000_std": 0.175329,
        "nauc_recall_at_1000_diff1": 0.045594,
        "nauc_precision_at_1_max": 0.438206,
        "nauc_precision_at_1_std": 0.040913,
        "nauc_precision_at_1_diff1": 0.457749,
        "nauc_precision_at_3_max": 0.391961,
        "nauc_precision_at_3_std": 0.04214,
        "nauc_precision_at_3_diff1": 0.310441,
        "nauc_precision_at_5_max": 0.368673,
        "nauc_precision_at_5_std": 0.04518,
        "nauc_precision_at_5_diff1": 0.260652,
        "nauc_precision_at_10_max": 0.352024,
        "nauc_precision_at_10_std": 0.057779,
        "nauc_precision_at_10_diff1": 0.22644,
        "nauc_precision_at_20_max": 0.31999,
        "nauc_precision_at_20_std": 0.076395,
        "nauc_precision_at_20_diff1": 0.166714,
        "nauc_precision_at_100_max": 0.267526,
        "nauc_precision_at_100_std": 0.102208,
        "nauc_precision_at_100_diff1": 0.097068,
        "nauc_precision_at_1000_max": 0.282513,
        "nauc_precision_at_1000_std": 0.175329,
        "nauc_precision_at_1000_diff1": 0.045594,
        "nauc_mrr_at_1_max": 0.437527,
        "nauc_mrr_at_1_std": 0.040913,
        "nauc_mrr_at_1_diff1": 0.457749,
        "nauc_mrr_at_3_max": 0.415088,
        "nauc_mrr_at_3_std": 0.040997,
        "nauc_mrr_at_3_diff1": 0.379029,
        "nauc_mrr_at_5_max": 0.406038,
        "nauc_mrr_at_5_std": 0.042416,
        "nauc_mrr_at_5_diff1": 0.35878,
        "nauc_mrr_at_10_max": 0.401225,
        "nauc_mrr_at_10_std": 0.044743,
        "nauc_mrr_at_10_diff1": 0.349281,
        "nauc_mrr_at_20_max": 0.396791,
        "nauc_mrr_at_20_std": 0.047281,
        "nauc_mrr_at_20_diff1": 0.339688,
        "nauc_mrr_at_100_max": 0.392478,
        "nauc_mrr_at_100_std": 0.049247,
        "nauc_mrr_at_100_diff1": 0.332712,
        "nauc_mrr_at_1000_max": 0.392324,
        "nauc_mrr_at_1000_std": 0.050246,
        "nauc_mrr_at_1000_diff1": 0.33164,
        "main_score": 0.08282,
        "hf_subset": "default",
        "languages": [
          "eng-Latn",
          "python-Code"
        ]
      }
    ]
  },
  "evaluation_time": 111.00842523574829,
  "kg_co2_emissions": null
}