{
  "dataset_revision": "5d958fb6b31055495347724d46431ba41309b03a",
  "task_name": "ChemNQRetrieval",
  "mteb_version": "1.34.8",
  "scores": {
    "test": [
      {
        "ndcg_at_1": 0.2963,
        "ndcg_at_3": 0.3933,
        "ndcg_at_5": 0.41903,
        "ndcg_at_10": 0.4601,
        "ndcg_at_20": 0.50664,
        "ndcg_at_100": 0.5375,
        "ndcg_at_1000": 0.54473,
        "map_at_1": 0.24074,
        "map_at_3": 0.35494,
        "map_at_5": 0.37346,
        "map_at_10": 0.38951,
        "map_at_20": 0.40466,
        "map_at_100": 0.41072,
        "map_at_1000": 0.4111,
        "recall_at_1": 0.24074,
        "recall_at_3": 0.46296,
        "recall_at_5": 0.51852,
        "recall_at_10": 0.64198,
        "recall_at_20": 0.80864,
        "recall_at_100": 0.95062,
        "recall_at_1000": 1.0,
        "precision_at_1": 0.2963,
        "precision_at_3": 0.19753,
        "precision_at_5": 0.13333,
        "precision_at_10": 0.08148,
        "precision_at_20": 0.05185,
        "precision_at_100": 0.01222,
        "precision_at_1000": 0.0013,
        "mrr_at_1": 0.296296,
        "mrr_at_3": 0.395062,
        "mrr_at_5": 0.404321,
        "mrr_at_10": 0.423457,
        "mrr_at_20": 0.434892,
        "mrr_at_100": 0.438726,
        "mrr_at_1000": 0.438949,
        "nauc_ndcg_at_1_max": 0.058345,
        "nauc_ndcg_at_1_std": -0.209458,
        "nauc_ndcg_at_1_diff1": 0.273735,
        "nauc_ndcg_at_3_max": 0.178995,
        "nauc_ndcg_at_3_std": -0.119457,
        "nauc_ndcg_at_3_diff1": 0.222281,
        "nauc_ndcg_at_5_max": 0.152003,
        "nauc_ndcg_at_5_std": -0.167237,
        "nauc_ndcg_at_5_diff1": 0.188991,
        "nauc_ndcg_at_10_max": 0.099229,
        "nauc_ndcg_at_10_std": -0.221602,
        "nauc_ndcg_at_10_diff1": 0.193885,
        "nauc_ndcg_at_20_max": 0.164509,
        "nauc_ndcg_at_20_std": -0.170899,
        "nauc_ndcg_at_20_diff1": 0.236583,
        "nauc_ndcg_at_100_max": 0.168679,
        "nauc_ndcg_at_100_std": -0.148912,
        "nauc_ndcg_at_100_diff1": 0.231208,
        "nauc_ndcg_at_1000_max": 0.14568,
        "nauc_ndcg_at_1000_std": -0.168349,
        "nauc_ndcg_at_1000_diff1": 0.218007,
        "nauc_map_at_1_max": 0.093337,
        "nauc_map_at_1_std": -0.160311,
        "nauc_map_at_1_diff1": 0.371785,
        "nauc_map_at_3_max": 0.15946,
        "nauc_map_at_3_std": -0.134715,
        "nauc_map_at_3_diff1": 0.271458,
        "nauc_map_at_5_max": 0.149996,
        "nauc_map_at_5_std": -0.166935,
        "nauc_map_at_5_diff1": 0.245494,
        "nauc_map_at_10_max": 0.131167,
        "nauc_map_at_10_std": -0.188615,
        "nauc_map_at_10_diff1": 0.248753,
        "nauc_map_at_20_max": 0.147414,
        "nauc_map_at_20_std": -0.174698,
        "nauc_map_at_20_diff1": 0.253579,
        "nauc_map_at_100_max": 0.147284,
        "nauc_map_at_100_std": -0.172171,
        "nauc_map_at_100_diff1": 0.251461,
        "nauc_map_at_1000_max": 0.146272,
        "nauc_map_at_1000_std": -0.172891,
        "nauc_map_at_1000_diff1": 0.250926,
        "nauc_recall_at_1_max": 0.093337,
        "nauc_recall_at_1_std": -0.160311,
        "nauc_recall_at_1_diff1": 0.371785,
        "nauc_recall_at_3_max": 0.229178,
        "nauc_recall_at_3_std": -0.041239,
        "nauc_recall_at_3_diff1": 0.164301,
        "nauc_recall_at_5_max": 0.159546,
        "nauc_recall_at_5_std": -0.13965,
        "nauc_recall_at_5_diff1": 0.092038,
        "nauc_recall_at_10_max": -0.010019,
        "nauc_recall_at_10_std": -0.314607,
        "nauc_recall_at_10_diff1": 0.098495,
        "nauc_recall_at_20_max": 0.324933,
        "nauc_recall_at_20_std": -0.102671,
        "nauc_recall_at_20_diff1": 0.345396,
        "nauc_recall_at_100_max": 0.966912,
        "nauc_recall_at_100_std": 0.606844,
        "nauc_recall_at_100_diff1": 0.681466,
        "nauc_recall_at_1000_max": NaN,
        "nauc_recall_at_1000_std": NaN,
        "nauc_recall_at_1000_diff1": NaN,
        "nauc_precision_at_1_max": 0.058345,
        "nauc_precision_at_1_std": -0.209458,
        "nauc_precision_at_1_diff1": 0.273735,
        "nauc_precision_at_3_max": 0.199996,
        "nauc_precision_at_3_std": -0.11763,
        "nauc_precision_at_3_diff1": -0.009398,
        "nauc_precision_at_5_max": 0.150265,
        "nauc_precision_at_5_std": -0.182575,
        "nauc_precision_at_5_diff1": -0.084902,
        "nauc_precision_at_10_max": -0.001126,
        "nauc_precision_at_10_std": -0.299737,
        "nauc_precision_at_10_diff1": -0.136582,
        "nauc_precision_at_20_max": 0.271519,
        "nauc_precision_at_20_std": 0.014226,
        "nauc_precision_at_20_diff1": -0.005036,
        "nauc_precision_at_100_max": 0.203804,
        "nauc_precision_at_100_std": 0.143715,
        "nauc_precision_at_100_diff1": -0.157799,
        "nauc_precision_at_1000_max": 0.011812,
        "nauc_precision_at_1000_std": 0.067786,
        "nauc_precision_at_1000_diff1": -0.268451,
        "nauc_mrr_at_1_max": 0.058345,
        "nauc_mrr_at_1_std": -0.209458,
        "nauc_mrr_at_1_diff1": 0.273735,
        "nauc_mrr_at_3_max": 0.148266,
        "nauc_mrr_at_3_std": -0.164031,
        "nauc_mrr_at_3_diff1": 0.183032,
        "nauc_mrr_at_5_max": 0.122826,
        "nauc_mrr_at_5_std": -0.185036,
        "nauc_mrr_at_5_diff1": 0.175184,
        "nauc_mrr_at_10_max": 0.09663,
        "nauc_mrr_at_10_std": -0.205754,
        "nauc_mrr_at_10_diff1": 0.172499,
        "nauc_mrr_at_20_max": 0.103141,
        "nauc_mrr_at_20_std": -0.197139,
        "nauc_mrr_at_20_diff1": 0.181351,
        "nauc_mrr_at_100_max": 0.107224,
        "nauc_mrr_at_100_std": -0.193971,
        "nauc_mrr_at_100_diff1": 0.183137,
        "nauc_mrr_at_1000_max": 0.106607,
        "nauc_mrr_at_1000_std": -0.194704,
        "nauc_mrr_at_1000_diff1": 0.182763,
        "main_score": 0.4601,
        "hf_subset": "default",
        "languages": [
          "eng-Latn"
        ]
      }
    ]
  },
  "evaluation_time": 101.06471848487854,
  "kg_co2_emissions": null
}