{
  "dataset_revision": "4adc7bc41202b5c13543c9c886a25f340634dab3",
  "task_name": "COIRCodeSearchNetRetrieval",
  "mteb_version": "1.34.8",
  "scores": {
    "test": [
      {
        "ndcg_at_1": 0.67978,
        "ndcg_at_3": 0.72297,
        "ndcg_at_5": 0.73391,
        "ndcg_at_10": 0.74431,
        "ndcg_at_20": 0.75165,
        "ndcg_at_100": 0.76239,
        "ndcg_at_1000": 0.76957,
        "map_at_1": 0.67978,
        "map_at_3": 0.71267,
        "map_at_5": 0.71875,
        "map_at_10": 0.72305,
        "map_at_20": 0.72508,
        "map_at_100": 0.72651,
        "map_at_1000": 0.72676,
        "recall_at_1": 0.67978,
        "recall_at_3": 0.75265,
        "recall_at_5": 0.77919,
        "recall_at_10": 0.8113,
        "recall_at_20": 0.84019,
        "recall_at_100": 0.89885,
        "recall_at_1000": 0.95663,
        "precision_at_1": 0.67978,
        "precision_at_3": 0.25088,
        "precision_at_5": 0.15584,
        "precision_at_10": 0.08113,
        "precision_at_20": 0.04201,
        "precision_at_100": 0.00899,
        "precision_at_1000": 0.00096,
        "mrr_at_1": 0.679716,
        "mrr_at_3": 0.712629,
        "mrr_at_5": 0.718719,
        "mrr_at_10": 0.723021,
        "mrr_at_20": 0.725054,
        "mrr_at_100": 0.726484,
        "mrr_at_1000": 0.726729,
        "nauc_ndcg_at_1_max": 0.818364,
        "nauc_ndcg_at_1_std": 0.109483,
        "nauc_ndcg_at_1_diff1": 0.858449,
        "nauc_ndcg_at_3_max": 0.817133,
        "nauc_ndcg_at_3_std": 0.108397,
        "nauc_ndcg_at_3_diff1": 0.837209,
        "nauc_ndcg_at_5_max": 0.813202,
        "nauc_ndcg_at_5_std": 0.109984,
        "nauc_ndcg_at_5_diff1": 0.833547,
        "nauc_ndcg_at_10_max": 0.811081,
        "nauc_ndcg_at_10_std": 0.115894,
        "nauc_ndcg_at_10_diff1": 0.830401,
        "nauc_ndcg_at_20_max": 0.810883,
        "nauc_ndcg_at_20_std": 0.118879,
        "nauc_ndcg_at_20_diff1": 0.829491,
        "nauc_ndcg_at_100_max": 0.810939,
        "nauc_ndcg_at_100_std": 0.125673,
        "nauc_ndcg_at_100_diff1": 0.829275,
        "nauc_ndcg_at_1000_max": 0.813068,
        "nauc_ndcg_at_1000_std": 0.127338,
        "nauc_ndcg_at_1000_diff1": 0.831901,
        "nauc_map_at_1_max": 0.818364,
        "nauc_map_at_1_std": 0.109483,
        "nauc_map_at_1_diff1": 0.858449,
        "nauc_map_at_3_max": 0.817665,
        "nauc_map_at_3_std": 0.108629,
        "nauc_map_at_3_diff1": 0.842466,
        "nauc_map_at_5_max": 0.815603,
        "nauc_map_at_5_std": 0.109448,
        "nauc_map_at_5_diff1": 0.840641,
        "nauc_map_at_10_max": 0.814708,
        "nauc_map_at_10_std": 0.11155,
        "nauc_map_at_10_diff1": 0.839428,
        "nauc_map_at_20_max": 0.814684,
        "nauc_map_at_20_std": 0.112307,
        "nauc_map_at_20_diff1": 0.839256,
        "nauc_map_at_100_max": 0.814734,
        "nauc_map_at_100_std": 0.113064,
        "nauc_map_at_100_diff1": 0.839303,
        "nauc_map_at_1000_max": 0.814801,
        "nauc_map_at_1000_std": 0.113126,
        "nauc_map_at_1000_diff1": 0.839387,
        "nauc_recall_at_1_max": 0.818364,
        "nauc_recall_at_1_std": 0.109483,
        "nauc_recall_at_1_diff1": 0.858449,
        "nauc_recall_at_3_max": 0.815313,
        "nauc_recall_at_3_std": 0.107671,
        "nauc_recall_at_3_diff1": 0.820323,
        "nauc_recall_at_5_max": 0.80403,
        "nauc_recall_at_5_std": 0.11219,
        "nauc_recall_at_5_diff1": 0.808322,
        "nauc_recall_at_10_max": 0.795202,
        "nauc_recall_at_10_std": 0.137065,
        "nauc_recall_at_10_diff1": 0.793088,
        "nauc_recall_at_20_max": 0.791456,
        "nauc_recall_at_20_std": 0.157118,
        "nauc_recall_at_20_diff1": 0.78185,
        "nauc_recall_at_100_max": 0.781463,
        "nauc_recall_at_100_std": 0.25369,
        "nauc_recall_at_100_diff1": 0.75466,
        "nauc_recall_at_1000_max": 0.82231,
        "nauc_recall_at_1000_std": 0.478271,
        "nauc_recall_at_1000_diff1": 0.75534,
        "nauc_precision_at_1_max": 0.818364,
        "nauc_precision_at_1_std": 0.109483,
        "nauc_precision_at_1_diff1": 0.858449,
        "nauc_precision_at_3_max": 0.815313,
        "nauc_precision_at_3_std": 0.107671,
        "nauc_precision_at_3_diff1": 0.820323,
        "nauc_precision_at_5_max": 0.80403,
        "nauc_precision_at_5_std": 0.11219,
        "nauc_precision_at_5_diff1": 0.808322,
        "nauc_precision_at_10_max": 0.795202,
        "nauc_precision_at_10_std": 0.137065,
        "nauc_precision_at_10_diff1": 0.793088,
        "nauc_precision_at_20_max": 0.791456,
        "nauc_precision_at_20_std": 0.157118,
        "nauc_precision_at_20_diff1": 0.78185,
        "nauc_precision_at_100_max": 0.781463,
        "nauc_precision_at_100_std": 0.25369,
        "nauc_precision_at_100_diff1": 0.75466,
        "nauc_precision_at_1000_max": 0.82231,
        "nauc_precision_at_1000_std": 0.478271,
        "nauc_precision_at_1000_diff1": 0.75534,
        "nauc_mrr_at_1_max": 0.818185,
        "nauc_mrr_at_1_std": 0.109207,
        "nauc_mrr_at_1_diff1": 0.858579,
        "nauc_mrr_at_3_max": 0.817581,
        "nauc_mrr_at_3_std": 0.108564,
        "nauc_mrr_at_3_diff1": 0.842544,
        "nauc_mrr_at_5_max": 0.815534,
        "nauc_mrr_at_5_std": 0.109379,
        "nauc_mrr_at_5_diff1": 0.840702,
        "nauc_mrr_at_10_max": 0.814637,
        "nauc_mrr_at_10_std": 0.11148,
        "nauc_mrr_at_10_diff1": 0.83949,
        "nauc_mrr_at_20_max": 0.814613,
        "nauc_mrr_at_20_std": 0.112236,
        "nauc_mrr_at_20_diff1": 0.839319,
        "nauc_mrr_at_100_max": 0.814663,
        "nauc_mrr_at_100_std": 0.112993,
        "nauc_mrr_at_100_diff1": 0.839366,
        "nauc_mrr_at_1000_max": 0.814729,
        "nauc_mrr_at_1000_std": 0.113055,
        "nauc_mrr_at_1000_diff1": 0.83945,
        "main_score": 0.74431,
        "hf_subset": "python",
        "languages": [
          "python-Code"
        ]
      }
    ]
  },
  "evaluation_time": 641.4930033683777,
  "kg_co2_emissions": null
}