{
  "dataset_revision": "27a168819829fe9bcd655c2df245fb19452e8e06",
  "task_name": "FiQA2018",
  "mteb_version": "1.34.8",
  "scores": {
    "test": [
      {
        "ndcg_at_1": 0.48611,
        "ndcg_at_3": 0.45449,
        "ndcg_at_5": 0.47227,
        "ndcg_at_10": 0.50431,
        "ndcg_at_20": 0.53067,
        "ndcg_at_100": 0.57143,
        "ndcg_at_1000": 0.59552,
        "map_at_1": 0.24976,
        "map_at_3": 0.35749,
        "map_at_5": 0.39192,
        "map_at_10": 0.41769,
        "map_at_20": 0.42918,
        "map_at_100": 0.43865,
        "map_at_1000": 0.44022,
        "recall_at_1": 0.24976,
        "recall_at_3": 0.40888,
        "recall_at_5": 0.48874,
        "recall_at_10": 0.58826,
        "recall_at_20": 0.66609,
        "recall_at_100": 0.83037,
        "recall_at_1000": 0.97561,
        "precision_at_1": 0.48611,
        "precision_at_3": 0.30556,
        "precision_at_5": 0.22901,
        "precision_at_10": 0.1429,
        "precision_at_20": 0.08372,
        "precision_at_100": 0.02144,
        "precision_at_1000": 0.00255,
        "mrr_at_1": 0.486111,
        "mrr_at_3": 0.552984,
        "mrr_at_5": 0.566024,
        "mrr_at_10": 0.577202,
        "mrr_at_20": 0.580999,
        "mrr_at_100": 0.583635,
        "mrr_at_1000": 0.583957,
        "nauc_ndcg_at_1_max": 0.356076,
        "nauc_ndcg_at_1_std": -0.112298,
        "nauc_ndcg_at_1_diff1": 0.572259,
        "nauc_ndcg_at_3_max": 0.34819,
        "nauc_ndcg_at_3_std": -0.100921,
        "nauc_ndcg_at_3_diff1": 0.442397,
        "nauc_ndcg_at_5_max": 0.341921,
        "nauc_ndcg_at_5_std": -0.10068,
        "nauc_ndcg_at_5_diff1": 0.465107,
        "nauc_ndcg_at_10_max": 0.32978,
        "nauc_ndcg_at_10_std": -0.102433,
        "nauc_ndcg_at_10_diff1": 0.45608,
        "nauc_ndcg_at_20_max": 0.34508,
        "nauc_ndcg_at_20_std": -0.079797,
        "nauc_ndcg_at_20_diff1": 0.44926,
        "nauc_ndcg_at_100_max": 0.369471,
        "nauc_ndcg_at_100_std": -0.057882,
        "nauc_ndcg_at_100_diff1": 0.45585,
        "nauc_ndcg_at_1000_max": 0.363871,
        "nauc_ndcg_at_1000_std": -0.073675,
        "nauc_ndcg_at_1000_diff1": 0.460914,
        "nauc_map_at_1_max": 0.168815,
        "nauc_map_at_1_std": -0.167509,
        "nauc_map_at_1_diff1": 0.496346,
        "nauc_map_at_3_max": 0.25443,
        "nauc_map_at_3_std": -0.145315,
        "nauc_map_at_3_diff1": 0.444525,
        "nauc_map_at_5_max": 0.285091,
        "nauc_map_at_5_std": -0.13398,
        "nauc_map_at_5_diff1": 0.455488,
        "nauc_map_at_10_max": 0.297061,
        "nauc_map_at_10_std": -0.125772,
        "nauc_map_at_10_diff1": 0.447653,
        "nauc_map_at_20_max": 0.306504,
        "nauc_map_at_20_std": -0.11549,
        "nauc_map_at_20_diff1": 0.445826,
        "nauc_map_at_100_max": 0.313279,
        "nauc_map_at_100_std": -0.110467,
        "nauc_map_at_100_diff1": 0.447488,
        "nauc_map_at_1000_max": 0.31358,
        "nauc_map_at_1000_std": -0.110838,
        "nauc_map_at_1000_diff1": 0.448013,
        "nauc_recall_at_1_max": 0.168815,
        "nauc_recall_at_1_std": -0.167509,
        "nauc_recall_at_1_diff1": 0.496346,
        "nauc_recall_at_3_max": 0.243391,
        "nauc_recall_at_3_std": -0.121987,
        "nauc_recall_at_3_diff1": 0.370034,
        "nauc_recall_at_5_max": 0.271158,
        "nauc_recall_at_5_std": -0.093396,
        "nauc_recall_at_5_diff1": 0.396957,
        "nauc_recall_at_10_max": 0.263655,
        "nauc_recall_at_10_std": -0.081654,
        "nauc_recall_at_10_diff1": 0.355602,
        "nauc_recall_at_20_max": 0.303142,
        "nauc_recall_at_20_std": 0.000422,
        "nauc_recall_at_20_diff1": 0.314748,
        "nauc_recall_at_100_max": 0.429419,
        "nauc_recall_at_100_std": 0.195578,
        "nauc_recall_at_100_diff1": 0.292633,
        "nauc_recall_at_1000_max": 0.430512,
        "nauc_recall_at_1000_std": 0.253982,
        "nauc_recall_at_1000_diff1": 0.068656,
        "nauc_precision_at_1_max": 0.356076,
        "nauc_precision_at_1_std": -0.112298,
        "nauc_precision_at_1_diff1": 0.572259,
        "nauc_precision_at_3_max": 0.394011,
        "nauc_precision_at_3_std": -0.012559,
        "nauc_precision_at_3_diff1": 0.265083,
        "nauc_precision_at_5_max": 0.392133,
        "nauc_precision_at_5_std": 0.031509,
        "nauc_precision_at_5_diff1": 0.218392,
        "nauc_precision_at_10_max": 0.370188,
        "nauc_precision_at_10_std": 0.077767,
        "nauc_precision_at_10_diff1": 0.141172,
        "nauc_precision_at_20_max": 0.358123,
        "nauc_precision_at_20_std": 0.134498,
        "nauc_precision_at_20_diff1": 0.082464,
        "nauc_precision_at_100_max": 0.332604,
        "nauc_precision_at_100_std": 0.190632,
        "nauc_precision_at_100_diff1": 0.013718,
        "nauc_precision_at_1000_max": 0.251183,
        "nauc_precision_at_1000_std": 0.158395,
        "nauc_precision_at_1000_diff1": -0.051476,
        "nauc_mrr_at_1_max": 0.356076,
        "nauc_mrr_at_1_std": -0.112298,
        "nauc_mrr_at_1_diff1": 0.572259,
        "nauc_mrr_at_3_max": 0.379424,
        "nauc_mrr_at_3_std": -0.093189,
        "nauc_mrr_at_3_diff1": 0.525631,
        "nauc_mrr_at_5_max": 0.381815,
        "nauc_mrr_at_5_std": -0.090534,
        "nauc_mrr_at_5_diff1": 0.533079,
        "nauc_mrr_at_10_max": 0.381084,
        "nauc_mrr_at_10_std": -0.087506,
        "nauc_mrr_at_10_diff1": 0.530729,
        "nauc_mrr_at_20_max": 0.382113,
        "nauc_mrr_at_20_std": -0.086466,
        "nauc_mrr_at_20_diff1": 0.530957,
        "nauc_mrr_at_100_max": 0.38213,
        "nauc_mrr_at_100_std": -0.086423,
        "nauc_mrr_at_100_diff1": 0.531949,
        "nauc_mrr_at_1000_max": 0.381844,
        "nauc_mrr_at_1000_std": -0.086797,
        "nauc_mrr_at_1000_diff1": 0.531991,
        "main_score": 0.50431,
        "hf_subset": "default",
        "languages": [
          "eng-Latn"
        ]
      }
    ]
  },
  "evaluation_time": 348.0828821659088,
  "kg_co2_emissions": null
}