{
  "dataset_revision": "ae763399273d8b20506b80cf6f6f9a31a6a2b238",
  "task_name": "MedicalQARetrieval",
  "mteb_version": "1.34.8",
  "scores": {
    "test": [
      {
        "ndcg_at_1": 0.58008,
        "ndcg_at_3": 0.69022,
        "ndcg_at_5": 0.71507,
        "ndcg_at_10": 0.7351,
        "ndcg_at_20": 0.74494,
        "ndcg_at_100": 0.75431,
        "ndcg_at_1000": 0.75731,
        "map_at_1": 0.58008,
        "map_at_3": 0.66374,
        "map_at_5": 0.67748,
        "map_at_10": 0.68591,
        "map_at_20": 0.68866,
        "map_at_100": 0.68997,
        "map_at_1000": 0.6901,
        "recall_at_1": 0.58008,
        "recall_at_3": 0.7666,
        "recall_at_5": 0.82715,
        "recall_at_10": 0.88818,
        "recall_at_20": 0.92676,
        "recall_at_100": 0.97705,
        "recall_at_1000": 1.0,
        "precision_at_1": 0.58008,
        "precision_at_3": 0.25553,
        "precision_at_5": 0.16543,
        "precision_at_10": 0.08882,
        "precision_at_20": 0.04634,
        "precision_at_100": 0.00977,
        "precision_at_1000": 0.001,
        "mrr_at_1": 0.580078,
        "mrr_at_3": 0.663818,
        "mrr_at_5": 0.677344,
        "mrr_at_10": 0.685855,
        "mrr_at_20": 0.688601,
        "mrr_at_100": 0.689916,
        "mrr_at_1000": 0.690039,
        "nauc_ndcg_at_1_max": 0.092765,
        "nauc_ndcg_at_1_std": -0.151575,
        "nauc_ndcg_at_1_diff1": 0.536132,
        "nauc_ndcg_at_3_max": 0.087242,
        "nauc_ndcg_at_3_std": -0.171576,
        "nauc_ndcg_at_3_diff1": 0.472598,
        "nauc_ndcg_at_5_max": 0.082371,
        "nauc_ndcg_at_5_std": -0.179571,
        "nauc_ndcg_at_5_diff1": 0.46575,
        "nauc_ndcg_at_10_max": 0.097488,
        "nauc_ndcg_at_10_std": -0.17818,
        "nauc_ndcg_at_10_diff1": 0.456664,
        "nauc_ndcg_at_20_max": 0.111103,
        "nauc_ndcg_at_20_std": -0.164824,
        "nauc_ndcg_at_20_diff1": 0.463512,
        "nauc_ndcg_at_100_max": 0.10845,
        "nauc_ndcg_at_100_std": -0.156343,
        "nauc_ndcg_at_100_diff1": 0.472594,
        "nauc_ndcg_at_1000_max": 0.100846,
        "nauc_ndcg_at_1000_std": -0.163936,
        "nauc_ndcg_at_1000_diff1": 0.476648,
        "nauc_map_at_1_max": 0.092765,
        "nauc_map_at_1_std": -0.151575,
        "nauc_map_at_1_diff1": 0.536132,
        "nauc_map_at_3_max": 0.087724,
        "nauc_map_at_3_std": -0.167291,
        "nauc_map_at_3_diff1": 0.489456,
        "nauc_map_at_5_max": 0.085419,
        "nauc_map_at_5_std": -0.170851,
        "nauc_map_at_5_diff1": 0.486463,
        "nauc_map_at_10_max": 0.091548,
        "nauc_map_at_10_std": -0.170106,
        "nauc_map_at_10_diff1": 0.483938,
        "nauc_map_at_20_max": 0.094675,
        "nauc_map_at_20_std": -0.16703,
        "nauc_map_at_20_diff1": 0.48596,
        "nauc_map_at_100_max": 0.094661,
        "nauc_map_at_100_std": -0.165618,
        "nauc_map_at_100_diff1": 0.48701,
        "nauc_map_at_1000_max": 0.094406,
        "nauc_map_at_1000_std": -0.165874,
        "nauc_map_at_1000_diff1": 0.487137,
        "nauc_recall_at_1_max": 0.092765,
        "nauc_recall_at_1_std": -0.151575,
        "nauc_recall_at_1_diff1": 0.536132,
        "nauc_recall_at_3_max": 0.086021,
        "nauc_recall_at_3_std": -0.186847,
        "nauc_recall_at_3_diff1": 0.410235,
        "nauc_recall_at_5_max": 0.06762,
        "nauc_recall_at_5_std": -0.221459,
        "nauc_recall_at_5_diff1": 0.369395,
        "nauc_recall_at_10_max": 0.146311,
        "nauc_recall_at_10_std": -0.232823,
        "nauc_recall_at_10_diff1": 0.265386,
        "nauc_recall_at_20_max": 0.324177,
        "nauc_recall_at_20_std": -0.106718,
        "nauc_recall_at_20_diff1": 0.242225,
        "nauc_recall_at_100_max": 0.612423,
        "nauc_recall_at_100_std": 0.350213,
        "nauc_recall_at_100_diff1": 0.199735,
        "nauc_recall_at_1000_max": NaN,
        "nauc_recall_at_1000_std": NaN,
        "nauc_recall_at_1000_diff1": NaN,
        "nauc_precision_at_1_max": 0.092765,
        "nauc_precision_at_1_std": -0.151575,
        "nauc_precision_at_1_diff1": 0.536132,
        "nauc_precision_at_3_max": 0.086021,
        "nauc_precision_at_3_std": -0.186847,
        "nauc_precision_at_3_diff1": 0.410235,
        "nauc_precision_at_5_max": 0.06762,
        "nauc_precision_at_5_std": -0.221459,
        "nauc_precision_at_5_diff1": 0.369395,
        "nauc_precision_at_10_max": 0.146311,
        "nauc_precision_at_10_std": -0.232823,
        "nauc_precision_at_10_diff1": 0.265386,
        "nauc_precision_at_20_max": 0.324177,
        "nauc_precision_at_20_std": -0.106718,
        "nauc_precision_at_20_diff1": 0.242225,
        "nauc_precision_at_100_max": 0.612423,
        "nauc_precision_at_100_std": 0.350213,
        "nauc_precision_at_100_diff1": 0.199735,
        "nauc_precision_at_1000_max": NaN,
        "nauc_precision_at_1000_std": NaN,
        "nauc_precision_at_1000_diff1": NaN,
        "nauc_mrr_at_1_max": 0.094699,
        "nauc_mrr_at_1_std": -0.150219,
        "nauc_mrr_at_1_diff1": 0.536132,
        "nauc_mrr_at_3_max": 0.087507,
        "nauc_mrr_at_3_std": -0.167193,
        "nauc_mrr_at_3_diff1": 0.489264,
        "nauc_mrr_at_5_max": 0.084954,
        "nauc_mrr_at_5_std": -0.170079,
        "nauc_mrr_at_5_diff1": 0.486778,
        "nauc_mrr_at_10_max": 0.091647,
        "nauc_mrr_at_10_std": -0.169398,
        "nauc_mrr_at_10_diff1": 0.484078,
        "nauc_mrr_at_20_max": 0.094798,
        "nauc_mrr_at_20_std": -0.166293,
        "nauc_mrr_at_20_diff1": 0.486107,
        "nauc_mrr_at_100_max": 0.094784,
        "nauc_mrr_at_100_std": -0.164877,
        "nauc_mrr_at_100_diff1": 0.487157,
        "nauc_mrr_at_1000_max": 0.09453,
        "nauc_mrr_at_1000_std": -0.165133,
        "nauc_mrr_at_1000_diff1": 0.487284,
        "main_score": 0.7351,
        "hf_subset": "default",
        "languages": [
          "eng-Latn"
        ]
      }
    ]
  },
  "evaluation_time": 23.2472243309021,
  "kg_co2_emissions": null
}