{
  "dataset_revision": "ec0fa4fe99da2ff19ca1214b7966684033a58814",
  "task_name": "NFCorpus",
  "mteb_version": "1.34.8",
  "scores": {
    "test": [
      {
        "ndcg_at_1": 0.4582,
        "ndcg_at_3": 0.43194,
        "ndcg_at_5": 0.4195,
        "ndcg_at_10": 0.3917,
        "ndcg_at_20": 0.37103,
        "ndcg_at_100": 0.36728,
        "ndcg_at_1000": 0.45143,
        "map_at_1": 0.06458,
        "map_at_3": 0.10277,
        "map_at_5": 0.12406,
        "map_at_10": 0.14836,
        "map_at_20": 0.16774,
        "map_at_100": 0.19583,
        "map_at_1000": 0.21378,
        "recall_at_1": 0.06458,
        "recall_at_3": 0.11602,
        "recall_at_5": 0.15408,
        "recall_at_10": 0.20111,
        "recall_at_20": 0.24878,
        "recall_at_100": 0.38237,
        "recall_at_1000": 0.68715,
        "precision_at_1": 0.47368,
        "precision_at_3": 0.40764,
        "precision_at_5": 0.36904,
        "precision_at_10": 0.29783,
        "precision_at_20": 0.22399,
        "precision_at_100": 0.09796,
        "precision_at_1000": 0.0229,
        "mrr_at_1": 0.47678,
        "mrr_at_3": 0.54902,
        "mrr_at_5": 0.565893,
        "mrr_at_10": 0.574345,
        "mrr_at_20": 0.577403,
        "mrr_at_100": 0.579057,
        "mrr_at_1000": 0.579401,
        "nauc_ndcg_at_1_max": 0.451553,
        "nauc_ndcg_at_1_std": 0.295634,
        "nauc_ndcg_at_1_diff1": 0.245641,
        "nauc_ndcg_at_3_max": 0.418532,
        "nauc_ndcg_at_3_std": 0.291,
        "nauc_ndcg_at_3_diff1": 0.16315,
        "nauc_ndcg_at_5_max": 0.427683,
        "nauc_ndcg_at_5_std": 0.304026,
        "nauc_ndcg_at_5_diff1": 0.168708,
        "nauc_ndcg_at_10_max": 0.415331,
        "nauc_ndcg_at_10_std": 0.301403,
        "nauc_ndcg_at_10_diff1": 0.15321,
        "nauc_ndcg_at_20_max": 0.410066,
        "nauc_ndcg_at_20_std": 0.308482,
        "nauc_ndcg_at_20_diff1": 0.159597,
        "nauc_ndcg_at_100_max": 0.4437,
        "nauc_ndcg_at_100_std": 0.326407,
        "nauc_ndcg_at_100_diff1": 0.163572,
        "nauc_ndcg_at_1000_max": 0.495086,
        "nauc_ndcg_at_1000_std": 0.37781,
        "nauc_ndcg_at_1000_diff1": 0.184593,
        "nauc_map_at_1_max": 0.079224,
        "nauc_map_at_1_std": -0.089888,
        "nauc_map_at_1_diff1": 0.313167,
        "nauc_map_at_3_max": 0.156523,
        "nauc_map_at_3_std": -0.041063,
        "nauc_map_at_3_diff1": 0.277852,
        "nauc_map_at_5_max": 0.20331,
        "nauc_map_at_5_std": -0.012423,
        "nauc_map_at_5_diff1": 0.26298,
        "nauc_map_at_10_max": 0.255422,
        "nauc_map_at_10_std": 0.030143,
        "nauc_map_at_10_diff1": 0.22969,
        "nauc_map_at_20_max": 0.293042,
        "nauc_map_at_20_std": 0.077616,
        "nauc_map_at_20_diff1": 0.220152,
        "nauc_map_at_100_max": 0.335056,
        "nauc_map_at_100_std": 0.156076,
        "nauc_map_at_100_diff1": 0.198121,
        "nauc_map_at_1000_max": 0.342199,
        "nauc_map_at_1000_std": 0.195979,
        "nauc_map_at_1000_diff1": 0.188888,
        "nauc_recall_at_1_max": 0.079224,
        "nauc_recall_at_1_std": -0.089888,
        "nauc_recall_at_1_diff1": 0.313167,
        "nauc_recall_at_3_max": 0.123857,
        "nauc_recall_at_3_std": -0.057129,
        "nauc_recall_at_3_diff1": 0.252443,
        "nauc_recall_at_5_max": 0.16663,
        "nauc_recall_at_5_std": -0.033287,
        "nauc_recall_at_5_diff1": 0.244749,
        "nauc_recall_at_10_max": 0.203096,
        "nauc_recall_at_10_std": 0.00583,
        "nauc_recall_at_10_diff1": 0.188664,
        "nauc_recall_at_20_max": 0.225886,
        "nauc_recall_at_20_std": 0.046777,
        "nauc_recall_at_20_diff1": 0.187102,
        "nauc_recall_at_100_max": 0.291177,
        "nauc_recall_at_100_std": 0.191908,
        "nauc_recall_at_100_diff1": 0.10981,
        "nauc_recall_at_1000_max": 0.29997,
        "nauc_recall_at_1000_std": 0.24972,
        "nauc_recall_at_1000_diff1": 0.070092,
        "nauc_precision_at_1_max": 0.478424,
        "nauc_precision_at_1_std": 0.304431,
        "nauc_precision_at_1_diff1": 0.245473,
        "nauc_precision_at_3_max": 0.418338,
        "nauc_precision_at_3_std": 0.322829,
        "nauc_precision_at_3_diff1": 0.081843,
        "nauc_precision_at_5_max": 0.426373,
        "nauc_precision_at_5_std": 0.357718,
        "nauc_precision_at_5_diff1": 0.04919,
        "nauc_precision_at_10_max": 0.396169,
        "nauc_precision_at_10_std": 0.381735,
        "nauc_precision_at_10_diff1": -0.005083,
        "nauc_precision_at_20_max": 0.342984,
        "nauc_precision_at_20_std": 0.409272,
        "nauc_precision_at_20_diff1": -0.022669,
        "nauc_precision_at_100_max": 0.202186,
        "nauc_precision_at_100_std": 0.429399,
        "nauc_precision_at_100_diff1": -0.077463,
        "nauc_precision_at_1000_max": 0.068543,
        "nauc_precision_at_1000_std": 0.349994,
        "nauc_precision_at_1000_diff1": -0.081484,
        "nauc_mrr_at_1_max": 0.472612,
        "nauc_mrr_at_1_std": 0.298433,
        "nauc_mrr_at_1_diff1": 0.236979,
        "nauc_mrr_at_3_max": 0.492385,
        "nauc_mrr_at_3_std": 0.314188,
        "nauc_mrr_at_3_diff1": 0.253308,
        "nauc_mrr_at_5_max": 0.510977,
        "nauc_mrr_at_5_std": 0.330403,
        "nauc_mrr_at_5_diff1": 0.257277,
        "nauc_mrr_at_10_max": 0.510658,
        "nauc_mrr_at_10_std": 0.33271,
        "nauc_mrr_at_10_diff1": 0.255889,
        "nauc_mrr_at_20_max": 0.512045,
        "nauc_mrr_at_20_std": 0.333868,
        "nauc_mrr_at_20_diff1": 0.259443,
        "nauc_mrr_at_100_max": 0.511978,
        "nauc_mrr_at_100_std": 0.335174,
        "nauc_mrr_at_100_diff1": 0.258047,
        "nauc_mrr_at_1000_max": 0.511799,
        "nauc_mrr_at_1000_std": 0.334878,
        "nauc_mrr_at_1000_diff1": 0.258003,
        "main_score": 0.3917,
        "hf_subset": "default",
        "languages": [
          "eng-Latn"
        ]
      }
    ]
  },
  "evaluation_time": 41.5648307800293,
  "kg_co2_emissions": null
}