{
  "dataset_revision": "f8c2fcf00f625baaa80f62ec5bd9e1fff3b8ae88",
  "task_name": "SCIDOCS",
  "mteb_version": "1.34.8",
  "scores": {
    "test": [
      {
        "ndcg_at_1": 0.234,
        "ndcg_at_3": 0.19432,
        "ndcg_at_5": 0.17318,
        "ndcg_at_10": 0.21503,
        "ndcg_at_20": 0.25431,
        "ndcg_at_100": 0.31956,
        "ndcg_at_1000": 0.37593,
        "map_at_1": 0.04738,
        "map_at_3": 0.08659,
        "map_at_5": 0.10605,
        "map_at_10": 0.1279,
        "map_at_20": 0.14255,
        "map_at_100": 0.15643,
        "map_at_1000": 0.16002,
        "recall_at_1": 0.04738,
        "recall_at_3": 0.11053,
        "recall_at_5": 0.15633,
        "recall_at_10": 0.23322,
        "recall_at_20": 0.32565,
        "recall_at_100": 0.53875,
        "recall_at_1000": 0.81277,
        "precision_at_1": 0.234,
        "precision_at_3": 0.182,
        "precision_at_5": 0.1544,
        "precision_at_10": 0.1152,
        "precision_at_20": 0.08025,
        "precision_at_100": 0.02653,
        "precision_at_1000": 0.004,
        "mrr_at_1": 0.234,
        "mrr_at_3": 0.315167,
        "mrr_at_5": 0.336067,
        "mrr_at_10": 0.352284,
        "mrr_at_20": 0.36111,
        "mrr_at_100": 0.364993,
        "mrr_at_1000": 0.365376,
        "nauc_ndcg_at_1_max": 0.225849,
        "nauc_ndcg_at_1_std": 0.063468,
        "nauc_ndcg_at_1_diff1": 0.118141,
        "nauc_ndcg_at_3_max": 0.281333,
        "nauc_ndcg_at_3_std": 0.10191,
        "nauc_ndcg_at_3_diff1": 0.081503,
        "nauc_ndcg_at_5_max": 0.299466,
        "nauc_ndcg_at_5_std": 0.129797,
        "nauc_ndcg_at_5_diff1": 0.078893,
        "nauc_ndcg_at_10_max": 0.323338,
        "nauc_ndcg_at_10_std": 0.161786,
        "nauc_ndcg_at_10_diff1": 0.074516,
        "nauc_ndcg_at_20_max": 0.335354,
        "nauc_ndcg_at_20_std": 0.177186,
        "nauc_ndcg_at_20_diff1": 0.069405,
        "nauc_ndcg_at_100_max": 0.357285,
        "nauc_ndcg_at_100_std": 0.216239,
        "nauc_ndcg_at_100_diff1": 0.077114,
        "nauc_ndcg_at_1000_max": 0.357682,
        "nauc_ndcg_at_1000_std": 0.219644,
        "nauc_ndcg_at_1000_diff1": 0.066723,
        "nauc_map_at_1_max": 0.221665,
        "nauc_map_at_1_std": 0.061277,
        "nauc_map_at_1_diff1": 0.11647,
        "nauc_map_at_3_max": 0.277715,
        "nauc_map_at_3_std": 0.091772,
        "nauc_map_at_3_diff1": 0.088494,
        "nauc_map_at_5_max": 0.290802,
        "nauc_map_at_5_std": 0.116379,
        "nauc_map_at_5_diff1": 0.086525,
        "nauc_map_at_10_max": 0.309604,
        "nauc_map_at_10_std": 0.136375,
        "nauc_map_at_10_diff1": 0.087238,
        "nauc_map_at_20_max": 0.320595,
        "nauc_map_at_20_std": 0.150505,
        "nauc_map_at_20_diff1": 0.080364,
        "nauc_map_at_100_max": 0.329906,
        "nauc_map_at_100_std": 0.166806,
        "nauc_map_at_100_diff1": 0.082097,
        "nauc_map_at_1000_max": 0.330123,
        "nauc_map_at_1000_std": 0.168161,
        "nauc_map_at_1000_diff1": 0.08091,
        "nauc_recall_at_1_max": 0.221665,
        "nauc_recall_at_1_std": 0.061277,
        "nauc_recall_at_1_diff1": 0.11647,
        "nauc_recall_at_3_max": 0.292582,
        "nauc_recall_at_3_std": 0.114164,
        "nauc_recall_at_3_diff1": 0.059949,
        "nauc_recall_at_5_max": 0.309741,
        "nauc_recall_at_5_std": 0.155142,
        "nauc_recall_at_5_diff1": 0.059229,
        "nauc_recall_at_10_max": 0.333478,
        "nauc_recall_at_10_std": 0.201194,
        "nauc_recall_at_10_diff1": 0.050762,
        "nauc_recall_at_20_max": 0.333838,
        "nauc_recall_at_20_std": 0.214995,
        "nauc_recall_at_20_diff1": 0.036693,
        "nauc_recall_at_100_max": 0.352471,
        "nauc_recall_at_100_std": 0.292257,
        "nauc_recall_at_100_diff1": 0.050455,
        "nauc_recall_at_1000_max": 0.351459,
        "nauc_recall_at_1000_std": 0.344298,
        "nauc_recall_at_1000_diff1": -0.018821,
        "nauc_precision_at_1_max": 0.225849,
        "nauc_precision_at_1_std": 0.063468,
        "nauc_precision_at_1_diff1": 0.118141,
        "nauc_precision_at_3_max": 0.297518,
        "nauc_precision_at_3_std": 0.115532,
        "nauc_precision_at_3_diff1": 0.063931,
        "nauc_precision_at_5_max": 0.315038,
        "nauc_precision_at_5_std": 0.157161,
        "nauc_precision_at_5_diff1": 0.061453,
        "nauc_precision_at_10_max": 0.338002,
        "nauc_precision_at_10_std": 0.202138,
        "nauc_precision_at_10_diff1": 0.052745,
        "nauc_precision_at_20_max": 0.336386,
        "nauc_precision_at_20_std": 0.216479,
        "nauc_precision_at_20_diff1": 0.039779,
        "nauc_precision_at_100_max": 0.352526,
        "nauc_precision_at_100_std": 0.292221,
        "nauc_precision_at_100_diff1": 0.053947,
        "nauc_precision_at_1000_max": 0.346158,
        "nauc_precision_at_1000_std": 0.335074,
        "nauc_precision_at_1000_diff1": -0.011427,
        "nauc_mrr_at_1_max": 0.225849,
        "nauc_mrr_at_1_std": 0.063468,
        "nauc_mrr_at_1_diff1": 0.118141,
        "nauc_mrr_at_3_max": 0.261192,
        "nauc_mrr_at_3_std": 0.097107,
        "nauc_mrr_at_3_diff1": 0.085426,
        "nauc_mrr_at_5_max": 0.26997,
        "nauc_mrr_at_5_std": 0.10715,
        "nauc_mrr_at_5_diff1": 0.081731,
        "nauc_mrr_at_10_max": 0.274499,
        "nauc_mrr_at_10_std": 0.115586,
        "nauc_mrr_at_10_diff1": 0.080282,
        "nauc_mrr_at_20_max": 0.273811,
        "nauc_mrr_at_20_std": 0.113425,
        "nauc_mrr_at_20_diff1": 0.084621,
        "nauc_mrr_at_100_max": 0.272463,
        "nauc_mrr_at_100_std": 0.112603,
        "nauc_mrr_at_100_diff1": 0.084764,
        "nauc_mrr_at_1000_max": 0.272378,
        "nauc_mrr_at_1000_std": 0.112486,
        "nauc_mrr_at_1000_diff1": 0.084675,
        "main_score": 0.21503,
        "hf_subset": "default",
        "languages": [
          "eng-Latn"
        ]
      }
    ]
  },
  "evaluation_time": 197.4769332408905,
  "kg_co2_emissions": null
}