{
  "dataset_revision": "0228b52cf27578f30900b9e5271d331663a030d7",
  "task_name": "SciFact",
  "mteb_version": "1.34.8",
  "scores": {
    "test": [
      {
        "ndcg_at_1": 0.61667,
        "ndcg_at_3": 0.70937,
        "ndcg_at_5": 0.7366,
        "ndcg_at_10": 0.75928,
        "ndcg_at_20": 0.76868,
        "ndcg_at_100": 0.77501,
        "ndcg_at_1000": 0.77863,
        "map_at_1": 0.58928,
        "map_at_3": 0.67843,
        "map_at_5": 0.69708,
        "map_at_10": 0.70888,
        "map_at_20": 0.71195,
        "map_at_100": 0.71276,
        "map_at_1000": 0.71293,
        "recall_at_1": 0.58928,
        "recall_at_3": 0.76917,
        "recall_at_5": 0.83867,
        "recall_at_10": 0.90333,
        "recall_at_20": 0.93833,
        "recall_at_100": 0.97333,
        "recall_at_1000": 1.0,
        "precision_at_1": 0.61667,
        "precision_at_3": 0.28111,
        "precision_at_5": 0.18733,
        "precision_at_10": 0.10267,
        "precision_at_20": 0.05333,
        "precision_at_100": 0.01103,
        "precision_at_1000": 0.00113,
        "mrr_at_1": 0.616667,
        "mrr_at_3": 0.695,
        "mrr_at_5": 0.709667,
        "mrr_at_10": 0.717128,
        "mrr_at_20": 0.719314,
        "mrr_at_100": 0.72006,
        "mrr_at_1000": 0.720234,
        "nauc_ndcg_at_1_max": 0.615336,
        "nauc_ndcg_at_1_std": 0.066267,
        "nauc_ndcg_at_1_diff1": 0.768971,
        "nauc_ndcg_at_3_max": 0.566132,
        "nauc_ndcg_at_3_std": -0.010334,
        "nauc_ndcg_at_3_diff1": 0.718346,
        "nauc_ndcg_at_5_max": 0.573701,
        "nauc_ndcg_at_5_std": 0.002298,
        "nauc_ndcg_at_5_diff1": 0.709545,
        "nauc_ndcg_at_10_max": 0.606991,
        "nauc_ndcg_at_10_std": 0.020603,
        "nauc_ndcg_at_10_diff1": 0.711184,
        "nauc_ndcg_at_20_max": 0.606158,
        "nauc_ndcg_at_20_std": 0.018975,
        "nauc_ndcg_at_20_diff1": 0.718449,
        "nauc_ndcg_at_100_max": 0.602966,
        "nauc_ndcg_at_100_std": 0.02435,
        "nauc_ndcg_at_100_diff1": 0.724437,
        "nauc_ndcg_at_1000_max": 0.600094,
        "nauc_ndcg_at_1000_std": 0.026611,
        "nauc_ndcg_at_1000_diff1": 0.723786,
        "nauc_map_at_1_max": 0.523234,
        "nauc_map_at_1_std": -0.025028,
        "nauc_map_at_1_diff1": 0.773886,
        "nauc_map_at_3_max": 0.546125,
        "nauc_map_at_3_std": -0.025939,
        "nauc_map_at_3_diff1": 0.736359,
        "nauc_map_at_5_max": 0.562984,
        "nauc_map_at_5_std": -0.001386,
        "nauc_map_at_5_diff1": 0.728536,
        "nauc_map_at_10_max": 0.582993,
        "nauc_map_at_10_std": 0.014134,
        "nauc_map_at_10_diff1": 0.727902,
        "nauc_map_at_20_max": 0.5835,
        "nauc_map_at_20_std": 0.015457,
        "nauc_map_at_20_diff1": 0.729687,
        "nauc_map_at_100_max": 0.583174,
        "nauc_map_at_100_std": 0.016217,
        "nauc_map_at_100_diff1": 0.730406,
        "nauc_map_at_1000_max": 0.583049,
        "nauc_map_at_1000_std": 0.016366,
        "nauc_map_at_1000_diff1": 0.730385,
        "nauc_recall_at_1_max": 0.523234,
        "nauc_recall_at_1_std": -0.025028,
        "nauc_recall_at_1_diff1": 0.773886,
        "nauc_recall_at_3_max": 0.509803,
        "nauc_recall_at_3_std": -0.112176,
        "nauc_recall_at_3_diff1": 0.67239,
        "nauc_recall_at_5_max": 0.527401,
        "nauc_recall_at_5_std": -0.068928,
        "nauc_recall_at_5_diff1": 0.616769,
        "nauc_recall_at_10_max": 0.694093,
        "nauc_recall_at_10_std": -0.017482,
        "nauc_recall_at_10_diff1": 0.600407,
        "nauc_recall_at_20_max": 0.721427,
        "nauc_recall_at_20_std": -0.093017,
        "nauc_recall_at_20_diff1": 0.633091,
        "nauc_recall_at_100_max": 0.746207,
        "nauc_recall_at_100_std": -0.055439,
        "nauc_recall_at_100_diff1": 0.757236,
        "nauc_recall_at_1000_max": NaN,
        "nauc_recall_at_1000_std": NaN,
        "nauc_recall_at_1000_diff1": NaN,
        "nauc_precision_at_1_max": 0.615336,
        "nauc_precision_at_1_std": 0.066267,
        "nauc_precision_at_1_diff1": 0.768971,
        "nauc_precision_at_3_max": 0.514412,
        "nauc_precision_at_3_std": 0.148449,
        "nauc_precision_at_3_diff1": 0.367932,
        "nauc_precision_at_5_max": 0.487629,
        "nauc_precision_at_5_std": 0.310212,
        "nauc_precision_at_5_diff1": 0.150292,
        "nauc_precision_at_10_max": 0.452701,
        "nauc_precision_at_10_std": 0.409228,
        "nauc_precision_at_10_diff1": -0.037705,
        "nauc_precision_at_20_max": 0.392281,
        "nauc_precision_at_20_std": 0.424737,
        "nauc_precision_at_20_diff1": -0.120317,
        "nauc_precision_at_100_max": 0.331161,
        "nauc_precision_at_100_std": 0.481233,
        "nauc_precision_at_100_diff1": -0.211608,
        "nauc_precision_at_1000_max": 0.28223,
        "nauc_precision_at_1000_std": 0.544502,
        "nauc_precision_at_1000_diff1": -0.325827,
        "nauc_mrr_at_1_max": 0.615336,
        "nauc_mrr_at_1_std": 0.066267,
        "nauc_mrr_at_1_diff1": 0.768971,
        "nauc_mrr_at_3_max": 0.600609,
        "nauc_mrr_at_3_std": 0.030625,
        "nauc_mrr_at_3_diff1": 0.729415,
        "nauc_mrr_at_5_max": 0.606065,
        "nauc_mrr_at_5_std": 0.042332,
        "nauc_mrr_at_5_diff1": 0.724679,
        "nauc_mrr_at_10_max": 0.611381,
        "nauc_mrr_at_10_std": 0.039427,
        "nauc_mrr_at_10_diff1": 0.727265,
        "nauc_mrr_at_20_max": 0.610558,
        "nauc_mrr_at_20_std": 0.038416,
        "nauc_mrr_at_20_diff1": 0.729833,
        "nauc_mrr_at_100_max": 0.610453,
        "nauc_mrr_at_100_std": 0.039501,
        "nauc_mrr_at_100_diff1": 0.730571,
        "nauc_mrr_at_1000_max": 0.610346,
        "nauc_mrr_at_1000_std": 0.03967,
        "nauc_mrr_at_1000_diff1": 0.73055,
        "main_score": 0.75928,
        "hf_subset": "default",
        "languages": [
          "eng-Latn"
        ]
      }
    ]
  },
  "evaluation_time": 55.19334149360657,
  "kg_co2_emissions": null
}