{
  "dataset_revision": "f22508f96b7a36c2415181ed8bb76f76e04ae2d5",
  "task_name": "AppsRetrieval",
  "mteb_version": "1.34.8",
  "scores": {
    "test": [
      {
        "ndcg_at_1": 0.44967,
        "ndcg_at_3": 0.53242,
        "ndcg_at_5": 0.55826,
        "ndcg_at_10": 0.5833,
        "ndcg_at_20": 0.60041,
        "ndcg_at_100": 0.62324,
        "ndcg_at_1000": 0.63214,
        "map_at_1": 0.44967,
        "map_at_3": 0.51217,
        "map_at_5": 0.52653,
        "map_at_10": 0.53694,
        "map_at_20": 0.54162,
        "map_at_100": 0.54474,
        "map_at_1000": 0.54508,
        "recall_at_1": 0.44967,
        "recall_at_3": 0.59097,
        "recall_at_5": 0.65365,
        "recall_at_10": 0.73068,
        "recall_at_20": 0.79841,
        "recall_at_100": 0.92191,
        "recall_at_1000": 0.99177,
        "precision_at_1": 0.44967,
        "precision_at_3": 0.19699,
        "precision_at_5": 0.13073,
        "precision_at_10": 0.07307,
        "precision_at_20": 0.03992,
        "precision_at_100": 0.00922,
        "precision_at_1000": 0.00099,
        "mrr_at_1": 0.449934,
        "mrr_at_3": 0.512218,
        "mrr_at_5": 0.526693,
        "mrr_at_10": 0.537055,
        "mrr_at_20": 0.541742,
        "mrr_at_100": 0.544859,
        "mrr_at_1000": 0.545198,
        "nauc_ndcg_at_1_max": 0.430614,
        "nauc_ndcg_at_1_std": -0.201516,
        "nauc_ndcg_at_1_diff1": 0.672085,
        "nauc_ndcg_at_3_max": 0.434823,
        "nauc_ndcg_at_3_std": -0.190176,
        "nauc_ndcg_at_3_diff1": 0.602553,
        "nauc_ndcg_at_5_max": 0.436317,
        "nauc_ndcg_at_5_std": -0.181653,
        "nauc_ndcg_at_5_diff1": 0.592371,
        "nauc_ndcg_at_10_max": 0.442615,
        "nauc_ndcg_at_10_std": -0.170636,
        "nauc_ndcg_at_10_diff1": 0.58755,
        "nauc_ndcg_at_20_max": 0.444608,
        "nauc_ndcg_at_20_std": -0.167021,
        "nauc_ndcg_at_20_diff1": 0.590226,
        "nauc_ndcg_at_100_max": 0.444967,
        "nauc_ndcg_at_100_std": -0.163775,
        "nauc_ndcg_at_100_diff1": 0.598234,
        "nauc_ndcg_at_1000_max": 0.441994,
        "nauc_ndcg_at_1000_std": -0.170779,
        "nauc_ndcg_at_1000_diff1": 0.602745,
        "nauc_map_at_1_max": 0.430614,
        "nauc_map_at_1_std": -0.201516,
        "nauc_map_at_1_diff1": 0.672085,
        "nauc_map_at_3_max": 0.434022,
        "nauc_map_at_3_std": -0.193082,
        "nauc_map_at_3_diff1": 0.620193,
        "nauc_map_at_5_max": 0.434831,
        "nauc_map_at_5_std": -0.188502,
        "nauc_map_at_5_diff1": 0.614963,
        "nauc_map_at_10_max": 0.436931,
        "nauc_map_at_10_std": -0.184318,
        "nauc_map_at_10_diff1": 0.61343,
        "nauc_map_at_20_max": 0.437415,
        "nauc_map_at_20_std": -0.183503,
        "nauc_map_at_20_diff1": 0.614316,
        "nauc_map_at_100_max": 0.437495,
        "nauc_map_at_100_std": -0.183139,
        "nauc_map_at_100_diff1": 0.615447,
        "nauc_map_at_1000_max": 0.437445,
        "nauc_map_at_1000_std": -0.183298,
        "nauc_map_at_1000_diff1": 0.615631,
        "nauc_recall_at_1_max": 0.430614,
        "nauc_recall_at_1_std": -0.201516,
        "nauc_recall_at_1_diff1": 0.672085,
        "nauc_recall_at_3_max": 0.43718,
        "nauc_recall_at_3_std": -0.181184,
        "nauc_recall_at_3_diff1": 0.548049,
        "nauc_recall_at_5_max": 0.441408,
        "nauc_recall_at_5_std": -0.157238,
        "nauc_recall_at_5_diff1": 0.514759,
        "nauc_recall_at_10_max": 0.469767,
        "nauc_recall_at_10_std": -0.108855,
        "nauc_recall_at_10_diff1": 0.480681,
        "nauc_recall_at_20_max": 0.488605,
        "nauc_recall_at_20_std": -0.070936,
        "nauc_recall_at_20_diff1": 0.470038,
        "nauc_recall_at_100_max": 0.552278,
        "nauc_recall_at_100_std": 0.117573,
        "nauc_recall_at_100_diff1": 0.453685,
        "nauc_recall_at_1000_max": 0.607675,
        "nauc_recall_at_1000_std": 0.569706,
        "nauc_recall_at_1000_diff1": 0.322455,
        "nauc_precision_at_1_max": 0.430614,
        "nauc_precision_at_1_std": -0.201516,
        "nauc_precision_at_1_diff1": 0.672085,
        "nauc_precision_at_3_max": 0.43718,
        "nauc_precision_at_3_std": -0.181184,
        "nauc_precision_at_3_diff1": 0.548049,
        "nauc_precision_at_5_max": 0.441408,
        "nauc_precision_at_5_std": -0.157238,
        "nauc_precision_at_5_diff1": 0.514759,
        "nauc_precision_at_10_max": 0.469767,
        "nauc_precision_at_10_std": -0.108855,
        "nauc_precision_at_10_diff1": 0.480681,
        "nauc_precision_at_20_max": 0.488605,
        "nauc_precision_at_20_std": -0.070936,
        "nauc_precision_at_20_diff1": 0.470038,
        "nauc_precision_at_100_max": 0.552278,
        "nauc_precision_at_100_std": 0.117573,
        "nauc_precision_at_100_diff1": 0.453685,
        "nauc_precision_at_1000_max": 0.607675,
        "nauc_precision_at_1000_std": 0.569706,
        "nauc_precision_at_1000_diff1": 0.322455,
        "nauc_mrr_at_1_max": 0.430021,
        "nauc_mrr_at_1_std": -0.201626,
        "nauc_mrr_at_1_diff1": 0.671402,
        "nauc_mrr_at_3_max": 0.433859,
        "nauc_mrr_at_3_std": -0.193089,
        "nauc_mrr_at_3_diff1": 0.620035,
        "nauc_mrr_at_5_max": 0.434474,
        "nauc_mrr_at_5_std": -0.188584,
        "nauc_mrr_at_5_diff1": 0.614585,
        "nauc_mrr_at_10_max": 0.436633,
        "nauc_mrr_at_10_std": -0.184371,
        "nauc_mrr_at_10_diff1": 0.613096,
        "nauc_mrr_at_20_max": 0.437105,
        "nauc_mrr_at_20_std": -0.183556,
        "nauc_mrr_at_20_diff1": 0.613969,
        "nauc_mrr_at_100_max": 0.437181,
        "nauc_mrr_at_100_std": -0.183193,
        "nauc_mrr_at_100_diff1": 0.615097,
        "nauc_mrr_at_1000_max": 0.437132,
        "nauc_mrr_at_1000_std": -0.183351,
        "nauc_mrr_at_1000_diff1": 0.61528,
        "main_score": 0.5833,
        "hf_subset": "default",
        "languages": [
          "eng-Latn",
          "python-Code"
        ]
      }
    ]
  },
  "evaluation_time": 71.99981188774109,
  "kg_co2_emissions": null
}