{
  "dataset_revision": "5d958fb6b31055495347724d46431ba41309b03a",
  "task_name": "ChemNQRetrieval",
  "mteb_version": "1.34.8",
  "scores": {
    "test": [
      {
        "ndcg_at_1": 0.22222,
        "ndcg_at_3": 0.36111,
        "ndcg_at_5": 0.4155,
        "ndcg_at_10": 0.46692,
        "ndcg_at_20": 0.49842,
        "ndcg_at_100": 0.52199,
        "ndcg_at_1000": 0.52921,
        "map_at_1": 0.18519,
        "map_at_3": 0.3179,
        "map_at_5": 0.3466,
        "map_at_10": 0.371,
        "map_at_20": 0.38034,
        "map_at_100": 0.3854,
        "map_at_1000": 0.38589,
        "recall_at_1": 0.18519,
        "recall_at_3": 0.46296,
        "recall_at_5": 0.59259,
        "recall_at_10": 0.73457,
        "recall_at_20": 0.84568,
        "recall_at_100": 0.95062,
        "recall_at_1000": 1.0,
        "precision_at_1": 0.22222,
        "precision_at_3": 0.18519,
        "precision_at_5": 0.14074,
        "precision_at_10": 0.08889,
        "precision_at_20": 0.0537,
        "precision_at_100": 0.01222,
        "precision_at_1000": 0.0013,
        "mrr_at_1": 0.222222,
        "mrr_at_3": 0.339506,
        "mrr_at_5": 0.37284,
        "mrr_at_10": 0.394591,
        "mrr_at_20": 0.401885,
        "mrr_at_100": 0.404338,
        "mrr_at_1000": 0.404485,
        "nauc_ndcg_at_1_max": 0.130502,
        "nauc_ndcg_at_1_std": -0.200521,
        "nauc_ndcg_at_1_diff1": 0.241124,
        "nauc_ndcg_at_3_max": 0.395553,
        "nauc_ndcg_at_3_std": -0.190927,
        "nauc_ndcg_at_3_diff1": -0.044924,
        "nauc_ndcg_at_5_max": 0.355581,
        "nauc_ndcg_at_5_std": -0.194953,
        "nauc_ndcg_at_5_diff1": -0.077666,
        "nauc_ndcg_at_10_max": 0.413096,
        "nauc_ndcg_at_10_std": -0.214482,
        "nauc_ndcg_at_10_diff1": -0.121218,
        "nauc_ndcg_at_20_max": 0.40564,
        "nauc_ndcg_at_20_std": -0.194151,
        "nauc_ndcg_at_20_diff1": -0.068719,
        "nauc_ndcg_at_100_max": 0.370858,
        "nauc_ndcg_at_100_std": -0.132767,
        "nauc_ndcg_at_100_diff1": -0.011289,
        "nauc_ndcg_at_1000_max": 0.355956,
        "nauc_ndcg_at_1000_std": -0.14054,
        "nauc_ndcg_at_1000_diff1": -0.028907,
        "nauc_map_at_1_max": -0.011601,
        "nauc_map_at_1_std": -0.198915,
        "nauc_map_at_1_diff1": 0.219315,
        "nauc_map_at_3_max": 0.315925,
        "nauc_map_at_3_std": -0.182377,
        "nauc_map_at_3_diff1": 0.002043,
        "nauc_map_at_5_max": 0.291911,
        "nauc_map_at_5_std": -0.189082,
        "nauc_map_at_5_diff1": -0.014805,
        "nauc_map_at_10_max": 0.327704,
        "nauc_map_at_10_std": -0.196929,
        "nauc_map_at_10_diff1": -0.022393,
        "nauc_map_at_20_max": 0.324251,
        "nauc_map_at_20_std": -0.189552,
        "nauc_map_at_20_diff1": -0.006133,
        "nauc_map_at_100_max": 0.315976,
        "nauc_map_at_100_std": -0.175105,
        "nauc_map_at_100_diff1": -0.000572,
        "nauc_map_at_1000_max": 0.314869,
        "nauc_map_at_1000_std": -0.174352,
        "nauc_map_at_1000_diff1": -0.001536,
        "nauc_recall_at_1_max": -0.011601,
        "nauc_recall_at_1_std": -0.198915,
        "nauc_recall_at_1_diff1": 0.219315,
        "nauc_recall_at_3_max": 0.509283,
        "nauc_recall_at_3_std": -0.218937,
        "nauc_recall_at_3_diff1": -0.194126,
        "nauc_recall_at_5_max": 0.429131,
        "nauc_recall_at_5_std": -0.254994,
        "nauc_recall_at_5_diff1": -0.263994,
        "nauc_recall_at_10_max": 0.678108,
        "nauc_recall_at_10_std": -0.389591,
        "nauc_recall_at_10_diff1": -0.50549,
        "nauc_recall_at_20_max": 0.754069,
        "nauc_recall_at_20_std": -0.387434,
        "nauc_recall_at_20_diff1": -0.378452,
        "nauc_recall_at_100_max": 0.792447,
        "nauc_recall_at_100_std": 0.348756,
        "nauc_recall_at_100_diff1": 0.556079,
        "nauc_recall_at_1000_max": NaN,
        "nauc_recall_at_1000_std": NaN,
        "nauc_recall_at_1000_diff1": NaN,
        "nauc_precision_at_1_max": 0.130502,
        "nauc_precision_at_1_std": -0.200521,
        "nauc_precision_at_1_diff1": 0.241124,
        "nauc_precision_at_3_max": 0.618871,
        "nauc_precision_at_3_std": -0.224844,
        "nauc_precision_at_3_diff1": -0.184568,
        "nauc_precision_at_5_max": 0.568841,
        "nauc_precision_at_5_std": -0.184305,
        "nauc_precision_at_5_diff1": -0.285003,
        "nauc_precision_at_10_max": 0.691273,
        "nauc_precision_at_10_std": -0.142398,
        "nauc_precision_at_10_diff1": -0.403758,
        "nauc_precision_at_20_max": 0.540805,
        "nauc_precision_at_20_std": 0.03721,
        "nauc_precision_at_20_diff1": -0.205269,
        "nauc_precision_at_100_max": 0.289975,
        "nauc_precision_at_100_std": 0.418384,
        "nauc_precision_at_100_diff1": -0.08108,
        "nauc_precision_at_1000_max": 0.105675,
        "nauc_precision_at_1000_std": 0.421408,
        "nauc_precision_at_1000_diff1": -0.181207,
        "nauc_mrr_at_1_max": 0.130502,
        "nauc_mrr_at_1_std": -0.200521,
        "nauc_mrr_at_1_diff1": 0.241124,
        "nauc_mrr_at_3_max": 0.391848,
        "nauc_mrr_at_3_std": -0.170645,
        "nauc_mrr_at_3_diff1": 0.046459,
        "nauc_mrr_at_5_max": 0.366194,
        "nauc_mrr_at_5_std": -0.152571,
        "nauc_mrr_at_5_diff1": 0.017701,
        "nauc_mrr_at_10_max": 0.363454,
        "nauc_mrr_at_10_std": -0.151927,
        "nauc_mrr_at_10_diff1": -0.006556,
        "nauc_mrr_at_20_max": 0.360402,
        "nauc_mrr_at_20_std": -0.146871,
        "nauc_mrr_at_20_diff1": 0.007911,
        "nauc_mrr_at_100_max": 0.357338,
        "nauc_mrr_at_100_std": -0.144726,
        "nauc_mrr_at_100_diff1": 0.020517,
        "nauc_mrr_at_1000_max": 0.357157,
        "nauc_mrr_at_1000_std": -0.145228,
        "nauc_mrr_at_1000_diff1": 0.020252,
        "main_score": 0.46692,
        "hf_subset": "default",
        "languages": [
          "eng-Latn"
        ]
      }
    ]
  },
  "evaluation_time": 79.68775510787964,
  "kg_co2_emissions": null
}