{
  "dataset_revision": "4adc7bc41202b5c13543c9c886a25f340634dab3",
  "task_name": "COIRCodeSearchNetRetrieval",
  "mteb_version": "1.34.8",
  "scores": {
    "test": [
      {
        "ndcg_at_1": 0.84173,
        "ndcg_at_3": 0.88957,
        "ndcg_at_5": 0.89676,
        "ndcg_at_10": 0.90212,
        "ndcg_at_20": 0.90511,
        "ndcg_at_100": 0.90829,
        "ndcg_at_1000": 0.90953,
        "map_at_1": 0.84173,
        "map_at_3": 0.87827,
        "map_at_5": 0.88226,
        "map_at_10": 0.8845,
        "map_at_20": 0.88533,
        "map_at_100": 0.8858,
        "map_at_1000": 0.88584,
        "recall_at_1": 0.84173,
        "recall_at_3": 0.92211,
        "recall_at_5": 0.93954,
        "recall_at_10": 0.95596,
        "recall_at_20": 0.96769,
        "recall_at_100": 0.98452,
        "recall_at_1000": 0.99444,
        "precision_at_1": 0.84173,
        "precision_at_3": 0.30737,
        "precision_at_5": 0.18791,
        "precision_at_10": 0.0956,
        "precision_at_20": 0.04838,
        "precision_at_100": 0.00985,
        "precision_at_1000": 0.00099,
        "mrr_at_1": 0.841735,
        "mrr_at_3": 0.878268,
        "mrr_at_5": 0.882263,
        "mrr_at_10": 0.884503,
        "mrr_at_20": 0.885335,
        "mrr_at_100": 0.885796,
        "mrr_at_1000": 0.88584,
        "nauc_ndcg_at_1_max": 0.731912,
        "nauc_ndcg_at_1_std": 0.036233,
        "nauc_ndcg_at_1_diff1": 0.874639,
        "nauc_ndcg_at_3_max": 0.776032,
        "nauc_ndcg_at_3_std": 0.07996,
        "nauc_ndcg_at_3_diff1": 0.854143,
        "nauc_ndcg_at_5_max": 0.778551,
        "nauc_ndcg_at_5_std": 0.085275,
        "nauc_ndcg_at_5_diff1": 0.855378,
        "nauc_ndcg_at_10_max": 0.777169,
        "nauc_ndcg_at_10_std": 0.087296,
        "nauc_ndcg_at_10_diff1": 0.858155,
        "nauc_ndcg_at_20_max": 0.775654,
        "nauc_ndcg_at_20_std": 0.087055,
        "nauc_ndcg_at_20_diff1": 0.858886,
        "nauc_ndcg_at_100_max": 0.771959,
        "nauc_ndcg_at_100_std": 0.085537,
        "nauc_ndcg_at_100_diff1": 0.859292,
        "nauc_ndcg_at_1000_max": 0.769896,
        "nauc_ndcg_at_1000_std": 0.080952,
        "nauc_ndcg_at_1000_diff1": 0.859248,
        "nauc_map_at_1_max": 0.731912,
        "nauc_map_at_1_std": 0.036233,
        "nauc_map_at_1_diff1": 0.874639,
        "nauc_map_at_3_max": 0.763207,
        "nauc_map_at_3_std": 0.06602,
        "nauc_map_at_3_diff1": 0.85919,
        "nauc_map_at_5_max": 0.764004,
        "nauc_map_at_5_std": 0.068078,
        "nauc_map_at_5_diff1": 0.859999,
        "nauc_map_at_10_max": 0.763233,
        "nauc_map_at_10_std": 0.068422,
        "nauc_map_at_10_diff1": 0.861034,
        "nauc_map_at_20_max": 0.762788,
        "nauc_map_at_20_std": 0.068186,
        "nauc_map_at_20_diff1": 0.861234,
        "nauc_map_at_100_max": 0.762329,
        "nauc_map_at_100_std": 0.068092,
        "nauc_map_at_100_diff1": 0.861307,
        "nauc_map_at_1000_max": 0.762271,
        "nauc_map_at_1000_std": 0.06799,
        "nauc_map_at_1000_diff1": 0.861307,
        "nauc_recall_at_1_max": 0.731912,
        "nauc_recall_at_1_std": 0.036233,
        "nauc_recall_at_1_diff1": 0.874639,
        "nauc_recall_at_3_max": 0.831581,
        "nauc_recall_at_3_std": 0.141158,
        "nauc_recall_at_3_diff1": 0.832882,
        "nauc_recall_at_5_max": 0.85764,
        "nauc_recall_at_5_std": 0.180635,
        "nauc_recall_at_5_diff1": 0.831522,
        "nauc_recall_at_10_max": 0.87784,
        "nauc_recall_at_10_std": 0.230051,
        "nauc_recall_at_10_diff1": 0.84161,
        "nauc_recall_at_20_max": 0.897195,
        "nauc_recall_at_20_std": 0.280172,
        "nauc_recall_at_20_diff1": 0.843511,
        "nauc_recall_at_100_max": 0.913959,
        "nauc_recall_at_100_std": 0.426109,
        "nauc_recall_at_100_diff1": 0.837386,
        "nauc_recall_at_1000_max": 0.903315,
        "nauc_recall_at_1000_std": 0.421578,
        "nauc_recall_at_1000_diff1": 0.793666,
        "nauc_precision_at_1_max": 0.731912,
        "nauc_precision_at_1_std": 0.036233,
        "nauc_precision_at_1_diff1": 0.874639,
        "nauc_precision_at_3_max": 0.831581,
        "nauc_precision_at_3_std": 0.141158,
        "nauc_precision_at_3_diff1": 0.832882,
        "nauc_precision_at_5_max": 0.85764,
        "nauc_precision_at_5_std": 0.180635,
        "nauc_precision_at_5_diff1": 0.831522,
        "nauc_precision_at_10_max": 0.87784,
        "nauc_precision_at_10_std": 0.230051,
        "nauc_precision_at_10_diff1": 0.84161,
        "nauc_precision_at_20_max": 0.897195,
        "nauc_precision_at_20_std": 0.280172,
        "nauc_precision_at_20_diff1": 0.843511,
        "nauc_precision_at_100_max": 0.913959,
        "nauc_precision_at_100_std": 0.426109,
        "nauc_precision_at_100_diff1": 0.837386,
        "nauc_precision_at_1000_max": 0.903315,
        "nauc_precision_at_1000_std": 0.421578,
        "nauc_precision_at_1000_diff1": 0.793666,
        "nauc_mrr_at_1_max": 0.731912,
        "nauc_mrr_at_1_std": 0.036233,
        "nauc_mrr_at_1_diff1": 0.874639,
        "nauc_mrr_at_3_max": 0.763207,
        "nauc_mrr_at_3_std": 0.06602,
        "nauc_mrr_at_3_diff1": 0.85919,
        "nauc_mrr_at_5_max": 0.764004,
        "nauc_mrr_at_5_std": 0.068078,
        "nauc_mrr_at_5_diff1": 0.859999,
        "nauc_mrr_at_10_max": 0.763233,
        "nauc_mrr_at_10_std": 0.068422,
        "nauc_mrr_at_10_diff1": 0.861034,
        "nauc_mrr_at_20_max": 0.762788,
        "nauc_mrr_at_20_std": 0.068186,
        "nauc_mrr_at_20_diff1": 0.861234,
        "nauc_mrr_at_100_max": 0.762329,
        "nauc_mrr_at_100_std": 0.068092,
        "nauc_mrr_at_100_diff1": 0.861307,
        "nauc_mrr_at_1000_max": 0.762271,
        "nauc_mrr_at_1000_std": 0.06799,
        "nauc_mrr_at_1000_diff1": 0.861307,
        "main_score": 0.90212,
        "hf_subset": "python",
        "languages": [
          "python-Code"
        ]
      }
    ]
  },
  "evaluation_time": 1098.2220251560211,
  "kg_co2_emissions": null
}