{
  "dataset_revision": "27a168819829fe9bcd655c2df245fb19452e8e06",
  "task_name": "FiQA2018",
  "mteb_version": "1.34.8",
  "scores": {
    "test": [
      {
        "ndcg_at_1": 0.51235,
        "ndcg_at_3": 0.46941,
        "ndcg_at_5": 0.49041,
        "ndcg_at_10": 0.52254,
        "ndcg_at_20": 0.54813,
        "ndcg_at_100": 0.58412,
        "ndcg_at_1000": 0.60499,
        "map_at_1": 0.25807,
        "map_at_3": 0.37031,
        "map_at_5": 0.40501,
        "map_at_10": 0.4308,
        "map_at_20": 0.44177,
        "map_at_100": 0.45009,
        "map_at_1000": 0.45155,
        "recall_at_1": 0.25807,
        "recall_at_3": 0.42447,
        "recall_at_5": 0.51361,
        "recall_at_10": 0.61027,
        "recall_at_20": 0.68963,
        "recall_at_100": 0.83319,
        "recall_at_1000": 0.95441,
        "precision_at_1": 0.51235,
        "precision_at_3": 0.31276,
        "precision_at_5": 0.23302,
        "precision_at_10": 0.14537,
        "precision_at_20": 0.08364,
        "precision_at_100": 0.02108,
        "precision_at_1000": 0.00248,
        "mrr_at_1": 0.512346,
        "mrr_at_3": 0.577675,
        "mrr_at_5": 0.59573,
        "mrr_at_10": 0.606627,
        "mrr_at_20": 0.610072,
        "mrr_at_100": 0.611958,
        "mrr_at_1000": 0.612215,
        "nauc_ndcg_at_1_max": 0.494789,
        "nauc_ndcg_at_1_std": -0.10632,
        "nauc_ndcg_at_1_diff1": 0.565311,
        "nauc_ndcg_at_3_max": 0.424381,
        "nauc_ndcg_at_3_std": -0.120267,
        "nauc_ndcg_at_3_diff1": 0.430819,
        "nauc_ndcg_at_5_max": 0.385398,
        "nauc_ndcg_at_5_std": -0.131581,
        "nauc_ndcg_at_5_diff1": 0.414493,
        "nauc_ndcg_at_10_max": 0.405634,
        "nauc_ndcg_at_10_std": -0.104337,
        "nauc_ndcg_at_10_diff1": 0.419902,
        "nauc_ndcg_at_20_max": 0.422056,
        "nauc_ndcg_at_20_std": -0.078485,
        "nauc_ndcg_at_20_diff1": 0.415258,
        "nauc_ndcg_at_100_max": 0.442451,
        "nauc_ndcg_at_100_std": -0.06892,
        "nauc_ndcg_at_100_diff1": 0.422242,
        "nauc_ndcg_at_1000_max": 0.44803,
        "nauc_ndcg_at_1000_std": -0.067687,
        "nauc_ndcg_at_1000_diff1": 0.430799,
        "nauc_map_at_1_max": 0.241015,
        "nauc_map_at_1_std": -0.148512,
        "nauc_map_at_1_diff1": 0.474167,
        "nauc_map_at_3_max": 0.314982,
        "nauc_map_at_3_std": -0.153387,
        "nauc_map_at_3_diff1": 0.423937,
        "nauc_map_at_5_max": 0.335954,
        "nauc_map_at_5_std": -0.146373,
        "nauc_map_at_5_diff1": 0.410836,
        "nauc_map_at_10_max": 0.370573,
        "nauc_map_at_10_std": -0.133181,
        "nauc_map_at_10_diff1": 0.410791,
        "nauc_map_at_20_max": 0.380473,
        "nauc_map_at_20_std": -0.123612,
        "nauc_map_at_20_diff1": 0.409475,
        "nauc_map_at_100_max": 0.387639,
        "nauc_map_at_100_std": -0.119342,
        "nauc_map_at_100_diff1": 0.411352,
        "nauc_map_at_1000_max": 0.388496,
        "nauc_map_at_1000_std": -0.118864,
        "nauc_map_at_1000_diff1": 0.411724,
        "nauc_recall_at_1_max": 0.241015,
        "nauc_recall_at_1_std": -0.148512,
        "nauc_recall_at_1_diff1": 0.474167,
        "nauc_recall_at_3_max": 0.264034,
        "nauc_recall_at_3_std": -0.147109,
        "nauc_recall_at_3_diff1": 0.357432,
        "nauc_recall_at_5_max": 0.238513,
        "nauc_recall_at_5_std": -0.150778,
        "nauc_recall_at_5_diff1": 0.301298,
        "nauc_recall_at_10_max": 0.294339,
        "nauc_recall_at_10_std": -0.082009,
        "nauc_recall_at_10_diff1": 0.289616,
        "nauc_recall_at_20_max": 0.321305,
        "nauc_recall_at_20_std": 0.019518,
        "nauc_recall_at_20_diff1": 0.242187,
        "nauc_recall_at_100_max": 0.384423,
        "nauc_recall_at_100_std": 0.102432,
        "nauc_recall_at_100_diff1": 0.204812,
        "nauc_recall_at_1000_max": 0.477809,
        "nauc_recall_at_1000_std": 0.369265,
        "nauc_recall_at_1000_diff1": 0.195071,
        "nauc_precision_at_1_max": 0.494789,
        "nauc_precision_at_1_std": -0.10632,
        "nauc_precision_at_1_diff1": 0.565311,
        "nauc_precision_at_3_max": 0.461724,
        "nauc_precision_at_3_std": -0.046023,
        "nauc_precision_at_3_diff1": 0.261828,
        "nauc_precision_at_5_max": 0.433922,
        "nauc_precision_at_5_std": -0.015775,
        "nauc_precision_at_5_diff1": 0.174212,
        "nauc_precision_at_10_max": 0.467726,
        "nauc_precision_at_10_std": 0.068218,
        "nauc_precision_at_10_diff1": 0.116371,
        "nauc_precision_at_20_max": 0.443733,
        "nauc_precision_at_20_std": 0.120542,
        "nauc_precision_at_20_diff1": 0.07208,
        "nauc_precision_at_100_max": 0.391857,
        "nauc_precision_at_100_std": 0.150843,
        "nauc_precision_at_100_diff1": 0.027265,
        "nauc_precision_at_1000_max": 0.310235,
        "nauc_precision_at_1000_std": 0.163723,
        "nauc_precision_at_1000_diff1": -0.019947,
        "nauc_mrr_at_1_max": 0.494789,
        "nauc_mrr_at_1_std": -0.10632,
        "nauc_mrr_at_1_diff1": 0.565311,
        "nauc_mrr_at_3_max": 0.488055,
        "nauc_mrr_at_3_std": -0.079827,
        "nauc_mrr_at_3_diff1": 0.521349,
        "nauc_mrr_at_5_max": 0.48352,
        "nauc_mrr_at_5_std": -0.086608,
        "nauc_mrr_at_5_diff1": 0.516249,
        "nauc_mrr_at_10_max": 0.494715,
        "nauc_mrr_at_10_std": -0.069866,
        "nauc_mrr_at_10_diff1": 0.518045,
        "nauc_mrr_at_20_max": 0.495371,
        "nauc_mrr_at_20_std": -0.068317,
        "nauc_mrr_at_20_diff1": 0.517935,
        "nauc_mrr_at_100_max": 0.494853,
        "nauc_mrr_at_100_std": -0.069432,
        "nauc_mrr_at_100_diff1": 0.517152,
        "nauc_mrr_at_1000_max": 0.494822,
        "nauc_mrr_at_1000_std": -0.069501,
        "nauc_mrr_at_1000_diff1": 0.517446,
        "main_score": 0.52254,
        "hf_subset": "default",
        "languages": [
          "eng-Latn"
        ]
      }
    ]
  },
  "evaluation_time": 235.80543065071106,
  "kg_co2_emissions": null
}