{
  "dataset_revision": "ec0fa4fe99da2ff19ca1214b7966684033a58814",
  "task_name": "NFCorpus",
  "mteb_version": "1.34.8",
  "scores": {
    "test": [
      {
        "ndcg_at_1": 0.46594,
        "ndcg_at_3": 0.40223,
        "ndcg_at_5": 0.37992,
        "ndcg_at_10": 0.3442,
        "ndcg_at_20": 0.32617,
        "ndcg_at_100": 0.32314,
        "ndcg_at_1000": 0.40739,
        "map_at_1": 0.05777,
        "map_at_3": 0.0895,
        "map_at_5": 0.10681,
        "map_at_10": 0.12463,
        "map_at_20": 0.14095,
        "map_at_100": 0.16263,
        "map_at_1000": 0.17808,
        "recall_at_1": 0.05777,
        "recall_at_3": 0.09828,
        "recall_at_5": 0.12595,
        "recall_at_10": 0.15693,
        "recall_at_20": 0.20541,
        "recall_at_100": 0.33087,
        "recall_at_1000": 0.63573,
        "precision_at_1": 0.47988,
        "precision_at_3": 0.37461,
        "precision_at_5": 0.33189,
        "precision_at_10": 0.25851,
        "precision_at_20": 0.19628,
        "precision_at_100": 0.08511,
        "precision_at_1000": 0.02134,
        "mrr_at_1": 0.479876,
        "mrr_at_3": 0.535604,
        "mrr_at_5": 0.545201,
        "mrr_at_10": 0.552652,
        "mrr_at_20": 0.558717,
        "mrr_at_100": 0.560174,
        "mrr_at_1000": 0.560558,
        "nauc_ndcg_at_1_max": 0.490212,
        "nauc_ndcg_at_1_std": 0.27003,
        "nauc_ndcg_at_1_diff1": 0.277264,
        "nauc_ndcg_at_3_max": 0.488851,
        "nauc_ndcg_at_3_std": 0.281246,
        "nauc_ndcg_at_3_diff1": 0.185779,
        "nauc_ndcg_at_5_max": 0.489709,
        "nauc_ndcg_at_5_std": 0.30367,
        "nauc_ndcg_at_5_diff1": 0.167838,
        "nauc_ndcg_at_10_max": 0.471284,
        "nauc_ndcg_at_10_std": 0.32033,
        "nauc_ndcg_at_10_diff1": 0.12955,
        "nauc_ndcg_at_20_max": 0.457628,
        "nauc_ndcg_at_20_std": 0.305854,
        "nauc_ndcg_at_20_diff1": 0.133243,
        "nauc_ndcg_at_100_max": 0.487722,
        "nauc_ndcg_at_100_std": 0.303958,
        "nauc_ndcg_at_100_diff1": 0.16212,
        "nauc_ndcg_at_1000_max": 0.543323,
        "nauc_ndcg_at_1000_std": 0.353331,
        "nauc_ndcg_at_1000_diff1": 0.165373,
        "nauc_map_at_1_max": 0.173503,
        "nauc_map_at_1_std": -0.171074,
        "nauc_map_at_1_diff1": 0.342086,
        "nauc_map_at_3_max": 0.221953,
        "nauc_map_at_3_std": -0.155429,
        "nauc_map_at_3_diff1": 0.269845,
        "nauc_map_at_5_max": 0.274964,
        "nauc_map_at_5_std": -0.104635,
        "nauc_map_at_5_diff1": 0.271711,
        "nauc_map_at_10_max": 0.327661,
        "nauc_map_at_10_std": -0.037598,
        "nauc_map_at_10_diff1": 0.24278,
        "nauc_map_at_20_max": 0.357171,
        "nauc_map_at_20_std": 0.019927,
        "nauc_map_at_20_diff1": 0.22368,
        "nauc_map_at_100_max": 0.391062,
        "nauc_map_at_100_std": 0.102782,
        "nauc_map_at_100_diff1": 0.195131,
        "nauc_map_at_1000_max": 0.397421,
        "nauc_map_at_1000_std": 0.148307,
        "nauc_map_at_1000_diff1": 0.182607,
        "nauc_recall_at_1_max": 0.173503,
        "nauc_recall_at_1_std": -0.171074,
        "nauc_recall_at_1_diff1": 0.342086,
        "nauc_recall_at_3_max": 0.185902,
        "nauc_recall_at_3_std": -0.166641,
        "nauc_recall_at_3_diff1": 0.219188,
        "nauc_recall_at_5_max": 0.250023,
        "nauc_recall_at_5_std": -0.097548,
        "nauc_recall_at_5_diff1": 0.237727,
        "nauc_recall_at_10_max": 0.30525,
        "nauc_recall_at_10_std": -0.027039,
        "nauc_recall_at_10_diff1": 0.217302,
        "nauc_recall_at_20_max": 0.317001,
        "nauc_recall_at_20_std": 0.034658,
        "nauc_recall_at_20_diff1": 0.194451,
        "nauc_recall_at_100_max": 0.314789,
        "nauc_recall_at_100_std": 0.16511,
        "nauc_recall_at_100_diff1": 0.119293,
        "nauc_recall_at_1000_max": 0.31009,
        "nauc_recall_at_1000_std": 0.220074,
        "nauc_recall_at_1000_diff1": 0.077247,
        "nauc_precision_at_1_max": 0.502696,
        "nauc_precision_at_1_std": 0.287544,
        "nauc_precision_at_1_diff1": 0.277098,
        "nauc_precision_at_3_max": 0.493375,
        "nauc_precision_at_3_std": 0.339389,
        "nauc_precision_at_3_diff1": 0.108742,
        "nauc_precision_at_5_max": 0.477003,
        "nauc_precision_at_5_std": 0.398945,
        "nauc_precision_at_5_diff1": 0.055613,
        "nauc_precision_at_10_max": 0.435205,
        "nauc_precision_at_10_std": 0.464622,
        "nauc_precision_at_10_diff1": -0.036652,
        "nauc_precision_at_20_max": 0.372444,
        "nauc_precision_at_20_std": 0.492682,
        "nauc_precision_at_20_diff1": -0.069326,
        "nauc_precision_at_100_max": 0.219121,
        "nauc_precision_at_100_std": 0.518851,
        "nauc_precision_at_100_diff1": -0.114242,
        "nauc_precision_at_1000_max": 0.059875,
        "nauc_precision_at_1000_std": 0.418412,
        "nauc_precision_at_1000_diff1": -0.114962,
        "nauc_mrr_at_1_max": 0.502696,
        "nauc_mrr_at_1_std": 0.287544,
        "nauc_mrr_at_1_diff1": 0.277098,
        "nauc_mrr_at_3_max": 0.536615,
        "nauc_mrr_at_3_std": 0.328805,
        "nauc_mrr_at_3_diff1": 0.235542,
        "nauc_mrr_at_5_max": 0.540262,
        "nauc_mrr_at_5_std": 0.336645,
        "nauc_mrr_at_5_diff1": 0.238791,
        "nauc_mrr_at_10_max": 0.545533,
        "nauc_mrr_at_10_std": 0.341728,
        "nauc_mrr_at_10_diff1": 0.243165,
        "nauc_mrr_at_20_max": 0.547441,
        "nauc_mrr_at_20_std": 0.343205,
        "nauc_mrr_at_20_diff1": 0.243624,
        "nauc_mrr_at_100_max": 0.547272,
        "nauc_mrr_at_100_std": 0.344431,
        "nauc_mrr_at_100_diff1": 0.244055,
        "nauc_mrr_at_1000_max": 0.547111,
        "nauc_mrr_at_1000_std": 0.344167,
        "nauc_mrr_at_1000_diff1": 0.2442,
        "main_score": 0.3442,
        "hf_subset": "default",
        "languages": [
          "eng-Latn"
        ]
      }
    ]
  },
  "evaluation_time": 19.151691675186157,
  "kg_co2_emissions": null
}