{
  "dataset_revision": "f8c2fcf00f625baaa80f62ec5bd9e1fff3b8ae88",
  "task_name": "SCIDOCS",
  "mteb_version": "1.34.8",
  "scores": {
    "test": [
      {
        "ndcg_at_1": 0.281,
        "ndcg_at_3": 0.22208,
        "ndcg_at_5": 0.19078,
        "ndcg_at_10": 0.23065,
        "ndcg_at_20": 0.25976,
        "ndcg_at_100": 0.31845,
        "ndcg_at_1000": 0.37527,
        "map_at_1": 0.05708,
        "map_at_3": 0.10133,
        "map_at_5": 0.11972,
        "map_at_10": 0.14134,
        "map_at_20": 0.15206,
        "map_at_100": 0.1643,
        "map_at_1000": 0.16771,
        "recall_at_1": 0.05708,
        "recall_at_3": 0.12498,
        "recall_at_5": 0.16638,
        "recall_at_10": 0.23947,
        "recall_at_20": 0.3082,
        "recall_at_100": 0.49777,
        "recall_at_1000": 0.77583,
        "precision_at_1": 0.281,
        "precision_at_3": 0.20533,
        "precision_at_5": 0.164,
        "precision_at_10": 0.1181,
        "precision_at_20": 0.076,
        "precision_at_100": 0.0245,
        "precision_at_1000": 0.00382,
        "mrr_at_1": 0.281,
        "mrr_at_3": 0.358333,
        "mrr_at_5": 0.375833,
        "mrr_at_10": 0.390398,
        "mrr_at_20": 0.396563,
        "mrr_at_100": 0.401352,
        "mrr_at_1000": 0.401743,
        "nauc_ndcg_at_1_max": 0.336793,
        "nauc_ndcg_at_1_std": 0.056117,
        "nauc_ndcg_at_1_diff1": 0.173006,
        "nauc_ndcg_at_3_max": 0.409675,
        "nauc_ndcg_at_3_std": 0.104308,
        "nauc_ndcg_at_3_diff1": 0.153324,
        "nauc_ndcg_at_5_max": 0.422645,
        "nauc_ndcg_at_5_std": 0.128975,
        "nauc_ndcg_at_5_diff1": 0.151729,
        "nauc_ndcg_at_10_max": 0.447187,
        "nauc_ndcg_at_10_std": 0.154107,
        "nauc_ndcg_at_10_diff1": 0.137019,
        "nauc_ndcg_at_20_max": 0.470742,
        "nauc_ndcg_at_20_std": 0.191553,
        "nauc_ndcg_at_20_diff1": 0.127331,
        "nauc_ndcg_at_100_max": 0.491796,
        "nauc_ndcg_at_100_std": 0.249586,
        "nauc_ndcg_at_100_diff1": 0.115133,
        "nauc_ndcg_at_1000_max": 0.484482,
        "nauc_ndcg_at_1000_std": 0.243675,
        "nauc_ndcg_at_1000_diff1": 0.114307,
        "nauc_map_at_1_max": 0.328924,
        "nauc_map_at_1_std": 0.052771,
        "nauc_map_at_1_diff1": 0.167052,
        "nauc_map_at_3_max": 0.401632,
        "nauc_map_at_3_std": 0.087194,
        "nauc_map_at_3_diff1": 0.139685,
        "nauc_map_at_5_max": 0.418271,
        "nauc_map_at_5_std": 0.112816,
        "nauc_map_at_5_diff1": 0.140861,
        "nauc_map_at_10_max": 0.438549,
        "nauc_map_at_10_std": 0.133062,
        "nauc_map_at_10_diff1": 0.129913,
        "nauc_map_at_20_max": 0.456853,
        "nauc_map_at_20_std": 0.155804,
        "nauc_map_at_20_diff1": 0.124345,
        "nauc_map_at_100_max": 0.467407,
        "nauc_map_at_100_std": 0.17797,
        "nauc_map_at_100_diff1": 0.120103,
        "nauc_map_at_1000_max": 0.467601,
        "nauc_map_at_1000_std": 0.179037,
        "nauc_map_at_1000_diff1": 0.120253,
        "nauc_recall_at_1_max": 0.328924,
        "nauc_recall_at_1_std": 0.052771,
        "nauc_recall_at_1_diff1": 0.167052,
        "nauc_recall_at_3_max": 0.430321,
        "nauc_recall_at_3_std": 0.120304,
        "nauc_recall_at_3_diff1": 0.139448,
        "nauc_recall_at_5_max": 0.432308,
        "nauc_recall_at_5_std": 0.1586,
        "nauc_recall_at_5_diff1": 0.134145,
        "nauc_recall_at_10_max": 0.453644,
        "nauc_recall_at_10_std": 0.19263,
        "nauc_recall_at_10_diff1": 0.102735,
        "nauc_recall_at_20_max": 0.473949,
        "nauc_recall_at_20_std": 0.26049,
        "nauc_recall_at_20_diff1": 0.075975,
        "nauc_recall_at_100_max": 0.46163,
        "nauc_recall_at_100_std": 0.381544,
        "nauc_recall_at_100_diff1": 0.026067,
        "nauc_recall_at_1000_max": 0.38695,
        "nauc_recall_at_1000_std": 0.387998,
        "nauc_recall_at_1000_diff1": -0.027017,
        "nauc_precision_at_1_max": 0.336793,
        "nauc_precision_at_1_std": 0.056117,
        "nauc_precision_at_1_diff1": 0.173006,
        "nauc_precision_at_3_max": 0.438425,
        "nauc_precision_at_3_std": 0.126169,
        "nauc_precision_at_3_diff1": 0.143456,
        "nauc_precision_at_5_max": 0.438591,
        "nauc_precision_at_5_std": 0.161646,
        "nauc_precision_at_5_diff1": 0.138433,
        "nauc_precision_at_10_max": 0.459272,
        "nauc_precision_at_10_std": 0.19663,
        "nauc_precision_at_10_diff1": 0.106325,
        "nauc_precision_at_20_max": 0.480133,
        "nauc_precision_at_20_std": 0.265343,
        "nauc_precision_at_20_diff1": 0.079369,
        "nauc_precision_at_100_max": 0.468433,
        "nauc_precision_at_100_std": 0.385023,
        "nauc_precision_at_100_diff1": 0.032273,
        "nauc_precision_at_1000_max": 0.38333,
        "nauc_precision_at_1000_std": 0.381629,
        "nauc_precision_at_1000_diff1": -0.018444,
        "nauc_mrr_at_1_max": 0.336793,
        "nauc_mrr_at_1_std": 0.056117,
        "nauc_mrr_at_1_diff1": 0.173006,
        "nauc_mrr_at_3_max": 0.381971,
        "nauc_mrr_at_3_std": 0.099263,
        "nauc_mrr_at_3_diff1": 0.176112,
        "nauc_mrr_at_5_max": 0.387359,
        "nauc_mrr_at_5_std": 0.111031,
        "nauc_mrr_at_5_diff1": 0.175482,
        "nauc_mrr_at_10_max": 0.391279,
        "nauc_mrr_at_10_std": 0.114541,
        "nauc_mrr_at_10_diff1": 0.174058,
        "nauc_mrr_at_20_max": 0.389789,
        "nauc_mrr_at_20_std": 0.11511,
        "nauc_mrr_at_20_diff1": 0.173104,
        "nauc_mrr_at_100_max": 0.389052,
        "nauc_mrr_at_100_std": 0.11493,
        "nauc_mrr_at_100_diff1": 0.173729,
        "nauc_mrr_at_1000_max": 0.388834,
        "nauc_mrr_at_1000_std": 0.11455,
        "nauc_mrr_at_1000_diff1": 0.173705,
        "main_score": 0.23065,
        "hf_subset": "default",
        "languages": [
          "eng-Latn"
        ]
      }
    ]
  },
  "evaluation_time": 115.5155725479126,
  "kg_co2_emissions": null
}