{
  "dataset_revision": "f22508f96b7a36c2415181ed8bb76f76e04ae2d5",
  "task_name": "AppsRetrieval",
  "mteb_version": "1.34.8",
  "scores": {
    "test": [
      {
        "ndcg_at_1": 0.04011,
        "ndcg_at_3": 0.0562,
        "ndcg_at_5": 0.06113,
        "ndcg_at_10": 0.06863,
        "ndcg_at_20": 0.07463,
        "ndcg_at_100": 0.09158,
        "ndcg_at_1000": 0.12579,
        "map_at_1": 0.04011,
        "map_at_3": 0.05206,
        "map_at_5": 0.05479,
        "map_at_10": 0.05781,
        "map_at_20": 0.05947,
        "map_at_100": 0.06169,
        "map_at_1000": 0.06269,
        "recall_at_1": 0.04011,
        "recall_at_3": 0.06826,
        "recall_at_5": 0.08021,
        "recall_at_10": 0.10385,
        "recall_at_20": 0.12749,
        "recall_at_100": 0.22072,
        "recall_at_1000": 0.50704,
        "precision_at_1": 0.04011,
        "precision_at_3": 0.02275,
        "precision_at_5": 0.01604,
        "precision_at_10": 0.01039,
        "precision_at_20": 0.00637,
        "precision_at_100": 0.00221,
        "precision_at_1000": 0.00051,
        "mrr_at_1": 0.040106,
        "mrr_at_3": 0.052058,
        "mrr_at_5": 0.054794,
        "mrr_at_10": 0.05781,
        "mrr_at_20": 0.05947,
        "mrr_at_100": 0.061686,
        "mrr_at_1000": 0.062688,
        "nauc_ndcg_at_1_max": 0.381413,
        "nauc_ndcg_at_1_std": 0.043843,
        "nauc_ndcg_at_1_diff1": 0.361658,
        "nauc_ndcg_at_3_max": 0.356747,
        "nauc_ndcg_at_3_std": 0.077302,
        "nauc_ndcg_at_3_diff1": 0.261338,
        "nauc_ndcg_at_5_max": 0.343424,
        "nauc_ndcg_at_5_std": 0.078962,
        "nauc_ndcg_at_5_diff1": 0.242595,
        "nauc_ndcg_at_10_max": 0.326136,
        "nauc_ndcg_at_10_std": 0.083141,
        "nauc_ndcg_at_10_diff1": 0.218056,
        "nauc_ndcg_at_20_max": 0.318459,
        "nauc_ndcg_at_20_std": 0.090249,
        "nauc_ndcg_at_20_diff1": 0.206301,
        "nauc_ndcg_at_100_max": 0.295312,
        "nauc_ndcg_at_100_std": 0.100224,
        "nauc_ndcg_at_100_diff1": 0.180072,
        "nauc_ndcg_at_1000_max": 0.277697,
        "nauc_ndcg_at_1000_std": 0.111344,
        "nauc_ndcg_at_1000_diff1": 0.151458,
        "nauc_map_at_1_max": 0.381413,
        "nauc_map_at_1_std": 0.043843,
        "nauc_map_at_1_diff1": 0.361658,
        "nauc_map_at_3_max": 0.36253,
        "nauc_map_at_3_std": 0.07036,
        "nauc_map_at_3_diff1": 0.280783,
        "nauc_map_at_5_max": 0.354394,
        "nauc_map_at_5_std": 0.071799,
        "nauc_map_at_5_diff1": 0.268721,
        "nauc_map_at_10_max": 0.346107,
        "nauc_map_at_10_std": 0.074583,
        "nauc_map_at_10_diff1": 0.255747,
        "nauc_map_at_20_max": 0.343162,
        "nauc_map_at_20_std": 0.077021,
        "nauc_map_at_20_diff1": 0.251092,
        "nauc_map_at_100_max": 0.3378,
        "nauc_map_at_100_std": 0.078899,
        "nauc_map_at_100_diff1": 0.245425,
        "nauc_map_at_1000_max": 0.336892,
        "nauc_map_at_1000_std": 0.07965,
        "nauc_map_at_1000_diff1": 0.243888,
        "nauc_recall_at_1_max": 0.381413,
        "nauc_recall_at_1_std": 0.043843,
        "nauc_recall_at_1_diff1": 0.361658,
        "nauc_recall_at_3_max": 0.343641,
        "nauc_recall_at_3_std": 0.092811,
        "nauc_recall_at_3_diff1": 0.21829,
        "nauc_recall_at_5_max": 0.319812,
        "nauc_recall_at_5_std": 0.093386,
        "nauc_recall_at_5_diff1": 0.188576,
        "nauc_recall_at_10_max": 0.287275,
        "nauc_recall_at_10_std": 0.097682,
        "nauc_recall_at_10_diff1": 0.148897,
        "nauc_recall_at_20_max": 0.273776,
        "nauc_recall_at_20_std": 0.113357,
        "nauc_recall_at_20_diff1": 0.129565,
        "nauc_recall_at_100_max": 0.231272,
        "nauc_recall_at_100_std": 0.133547,
        "nauc_recall_at_100_diff1": 0.085252,
        "nauc_recall_at_1000_max": 0.177016,
        "nauc_recall_at_1000_std": 0.165093,
        "nauc_recall_at_1000_diff1": -0.002804,
        "nauc_precision_at_1_max": 0.381413,
        "nauc_precision_at_1_std": 0.043843,
        "nauc_precision_at_1_diff1": 0.361658,
        "nauc_precision_at_3_max": 0.343641,
        "nauc_precision_at_3_std": 0.092811,
        "nauc_precision_at_3_diff1": 0.21829,
        "nauc_precision_at_5_max": 0.319812,
        "nauc_precision_at_5_std": 0.093386,
        "nauc_precision_at_5_diff1": 0.188576,
        "nauc_precision_at_10_max": 0.287275,
        "nauc_precision_at_10_std": 0.097682,
        "nauc_precision_at_10_diff1": 0.148897,
        "nauc_precision_at_20_max": 0.273776,
        "nauc_precision_at_20_std": 0.113357,
        "nauc_precision_at_20_diff1": 0.129565,
        "nauc_precision_at_100_max": 0.231272,
        "nauc_precision_at_100_std": 0.133547,
        "nauc_precision_at_100_diff1": 0.085252,
        "nauc_precision_at_1000_max": 0.177016,
        "nauc_precision_at_1000_std": 0.165093,
        "nauc_precision_at_1000_diff1": -0.002804,
        "nauc_mrr_at_1_max": 0.381413,
        "nauc_mrr_at_1_std": 0.043843,
        "nauc_mrr_at_1_diff1": 0.361658,
        "nauc_mrr_at_3_max": 0.36253,
        "nauc_mrr_at_3_std": 0.07036,
        "nauc_mrr_at_3_diff1": 0.280783,
        "nauc_mrr_at_5_max": 0.354394,
        "nauc_mrr_at_5_std": 0.071799,
        "nauc_mrr_at_5_diff1": 0.268721,
        "nauc_mrr_at_10_max": 0.346107,
        "nauc_mrr_at_10_std": 0.074583,
        "nauc_mrr_at_10_diff1": 0.255747,
        "nauc_mrr_at_20_max": 0.343162,
        "nauc_mrr_at_20_std": 0.077021,
        "nauc_mrr_at_20_diff1": 0.251092,
        "nauc_mrr_at_100_max": 0.3378,
        "nauc_mrr_at_100_std": 0.078899,
        "nauc_mrr_at_100_diff1": 0.245425,
        "nauc_mrr_at_1000_max": 0.336892,
        "nauc_mrr_at_1000_std": 0.07965,
        "nauc_mrr_at_1000_diff1": 0.243888,
        "main_score": 0.06863,
        "hf_subset": "default",
        "languages": [
          "eng-Latn",
          "python-Code"
        ]
      }
    ]
  },
  "evaluation_time": 196.97592973709106,
  "kg_co2_emissions": null
}