{
  "dataset_revision": "c22ab2a51041ffd869aaddef7af8d8215647e41a",
  "task_name": "ArguAna",
  "mteb_version": "1.34.8",
  "scores": {
    "test": [
      {
        "ndcg_at_1": 0.17496,
        "ndcg_at_3": 0.30502,
        "ndcg_at_5": 0.36093,
        "ndcg_at_10": 0.4218,
        "ndcg_at_20": 0.4624,
        "ndcg_at_100": 0.48178,
        "ndcg_at_1000": 0.48339,
        "map_at_1": 0.17496,
        "map_at_3": 0.27217,
        "map_at_5": 0.303,
        "map_at_10": 0.32766,
        "map_at_20": 0.33916,
        "map_at_100": 0.34224,
        "map_at_1000": 0.34232,
        "recall_at_1": 0.17496,
        "recall_at_3": 0.40043,
        "recall_at_5": 0.53698,
        "recall_at_10": 0.7276,
        "recall_at_20": 0.88549,
        "recall_at_100": 0.98435,
        "recall_at_1000": 0.99644,
        "precision_at_1": 0.17496,
        "precision_at_3": 0.13348,
        "precision_at_5": 0.1074,
        "precision_at_10": 0.07276,
        "precision_at_20": 0.04427,
        "precision_at_100": 0.00984,
        "precision_at_1000": 0.001,
        "mrr_at_1": 0.176387,
        "mrr_at_3": 0.272878,
        "mrr_at_5": 0.303639,
        "mrr_at_10": 0.328444,
        "mrr_at_20": 0.339936,
        "mrr_at_100": 0.343017,
        "mrr_at_1000": 0.343089,
        "nauc_ndcg_at_1_max": -0.141013,
        "nauc_ndcg_at_1_std": -0.196747,
        "nauc_ndcg_at_1_diff1": 0.067968,
        "nauc_ndcg_at_3_max": -0.128913,
        "nauc_ndcg_at_3_std": -0.210346,
        "nauc_ndcg_at_3_diff1": 0.0307,
        "nauc_ndcg_at_5_max": -0.119523,
        "nauc_ndcg_at_5_std": -0.212202,
        "nauc_ndcg_at_5_diff1": 0.030044,
        "nauc_ndcg_at_10_max": -0.110808,
        "nauc_ndcg_at_10_std": -0.221074,
        "nauc_ndcg_at_10_diff1": 0.023849,
        "nauc_ndcg_at_20_max": -0.105621,
        "nauc_ndcg_at_20_std": -0.211603,
        "nauc_ndcg_at_20_diff1": 0.019085,
        "nauc_ndcg_at_100_max": -0.114948,
        "nauc_ndcg_at_100_std": -0.204038,
        "nauc_ndcg_at_100_diff1": 0.029135,
        "nauc_ndcg_at_1000_max": -0.117741,
        "nauc_ndcg_at_1000_std": -0.207592,
        "nauc_ndcg_at_1000_diff1": 0.029296,
        "nauc_map_at_1_max": -0.141013,
        "nauc_map_at_1_std": -0.196747,
        "nauc_map_at_1_diff1": 0.067968,
        "nauc_map_at_3_max": -0.132173,
        "nauc_map_at_3_std": -0.207628,
        "nauc_map_at_3_diff1": 0.036733,
        "nauc_map_at_5_max": -0.126686,
        "nauc_map_at_5_std": -0.208547,
        "nauc_map_at_5_diff1": 0.035424,
        "nauc_map_at_10_max": -0.123856,
        "nauc_map_at_10_std": -0.211763,
        "nauc_map_at_10_diff1": 0.033134,
        "nauc_map_at_20_max": -0.12341,
        "nauc_map_at_20_std": -0.209565,
        "nauc_map_at_20_diff1": 0.032117,
        "nauc_map_at_100_max": -0.124545,
        "nauc_map_at_100_std": -0.208428,
        "nauc_map_at_100_diff1": 0.033867,
        "nauc_map_at_1000_max": -0.124633,
        "nauc_map_at_1000_std": -0.208546,
        "nauc_map_at_1000_diff1": 0.033883,
        "nauc_recall_at_1_max": -0.141013,
        "nauc_recall_at_1_std": -0.196747,
        "nauc_recall_at_1_diff1": 0.067968,
        "nauc_recall_at_3_max": -0.120618,
        "nauc_recall_at_3_std": -0.217013,
        "nauc_recall_at_3_diff1": 0.016414,
        "nauc_recall_at_5_max": -0.09951,
        "nauc_recall_at_5_std": -0.222035,
        "nauc_recall_at_5_diff1": 0.017748,
        "nauc_recall_at_10_max": -0.057344,
        "nauc_recall_at_10_std": -0.25937,
        "nauc_recall_at_10_diff1": -0.009568,
        "nauc_recall_at_20_max": 0.055756,
        "nauc_recall_at_20_std": -0.211841,
        "nauc_recall_at_20_diff1": -0.085429,
        "nauc_recall_at_100_max": 0.290389,
        "nauc_recall_at_100_std": 0.334134,
        "nauc_recall_at_100_diff1": -0.054787,
        "nauc_recall_at_1000_max": 0.242175,
        "nauc_recall_at_1000_std": 0.380178,
        "nauc_recall_at_1000_diff1": -0.308343,
        "nauc_precision_at_1_max": -0.141013,
        "nauc_precision_at_1_std": -0.196747,
        "nauc_precision_at_1_diff1": 0.067968,
        "nauc_precision_at_3_max": -0.120618,
        "nauc_precision_at_3_std": -0.217013,
        "nauc_precision_at_3_diff1": 0.016414,
        "nauc_precision_at_5_max": -0.09951,
        "nauc_precision_at_5_std": -0.222035,
        "nauc_precision_at_5_diff1": 0.017748,
        "nauc_precision_at_10_max": -0.057344,
        "nauc_precision_at_10_std": -0.25937,
        "nauc_precision_at_10_diff1": -0.009568,
        "nauc_precision_at_20_max": 0.055756,
        "nauc_precision_at_20_std": -0.211841,
        "nauc_precision_at_20_diff1": -0.085429,
        "nauc_precision_at_100_max": 0.290389,
        "nauc_precision_at_100_std": 0.334134,
        "nauc_precision_at_100_diff1": -0.054787,
        "nauc_precision_at_1000_max": 0.242175,
        "nauc_precision_at_1000_std": 0.380178,
        "nauc_precision_at_1000_diff1": -0.308343,
        "nauc_mrr_at_1_max": -0.139364,
        "nauc_mrr_at_1_std": -0.192301,
        "nauc_mrr_at_1_diff1": 0.062114,
        "nauc_mrr_at_3_max": -0.136274,
        "nauc_mrr_at_3_std": -0.206206,
        "nauc_mrr_at_3_diff1": 0.026524,
        "nauc_mrr_at_5_max": -0.130328,
        "nauc_mrr_at_5_std": -0.20704,
        "nauc_mrr_at_5_diff1": 0.028305,
        "nauc_mrr_at_10_max": -0.128099,
        "nauc_mrr_at_10_std": -0.210835,
        "nauc_mrr_at_10_diff1": 0.025096,
        "nauc_mrr_at_20_max": -0.12698,
        "nauc_mrr_at_20_std": -0.208452,
        "nauc_mrr_at_20_diff1": 0.024837,
        "nauc_mrr_at_100_max": -0.128157,
        "nauc_mrr_at_100_std": -0.207308,
        "nauc_mrr_at_100_diff1": 0.026495,
        "nauc_mrr_at_1000_max": -0.128246,
        "nauc_mrr_at_1000_std": -0.207425,
        "nauc_mrr_at_1000_diff1": 0.026509,
        "main_score": 0.4218,
        "hf_subset": "default",
        "languages": [
          "eng-Latn"
        ]
      }
    ]
  },
  "evaluation_time": 164.08638834953308,
  "kg_co2_emissions": null
}