{
  "dataset_revision": "4adc7bc41202b5c13543c9c886a25f340634dab3",
  "task_name": "COIRCodeSearchNetRetrieval",
  "mteb_version": "1.34.8",
  "scores": {
    "test": [
      {
        "ndcg_at_1": 0.66296,
        "ndcg_at_3": 0.72198,
        "ndcg_at_5": 0.73538,
        "ndcg_at_10": 0.74829,
        "ndcg_at_20": 0.75723,
        "ndcg_at_100": 0.76847,
        "ndcg_at_1000": 0.77455,
        "map_at_1": 0.66296,
        "map_at_3": 0.70779,
        "map_at_5": 0.71522,
        "map_at_10": 0.72059,
        "map_at_20": 0.72307,
        "map_at_100": 0.72461,
        "map_at_1000": 0.72483,
        "recall_at_1": 0.66296,
        "recall_at_3": 0.7629,
        "recall_at_5": 0.79548,
        "recall_at_10": 0.83517,
        "recall_at_20": 0.87036,
        "recall_at_100": 0.93102,
        "recall_at_1000": 0.97955,
        "precision_at_1": 0.66296,
        "precision_at_3": 0.2543,
        "precision_at_5": 0.1591,
        "precision_at_10": 0.08352,
        "precision_at_20": 0.04352,
        "precision_at_100": 0.00931,
        "precision_at_1000": 0.00098,
        "mrr_at_1": 0.66289,
        "mrr_at_3": 0.707713,
        "mrr_at_5": 0.715177,
        "mrr_at_10": 0.720543,
        "mrr_at_20": 0.723021,
        "mrr_at_100": 0.724565,
        "mrr_at_1000": 0.724782,
        "nauc_ndcg_at_1_max": 0.715121,
        "nauc_ndcg_at_1_std": -0.015683,
        "nauc_ndcg_at_1_diff1": 0.833688,
        "nauc_ndcg_at_3_max": 0.721987,
        "nauc_ndcg_at_3_std": 0.012551,
        "nauc_ndcg_at_3_diff1": 0.801002,
        "nauc_ndcg_at_5_max": 0.719542,
        "nauc_ndcg_at_5_std": 0.0199,
        "nauc_ndcg_at_5_diff1": 0.795265,
        "nauc_ndcg_at_10_max": 0.719882,
        "nauc_ndcg_at_10_std": 0.025629,
        "nauc_ndcg_at_10_diff1": 0.794731,
        "nauc_ndcg_at_20_max": 0.718382,
        "nauc_ndcg_at_20_std": 0.02648,
        "nauc_ndcg_at_20_diff1": 0.794806,
        "nauc_ndcg_at_100_max": 0.719517,
        "nauc_ndcg_at_100_std": 0.029579,
        "nauc_ndcg_at_100_diff1": 0.796727,
        "nauc_ndcg_at_1000_max": 0.719808,
        "nauc_ndcg_at_1000_std": 0.026067,
        "nauc_ndcg_at_1000_diff1": 0.799304,
        "nauc_map_at_1_max": 0.715121,
        "nauc_map_at_1_std": -0.015683,
        "nauc_map_at_1_diff1": 0.833688,
        "nauc_map_at_3_max": 0.72045,
        "nauc_map_at_3_std": 0.004671,
        "nauc_map_at_3_diff1": 0.809451,
        "nauc_map_at_5_max": 0.719161,
        "nauc_map_at_5_std": 0.008319,
        "nauc_map_at_5_diff1": 0.806622,
        "nauc_map_at_10_max": 0.719266,
        "nauc_map_at_10_std": 0.01034,
        "nauc_map_at_10_diff1": 0.806586,
        "nauc_map_at_20_max": 0.71889,
        "nauc_map_at_20_std": 0.010372,
        "nauc_map_at_20_diff1": 0.806712,
        "nauc_map_at_100_max": 0.718997,
        "nauc_map_at_100_std": 0.010678,
        "nauc_map_at_100_diff1": 0.80691,
        "nauc_map_at_1000_max": 0.719011,
        "nauc_map_at_1000_std": 0.010595,
        "nauc_map_at_1000_diff1": 0.807,
        "nauc_recall_at_1_max": 0.715121,
        "nauc_recall_at_1_std": -0.015683,
        "nauc_recall_at_1_diff1": 0.833688,
        "nauc_recall_at_3_max": 0.727032,
        "nauc_recall_at_3_std": 0.039328,
        "nauc_recall_at_3_diff1": 0.772607,
        "nauc_recall_at_5_max": 0.720304,
        "nauc_recall_at_5_std": 0.064492,
        "nauc_recall_at_5_diff1": 0.7522,
        "nauc_recall_at_10_max": 0.722084,
        "nauc_recall_at_10_std": 0.098496,
        "nauc_recall_at_10_diff1": 0.740955,
        "nauc_recall_at_20_max": 0.712667,
        "nauc_recall_at_20_std": 0.122492,
        "nauc_recall_at_20_diff1": 0.728384,
        "nauc_recall_at_100_max": 0.727617,
        "nauc_recall_at_100_std": 0.248572,
        "nauc_recall_at_100_diff1": 0.708908,
        "nauc_recall_at_1000_max": 0.764833,
        "nauc_recall_at_1000_std": 0.473626,
        "nauc_recall_at_1000_diff1": 0.694566,
        "nauc_precision_at_1_max": 0.715121,
        "nauc_precision_at_1_std": -0.015683,
        "nauc_precision_at_1_diff1": 0.833688,
        "nauc_precision_at_3_max": 0.727032,
        "nauc_precision_at_3_std": 0.039328,
        "nauc_precision_at_3_diff1": 0.772607,
        "nauc_precision_at_5_max": 0.720304,
        "nauc_precision_at_5_std": 0.064492,
        "nauc_precision_at_5_diff1": 0.7522,
        "nauc_precision_at_10_max": 0.722084,
        "nauc_precision_at_10_std": 0.098496,
        "nauc_precision_at_10_diff1": 0.740955,
        "nauc_precision_at_20_max": 0.712667,
        "nauc_precision_at_20_std": 0.122492,
        "nauc_precision_at_20_diff1": 0.728384,
        "nauc_precision_at_100_max": 0.727617,
        "nauc_precision_at_100_std": 0.248572,
        "nauc_precision_at_100_diff1": 0.708908,
        "nauc_precision_at_1000_max": 0.764833,
        "nauc_precision_at_1000_std": 0.473626,
        "nauc_precision_at_1000_diff1": 0.694566,
        "nauc_mrr_at_1_max": 0.714609,
        "nauc_mrr_at_1_std": -0.015816,
        "nauc_mrr_at_1_diff1": 0.833817,
        "nauc_mrr_at_3_max": 0.720053,
        "nauc_mrr_at_3_std": 0.004336,
        "nauc_mrr_at_3_diff1": 0.809599,
        "nauc_mrr_at_5_max": 0.71884,
        "nauc_mrr_at_5_std": 0.008175,
        "nauc_mrr_at_5_diff1": 0.806717,
        "nauc_mrr_at_10_max": 0.718939,
        "nauc_mrr_at_10_std": 0.010193,
        "nauc_mrr_at_10_diff1": 0.806683,
        "nauc_mrr_at_20_max": 0.71856,
        "nauc_mrr_at_20_std": 0.010224,
        "nauc_mrr_at_20_diff1": 0.806809,
        "nauc_mrr_at_100_max": 0.718665,
        "nauc_mrr_at_100_std": 0.01053,
        "nauc_mrr_at_100_diff1": 0.807008,
        "nauc_mrr_at_1000_max": 0.718679,
        "nauc_mrr_at_1000_std": 0.010446,
        "nauc_mrr_at_1000_diff1": 0.807098,
        "main_score": 0.74829,
        "hf_subset": "python",
        "languages": [
          "python-Code"
        ]
      }
    ]
  },
  "evaluation_time": 2170.9253985881805,
  "kg_co2_emissions": null
}