{
  "dataset_revision": "27a168819829fe9bcd655c2df245fb19452e8e06",
  "task_name": "FiQA2018",
  "mteb_version": "1.34.8",
  "scores": {
    "test": [
      {
        "ndcg_at_1": 0.42901,
        "ndcg_at_3": 0.39812,
        "ndcg_at_5": 0.4091,
        "ndcg_at_10": 0.43793,
        "ndcg_at_20": 0.46841,
        "ndcg_at_100": 0.51017,
        "ndcg_at_1000": 0.53929,
        "map_at_1": 0.2123,
        "map_at_3": 0.30562,
        "map_at_5": 0.33258,
        "map_at_10": 0.35529,
        "map_at_20": 0.36692,
        "map_at_100": 0.37651,
        "map_at_1000": 0.37837,
        "recall_at_1": 0.2123,
        "recall_at_3": 0.35851,
        "recall_at_5": 0.42274,
        "recall_at_10": 0.51128,
        "recall_at_20": 0.60571,
        "recall_at_100": 0.77062,
        "recall_at_1000": 0.94848,
        "precision_at_1": 0.42901,
        "precision_at_3": 0.26903,
        "precision_at_5": 0.1966,
        "precision_at_10": 0.12407,
        "precision_at_20": 0.07477,
        "precision_at_100": 0.01997,
        "precision_at_1000": 0.00248,
        "mrr_at_1": 0.429012,
        "mrr_at_3": 0.498714,
        "mrr_at_5": 0.510365,
        "mrr_at_10": 0.519741,
        "mrr_at_20": 0.525884,
        "mrr_at_100": 0.528469,
        "mrr_at_1000": 0.528873,
        "nauc_ndcg_at_1_max": 0.378271,
        "nauc_ndcg_at_1_std": -0.058729,
        "nauc_ndcg_at_1_diff1": 0.509435,
        "nauc_ndcg_at_3_max": 0.309887,
        "nauc_ndcg_at_3_std": -0.105588,
        "nauc_ndcg_at_3_diff1": 0.404056,
        "nauc_ndcg_at_5_max": 0.291628,
        "nauc_ndcg_at_5_std": -0.111048,
        "nauc_ndcg_at_5_diff1": 0.384306,
        "nauc_ndcg_at_10_max": 0.299897,
        "nauc_ndcg_at_10_std": -0.107404,
        "nauc_ndcg_at_10_diff1": 0.383792,
        "nauc_ndcg_at_20_max": 0.297174,
        "nauc_ndcg_at_20_std": -0.104539,
        "nauc_ndcg_at_20_diff1": 0.374906,
        "nauc_ndcg_at_100_max": 0.328494,
        "nauc_ndcg_at_100_std": -0.066056,
        "nauc_ndcg_at_100_diff1": 0.385903,
        "nauc_ndcg_at_1000_max": 0.337127,
        "nauc_ndcg_at_1000_std": -0.061605,
        "nauc_ndcg_at_1000_diff1": 0.395161,
        "nauc_map_at_1_max": 0.201986,
        "nauc_map_at_1_std": -0.120226,
        "nauc_map_at_1_diff1": 0.442395,
        "nauc_map_at_3_max": 0.242737,
        "nauc_map_at_3_std": -0.134562,
        "nauc_map_at_3_diff1": 0.403262,
        "nauc_map_at_5_max": 0.256063,
        "nauc_map_at_5_std": -0.13021,
        "nauc_map_at_5_diff1": 0.386884,
        "nauc_map_at_10_max": 0.274749,
        "nauc_map_at_10_std": -0.122215,
        "nauc_map_at_10_diff1": 0.385532,
        "nauc_map_at_20_max": 0.27732,
        "nauc_map_at_20_std": -0.119013,
        "nauc_map_at_20_diff1": 0.382691,
        "nauc_map_at_100_max": 0.2861,
        "nauc_map_at_100_std": -0.109787,
        "nauc_map_at_100_diff1": 0.384611,
        "nauc_map_at_1000_max": 0.28695,
        "nauc_map_at_1000_std": -0.109075,
        "nauc_map_at_1000_diff1": 0.385135,
        "nauc_recall_at_1_max": 0.201986,
        "nauc_recall_at_1_std": -0.120226,
        "nauc_recall_at_1_diff1": 0.442395,
        "nauc_recall_at_3_max": 0.200064,
        "nauc_recall_at_3_std": -0.138338,
        "nauc_recall_at_3_diff1": 0.325367,
        "nauc_recall_at_5_max": 0.205295,
        "nauc_recall_at_5_std": -0.120552,
        "nauc_recall_at_5_diff1": 0.280182,
        "nauc_recall_at_10_max": 0.215988,
        "nauc_recall_at_10_std": -0.12047,
        "nauc_recall_at_10_diff1": 0.259634,
        "nauc_recall_at_20_max": 0.170165,
        "nauc_recall_at_20_std": -0.12522,
        "nauc_recall_at_20_diff1": 0.200341,
        "nauc_recall_at_100_max": 0.273344,
        "nauc_recall_at_100_std": 0.052981,
        "nauc_recall_at_100_diff1": 0.209904,
        "nauc_recall_at_1000_max": 0.433459,
        "nauc_recall_at_1000_std": 0.36443,
        "nauc_recall_at_1000_diff1": 0.177932,
        "nauc_precision_at_1_max": 0.378271,
        "nauc_precision_at_1_std": -0.058729,
        "nauc_precision_at_1_diff1": 0.509435,
        "nauc_precision_at_3_max": 0.354805,
        "nauc_precision_at_3_std": -0.050889,
        "nauc_precision_at_3_diff1": 0.286068,
        "nauc_precision_at_5_max": 0.340003,
        "nauc_precision_at_5_std": -0.027675,
        "nauc_precision_at_5_diff1": 0.212725,
        "nauc_precision_at_10_max": 0.356328,
        "nauc_precision_at_10_std": 0.025783,
        "nauc_precision_at_10_diff1": 0.169966,
        "nauc_precision_at_20_max": 0.331864,
        "nauc_precision_at_20_std": 0.056998,
        "nauc_precision_at_20_diff1": 0.119689,
        "nauc_precision_at_100_max": 0.328158,
        "nauc_precision_at_100_std": 0.160556,
        "nauc_precision_at_100_diff1": 0.071481,
        "nauc_precision_at_1000_max": 0.282708,
        "nauc_precision_at_1000_std": 0.185608,
        "nauc_precision_at_1000_diff1": 0.026719,
        "nauc_mrr_at_1_max": 0.378271,
        "nauc_mrr_at_1_std": -0.058729,
        "nauc_mrr_at_1_diff1": 0.509435,
        "nauc_mrr_at_3_max": 0.373679,
        "nauc_mrr_at_3_std": -0.067041,
        "nauc_mrr_at_3_diff1": 0.466937,
        "nauc_mrr_at_5_max": 0.375437,
        "nauc_mrr_at_5_std": -0.05933,
        "nauc_mrr_at_5_diff1": 0.461964,
        "nauc_mrr_at_10_max": 0.373886,
        "nauc_mrr_at_10_std": -0.060646,
        "nauc_mrr_at_10_diff1": 0.460863,
        "nauc_mrr_at_20_max": 0.372518,
        "nauc_mrr_at_20_std": -0.061266,
        "nauc_mrr_at_20_diff1": 0.459334,
        "nauc_mrr_at_100_max": 0.373828,
        "nauc_mrr_at_100_std": -0.059296,
        "nauc_mrr_at_100_diff1": 0.460886,
        "nauc_mrr_at_1000_max": 0.373831,
        "nauc_mrr_at_1000_std": -0.059278,
        "nauc_mrr_at_1000_diff1": 0.461149,
        "main_score": 0.43793,
        "hf_subset": "default",
        "languages": [
          "eng-Latn"
        ]
      }
    ]
  },
  "evaluation_time": 732.9402289390564,
  "kg_co2_emissions": null
}