{
  "dataset_revision": "ec0fa4fe99da2ff19ca1214b7966684033a58814",
  "task_name": "NFCorpus",
  "mteb_version": "1.34.8",
  "scores": {
    "test": [
      {
        "ndcg_at_1": 0.39938,
        "ndcg_at_3": 0.36239,
        "ndcg_at_5": 0.34103,
        "ndcg_at_10": 0.31587,
        "ndcg_at_20": 0.29507,
        "ndcg_at_100": 0.29781,
        "ndcg_at_1000": 0.38751,
        "map_at_1": 0.04824,
        "map_at_3": 0.07966,
        "map_at_5": 0.09372,
        "map_at_10": 0.11109,
        "map_at_20": 0.12378,
        "map_at_100": 0.1437,
        "map_at_1000": 0.1592,
        "recall_at_1": 0.04824,
        "recall_at_3": 0.08804,
        "recall_at_5": 0.11734,
        "recall_at_10": 0.15474,
        "recall_at_20": 0.19453,
        "recall_at_100": 0.32033,
        "recall_at_1000": 0.64468,
        "precision_at_1": 0.41486,
        "precision_at_3": 0.34675,
        "precision_at_5": 0.29659,
        "precision_at_10": 0.2387,
        "precision_at_20": 0.17616,
        "precision_at_100": 0.08006,
        "precision_at_1000": 0.02097,
        "mrr_at_1": 0.417957,
        "mrr_at_3": 0.478844,
        "mrr_at_5": 0.494169,
        "mrr_at_10": 0.504675,
        "mrr_at_20": 0.507693,
        "mrr_at_100": 0.51063,
        "mrr_at_1000": 0.510984,
        "nauc_ndcg_at_1_max": 0.422357,
        "nauc_ndcg_at_1_std": 0.275517,
        "nauc_ndcg_at_1_diff1": 0.258702,
        "nauc_ndcg_at_3_max": 0.428168,
        "nauc_ndcg_at_3_std": 0.270019,
        "nauc_ndcg_at_3_diff1": 0.169989,
        "nauc_ndcg_at_5_max": 0.418601,
        "nauc_ndcg_at_5_std": 0.269811,
        "nauc_ndcg_at_5_diff1": 0.140555,
        "nauc_ndcg_at_10_max": 0.396609,
        "nauc_ndcg_at_10_std": 0.265124,
        "nauc_ndcg_at_10_diff1": 0.099021,
        "nauc_ndcg_at_20_max": 0.381437,
        "nauc_ndcg_at_20_std": 0.250906,
        "nauc_ndcg_at_20_diff1": 0.102558,
        "nauc_ndcg_at_100_max": 0.411264,
        "nauc_ndcg_at_100_std": 0.280909,
        "nauc_ndcg_at_100_diff1": 0.114913,
        "nauc_ndcg_at_1000_max": 0.487614,
        "nauc_ndcg_at_1000_std": 0.379573,
        "nauc_ndcg_at_1000_diff1": 0.135726,
        "nauc_map_at_1_max": 0.042467,
        "nauc_map_at_1_std": -0.137692,
        "nauc_map_at_1_diff1": 0.267445,
        "nauc_map_at_3_max": 0.162412,
        "nauc_map_at_3_std": -0.054738,
        "nauc_map_at_3_diff1": 0.215773,
        "nauc_map_at_5_max": 0.190887,
        "nauc_map_at_5_std": -0.026964,
        "nauc_map_at_5_diff1": 0.181415,
        "nauc_map_at_10_max": 0.241065,
        "nauc_map_at_10_std": 0.02106,
        "nauc_map_at_10_diff1": 0.158999,
        "nauc_map_at_20_max": 0.270039,
        "nauc_map_at_20_std": 0.04666,
        "nauc_map_at_20_diff1": 0.16262,
        "nauc_map_at_100_max": 0.309219,
        "nauc_map_at_100_std": 0.117547,
        "nauc_map_at_100_diff1": 0.145867,
        "nauc_map_at_1000_max": 0.320481,
        "nauc_map_at_1000_std": 0.165035,
        "nauc_map_at_1000_diff1": 0.138974,
        "nauc_recall_at_1_max": 0.042467,
        "nauc_recall_at_1_std": -0.137692,
        "nauc_recall_at_1_diff1": 0.267445,
        "nauc_recall_at_3_max": 0.178366,
        "nauc_recall_at_3_std": -0.043412,
        "nauc_recall_at_3_diff1": 0.214224,
        "nauc_recall_at_5_max": 0.172665,
        "nauc_recall_at_5_std": -0.032458,
        "nauc_recall_at_5_diff1": 0.13375,
        "nauc_recall_at_10_max": 0.202491,
        "nauc_recall_at_10_std": 0.024577,
        "nauc_recall_at_10_diff1": 0.069887,
        "nauc_recall_at_20_max": 0.207589,
        "nauc_recall_at_20_std": 0.029802,
        "nauc_recall_at_20_diff1": 0.075255,
        "nauc_recall_at_100_max": 0.232718,
        "nauc_recall_at_100_std": 0.144612,
        "nauc_recall_at_100_diff1": 0.022592,
        "nauc_recall_at_1000_max": 0.246567,
        "nauc_recall_at_1000_std": 0.21589,
        "nauc_recall_at_1000_diff1": 0.051496,
        "nauc_precision_at_1_max": 0.440852,
        "nauc_precision_at_1_std": 0.277653,
        "nauc_precision_at_1_diff1": 0.273881,
        "nauc_precision_at_3_max": 0.453939,
        "nauc_precision_at_3_std": 0.302736,
        "nauc_precision_at_3_diff1": 0.11825,
        "nauc_precision_at_5_max": 0.439089,
        "nauc_precision_at_5_std": 0.328445,
        "nauc_precision_at_5_diff1": 0.063804,
        "nauc_precision_at_10_max": 0.402296,
        "nauc_precision_at_10_std": 0.352118,
        "nauc_precision_at_10_diff1": -0.008519,
        "nauc_precision_at_20_max": 0.351151,
        "nauc_precision_at_20_std": 0.361194,
        "nauc_precision_at_20_diff1": -0.018963,
        "nauc_precision_at_100_max": 0.22623,
        "nauc_precision_at_100_std": 0.414486,
        "nauc_precision_at_100_diff1": -0.076117,
        "nauc_precision_at_1000_max": 0.071535,
        "nauc_precision_at_1000_std": 0.342775,
        "nauc_precision_at_1000_diff1": -0.081109,
        "nauc_mrr_at_1_max": 0.43656,
        "nauc_mrr_at_1_std": 0.273189,
        "nauc_mrr_at_1_diff1": 0.265586,
        "nauc_mrr_at_3_max": 0.476206,
        "nauc_mrr_at_3_std": 0.314131,
        "nauc_mrr_at_3_diff1": 0.238397,
        "nauc_mrr_at_5_max": 0.487001,
        "nauc_mrr_at_5_std": 0.322315,
        "nauc_mrr_at_5_diff1": 0.235633,
        "nauc_mrr_at_10_max": 0.482862,
        "nauc_mrr_at_10_std": 0.323158,
        "nauc_mrr_at_10_diff1": 0.225098,
        "nauc_mrr_at_20_max": 0.48299,
        "nauc_mrr_at_20_std": 0.324739,
        "nauc_mrr_at_20_diff1": 0.226753,
        "nauc_mrr_at_100_max": 0.483661,
        "nauc_mrr_at_100_std": 0.326164,
        "nauc_mrr_at_100_diff1": 0.227875,
        "nauc_mrr_at_1000_max": 0.483545,
        "nauc_mrr_at_1000_std": 0.326005,
        "nauc_mrr_at_1000_diff1": 0.227793,
        "main_score": 0.31587,
        "hf_subset": "default",
        "languages": [
          "eng-Latn"
        ]
      }
    ]
  },
  "evaluation_time": 70.26318860054016,
  "kg_co2_emissions": null
}