{
  "dataset_revision": "0228b52cf27578f30900b9e5271d331663a030d7",
  "task_name": "SciFact",
  "mteb_version": "1.34.8",
  "scores": {
    "test": [
      {
        "ndcg_at_1": 0.39667,
        "ndcg_at_3": 0.44853,
        "ndcg_at_5": 0.47868,
        "ndcg_at_10": 0.50295,
        "ndcg_at_20": 0.52194,
        "ndcg_at_100": 0.55088,
        "ndcg_at_1000": 0.56365,
        "map_at_1": 0.36983,
        "map_at_3": 0.42452,
        "map_at_5": 0.44373,
        "map_at_10": 0.45513,
        "map_at_20": 0.4607,
        "map_at_100": 0.46483,
        "map_at_1000": 0.4653,
        "recall_at_1": 0.36983,
        "recall_at_3": 0.49161,
        "recall_at_5": 0.56506,
        "recall_at_10": 0.636,
        "recall_at_20": 0.70889,
        "recall_at_100": 0.862,
        "recall_at_1000": 0.96333,
        "precision_at_1": 0.39667,
        "precision_at_3": 0.18111,
        "precision_at_5": 0.12733,
        "precision_at_10": 0.07233,
        "precision_at_20": 0.0405,
        "precision_at_100": 0.00983,
        "precision_at_1000": 0.00109,
        "mrr_at_1": 0.396667,
        "mrr_at_3": 0.446667,
        "mrr_at_5": 0.462667,
        "mrr_at_10": 0.471942,
        "mrr_at_20": 0.476514,
        "mrr_at_100": 0.480147,
        "mrr_at_1000": 0.480573,
        "nauc_ndcg_at_1_max": 0.46053,
        "nauc_ndcg_at_1_std": 0.042029,
        "nauc_ndcg_at_1_diff1": 0.573027,
        "nauc_ndcg_at_3_max": 0.469866,
        "nauc_ndcg_at_3_std": 0.006368,
        "nauc_ndcg_at_3_diff1": 0.561988,
        "nauc_ndcg_at_5_max": 0.490304,
        "nauc_ndcg_at_5_std": 0.023132,
        "nauc_ndcg_at_5_diff1": 0.55958,
        "nauc_ndcg_at_10_max": 0.502243,
        "nauc_ndcg_at_10_std": 0.041298,
        "nauc_ndcg_at_10_diff1": 0.54925,
        "nauc_ndcg_at_20_max": 0.500998,
        "nauc_ndcg_at_20_std": 0.058716,
        "nauc_ndcg_at_20_diff1": 0.536447,
        "nauc_ndcg_at_100_max": 0.498443,
        "nauc_ndcg_at_100_std": 0.062788,
        "nauc_ndcg_at_100_diff1": 0.531133,
        "nauc_ndcg_at_1000_max": 0.492464,
        "nauc_ndcg_at_1000_std": 0.056627,
        "nauc_ndcg_at_1000_diff1": 0.532935,
        "nauc_map_at_1_max": 0.401199,
        "nauc_map_at_1_std": -0.029644,
        "nauc_map_at_1_diff1": 0.559781,
        "nauc_map_at_3_max": 0.445583,
        "nauc_map_at_3_std": -0.015449,
        "nauc_map_at_3_diff1": 0.559171,
        "nauc_map_at_5_max": 0.463901,
        "nauc_map_at_5_std": 0.003275,
        "nauc_map_at_5_diff1": 0.56151,
        "nauc_map_at_10_max": 0.47276,
        "nauc_map_at_10_std": 0.016079,
        "nauc_map_at_10_diff1": 0.556868,
        "nauc_map_at_20_max": 0.472828,
        "nauc_map_at_20_std": 0.02082,
        "nauc_map_at_20_diff1": 0.553993,
        "nauc_map_at_100_max": 0.472448,
        "nauc_map_at_100_std": 0.021602,
        "nauc_map_at_100_diff1": 0.552807,
        "nauc_map_at_1000_max": 0.472137,
        "nauc_map_at_1000_std": 0.021368,
        "nauc_map_at_1000_diff1": 0.552808,
        "nauc_recall_at_1_max": 0.401199,
        "nauc_recall_at_1_std": -0.029644,
        "nauc_recall_at_1_diff1": 0.559781,
        "nauc_recall_at_3_max": 0.475512,
        "nauc_recall_at_3_std": -0.013145,
        "nauc_recall_at_3_diff1": 0.551673,
        "nauc_recall_at_5_max": 0.527785,
        "nauc_recall_at_5_std": 0.027182,
        "nauc_recall_at_5_diff1": 0.546344,
        "nauc_recall_at_10_max": 0.555922,
        "nauc_recall_at_10_std": 0.070199,
        "nauc_recall_at_10_diff1": 0.509463,
        "nauc_recall_at_20_max": 0.553787,
        "nauc_recall_at_20_std": 0.159892,
        "nauc_recall_at_20_diff1": 0.436572,
        "nauc_recall_at_100_max": 0.586907,
        "nauc_recall_at_100_std": 0.287544,
        "nauc_recall_at_100_diff1": 0.320786,
        "nauc_recall_at_1000_max": 0.510356,
        "nauc_recall_at_1000_std": 0.492488,
        "nauc_recall_at_1000_diff1": -0.07406,
        "nauc_precision_at_1_max": 0.46053,
        "nauc_precision_at_1_std": 0.042029,
        "nauc_precision_at_1_diff1": 0.573027,
        "nauc_precision_at_3_max": 0.559111,
        "nauc_precision_at_3_std": 0.110166,
        "nauc_precision_at_3_diff1": 0.536927,
        "nauc_precision_at_5_max": 0.588408,
        "nauc_precision_at_5_std": 0.199718,
        "nauc_precision_at_5_diff1": 0.48083,
        "nauc_precision_at_10_max": 0.602636,
        "nauc_precision_at_10_std": 0.278205,
        "nauc_precision_at_10_diff1": 0.397058,
        "nauc_precision_at_20_max": 0.556789,
        "nauc_precision_at_20_std": 0.339228,
        "nauc_precision_at_20_diff1": 0.30266,
        "nauc_precision_at_100_max": 0.488055,
        "nauc_precision_at_100_std": 0.421581,
        "nauc_precision_at_100_diff1": 0.150634,
        "nauc_precision_at_1000_max": 0.384696,
        "nauc_precision_at_1000_std": 0.472208,
        "nauc_precision_at_1000_diff1": 0.001456,
        "nauc_mrr_at_1_max": 0.46053,
        "nauc_mrr_at_1_std": 0.042029,
        "nauc_mrr_at_1_diff1": 0.573027,
        "nauc_mrr_at_3_max": 0.487431,
        "nauc_mrr_at_3_std": 0.052739,
        "nauc_mrr_at_3_diff1": 0.560759,
        "nauc_mrr_at_5_max": 0.496023,
        "nauc_mrr_at_5_std": 0.055927,
        "nauc_mrr_at_5_diff1": 0.559374,
        "nauc_mrr_at_10_max": 0.499312,
        "nauc_mrr_at_10_std": 0.061233,
        "nauc_mrr_at_10_diff1": 0.556215,
        "nauc_mrr_at_20_max": 0.497908,
        "nauc_mrr_at_20_std": 0.065282,
        "nauc_mrr_at_20_diff1": 0.551887,
        "nauc_mrr_at_100_max": 0.496554,
        "nauc_mrr_at_100_std": 0.064758,
        "nauc_mrr_at_100_diff1": 0.551179,
        "nauc_mrr_at_1000_max": 0.496333,
        "nauc_mrr_at_1000_std": 0.064562,
        "nauc_mrr_at_1000_diff1": 0.551238,
        "main_score": 0.50295,
        "hf_subset": "default",
        "languages": [
          "eng-Latn"
        ]
      }
    ]
  },
  "evaluation_time": 100.07665276527405,
  "kg_co2_emissions": null
}