{
  "dataset_revision": "bb9466bac8153a0349341eb1b22e06409e78ef4e",
  "task_name": "TRECCOVID",
  "mteb_version": "1.34.8",
  "scores": {
    "test": [
      {
        "ndcg_at_1": 0.45,
        "ndcg_at_3": 0.4448,
        "ndcg_at_5": 0.42743,
        "ndcg_at_10": 0.39707,
        "ndcg_at_20": 0.37278,
        "ndcg_at_100": 0.28438,
        "ndcg_at_1000": 0.28203,
        "map_at_1": 0.0012,
        "map_at_3": 0.00321,
        "map_at_5": 0.00461,
        "map_at_10": 0.00732,
        "map_at_20": 0.01234,
        "map_at_100": 0.03702,
        "map_at_1000": 0.09102,
        "recall_at_1": 0.0012,
        "recall_at_3": 0.00362,
        "recall_at_5": 0.00568,
        "recall_at_10": 0.00985,
        "recall_at_20": 0.01834,
        "recall_at_100": 0.0672,
        "recall_at_1000": 0.27486,
        "precision_at_1": 0.48,
        "precision_at_3": 0.47333,
        "precision_at_5": 0.452,
        "precision_at_10": 0.418,
        "precision_at_20": 0.391,
        "precision_at_100": 0.2868,
        "precision_at_1000": 0.1278,
        "mrr_at_1": 0.48,
        "mrr_at_3": 0.59,
        "mrr_at_5": 0.618,
        "mrr_at_10": 0.628635,
        "mrr_at_20": 0.630173,
        "mrr_at_100": 0.631863,
        "mrr_at_1000": 0.631863,
        "nauc_ndcg_at_1_max": 0.524429,
        "nauc_ndcg_at_1_std": 0.42306,
        "nauc_ndcg_at_1_diff1": 0.323001,
        "nauc_ndcg_at_3_max": 0.461832,
        "nauc_ndcg_at_3_std": 0.417981,
        "nauc_ndcg_at_3_diff1": 0.191151,
        "nauc_ndcg_at_5_max": 0.44658,
        "nauc_ndcg_at_5_std": 0.447639,
        "nauc_ndcg_at_5_diff1": 0.119206,
        "nauc_ndcg_at_10_max": 0.419278,
        "nauc_ndcg_at_10_std": 0.51163,
        "nauc_ndcg_at_10_diff1": 0.061186,
        "nauc_ndcg_at_20_max": 0.39758,
        "nauc_ndcg_at_20_std": 0.557967,
        "nauc_ndcg_at_20_diff1": 0.056926,
        "nauc_ndcg_at_100_max": 0.379678,
        "nauc_ndcg_at_100_std": 0.635156,
        "nauc_ndcg_at_100_diff1": -0.019436,
        "nauc_ndcg_at_1000_max": 0.305399,
        "nauc_ndcg_at_1000_std": 0.571738,
        "nauc_ndcg_at_1000_diff1": -0.039918,
        "nauc_map_at_1_max": 0.327488,
        "nauc_map_at_1_std": 0.171911,
        "nauc_map_at_1_diff1": 0.206004,
        "nauc_map_at_3_max": 0.309125,
        "nauc_map_at_3_std": 0.162576,
        "nauc_map_at_3_diff1": 0.116135,
        "nauc_map_at_5_max": 0.333641,
        "nauc_map_at_5_std": 0.212391,
        "nauc_map_at_5_diff1": 0.076721,
        "nauc_map_at_10_max": 0.375286,
        "nauc_map_at_10_std": 0.354528,
        "nauc_map_at_10_diff1": 0.003334,
        "nauc_map_at_20_max": 0.406131,
        "nauc_map_at_20_std": 0.462848,
        "nauc_map_at_20_diff1": -0.016704,
        "nauc_map_at_100_max": 0.437873,
        "nauc_map_at_100_std": 0.615564,
        "nauc_map_at_100_diff1": -0.045486,
        "nauc_map_at_1000_max": 0.417366,
        "nauc_map_at_1000_std": 0.678828,
        "nauc_map_at_1000_diff1": -0.05129,
        "nauc_recall_at_1_max": 0.327488,
        "nauc_recall_at_1_std": 0.171911,
        "nauc_recall_at_1_diff1": 0.206004,
        "nauc_recall_at_3_max": 0.273247,
        "nauc_recall_at_3_std": 0.149126,
        "nauc_recall_at_3_diff1": 0.08966,
        "nauc_recall_at_5_max": 0.247782,
        "nauc_recall_at_5_std": 0.152616,
        "nauc_recall_at_5_diff1": 0.055221,
        "nauc_recall_at_10_max": 0.293217,
        "nauc_recall_at_10_std": 0.315821,
        "nauc_recall_at_10_diff1": -0.023954,
        "nauc_recall_at_20_max": 0.246248,
        "nauc_recall_at_20_std": 0.348977,
        "nauc_recall_at_20_diff1": 0.020839,
        "nauc_recall_at_100_max": 0.25705,
        "nauc_recall_at_100_std": 0.444419,
        "nauc_recall_at_100_diff1": -0.068626,
        "nauc_recall_at_1000_max": 0.241894,
        "nauc_recall_at_1000_std": 0.507725,
        "nauc_recall_at_1000_diff1": -0.092448,
        "nauc_precision_at_1_max": 0.526093,
        "nauc_precision_at_1_std": 0.461178,
        "nauc_precision_at_1_diff1": 0.340902,
        "nauc_precision_at_3_max": 0.437938,
        "nauc_precision_at_3_std": 0.446406,
        "nauc_precision_at_3_diff1": 0.133016,
        "nauc_precision_at_5_max": 0.419156,
        "nauc_precision_at_5_std": 0.468057,
        "nauc_precision_at_5_diff1": 0.024334,
        "nauc_precision_at_10_max": 0.378176,
        "nauc_precision_at_10_std": 0.548681,
        "nauc_precision_at_10_diff1": -0.037715,
        "nauc_precision_at_20_max": 0.36399,
        "nauc_precision_at_20_std": 0.593687,
        "nauc_precision_at_20_diff1": 8e-05,
        "nauc_precision_at_100_max": 0.36514,
        "nauc_precision_at_100_std": 0.655554,
        "nauc_precision_at_100_diff1": -0.055879,
        "nauc_precision_at_1000_max": 0.311648,
        "nauc_precision_at_1000_std": 0.608603,
        "nauc_precision_at_1000_diff1": -0.093258,
        "nauc_mrr_at_1_max": 0.526093,
        "nauc_mrr_at_1_std": 0.461178,
        "nauc_mrr_at_1_diff1": 0.340902,
        "nauc_mrr_at_3_max": 0.510196,
        "nauc_mrr_at_3_std": 0.507368,
        "nauc_mrr_at_3_diff1": 0.307704,
        "nauc_mrr_at_5_max": 0.519139,
        "nauc_mrr_at_5_std": 0.507419,
        "nauc_mrr_at_5_diff1": 0.325005,
        "nauc_mrr_at_10_max": 0.520283,
        "nauc_mrr_at_10_std": 0.514388,
        "nauc_mrr_at_10_diff1": 0.317175,
        "nauc_mrr_at_20_max": 0.518312,
        "nauc_mrr_at_20_std": 0.511645,
        "nauc_mrr_at_20_diff1": 0.322149,
        "nauc_mrr_at_100_max": 0.517654,
        "nauc_mrr_at_100_std": 0.510261,
        "nauc_mrr_at_100_diff1": 0.319925,
        "nauc_mrr_at_1000_max": 0.517654,
        "nauc_mrr_at_1000_std": 0.510261,
        "nauc_mrr_at_1000_diff1": 0.319925,
        "main_score": 0.39707,
        "hf_subset": "default",
        "languages": [
          "eng-Latn"
        ]
      }
    ]
  },
  "evaluation_time": 2498.8682248592377,
  "kg_co2_emissions": null
}