{"all-mpnet-base-v2": {"10": {"Dense": {"False": 0.43823529411764706, "True": 0.42058823529411765}}}}