{
    "all-mpnet-base-v2": {
        "1": {
            "None": {
                "False": 0.5617647058823529,
                "True": 0.5617647058823529
            },
            "keyword": {
                "False": 0.5911764705882353,
                "True": 0.6294117647058823
            },
            "keyphrase": {
                "False": 0.5852941176470589,
                "True": 0.6235294117647059
            },
            "summary": {
                "False": 0.6617647058823529,
                "True": 0.6735294117647059
            }
        },
        "10": {
            "None": {
                "False": 0.4235294117647059,
                "True": 0.4235294117647059
            },
            "keyword": {
                "False": 0.4970588235294118,
                "True": 0.4264705882352941
            },
            "keyphrase": {
                "False": 0.5058823529411764,
                "True": 0.47352941176470587
            },
            "summary": {
                "False": 0.5117647058823529,
                "True": 0.538235294117647
            }
        }
    },
    "sentence-t5-xl": {
        "1": {
            "None": {
                "False": 0.7264705882352941,
                "True": 0.7264705882352941
            },
            "keyword": {
                "False": 0.7617647058823529,
                "True": 0.6558823529411765
            },
            "keyphrase": {
                "False": 0.8058823529411765,
                "True": 0.711764705882353
            },
            "summary": {
                "False": 0.7823529411764706,
                "True": 0.7794117647058824
            }
        },
        "10": {
            "None": {
                "False": 0.5441176470588235,
                "True": 0.5441176470588235
            },
            "keyword": {
                "False": 0.5558823529411765,
                "True": 0.5029411764705882
            },
            "keyphrase": {
                "False": 0.5352941176470588,
                "True": 0.5029411764705882
            },
            "summary": {
                "False": 0.5323529411764706,
                "True": 0.5647058823529412
            }
        }
    },
    "all-MiniLM-L12-v1": {
        "1": {
            "None": {
                "False": 0.5117647058823529,
                "True": 0.5117647058823529
            },
            "keyword": {
                "False": 0.6264705882352941,
                "True": 0.6088235294117647
            },
            "keyphrase": {
                "False": 0.6176470588235294,
                "True": 0.6705882352941176
            },
            "summary": {
                "False": 0.6235294117647059,
                "True": 0.6588235294117647
            }
        },
        "10": {
            "None": {
                "False": 0.4,
                "True": 0.4
            },
            "keyword": {
                "False": 0.45588235294117646,
                "True": 0.4411764705882353
            },
            "keyphrase": {
                "False": 0.45294117647058824,
                "True": 0.4588235294117647
            },
            "summary": {
                "False": 0.4411764705882353,
                "True": 0.5117647058823529
            }
        }
    },
    "paraphrase-MiniLM-L12-v2": {
        "1": {
            "None": {
                "False": 0.5735294117647058,
                "True": 0.5735294117647058
            },
            "keyword": {
                "False": 0.6294117647058823,
                "True": 0.611764705882353
            },
            "keyphrase": {
                "False": 0.6264705882352941,
                "True": 0.6323529411764706
            },
            "summary": {
                "False": 0.638235294117647,
                "True": 0.6676470588235294
            }
        },
        "10": {
            "None": {
                "False": 0.38823529411764707,
                "True": 0.38823529411764707
            },
            "keyword": {
                "False": 0.43529411764705883,
                "True": 0.43529411764705883
            },
            "keyphrase": {
                "False": 0.4294117647058823,
                "True": 0.43823529411764706
            },
            "summary": {
                "False": 0.4235294117647059,
                "True": 0.538235294117647
            }
        }
    },
    "promptriever": {
        "1": {
            "None": {
                "False": 0.7029411764705882,
                "True": 0.7029411764705882
            },
            "keyword": {
                "False": 0.711764705882353,
                "True": 0.5617647058823529
            },
            "keyphrase": {
                "False": 0.7588235294117647,
                "True": 0.6852941176470588
            },
            "summary": {
                "False": 0.7911764705882353,
                "True": 0.7529411764705882
            }
        },
        "10": {
            "None": {
                "False": 0.5970588235294118,
                "True": 0.5970588235294118
            },
            "keyword": {
                "False": 0.611764705882353,
                "True": 0.4117647058823529
            },
            "keyphrase": {
                "False": 0.6,
                "True": 0.4676470588235294
            },
            "summary": {
                "False": 0.6029411764705882,
                "True": 0.55
            }
        }
    }
}