Model,FS_Summary,query + summary,summary
all-MiniLM-L12-v1,Dense,0.4411764705882353,0.46176470588235297
all-mpnet-base-v2,Dense,0.43823529411764706,0.42058823529411765
paraphrase-MiniLM-L12-v2,Dense,0.42058823529411765,0.40588235294117647
promptriever,Dense,0.5941176470588235,0.5117647058823529
sentence-t5-xl,Dense,0.55,0.5147058823529411
