{"all-mpnet-base-v2": {"10": {"Dense": {"False": 0.43823529411764706, "True": 0.42058823529411765}}}, "sentence-t5-xl": {"10": {"Dense": {"False": 0.55, "True": 0.5147058823529411}}}, "all-MiniLM-L12-v1": {"10": {"Dense": {"False": 0.4411764705882353, "True": 0.46176470588235297}}}, "paraphrase-MiniLM-L12-v2": {"10": {"Dense": {"False": 0.42058823529411765, "True": 0.40588235294117647}}}, "promptriever": {"10": {"Dense": {"False": 0.5941176470588235, "True": 0.5117647058823529}}}}