{"all-mpnet-base-v2": {"10": {"Dense": {"False": 0.43823529411764706, "True": 0.42058823529411765}}}, "sentence-t5-xl": {"10": {"Dense": {"False": 0.55, "True": 0.5147058823529411}}}}