{
  "dataset_revision": "4adc7bc41202b5c13543c9c886a25f340634dab3",
  "task_name": "COIRCodeSearchNetRetrieval",
  "mteb_version": "1.34.8",
  "scores": {
    "test": [
      {
        "ndcg_at_1": 0.72999,
        "ndcg_at_3": 0.7863,
        "ndcg_at_5": 0.79808,
        "ndcg_at_10": 0.80883,
        "ndcg_at_20": 0.81537,
        "ndcg_at_100": 0.82329,
        "ndcg_at_1000": 0.82721,
        "map_at_1": 0.72999,
        "map_at_3": 0.77281,
        "map_at_5": 0.77936,
        "map_at_10": 0.78386,
        "map_at_20": 0.78566,
        "map_at_100": 0.78675,
        "map_at_1000": 0.78689,
        "recall_at_1": 0.72999,
        "recall_at_3": 0.82518,
        "recall_at_5": 0.85373,
        "recall_at_10": 0.88665,
        "recall_at_20": 0.91245,
        "recall_at_100": 0.95522,
        "recall_at_1000": 0.98626,
        "precision_at_1": 0.72999,
        "precision_at_3": 0.27506,
        "precision_at_5": 0.17075,
        "precision_at_10": 0.08866,
        "precision_at_20": 0.04562,
        "precision_at_100": 0.00955,
        "precision_at_1000": 0.00099,
        "mrr_at_1": 0.729924,
        "mrr_at_3": 0.77278,
        "mrr_at_5": 0.779329,
        "mrr_at_10": 0.783824,
        "mrr_at_20": 0.785625,
        "mrr_at_100": 0.786716,
        "mrr_at_1000": 0.78686,
        "nauc_ndcg_at_1_max": 0.743245,
        "nauc_ndcg_at_1_std": 0.058254,
        "nauc_ndcg_at_1_diff1": 0.846462,
        "nauc_ndcg_at_3_max": 0.761184,
        "nauc_ndcg_at_3_std": 0.073986,
        "nauc_ndcg_at_3_diff1": 0.820663,
        "nauc_ndcg_at_5_max": 0.761834,
        "nauc_ndcg_at_5_std": 0.080619,
        "nauc_ndcg_at_5_diff1": 0.820373,
        "nauc_ndcg_at_10_max": 0.759157,
        "nauc_ndcg_at_10_std": 0.08481,
        "nauc_ndcg_at_10_diff1": 0.817735,
        "nauc_ndcg_at_20_max": 0.758797,
        "nauc_ndcg_at_20_std": 0.089534,
        "nauc_ndcg_at_20_diff1": 0.818241,
        "nauc_ndcg_at_100_max": 0.759101,
        "nauc_ndcg_at_100_std": 0.089616,
        "nauc_ndcg_at_100_diff1": 0.820349,
        "nauc_ndcg_at_1000_max": 0.758668,
        "nauc_ndcg_at_1000_std": 0.086584,
        "nauc_ndcg_at_1000_diff1": 0.821894,
        "nauc_map_at_1_max": 0.743245,
        "nauc_map_at_1_std": 0.058254,
        "nauc_map_at_1_diff1": 0.846462,
        "nauc_map_at_3_max": 0.756497,
        "nauc_map_at_3_std": 0.06931,
        "nauc_map_at_3_diff1": 0.827071,
        "nauc_map_at_5_max": 0.756769,
        "nauc_map_at_5_std": 0.072644,
        "nauc_map_at_5_diff1": 0.827151,
        "nauc_map_at_10_max": 0.755706,
        "nauc_map_at_10_std": 0.074237,
        "nauc_map_at_10_diff1": 0.82628,
        "nauc_map_at_20_max": 0.75554,
        "nauc_map_at_20_std": 0.075253,
        "nauc_map_at_20_diff1": 0.826434,
        "nauc_map_at_100_max": 0.755577,
        "nauc_map_at_100_std": 0.075236,
        "nauc_map_at_100_diff1": 0.826744,
        "nauc_map_at_1000_max": 0.755564,
        "nauc_map_at_1000_std": 0.075157,
        "nauc_map_at_1000_diff1": 0.826797,
        "nauc_recall_at_1_max": 0.743245,
        "nauc_recall_at_1_std": 0.058254,
        "nauc_recall_at_1_diff1": 0.846462,
        "nauc_recall_at_3_max": 0.777848,
        "nauc_recall_at_3_std": 0.090919,
        "nauc_recall_at_3_diff1": 0.798061,
        "nauc_recall_at_5_max": 0.782456,
        "nauc_recall_at_5_std": 0.114772,
        "nauc_recall_at_5_diff1": 0.79286,
        "nauc_recall_at_10_max": 0.774481,
        "nauc_recall_at_10_std": 0.142077,
        "nauc_recall_at_10_diff1": 0.773264,
        "nauc_recall_at_20_max": 0.776772,
        "nauc_recall_at_20_std": 0.194327,
        "nauc_recall_at_20_diff1": 0.765577,
        "nauc_recall_at_100_max": 0.798926,
        "nauc_recall_at_100_std": 0.292778,
        "nauc_recall_at_100_diff1": 0.755293,
        "nauc_recall_at_1000_max": 0.848176,
        "nauc_recall_at_1000_std": 0.460207,
        "nauc_recall_at_1000_diff1": 0.746657,
        "nauc_precision_at_1_max": 0.743245,
        "nauc_precision_at_1_std": 0.058254,
        "nauc_precision_at_1_diff1": 0.846462,
        "nauc_precision_at_3_max": 0.777848,
        "nauc_precision_at_3_std": 0.090919,
        "nauc_precision_at_3_diff1": 0.798061,
        "nauc_precision_at_5_max": 0.782456,
        "nauc_precision_at_5_std": 0.114772,
        "nauc_precision_at_5_diff1": 0.79286,
        "nauc_precision_at_10_max": 0.774481,
        "nauc_precision_at_10_std": 0.142077,
        "nauc_precision_at_10_diff1": 0.773264,
        "nauc_precision_at_20_max": 0.776772,
        "nauc_precision_at_20_std": 0.194327,
        "nauc_precision_at_20_diff1": 0.765577,
        "nauc_precision_at_100_max": 0.798926,
        "nauc_precision_at_100_std": 0.292778,
        "nauc_precision_at_100_diff1": 0.755293,
        "nauc_precision_at_1000_max": 0.848176,
        "nauc_precision_at_1000_std": 0.460207,
        "nauc_precision_at_1000_diff1": 0.746657,
        "nauc_mrr_at_1_max": 0.74289,
        "nauc_mrr_at_1_std": 0.057752,
        "nauc_mrr_at_1_diff1": 0.846571,
        "nauc_mrr_at_3_max": 0.75629,
        "nauc_mrr_at_3_std": 0.069018,
        "nauc_mrr_at_3_diff1": 0.827137,
        "nauc_mrr_at_5_max": 0.756556,
        "nauc_mrr_at_5_std": 0.072343,
        "nauc_mrr_at_5_diff1": 0.827219,
        "nauc_mrr_at_10_max": 0.755489,
        "nauc_mrr_at_10_std": 0.07393,
        "nauc_mrr_at_10_diff1": 0.826349,
        "nauc_mrr_at_20_max": 0.755321,
        "nauc_mrr_at_20_std": 0.074941,
        "nauc_mrr_at_20_diff1": 0.826504,
        "nauc_mrr_at_100_max": 0.755357,
        "nauc_mrr_at_100_std": 0.074922,
        "nauc_mrr_at_100_diff1": 0.826814,
        "nauc_mrr_at_1000_max": 0.755343,
        "nauc_mrr_at_1000_std": 0.074843,
        "nauc_mrr_at_1000_diff1": 0.826867,
        "main_score": 0.80883,
        "hf_subset": "python",
        "languages": [
          "python-Code"
        ]
      }
    ]
  },
  "evaluation_time": 308.8252058029175,
  "kg_co2_emissions": null
}