{
  "dataset_revision": "27a168819829fe9bcd655c2df245fb19452e8e06",
  "task_name": "FiQA2018",
  "mteb_version": "1.34.8",
  "scores": {
    "test": [
      {
        "ndcg_at_1": 0.45679,
        "ndcg_at_3": 0.43077,
        "ndcg_at_5": 0.44612,
        "ndcg_at_10": 0.47424,
        "ndcg_at_20": 0.50243,
        "ndcg_at_100": 0.54332,
        "ndcg_at_1000": 0.56658,
        "map_at_1": 0.23069,
        "map_at_3": 0.33944,
        "map_at_5": 0.36763,
        "map_at_10": 0.38997,
        "map_at_20": 0.40215,
        "map_at_100": 0.41093,
        "map_at_1000": 0.4125,
        "recall_at_1": 0.23069,
        "recall_at_3": 0.39162,
        "recall_at_5": 0.46265,
        "recall_at_10": 0.55185,
        "recall_at_20": 0.63804,
        "recall_at_100": 0.80303,
        "recall_at_1000": 0.94005,
        "precision_at_1": 0.45679,
        "precision_at_3": 0.28755,
        "precision_at_5": 0.21358,
        "precision_at_10": 0.13256,
        "precision_at_20": 0.07832,
        "precision_at_100": 0.02042,
        "precision_at_1000": 0.00247,
        "mrr_at_1": 0.45679,
        "mrr_at_3": 0.525463,
        "mrr_at_5": 0.54213,
        "mrr_at_10": 0.552643,
        "mrr_at_20": 0.556967,
        "mrr_at_100": 0.559788,
        "mrr_at_1000": 0.560017,
        "nauc_ndcg_at_1_max": 0.442918,
        "nauc_ndcg_at_1_std": -0.038937,
        "nauc_ndcg_at_1_diff1": 0.545436,
        "nauc_ndcg_at_3_max": 0.377275,
        "nauc_ndcg_at_3_std": -0.063474,
        "nauc_ndcg_at_3_diff1": 0.441347,
        "nauc_ndcg_at_5_max": 0.380973,
        "nauc_ndcg_at_5_std": -0.070018,
        "nauc_ndcg_at_5_diff1": 0.454397,
        "nauc_ndcg_at_10_max": 0.374967,
        "nauc_ndcg_at_10_std": -0.054491,
        "nauc_ndcg_at_10_diff1": 0.458138,
        "nauc_ndcg_at_20_max": 0.385425,
        "nauc_ndcg_at_20_std": -0.032949,
        "nauc_ndcg_at_20_diff1": 0.457009,
        "nauc_ndcg_at_100_max": 0.402408,
        "nauc_ndcg_at_100_std": -0.013323,
        "nauc_ndcg_at_100_diff1": 0.457234,
        "nauc_ndcg_at_1000_max": 0.405801,
        "nauc_ndcg_at_1000_std": -0.016437,
        "nauc_ndcg_at_1000_diff1": 0.459054,
        "nauc_map_at_1_max": 0.235912,
        "nauc_map_at_1_std": -0.081098,
        "nauc_map_at_1_diff1": 0.492826,
        "nauc_map_at_3_max": 0.294508,
        "nauc_map_at_3_std": -0.080276,
        "nauc_map_at_3_diff1": 0.454632,
        "nauc_map_at_5_max": 0.329616,
        "nauc_map_at_5_std": -0.081597,
        "nauc_map_at_5_diff1": 0.455201,
        "nauc_map_at_10_max": 0.34001,
        "nauc_map_at_10_std": -0.072165,
        "nauc_map_at_10_diff1": 0.446337,
        "nauc_map_at_20_max": 0.348608,
        "nauc_map_at_20_std": -0.063587,
        "nauc_map_at_20_diff1": 0.444799,
        "nauc_map_at_100_max": 0.35403,
        "nauc_map_at_100_std": -0.058745,
        "nauc_map_at_100_diff1": 0.445872,
        "nauc_map_at_1000_max": 0.354664,
        "nauc_map_at_1000_std": -0.058653,
        "nauc_map_at_1000_diff1": 0.445776,
        "nauc_recall_at_1_max": 0.235912,
        "nauc_recall_at_1_std": -0.081098,
        "nauc_recall_at_1_diff1": 0.492826,
        "nauc_recall_at_3_max": 0.262633,
        "nauc_recall_at_3_std": -0.076504,
        "nauc_recall_at_3_diff1": 0.405417,
        "nauc_recall_at_5_max": 0.298312,
        "nauc_recall_at_5_std": -0.080132,
        "nauc_recall_at_5_diff1": 0.390111,
        "nauc_recall_at_10_max": 0.303006,
        "nauc_recall_at_10_std": -0.04841,
        "nauc_recall_at_10_diff1": 0.370983,
        "nauc_recall_at_20_max": 0.309516,
        "nauc_recall_at_20_std": 0.016941,
        "nauc_recall_at_20_diff1": 0.348276,
        "nauc_recall_at_100_max": 0.337287,
        "nauc_recall_at_100_std": 0.138654,
        "nauc_recall_at_100_diff1": 0.313274,
        "nauc_recall_at_1000_max": 0.319252,
        "nauc_recall_at_1000_std": 0.259377,
        "nauc_recall_at_1000_diff1": 0.287857,
        "nauc_precision_at_1_max": 0.442918,
        "nauc_precision_at_1_std": -0.038937,
        "nauc_precision_at_1_diff1": 0.545436,
        "nauc_precision_at_3_max": 0.400399,
        "nauc_precision_at_3_std": -0.018644,
        "nauc_precision_at_3_diff1": 0.278914,
        "nauc_precision_at_5_max": 0.423216,
        "nauc_precision_at_5_std": -0.006335,
        "nauc_precision_at_5_diff1": 0.223357,
        "nauc_precision_at_10_max": 0.396471,
        "nauc_precision_at_10_std": 0.041213,
        "nauc_precision_at_10_diff1": 0.144074,
        "nauc_precision_at_20_max": 0.377333,
        "nauc_precision_at_20_std": 0.097593,
        "nauc_precision_at_20_diff1": 0.090297,
        "nauc_precision_at_100_max": 0.349772,
        "nauc_precision_at_100_std": 0.152943,
        "nauc_precision_at_100_diff1": -0.010483,
        "nauc_precision_at_1000_max": 0.273401,
        "nauc_precision_at_1000_std": 0.132093,
        "nauc_precision_at_1000_diff1": -0.077669,
        "nauc_mrr_at_1_max": 0.442918,
        "nauc_mrr_at_1_std": -0.038937,
        "nauc_mrr_at_1_diff1": 0.545436,
        "nauc_mrr_at_3_max": 0.450945,
        "nauc_mrr_at_3_std": -0.037735,
        "nauc_mrr_at_3_diff1": 0.530707,
        "nauc_mrr_at_5_max": 0.456197,
        "nauc_mrr_at_5_std": -0.031467,
        "nauc_mrr_at_5_diff1": 0.526054,
        "nauc_mrr_at_10_max": 0.455447,
        "nauc_mrr_at_10_std": -0.026588,
        "nauc_mrr_at_10_diff1": 0.526243,
        "nauc_mrr_at_20_max": 0.454335,
        "nauc_mrr_at_20_std": -0.024588,
        "nauc_mrr_at_20_diff1": 0.526339,
        "nauc_mrr_at_100_max": 0.454973,
        "nauc_mrr_at_100_std": -0.02383,
        "nauc_mrr_at_100_diff1": 0.526066,
        "nauc_mrr_at_1000_max": 0.454971,
        "nauc_mrr_at_1000_std": -0.023859,
        "nauc_mrr_at_1000_diff1": 0.526295,
        "main_score": 0.47424,
        "hf_subset": "default",
        "languages": [
          "eng-Latn"
        ]
      }
    ]
  },
  "evaluation_time": 108.59335255622864,
  "kg_co2_emissions": null
}