{
  "dataset_revision": "ec0fa4fe99da2ff19ca1214b7966684033a58814",
  "task_name": "NFCorpus",
  "mteb_version": "1.34.8",
  "scores": {
    "test": [
      {
        "ndcg_at_1": 0.43344,
        "ndcg_at_3": 0.37627,
        "ndcg_at_5": 0.3496,
        "ndcg_at_10": 0.32112,
        "ndcg_at_20": 0.29711,
        "ndcg_at_100": 0.29176,
        "ndcg_at_1000": 0.38104,
        "map_at_1": 0.05338,
        "map_at_3": 0.08349,
        "map_at_5": 0.09518,
        "map_at_10": 0.11328,
        "map_at_20": 0.12522,
        "map_at_100": 0.14187,
        "map_at_1000": 0.1552,
        "recall_at_1": 0.05338,
        "recall_at_3": 0.09248,
        "recall_at_5": 0.11138,
        "recall_at_10": 0.15378,
        "recall_at_20": 0.18792,
        "recall_at_100": 0.30064,
        "recall_at_1000": 0.62229,
        "precision_at_1": 0.44892,
        "precision_at_3": 0.34985,
        "precision_at_5": 0.30093,
        "precision_at_10": 0.23746,
        "precision_at_20": 0.17245,
        "precision_at_100": 0.07418,
        "precision_at_1000": 0.02008,
        "mrr_at_1": 0.455108,
        "mrr_at_3": 0.511868,
        "mrr_at_5": 0.523478,
        "mrr_at_10": 0.533391,
        "mrr_at_20": 0.536068,
        "mrr_at_100": 0.539348,
        "mrr_at_1000": 0.539821,
        "nauc_ndcg_at_1_max": 0.430602,
        "nauc_ndcg_at_1_std": 0.215376,
        "nauc_ndcg_at_1_diff1": 0.334707,
        "nauc_ndcg_at_3_max": 0.421615,
        "nauc_ndcg_at_3_std": 0.230214,
        "nauc_ndcg_at_3_diff1": 0.225782,
        "nauc_ndcg_at_5_max": 0.434626,
        "nauc_ndcg_at_5_std": 0.243515,
        "nauc_ndcg_at_5_diff1": 0.205785,
        "nauc_ndcg_at_10_max": 0.435909,
        "nauc_ndcg_at_10_std": 0.274592,
        "nauc_ndcg_at_10_diff1": 0.20573,
        "nauc_ndcg_at_20_max": 0.432577,
        "nauc_ndcg_at_20_std": 0.290319,
        "nauc_ndcg_at_20_diff1": 0.21225,
        "nauc_ndcg_at_100_max": 0.443891,
        "nauc_ndcg_at_100_std": 0.300879,
        "nauc_ndcg_at_100_diff1": 0.246381,
        "nauc_ndcg_at_1000_max": 0.493527,
        "nauc_ndcg_at_1000_std": 0.347852,
        "nauc_ndcg_at_1000_diff1": 0.245,
        "nauc_map_at_1_max": 0.169081,
        "nauc_map_at_1_std": -0.160829,
        "nauc_map_at_1_diff1": 0.450227,
        "nauc_map_at_3_max": 0.214214,
        "nauc_map_at_3_std": -0.088718,
        "nauc_map_at_3_diff1": 0.375597,
        "nauc_map_at_5_max": 0.245815,
        "nauc_map_at_5_std": -0.057804,
        "nauc_map_at_5_diff1": 0.329984,
        "nauc_map_at_10_max": 0.282357,
        "nauc_map_at_10_std": -0.00628,
        "nauc_map_at_10_diff1": 0.293331,
        "nauc_map_at_20_max": 0.309942,
        "nauc_map_at_20_std": 0.045306,
        "nauc_map_at_20_diff1": 0.276654,
        "nauc_map_at_100_max": 0.336978,
        "nauc_map_at_100_std": 0.114349,
        "nauc_map_at_100_diff1": 0.265523,
        "nauc_map_at_1000_max": 0.350254,
        "nauc_map_at_1000_std": 0.158813,
        "nauc_map_at_1000_diff1": 0.254254,
        "nauc_recall_at_1_max": 0.169081,
        "nauc_recall_at_1_std": -0.160829,
        "nauc_recall_at_1_diff1": 0.450227,
        "nauc_recall_at_3_max": 0.20473,
        "nauc_recall_at_3_std": -0.084752,
        "nauc_recall_at_3_diff1": 0.341109,
        "nauc_recall_at_5_max": 0.226241,
        "nauc_recall_at_5_std": -0.058352,
        "nauc_recall_at_5_diff1": 0.282624,
        "nauc_recall_at_10_max": 0.248732,
        "nauc_recall_at_10_std": -0.014867,
        "nauc_recall_at_10_diff1": 0.22457,
        "nauc_recall_at_20_max": 0.282854,
        "nauc_recall_at_20_std": 0.0624,
        "nauc_recall_at_20_diff1": 0.204079,
        "nauc_recall_at_100_max": 0.235088,
        "nauc_recall_at_100_std": 0.132772,
        "nauc_recall_at_100_diff1": 0.1723,
        "nauc_recall_at_1000_max": 0.187869,
        "nauc_recall_at_1000_std": 0.187521,
        "nauc_recall_at_1000_diff1": 0.085286,
        "nauc_precision_at_1_max": 0.450388,
        "nauc_precision_at_1_std": 0.200625,
        "nauc_precision_at_1_diff1": 0.3463,
        "nauc_precision_at_3_max": 0.429405,
        "nauc_precision_at_3_std": 0.274307,
        "nauc_precision_at_3_diff1": 0.124014,
        "nauc_precision_at_5_max": 0.439602,
        "nauc_precision_at_5_std": 0.324707,
        "nauc_precision_at_5_diff1": 0.06892,
        "nauc_precision_at_10_max": 0.426115,
        "nauc_precision_at_10_std": 0.419743,
        "nauc_precision_at_10_diff1": 0.030798,
        "nauc_precision_at_20_max": 0.383115,
        "nauc_precision_at_20_std": 0.477119,
        "nauc_precision_at_20_diff1": 0.004509,
        "nauc_precision_at_100_max": 0.273779,
        "nauc_precision_at_100_std": 0.552343,
        "nauc_precision_at_100_diff1": -0.045634,
        "nauc_precision_at_1000_max": 0.1557,
        "nauc_precision_at_1000_std": 0.491257,
        "nauc_precision_at_1000_diff1": -0.101011,
        "nauc_mrr_at_1_max": 0.457747,
        "nauc_mrr_at_1_std": 0.196877,
        "nauc_mrr_at_1_diff1": 0.329652,
        "nauc_mrr_at_3_max": 0.501313,
        "nauc_mrr_at_3_std": 0.253019,
        "nauc_mrr_at_3_diff1": 0.322177,
        "nauc_mrr_at_5_max": 0.507842,
        "nauc_mrr_at_5_std": 0.260101,
        "nauc_mrr_at_5_diff1": 0.323127,
        "nauc_mrr_at_10_max": 0.518687,
        "nauc_mrr_at_10_std": 0.273866,
        "nauc_mrr_at_10_diff1": 0.326067,
        "nauc_mrr_at_20_max": 0.519424,
        "nauc_mrr_at_20_std": 0.276327,
        "nauc_mrr_at_20_diff1": 0.325193,
        "nauc_mrr_at_100_max": 0.517652,
        "nauc_mrr_at_100_std": 0.274686,
        "nauc_mrr_at_100_diff1": 0.325913,
        "nauc_mrr_at_1000_max": 0.517438,
        "nauc_mrr_at_1000_std": 0.2743,
        "nauc_mrr_at_1000_diff1": 0.325738,
        "main_score": 0.32112,
        "hf_subset": "default",
        "languages": [
          "eng-Latn"
        ]
      }
    ]
  },
  "evaluation_time": 14.613279819488525,
  "kg_co2_emissions": null
}