{
  "dataset_revision": "0228b52cf27578f30900b9e5271d331663a030d7",
  "task_name": "SciFact",
  "mteb_version": "1.34.8",
  "scores": {
    "test": [
      {
        "ndcg_at_1": 0.47,
        "ndcg_at_3": 0.54771,
        "ndcg_at_5": 0.56769,
        "ndcg_at_10": 0.59975,
        "ndcg_at_20": 0.61778,
        "ndcg_at_100": 0.63443,
        "ndcg_at_1000": 0.64555,
        "map_at_1": 0.4475,
        "map_at_3": 0.51963,
        "map_at_5": 0.53349,
        "map_at_10": 0.54794,
        "map_at_20": 0.55341,
        "map_at_100": 0.5561,
        "map_at_1000": 0.5566,
        "recall_at_1": 0.4475,
        "recall_at_3": 0.60061,
        "recall_at_5": 0.65067,
        "recall_at_10": 0.74439,
        "recall_at_20": 0.81356,
        "recall_at_100": 0.9,
        "recall_at_1000": 0.98333,
        "precision_at_1": 0.47,
        "precision_at_3": 0.21889,
        "precision_at_5": 0.14533,
        "precision_at_10": 0.08433,
        "precision_at_20": 0.046,
        "precision_at_100": 0.01027,
        "precision_at_1000": 0.00111,
        "mrr_at_1": 0.47,
        "mrr_at_3": 0.539444,
        "mrr_at_5": 0.550111,
        "mrr_at_10": 0.562504,
        "mrr_at_20": 0.56693,
        "mrr_at_100": 0.568706,
        "mrr_at_1000": 0.569174,
        "nauc_ndcg_at_1_max": 0.547876,
        "nauc_ndcg_at_1_std": 0.033518,
        "nauc_ndcg_at_1_diff1": 0.688094,
        "nauc_ndcg_at_3_max": 0.544794,
        "nauc_ndcg_at_3_std": 0.029771,
        "nauc_ndcg_at_3_diff1": 0.624102,
        "nauc_ndcg_at_5_max": 0.551048,
        "nauc_ndcg_at_5_std": 0.041218,
        "nauc_ndcg_at_5_diff1": 0.622435,
        "nauc_ndcg_at_10_max": 0.560955,
        "nauc_ndcg_at_10_std": 0.076769,
        "nauc_ndcg_at_10_diff1": 0.603441,
        "nauc_ndcg_at_20_max": 0.569494,
        "nauc_ndcg_at_20_std": 0.098576,
        "nauc_ndcg_at_20_diff1": 0.602179,
        "nauc_ndcg_at_100_max": 0.571051,
        "nauc_ndcg_at_100_std": 0.094194,
        "nauc_ndcg_at_100_diff1": 0.612418,
        "nauc_ndcg_at_1000_max": 0.566137,
        "nauc_ndcg_at_1000_std": 0.083729,
        "nauc_ndcg_at_1000_diff1": 0.612907,
        "nauc_map_at_1_max": 0.506331,
        "nauc_map_at_1_std": -0.028827,
        "nauc_map_at_1_diff1": 0.688576,
        "nauc_map_at_3_max": 0.530477,
        "nauc_map_at_3_std": 0.006883,
        "nauc_map_at_3_diff1": 0.638245,
        "nauc_map_at_5_max": 0.539706,
        "nauc_map_at_5_std": 0.019944,
        "nauc_map_at_5_diff1": 0.636402,
        "nauc_map_at_10_max": 0.547012,
        "nauc_map_at_10_std": 0.038929,
        "nauc_map_at_10_diff1": 0.628794,
        "nauc_map_at_20_max": 0.549356,
        "nauc_map_at_20_std": 0.045311,
        "nauc_map_at_20_diff1": 0.62845,
        "nauc_map_at_100_max": 0.550127,
        "nauc_map_at_100_std": 0.046506,
        "nauc_map_at_100_diff1": 0.629068,
        "nauc_map_at_1000_max": 0.549904,
        "nauc_map_at_1000_std": 0.046091,
        "nauc_map_at_1000_diff1": 0.629051,
        "nauc_recall_at_1_max": 0.506331,
        "nauc_recall_at_1_std": -0.028827,
        "nauc_recall_at_1_diff1": 0.688576,
        "nauc_recall_at_3_max": 0.520405,
        "nauc_recall_at_3_std": 0.013543,
        "nauc_recall_at_3_diff1": 0.574826,
        "nauc_recall_at_5_max": 0.547154,
        "nauc_recall_at_5_std": 0.059174,
        "nauc_recall_at_5_diff1": 0.565698,
        "nauc_recall_at_10_max": 0.567579,
        "nauc_recall_at_10_std": 0.174568,
        "nauc_recall_at_10_diff1": 0.476883,
        "nauc_recall_at_20_max": 0.622062,
        "nauc_recall_at_20_std": 0.331803,
        "nauc_recall_at_20_diff1": 0.433462,
        "nauc_recall_at_100_max": 0.702066,
        "nauc_recall_at_100_std": 0.3835,
        "nauc_recall_at_100_diff1": 0.524212,
        "nauc_recall_at_1000_max": 0.79972,
        "nauc_recall_at_1000_std": 0.548553,
        "nauc_recall_at_1000_diff1": 0.213539,
        "nauc_precision_at_1_max": 0.547876,
        "nauc_precision_at_1_std": 0.033518,
        "nauc_precision_at_1_diff1": 0.688094,
        "nauc_precision_at_3_max": 0.566668,
        "nauc_precision_at_3_std": 0.147966,
        "nauc_precision_at_3_diff1": 0.471181,
        "nauc_precision_at_5_max": 0.546143,
        "nauc_precision_at_5_std": 0.207466,
        "nauc_precision_at_5_diff1": 0.381477,
        "nauc_precision_at_10_max": 0.519893,
        "nauc_precision_at_10_std": 0.351299,
        "nauc_precision_at_10_diff1": 0.22159,
        "nauc_precision_at_20_max": 0.508994,
        "nauc_precision_at_20_std": 0.455807,
        "nauc_precision_at_20_diff1": 0.135557,
        "nauc_precision_at_100_max": 0.41006,
        "nauc_precision_at_100_std": 0.460211,
        "nauc_precision_at_100_diff1": 0.034297,
        "nauc_precision_at_1000_max": 0.282213,
        "nauc_precision_at_1000_std": 0.471316,
        "nauc_precision_at_1000_diff1": -0.166087,
        "nauc_mrr_at_1_max": 0.547876,
        "nauc_mrr_at_1_std": 0.033518,
        "nauc_mrr_at_1_diff1": 0.688094,
        "nauc_mrr_at_3_max": 0.559482,
        "nauc_mrr_at_3_std": 0.059238,
        "nauc_mrr_at_3_diff1": 0.641133,
        "nauc_mrr_at_5_max": 0.564522,
        "nauc_mrr_at_5_std": 0.065246,
        "nauc_mrr_at_5_diff1": 0.639654,
        "nauc_mrr_at_10_max": 0.565644,
        "nauc_mrr_at_10_std": 0.075957,
        "nauc_mrr_at_10_diff1": 0.63319,
        "nauc_mrr_at_20_max": 0.566423,
        "nauc_mrr_at_20_std": 0.080315,
        "nauc_mrr_at_20_diff1": 0.632894,
        "nauc_mrr_at_100_max": 0.566304,
        "nauc_mrr_at_100_std": 0.079348,
        "nauc_mrr_at_100_diff1": 0.63384,
        "nauc_mrr_at_1000_max": 0.566143,
        "nauc_mrr_at_1000_std": 0.078994,
        "nauc_mrr_at_1000_diff1": 0.63383,
        "main_score": 0.59975,
        "hf_subset": "default",
        "languages": [
          "eng-Latn"
        ]
      }
    ]
  },
  "evaluation_time": 18.14976143836975,
  "kg_co2_emissions": null
}