{
  "dataset_revision": "f22508f96b7a36c2415181ed8bb76f76e04ae2d5",
  "task_name": "AppsRetrieval",
  "mteb_version": "1.34.8",
  "scores": {
    "test": [
      {
        "ndcg_at_1": 0.0502,
        "ndcg_at_3": 0.06777,
        "ndcg_at_5": 0.07543,
        "ndcg_at_10": 0.08441,
        "ndcg_at_20": 0.09357,
        "ndcg_at_100": 0.11667,
        "ndcg_at_1000": 0.1575,
        "map_at_1": 0.0502,
        "map_at_3": 0.06339,
        "map_at_5": 0.06764,
        "map_at_10": 0.07132,
        "map_at_20": 0.07388,
        "map_at_100": 0.07673,
        "map_at_1000": 0.07792,
        "recall_at_1": 0.0502,
        "recall_at_3": 0.08048,
        "recall_at_5": 0.09907,
        "recall_at_10": 0.12696,
        "recall_at_20": 0.16282,
        "recall_at_100": 0.2927,
        "recall_at_1000": 0.63373,
        "precision_at_1": 0.0502,
        "precision_at_3": 0.02683,
        "precision_at_5": 0.01981,
        "precision_at_10": 0.0127,
        "precision_at_20": 0.00814,
        "precision_at_100": 0.00293,
        "precision_at_1000": 0.00063,
        "mrr_at_1": 0.050199,
        "mrr_at_3": 0.063391,
        "mrr_at_5": 0.067641,
        "mrr_at_10": 0.071321,
        "mrr_at_20": 0.073884,
        "mrr_at_100": 0.076725,
        "mrr_at_1000": 0.077925,
        "nauc_ndcg_at_1_max": 0.308914,
        "nauc_ndcg_at_1_std": 0.000589,
        "nauc_ndcg_at_1_diff1": 0.364625,
        "nauc_ndcg_at_3_max": 0.317412,
        "nauc_ndcg_at_3_std": 0.022868,
        "nauc_ndcg_at_3_diff1": 0.278124,
        "nauc_ndcg_at_5_max": 0.293221,
        "nauc_ndcg_at_5_std": 0.028699,
        "nauc_ndcg_at_5_diff1": 0.246604,
        "nauc_ndcg_at_10_max": 0.283668,
        "nauc_ndcg_at_10_std": 0.030704,
        "nauc_ndcg_at_10_diff1": 0.220624,
        "nauc_ndcg_at_20_max": 0.277387,
        "nauc_ndcg_at_20_std": 0.04074,
        "nauc_ndcg_at_20_diff1": 0.199966,
        "nauc_ndcg_at_100_max": 0.267961,
        "nauc_ndcg_at_100_std": 0.05285,
        "nauc_ndcg_at_100_diff1": 0.167837,
        "nauc_ndcg_at_1000_max": 0.26994,
        "nauc_ndcg_at_1000_std": 0.064908,
        "nauc_ndcg_at_1000_diff1": 0.164762,
        "nauc_map_at_1_max": 0.308914,
        "nauc_map_at_1_std": 0.000589,
        "nauc_map_at_1_diff1": 0.364625,
        "nauc_map_at_3_max": 0.316432,
        "nauc_map_at_3_std": 0.019325,
        "nauc_map_at_3_diff1": 0.294756,
        "nauc_map_at_5_max": 0.301759,
        "nauc_map_at_5_std": 0.023361,
        "nauc_map_at_5_diff1": 0.274306,
        "nauc_map_at_10_max": 0.296882,
        "nauc_map_at_10_std": 0.024579,
        "nauc_map_at_10_diff1": 0.260884,
        "nauc_map_at_20_max": 0.294523,
        "nauc_map_at_20_std": 0.028206,
        "nauc_map_at_20_diff1": 0.252954,
        "nauc_map_at_100_max": 0.292566,
        "nauc_map_at_100_std": 0.030393,
        "nauc_map_at_100_diff1": 0.246593,
        "nauc_map_at_1000_max": 0.292537,
        "nauc_map_at_1000_std": 0.030967,
        "nauc_map_at_1000_diff1": 0.24625,
        "nauc_recall_at_1_max": 0.308914,
        "nauc_recall_at_1_std": 0.000589,
        "nauc_recall_at_1_diff1": 0.364625,
        "nauc_recall_at_3_max": 0.31943,
        "nauc_recall_at_3_std": 0.030689,
        "nauc_recall_at_3_diff1": 0.240283,
        "nauc_recall_at_5_max": 0.273665,
        "nauc_recall_at_5_std": 0.039422,
        "nauc_recall_at_5_diff1": 0.188834,
        "nauc_recall_at_10_max": 0.256354,
        "nauc_recall_at_10_std": 0.041858,
        "nauc_recall_at_10_diff1": 0.142463,
        "nauc_recall_at_20_max": 0.245376,
        "nauc_recall_at_20_std": 0.064088,
        "nauc_recall_at_20_diff1": 0.105314,
        "nauc_recall_at_100_max": 0.228915,
        "nauc_recall_at_100_std": 0.091969,
        "nauc_recall_at_100_diff1": 0.0428,
        "nauc_recall_at_1000_max": 0.23491,
        "nauc_recall_at_1000_std": 0.151582,
        "nauc_recall_at_1000_diff1": 0.015228,
        "nauc_precision_at_1_max": 0.308914,
        "nauc_precision_at_1_std": 0.000589,
        "nauc_precision_at_1_diff1": 0.364625,
        "nauc_precision_at_3_max": 0.31943,
        "nauc_precision_at_3_std": 0.030689,
        "nauc_precision_at_3_diff1": 0.240283,
        "nauc_precision_at_5_max": 0.273665,
        "nauc_precision_at_5_std": 0.039422,
        "nauc_precision_at_5_diff1": 0.188834,
        "nauc_precision_at_10_max": 0.256354,
        "nauc_precision_at_10_std": 0.041858,
        "nauc_precision_at_10_diff1": 0.142463,
        "nauc_precision_at_20_max": 0.245376,
        "nauc_precision_at_20_std": 0.064088,
        "nauc_precision_at_20_diff1": 0.105314,
        "nauc_precision_at_100_max": 0.228915,
        "nauc_precision_at_100_std": 0.091969,
        "nauc_precision_at_100_diff1": 0.0428,
        "nauc_precision_at_1000_max": 0.23491,
        "nauc_precision_at_1000_std": 0.151582,
        "nauc_precision_at_1000_diff1": 0.015228,
        "nauc_mrr_at_1_max": 0.308914,
        "nauc_mrr_at_1_std": 0.000589,
        "nauc_mrr_at_1_diff1": 0.364625,
        "nauc_mrr_at_3_max": 0.316432,
        "nauc_mrr_at_3_std": 0.019325,
        "nauc_mrr_at_3_diff1": 0.294756,
        "nauc_mrr_at_5_max": 0.301759,
        "nauc_mrr_at_5_std": 0.023361,
        "nauc_mrr_at_5_diff1": 0.274355,
        "nauc_mrr_at_10_max": 0.296882,
        "nauc_mrr_at_10_std": 0.024579,
        "nauc_mrr_at_10_diff1": 0.260931,
        "nauc_mrr_at_20_max": 0.294523,
        "nauc_mrr_at_20_std": 0.028206,
        "nauc_mrr_at_20_diff1": 0.252999,
        "nauc_mrr_at_100_max": 0.292566,
        "nauc_mrr_at_100_std": 0.030393,
        "nauc_mrr_at_100_diff1": 0.246638,
        "nauc_mrr_at_1000_max": 0.292537,
        "nauc_mrr_at_1000_std": 0.030967,
        "nauc_mrr_at_1000_diff1": 0.246295,
        "main_score": 0.08441,
        "hf_subset": "default",
        "languages": [
          "eng-Latn",
          "python-Code"
        ]
      }
    ]
  },
  "evaluation_time": 33.28445219993591,
  "kg_co2_emissions": null
}