{
  "dataset_revision": "4adc7bc41202b5c13543c9c886a25f340634dab3",
  "task_name": "COIRCodeSearchNetRetrieval",
  "mteb_version": "1.34.8",
  "scores": {
    "test": [
      {
        "ndcg_at_1": 0.69178,
        "ndcg_at_3": 0.7548,
        "ndcg_at_5": 0.76806,
        "ndcg_at_10": 0.78055,
        "ndcg_at_20": 0.7883,
        "ndcg_at_100": 0.79783,
        "ndcg_at_1000": 0.80224,
        "map_at_1": 0.69178,
        "map_at_3": 0.73986,
        "map_at_5": 0.74721,
        "map_at_10": 0.75241,
        "map_at_20": 0.75456,
        "map_at_100": 0.7559,
        "map_at_1000": 0.75606,
        "recall_at_1": 0.69178,
        "recall_at_3": 0.79783,
        "recall_at_5": 0.83,
        "recall_at_10": 0.86841,
        "recall_at_20": 0.89891,
        "recall_at_100": 0.94999,
        "recall_at_1000": 0.98498,
        "precision_at_1": 0.69178,
        "precision_at_3": 0.26594,
        "precision_at_5": 0.166,
        "precision_at_10": 0.08684,
        "precision_at_20": 0.04495,
        "precision_at_100": 0.0095,
        "precision_at_1000": 0.00098,
        "mrr_at_1": 0.691648,
        "mrr_at_3": 0.739789,
        "mrr_at_5": 0.747146,
        "mrr_at_10": 0.752348,
        "mrr_at_20": 0.754491,
        "mrr_at_100": 0.75583,
        "mrr_at_1000": 0.755991,
        "nauc_ndcg_at_1_max": 0.688231,
        "nauc_ndcg_at_1_std": -0.036079,
        "nauc_ndcg_at_1_diff1": 0.821168,
        "nauc_ndcg_at_3_max": 0.707902,
        "nauc_ndcg_at_3_std": -0.018442,
        "nauc_ndcg_at_3_diff1": 0.78901,
        "nauc_ndcg_at_5_max": 0.707845,
        "nauc_ndcg_at_5_std": -0.0119,
        "nauc_ndcg_at_5_diff1": 0.787514,
        "nauc_ndcg_at_10_max": 0.70709,
        "nauc_ndcg_at_10_std": -0.004656,
        "nauc_ndcg_at_10_diff1": 0.78694,
        "nauc_ndcg_at_20_max": 0.705785,
        "nauc_ndcg_at_20_std": -0.000767,
        "nauc_ndcg_at_20_diff1": 0.786287,
        "nauc_ndcg_at_100_max": 0.706847,
        "nauc_ndcg_at_100_std": -0.000143,
        "nauc_ndcg_at_100_diff1": 0.79003,
        "nauc_ndcg_at_1000_max": 0.706257,
        "nauc_ndcg_at_1000_std": -0.004126,
        "nauc_ndcg_at_1000_diff1": 0.791882,
        "nauc_map_at_1_max": 0.688231,
        "nauc_map_at_1_std": -0.036079,
        "nauc_map_at_1_diff1": 0.821168,
        "nauc_map_at_3_max": 0.703721,
        "nauc_map_at_3_std": -0.023442,
        "nauc_map_at_3_diff1": 0.797685,
        "nauc_map_at_5_max": 0.703596,
        "nauc_map_at_5_std": -0.020208,
        "nauc_map_at_5_diff1": 0.797172,
        "nauc_map_at_10_max": 0.703264,
        "nauc_map_at_10_std": -0.01758,
        "nauc_map_at_10_diff1": 0.79713,
        "nauc_map_at_20_max": 0.702902,
        "nauc_map_at_20_std": -0.016841,
        "nauc_map_at_20_diff1": 0.797073,
        "nauc_map_at_100_max": 0.703025,
        "nauc_map_at_100_std": -0.016814,
        "nauc_map_at_100_diff1": 0.797586,
        "nauc_map_at_1000_max": 0.703007,
        "nauc_map_at_1000_std": -0.016928,
        "nauc_map_at_1000_diff1": 0.797648,
        "nauc_recall_at_1_max": 0.688231,
        "nauc_recall_at_1_std": -0.036079,
        "nauc_recall_at_1_diff1": 0.821168,
        "nauc_recall_at_3_max": 0.721967,
        "nauc_recall_at_3_std": -0.000802,
        "nauc_recall_at_3_diff1": 0.75862,
        "nauc_recall_at_5_max": 0.724074,
        "nauc_recall_at_5_std": 0.022737,
        "nauc_recall_at_5_diff1": 0.74863,
        "nauc_recall_at_10_max": 0.724414,
        "nauc_recall_at_10_std": 0.065436,
        "nauc_recall_at_10_diff1": 0.735979,
        "nauc_recall_at_20_max": 0.71949,
        "nauc_recall_at_20_std": 0.114184,
        "nauc_recall_at_20_diff1": 0.717548,
        "nauc_recall_at_100_max": 0.753168,
        "nauc_recall_at_100_std": 0.240755,
        "nauc_recall_at_100_diff1": 0.719301,
        "nauc_recall_at_1000_max": 0.803509,
        "nauc_recall_at_1000_std": 0.414132,
        "nauc_recall_at_1000_diff1": 0.726293,
        "nauc_precision_at_1_max": 0.688231,
        "nauc_precision_at_1_std": -0.036079,
        "nauc_precision_at_1_diff1": 0.821168,
        "nauc_precision_at_3_max": 0.721967,
        "nauc_precision_at_3_std": -0.000802,
        "nauc_precision_at_3_diff1": 0.75862,
        "nauc_precision_at_5_max": 0.724074,
        "nauc_precision_at_5_std": 0.022737,
        "nauc_precision_at_5_diff1": 0.74863,
        "nauc_precision_at_10_max": 0.724414,
        "nauc_precision_at_10_std": 0.065436,
        "nauc_precision_at_10_diff1": 0.735979,
        "nauc_precision_at_20_max": 0.71949,
        "nauc_precision_at_20_std": 0.114184,
        "nauc_precision_at_20_diff1": 0.717548,
        "nauc_precision_at_100_max": 0.753168,
        "nauc_precision_at_100_std": 0.240755,
        "nauc_precision_at_100_diff1": 0.719301,
        "nauc_precision_at_1000_max": 0.803509,
        "nauc_precision_at_1000_std": 0.414132,
        "nauc_precision_at_1000_diff1": 0.726293,
        "nauc_mrr_at_1_max": 0.687963,
        "nauc_mrr_at_1_std": -0.036406,
        "nauc_mrr_at_1_diff1": 0.821445,
        "nauc_mrr_at_3_max": 0.703564,
        "nauc_mrr_at_3_std": -0.023632,
        "nauc_mrr_at_3_diff1": 0.797848,
        "nauc_mrr_at_5_max": 0.703435,
        "nauc_mrr_at_5_std": -0.020404,
        "nauc_mrr_at_5_diff1": 0.79734,
        "nauc_mrr_at_10_max": 0.7031,
        "nauc_mrr_at_10_std": -0.017781,
        "nauc_mrr_at_10_diff1": 0.797301,
        "nauc_mrr_at_20_max": 0.702736,
        "nauc_mrr_at_20_std": -0.017043,
        "nauc_mrr_at_20_diff1": 0.797245,
        "nauc_mrr_at_100_max": 0.702858,
        "nauc_mrr_at_100_std": -0.017016,
        "nauc_mrr_at_100_diff1": 0.79776,
        "nauc_mrr_at_1000_max": 0.70284,
        "nauc_mrr_at_1000_std": -0.017131,
        "nauc_mrr_at_1000_diff1": 0.797822,
        "main_score": 0.78055,
        "hf_subset": "python",
        "languages": [
          "python-Code"
        ]
      }
    ]
  },
  "evaluation_time": 289.041029214859,
  "kg_co2_emissions": null
}