{
  "dataset_revision": "27a168819829fe9bcd655c2df245fb19452e8e06",
  "task_name": "FiQA2018",
  "mteb_version": "1.34.8",
  "scores": {
    "test": [
      {
        "ndcg_at_1": 0.4784,
        "ndcg_at_3": 0.45055,
        "ndcg_at_5": 0.4701,
        "ndcg_at_10": 0.49504,
        "ndcg_at_20": 0.52255,
        "ndcg_at_100": 0.56242,
        "ndcg_at_1000": 0.58591,
        "map_at_1": 0.23753,
        "map_at_3": 0.35394,
        "map_at_5": 0.38551,
        "map_at_10": 0.40729,
        "map_at_20": 0.41913,
        "map_at_100": 0.42843,
        "map_at_1000": 0.42999,
        "recall_at_1": 0.23753,
        "recall_at_3": 0.41443,
        "recall_at_5": 0.49692,
        "recall_at_10": 0.57682,
        "recall_at_20": 0.65953,
        "recall_at_100": 0.81829,
        "recall_at_1000": 0.95835,
        "precision_at_1": 0.4784,
        "precision_at_3": 0.30658,
        "precision_at_5": 0.22778,
        "precision_at_10": 0.13796,
        "precision_at_20": 0.08133,
        "precision_at_100": 0.02088,
        "precision_at_1000": 0.0025,
        "mrr_at_1": 0.478395,
        "mrr_at_3": 0.54784,
        "mrr_at_5": 0.566667,
        "mrr_at_10": 0.574176,
        "mrr_at_20": 0.578175,
        "mrr_at_100": 0.581226,
        "mrr_at_1000": 0.581446,
        "nauc_ndcg_at_1_max": 0.481333,
        "nauc_ndcg_at_1_std": -0.049221,
        "nauc_ndcg_at_1_diff1": 0.539933,
        "nauc_ndcg_at_3_max": 0.41195,
        "nauc_ndcg_at_3_std": -0.087106,
        "nauc_ndcg_at_3_diff1": 0.410295,
        "nauc_ndcg_at_5_max": 0.383003,
        "nauc_ndcg_at_5_std": -0.108365,
        "nauc_ndcg_at_5_diff1": 0.399801,
        "nauc_ndcg_at_10_max": 0.390527,
        "nauc_ndcg_at_10_std": -0.081695,
        "nauc_ndcg_at_10_diff1": 0.41415,
        "nauc_ndcg_at_20_max": 0.406083,
        "nauc_ndcg_at_20_std": -0.057755,
        "nauc_ndcg_at_20_diff1": 0.412099,
        "nauc_ndcg_at_100_max": 0.425221,
        "nauc_ndcg_at_100_std": -0.032867,
        "nauc_ndcg_at_100_diff1": 0.418808,
        "nauc_ndcg_at_1000_max": 0.424159,
        "nauc_ndcg_at_1000_std": -0.045053,
        "nauc_ndcg_at_1000_diff1": 0.416243,
        "nauc_map_at_1_max": 0.274985,
        "nauc_map_at_1_std": -0.092478,
        "nauc_map_at_1_diff1": 0.485142,
        "nauc_map_at_3_max": 0.330443,
        "nauc_map_at_3_std": -0.101469,
        "nauc_map_at_3_diff1": 0.415906,
        "nauc_map_at_5_max": 0.340845,
        "nauc_map_at_5_std": -0.11695,
        "nauc_map_at_5_diff1": 0.403221,
        "nauc_map_at_10_max": 0.364694,
        "nauc_map_at_10_std": -0.102265,
        "nauc_map_at_10_diff1": 0.406738,
        "nauc_map_at_20_max": 0.37521,
        "nauc_map_at_20_std": -0.091391,
        "nauc_map_at_20_diff1": 0.404736,
        "nauc_map_at_100_max": 0.381361,
        "nauc_map_at_100_std": -0.086477,
        "nauc_map_at_100_diff1": 0.406334,
        "nauc_map_at_1000_max": 0.381601,
        "nauc_map_at_1000_std": -0.086755,
        "nauc_map_at_1000_diff1": 0.406112,
        "nauc_recall_at_1_max": 0.274985,
        "nauc_recall_at_1_std": -0.092478,
        "nauc_recall_at_1_diff1": 0.485142,
        "nauc_recall_at_3_max": 0.279992,
        "nauc_recall_at_3_std": -0.101713,
        "nauc_recall_at_3_diff1": 0.338341,
        "nauc_recall_at_5_max": 0.24892,
        "nauc_recall_at_5_std": -0.125884,
        "nauc_recall_at_5_diff1": 0.296703,
        "nauc_recall_at_10_max": 0.290565,
        "nauc_recall_at_10_std": -0.072608,
        "nauc_recall_at_10_diff1": 0.31892,
        "nauc_recall_at_20_max": 0.318375,
        "nauc_recall_at_20_std": -0.008826,
        "nauc_recall_at_20_diff1": 0.305008,
        "nauc_recall_at_100_max": 0.381847,
        "nauc_recall_at_100_std": 0.184237,
        "nauc_recall_at_100_diff1": 0.305147,
        "nauc_recall_at_1000_max": 0.276607,
        "nauc_recall_at_1000_std": 0.222546,
        "nauc_recall_at_1000_diff1": 0.102669,
        "nauc_precision_at_1_max": 0.481333,
        "nauc_precision_at_1_std": -0.049221,
        "nauc_precision_at_1_diff1": 0.539933,
        "nauc_precision_at_3_max": 0.414202,
        "nauc_precision_at_3_std": -0.034074,
        "nauc_precision_at_3_diff1": 0.23697,
        "nauc_precision_at_5_max": 0.389724,
        "nauc_precision_at_5_std": -0.045288,
        "nauc_precision_at_5_diff1": 0.150545,
        "nauc_precision_at_10_max": 0.402018,
        "nauc_precision_at_10_std": 0.019714,
        "nauc_precision_at_10_diff1": 0.123539,
        "nauc_precision_at_20_max": 0.393607,
        "nauc_precision_at_20_std": 0.091033,
        "nauc_precision_at_20_diff1": 0.068632,
        "nauc_precision_at_100_max": 0.333875,
        "nauc_precision_at_100_std": 0.134624,
        "nauc_precision_at_100_diff1": 0.000378,
        "nauc_precision_at_1000_max": 0.251809,
        "nauc_precision_at_1000_std": 0.106774,
        "nauc_precision_at_1000_diff1": -0.070834,
        "nauc_mrr_at_1_max": 0.481333,
        "nauc_mrr_at_1_std": -0.049221,
        "nauc_mrr_at_1_diff1": 0.539933,
        "nauc_mrr_at_3_max": 0.46999,
        "nauc_mrr_at_3_std": -0.041219,
        "nauc_mrr_at_3_diff1": 0.491783,
        "nauc_mrr_at_5_max": 0.466856,
        "nauc_mrr_at_5_std": -0.044072,
        "nauc_mrr_at_5_diff1": 0.489745,
        "nauc_mrr_at_10_max": 0.467519,
        "nauc_mrr_at_10_std": -0.042079,
        "nauc_mrr_at_10_diff1": 0.492786,
        "nauc_mrr_at_20_max": 0.468573,
        "nauc_mrr_at_20_std": -0.039435,
        "nauc_mrr_at_20_diff1": 0.492754,
        "nauc_mrr_at_100_max": 0.469334,
        "nauc_mrr_at_100_std": -0.038728,
        "nauc_mrr_at_100_diff1": 0.493461,
        "nauc_mrr_at_1000_max": 0.469251,
        "nauc_mrr_at_1000_std": -0.038981,
        "nauc_mrr_at_1000_diff1": 0.493554,
        "main_score": 0.49504,
        "hf_subset": "default",
        "languages": [
          "eng-Latn"
        ]
      }
    ]
  },
  "evaluation_time": 93.37429761886597,
  "kg_co2_emissions": null
}