{
  "dataset_revision": "ae763399273d8b20506b80cf6f6f9a31a6a2b238",
  "task_name": "MedicalQARetrieval",
  "mteb_version": "1.34.8",
  "scores": {
    "test": [
      {
        "ndcg_at_1": 0.51758,
        "ndcg_at_3": 0.62836,
        "ndcg_at_5": 0.65856,
        "ndcg_at_10": 0.68232,
        "ndcg_at_20": 0.69342,
        "ndcg_at_100": 0.70511,
        "ndcg_at_1000": 0.71018,
        "map_at_1": 0.51758,
        "map_at_3": 0.60132,
        "map_at_5": 0.61821,
        "map_at_10": 0.62816,
        "map_at_20": 0.63119,
        "map_at_100": 0.63289,
        "map_at_1000": 0.63307,
        "recall_at_1": 0.51758,
        "recall_at_3": 0.70654,
        "recall_at_5": 0.7793,
        "recall_at_10": 0.85205,
        "recall_at_20": 0.896,
        "recall_at_100": 0.95801,
        "recall_at_1000": 0.99805,
        "precision_at_1": 0.51758,
        "precision_at_3": 0.23551,
        "precision_at_5": 0.15586,
        "precision_at_10": 0.08521,
        "precision_at_20": 0.0448,
        "precision_at_100": 0.00958,
        "precision_at_1000": 0.001,
        "mrr_at_1": 0.51709,
        "mrr_at_3": 0.601074,
        "mrr_at_5": 0.618066,
        "mrr_at_10": 0.627931,
        "mrr_at_20": 0.630967,
        "mrr_at_100": 0.63266,
        "mrr_at_1000": 0.632846,
        "nauc_ndcg_at_1_max": 0.304029,
        "nauc_ndcg_at_1_std": -0.077952,
        "nauc_ndcg_at_1_diff1": 0.521697,
        "nauc_ndcg_at_3_max": 0.32301,
        "nauc_ndcg_at_3_std": -0.074663,
        "nauc_ndcg_at_3_diff1": 0.463811,
        "nauc_ndcg_at_5_max": 0.330944,
        "nauc_ndcg_at_5_std": -0.066016,
        "nauc_ndcg_at_5_diff1": 0.452321,
        "nauc_ndcg_at_10_max": 0.347238,
        "nauc_ndcg_at_10_std": -0.052305,
        "nauc_ndcg_at_10_diff1": 0.448686,
        "nauc_ndcg_at_20_max": 0.353087,
        "nauc_ndcg_at_20_std": -0.041855,
        "nauc_ndcg_at_20_diff1": 0.44965,
        "nauc_ndcg_at_100_max": 0.347979,
        "nauc_ndcg_at_100_std": -0.040867,
        "nauc_ndcg_at_100_diff1": 0.456753,
        "nauc_ndcg_at_1000_max": 0.338397,
        "nauc_ndcg_at_1000_std": -0.052714,
        "nauc_ndcg_at_1000_diff1": 0.462872,
        "nauc_map_at_1_max": 0.304029,
        "nauc_map_at_1_std": -0.077952,
        "nauc_map_at_1_diff1": 0.521697,
        "nauc_map_at_3_max": 0.317823,
        "nauc_map_at_3_std": -0.075777,
        "nauc_map_at_3_diff1": 0.4793,
        "nauc_map_at_5_max": 0.321346,
        "nauc_map_at_5_std": -0.071736,
        "nauc_map_at_5_diff1": 0.473984,
        "nauc_map_at_10_max": 0.3269,
        "nauc_map_at_10_std": -0.067171,
        "nauc_map_at_10_diff1": 0.473106,
        "nauc_map_at_20_max": 0.328302,
        "nauc_map_at_20_std": -0.064761,
        "nauc_map_at_20_diff1": 0.473589,
        "nauc_map_at_100_max": 0.32792,
        "nauc_map_at_100_std": -0.064281,
        "nauc_map_at_100_diff1": 0.474398,
        "nauc_map_at_1000_max": 0.327622,
        "nauc_map_at_1000_std": -0.06462,
        "nauc_map_at_1000_diff1": 0.474588,
        "nauc_recall_at_1_max": 0.304029,
        "nauc_recall_at_1_std": -0.077952,
        "nauc_recall_at_1_diff1": 0.521697,
        "nauc_recall_at_3_max": 0.340993,
        "nauc_recall_at_3_std": -0.070696,
        "nauc_recall_at_3_diff1": 0.410281,
        "nauc_recall_at_5_max": 0.373425,
        "nauc_recall_at_5_std": -0.039483,
        "nauc_recall_at_5_diff1": 0.359447,
        "nauc_recall_at_10_max": 0.481792,
        "nauc_recall_at_10_std": 0.049634,
        "nauc_recall_at_10_diff1": 0.301814,
        "nauc_recall_at_20_max": 0.580978,
        "nauc_recall_at_20_std": 0.181662,
        "nauc_recall_at_20_diff1": 0.255749,
        "nauc_recall_at_100_max": 0.729866,
        "nauc_recall_at_100_std": 0.485902,
        "nauc_recall_at_100_diff1": 0.194938,
        "nauc_recall_at_1000_max": -0.075726,
        "nauc_recall_at_1000_std": 0.359997,
        "nauc_recall_at_1000_diff1": 0.346438,
        "nauc_precision_at_1_max": 0.304029,
        "nauc_precision_at_1_std": -0.077952,
        "nauc_precision_at_1_diff1": 0.521697,
        "nauc_precision_at_3_max": 0.340993,
        "nauc_precision_at_3_std": -0.070696,
        "nauc_precision_at_3_diff1": 0.410281,
        "nauc_precision_at_5_max": 0.373425,
        "nauc_precision_at_5_std": -0.039483,
        "nauc_precision_at_5_diff1": 0.359447,
        "nauc_precision_at_10_max": 0.481792,
        "nauc_precision_at_10_std": 0.049634,
        "nauc_precision_at_10_diff1": 0.301814,
        "nauc_precision_at_20_max": 0.580978,
        "nauc_precision_at_20_std": 0.181662,
        "nauc_precision_at_20_diff1": 0.255749,
        "nauc_precision_at_100_max": 0.729866,
        "nauc_precision_at_100_std": 0.485902,
        "nauc_precision_at_100_diff1": 0.194938,
        "nauc_precision_at_1000_max": -0.075726,
        "nauc_precision_at_1000_std": 0.359997,
        "nauc_precision_at_1000_diff1": 0.346438,
        "nauc_mrr_at_1_max": 0.304899,
        "nauc_mrr_at_1_std": -0.076679,
        "nauc_mrr_at_1_diff1": 0.52285,
        "nauc_mrr_at_3_max": 0.318651,
        "nauc_mrr_at_3_std": -0.075227,
        "nauc_mrr_at_3_diff1": 0.479962,
        "nauc_mrr_at_5_max": 0.322166,
        "nauc_mrr_at_5_std": -0.070995,
        "nauc_mrr_at_5_diff1": 0.474457,
        "nauc_mrr_at_10_max": 0.327778,
        "nauc_mrr_at_10_std": -0.066359,
        "nauc_mrr_at_10_diff1": 0.47378,
        "nauc_mrr_at_20_max": 0.329188,
        "nauc_mrr_at_20_std": -0.063942,
        "nauc_mrr_at_20_diff1": 0.474269,
        "nauc_mrr_at_100_max": 0.328817,
        "nauc_mrr_at_100_std": -0.063455,
        "nauc_mrr_at_100_diff1": 0.475084,
        "nauc_mrr_at_1000_max": 0.32852,
        "nauc_mrr_at_1000_std": -0.063793,
        "nauc_mrr_at_1000_diff1": 0.475274,
        "main_score": 0.68232,
        "hf_subset": "default",
        "languages": [
          "eng-Latn"
        ]
      }
    ]
  },
  "evaluation_time": 7.210731029510498,
  "kg_co2_emissions": null
}