{
  "dataset_revision": "f8c2fcf00f625baaa80f62ec5bd9e1fff3b8ae88",
  "task_name": "SCIDOCS",
  "mteb_version": "1.34.8",
  "scores": {
    "test": [
      {
        "ndcg_at_1": 0.256,
        "ndcg_at_3": 0.21535,
        "ndcg_at_5": 0.19064,
        "ndcg_at_10": 0.23539,
        "ndcg_at_20": 0.26921,
        "ndcg_at_100": 0.33297,
        "ndcg_at_1000": 0.38965,
        "map_at_1": 0.05217,
        "map_at_3": 0.09915,
        "map_at_5": 0.11975,
        "map_at_10": 0.1433,
        "map_at_20": 0.157,
        "map_at_100": 0.17064,
        "map_at_1000": 0.17445,
        "recall_at_1": 0.05217,
        "recall_at_3": 0.12412,
        "recall_at_5": 0.17252,
        "recall_at_10": 0.25447,
        "recall_at_20": 0.33323,
        "recall_at_100": 0.54167,
        "recall_at_1000": 0.81448,
        "precision_at_1": 0.256,
        "precision_at_3": 0.20367,
        "precision_at_5": 0.17,
        "precision_at_10": 0.1256,
        "precision_at_20": 0.0823,
        "precision_at_100": 0.02668,
        "precision_at_1000": 0.00401,
        "mrr_at_1": 0.256,
        "mrr_at_3": 0.335333,
        "mrr_at_5": 0.360183,
        "mrr_at_10": 0.376671,
        "mrr_at_20": 0.382345,
        "mrr_at_100": 0.386545,
        "mrr_at_1000": 0.386908,
        "nauc_ndcg_at_1_max": 0.280951,
        "nauc_ndcg_at_1_std": 0.078669,
        "nauc_ndcg_at_1_diff1": 0.169236,
        "nauc_ndcg_at_3_max": 0.330125,
        "nauc_ndcg_at_3_std": 0.118608,
        "nauc_ndcg_at_3_diff1": 0.124927,
        "nauc_ndcg_at_5_max": 0.36353,
        "nauc_ndcg_at_5_std": 0.156082,
        "nauc_ndcg_at_5_diff1": 0.110804,
        "nauc_ndcg_at_10_max": 0.40155,
        "nauc_ndcg_at_10_std": 0.190642,
        "nauc_ndcg_at_10_diff1": 0.096773,
        "nauc_ndcg_at_20_max": 0.40513,
        "nauc_ndcg_at_20_std": 0.216121,
        "nauc_ndcg_at_20_diff1": 0.089789,
        "nauc_ndcg_at_100_max": 0.43618,
        "nauc_ndcg_at_100_std": 0.275287,
        "nauc_ndcg_at_100_diff1": 0.097673,
        "nauc_ndcg_at_1000_max": 0.425387,
        "nauc_ndcg_at_1000_std": 0.266561,
        "nauc_ndcg_at_1000_diff1": 0.1033,
        "nauc_map_at_1_max": 0.277357,
        "nauc_map_at_1_std": 0.078766,
        "nauc_map_at_1_diff1": 0.169243,
        "nauc_map_at_3_max": 0.332747,
        "nauc_map_at_3_std": 0.102241,
        "nauc_map_at_3_diff1": 0.131298,
        "nauc_map_at_5_max": 0.357389,
        "nauc_map_at_5_std": 0.136112,
        "nauc_map_at_5_diff1": 0.115259,
        "nauc_map_at_10_max": 0.390866,
        "nauc_map_at_10_std": 0.163836,
        "nauc_map_at_10_diff1": 0.102672,
        "nauc_map_at_20_max": 0.397636,
        "nauc_map_at_20_std": 0.182663,
        "nauc_map_at_20_diff1": 0.096744,
        "nauc_map_at_100_max": 0.409306,
        "nauc_map_at_100_std": 0.204243,
        "nauc_map_at_100_diff1": 0.099477,
        "nauc_map_at_1000_max": 0.409281,
        "nauc_map_at_1000_std": 0.205742,
        "nauc_map_at_1000_diff1": 0.099265,
        "nauc_recall_at_1_max": 0.277357,
        "nauc_recall_at_1_std": 0.078766,
        "nauc_recall_at_1_diff1": 0.169243,
        "nauc_recall_at_3_max": 0.340023,
        "nauc_recall_at_3_std": 0.129782,
        "nauc_recall_at_3_diff1": 0.10703,
        "nauc_recall_at_5_max": 0.38158,
        "nauc_recall_at_5_std": 0.188761,
        "nauc_recall_at_5_diff1": 0.079737,
        "nauc_recall_at_10_max": 0.423967,
        "nauc_recall_at_10_std": 0.235682,
        "nauc_recall_at_10_diff1": 0.052761,
        "nauc_recall_at_20_max": 0.401107,
        "nauc_recall_at_20_std": 0.2715,
        "nauc_recall_at_20_diff1": 0.035117,
        "nauc_recall_at_100_max": 0.435325,
        "nauc_recall_at_100_std": 0.403403,
        "nauc_recall_at_100_diff1": 0.045184,
        "nauc_recall_at_1000_max": 0.372937,
        "nauc_recall_at_1000_std": 0.415399,
        "nauc_recall_at_1000_diff1": 0.05869,
        "nauc_precision_at_1_max": 0.280951,
        "nauc_precision_at_1_std": 0.078669,
        "nauc_precision_at_1_diff1": 0.169236,
        "nauc_precision_at_3_max": 0.341214,
        "nauc_precision_at_3_std": 0.132251,
        "nauc_precision_at_3_diff1": 0.106847,
        "nauc_precision_at_5_max": 0.381885,
        "nauc_precision_at_5_std": 0.191867,
        "nauc_precision_at_5_diff1": 0.078997,
        "nauc_precision_at_10_max": 0.424604,
        "nauc_precision_at_10_std": 0.238312,
        "nauc_precision_at_10_diff1": 0.051944,
        "nauc_precision_at_20_max": 0.397871,
        "nauc_precision_at_20_std": 0.270769,
        "nauc_precision_at_20_diff1": 0.034947,
        "nauc_precision_at_100_max": 0.427889,
        "nauc_precision_at_100_std": 0.398503,
        "nauc_precision_at_100_diff1": 0.043536,
        "nauc_precision_at_1000_max": 0.34925,
        "nauc_precision_at_1000_std": 0.390355,
        "nauc_precision_at_1000_diff1": 0.050674,
        "nauc_mrr_at_1_max": 0.280951,
        "nauc_mrr_at_1_std": 0.078669,
        "nauc_mrr_at_1_diff1": 0.169236,
        "nauc_mrr_at_3_max": 0.306747,
        "nauc_mrr_at_3_std": 0.121603,
        "nauc_mrr_at_3_diff1": 0.135521,
        "nauc_mrr_at_5_max": 0.324979,
        "nauc_mrr_at_5_std": 0.135285,
        "nauc_mrr_at_5_diff1": 0.136514,
        "nauc_mrr_at_10_max": 0.327813,
        "nauc_mrr_at_10_std": 0.142125,
        "nauc_mrr_at_10_diff1": 0.134388,
        "nauc_mrr_at_20_max": 0.326167,
        "nauc_mrr_at_20_std": 0.141509,
        "nauc_mrr_at_20_diff1": 0.136218,
        "nauc_mrr_at_100_max": 0.325146,
        "nauc_mrr_at_100_std": 0.140726,
        "nauc_mrr_at_100_diff1": 0.136969,
        "nauc_mrr_at_1000_max": 0.324939,
        "nauc_mrr_at_1000_std": 0.140466,
        "nauc_mrr_at_1000_diff1": 0.136994,
        "main_score": 0.23539,
        "hf_subset": "default",
        "languages": [
          "eng-Latn"
        ]
      }
    ]
  },
  "evaluation_time": 58.36275243759155,
  "kg_co2_emissions": null
}