{
  "dataset_revision": "0228b52cf27578f30900b9e5271d331663a030d7",
  "task_name": "SciFact",
  "mteb_version": "1.34.8",
  "scores": {
    "test": [
      {
        "ndcg_at_1": 0.52333,
        "ndcg_at_3": 0.59892,
        "ndcg_at_5": 0.62066,
        "ndcg_at_10": 0.64802,
        "ndcg_at_20": 0.66692,
        "ndcg_at_100": 0.68413,
        "ndcg_at_1000": 0.69077,
        "map_at_1": 0.50456,
        "map_at_3": 0.57212,
        "map_at_5": 0.58693,
        "map_at_10": 0.60011,
        "map_at_20": 0.60619,
        "map_at_100": 0.60875,
        "map_at_1000": 0.60901,
        "recall_at_1": 0.50456,
        "recall_at_3": 0.65006,
        "recall_at_5": 0.7035,
        "recall_at_10": 0.78328,
        "recall_at_20": 0.85367,
        "recall_at_100": 0.945,
        "recall_at_1000": 0.99667,
        "precision_at_1": 0.52333,
        "precision_at_3": 0.23556,
        "precision_at_5": 0.15667,
        "precision_at_10": 0.08867,
        "precision_at_20": 0.04867,
        "precision_at_100": 0.01073,
        "precision_at_1000": 0.00113,
        "mrr_at_1": 0.523333,
        "mrr_at_3": 0.588889,
        "mrr_at_5": 0.601056,
        "mrr_at_10": 0.610392,
        "mrr_at_20": 0.614901,
        "mrr_at_100": 0.617054,
        "mrr_at_1000": 0.617298,
        "nauc_ndcg_at_1_max": 0.431643,
        "nauc_ndcg_at_1_std": 0.056684,
        "nauc_ndcg_at_1_diff1": 0.677638,
        "nauc_ndcg_at_3_max": 0.495306,
        "nauc_ndcg_at_3_std": 0.068434,
        "nauc_ndcg_at_3_diff1": 0.678669,
        "nauc_ndcg_at_5_max": 0.514744,
        "nauc_ndcg_at_5_std": 0.092826,
        "nauc_ndcg_at_5_diff1": 0.674554,
        "nauc_ndcg_at_10_max": 0.523321,
        "nauc_ndcg_at_10_std": 0.126039,
        "nauc_ndcg_at_10_diff1": 0.666256,
        "nauc_ndcg_at_20_max": 0.532417,
        "nauc_ndcg_at_20_std": 0.137266,
        "nauc_ndcg_at_20_diff1": 0.662328,
        "nauc_ndcg_at_100_max": 0.516874,
        "nauc_ndcg_at_100_std": 0.132163,
        "nauc_ndcg_at_100_diff1": 0.666039,
        "nauc_ndcg_at_1000_max": 0.510973,
        "nauc_ndcg_at_1000_std": 0.11755,
        "nauc_ndcg_at_1000_diff1": 0.666676,
        "nauc_map_at_1_max": 0.395611,
        "nauc_map_at_1_std": 0.016403,
        "nauc_map_at_1_diff1": 0.682453,
        "nauc_map_at_3_max": 0.463724,
        "nauc_map_at_3_std": 0.044957,
        "nauc_map_at_3_diff1": 0.681996,
        "nauc_map_at_5_max": 0.48058,
        "nauc_map_at_5_std": 0.067768,
        "nauc_map_at_5_diff1": 0.677116,
        "nauc_map_at_10_max": 0.488355,
        "nauc_map_at_10_std": 0.084401,
        "nauc_map_at_10_diff1": 0.672027,
        "nauc_map_at_20_max": 0.491918,
        "nauc_map_at_20_std": 0.089743,
        "nauc_map_at_20_diff1": 0.670131,
        "nauc_map_at_100_max": 0.489321,
        "nauc_map_at_100_std": 0.088348,
        "nauc_map_at_100_diff1": 0.670549,
        "nauc_map_at_1000_max": 0.489035,
        "nauc_map_at_1000_std": 0.087852,
        "nauc_map_at_1000_diff1": 0.670526,
        "nauc_recall_at_1_max": 0.395611,
        "nauc_recall_at_1_std": 0.016403,
        "nauc_recall_at_1_diff1": 0.682453,
        "nauc_recall_at_3_max": 0.526306,
        "nauc_recall_at_3_std": 0.063181,
        "nauc_recall_at_3_diff1": 0.685529,
        "nauc_recall_at_5_max": 0.587038,
        "nauc_recall_at_5_std": 0.128345,
        "nauc_recall_at_5_diff1": 0.669011,
        "nauc_recall_at_10_max": 0.636224,
        "nauc_recall_at_10_std": 0.267286,
        "nauc_recall_at_10_diff1": 0.644317,
        "nauc_recall_at_20_max": 0.737558,
        "nauc_recall_at_20_std": 0.379633,
        "nauc_recall_at_20_diff1": 0.618906,
        "nauc_recall_at_100_max": 0.715248,
        "nauc_recall_at_100_std": 0.678918,
        "nauc_recall_at_100_diff1": 0.643862,
        "nauc_recall_at_1000_max": 1.0,
        "nauc_recall_at_1000_std": 1.0,
        "nauc_recall_at_1000_diff1": 1.0,
        "nauc_precision_at_1_max": 0.431643,
        "nauc_precision_at_1_std": 0.056684,
        "nauc_precision_at_1_diff1": 0.677638,
        "nauc_precision_at_3_max": 0.571694,
        "nauc_precision_at_3_std": 0.198386,
        "nauc_precision_at_3_diff1": 0.526616,
        "nauc_precision_at_5_max": 0.598544,
        "nauc_precision_at_5_std": 0.317861,
        "nauc_precision_at_5_diff1": 0.398638,
        "nauc_precision_at_10_max": 0.532308,
        "nauc_precision_at_10_std": 0.409247,
        "nauc_precision_at_10_diff1": 0.230031,
        "nauc_precision_at_20_max": 0.497806,
        "nauc_precision_at_20_std": 0.47336,
        "nauc_precision_at_20_diff1": 0.082242,
        "nauc_precision_at_100_max": 0.345774,
        "nauc_precision_at_100_std": 0.518806,
        "nauc_precision_at_100_diff1": -0.104498,
        "nauc_precision_at_1000_max": 0.248232,
        "nauc_precision_at_1000_std": 0.46329,
        "nauc_precision_at_1000_diff1": -0.271643,
        "nauc_mrr_at_1_max": 0.431643,
        "nauc_mrr_at_1_std": 0.056684,
        "nauc_mrr_at_1_diff1": 0.677638,
        "nauc_mrr_at_3_max": 0.494365,
        "nauc_mrr_at_3_std": 0.087589,
        "nauc_mrr_at_3_diff1": 0.676666,
        "nauc_mrr_at_5_max": 0.503586,
        "nauc_mrr_at_5_std": 0.097031,
        "nauc_mrr_at_5_diff1": 0.672593,
        "nauc_mrr_at_10_max": 0.502359,
        "nauc_mrr_at_10_std": 0.106657,
        "nauc_mrr_at_10_diff1": 0.670105,
        "nauc_mrr_at_20_max": 0.501757,
        "nauc_mrr_at_20_std": 0.105338,
        "nauc_mrr_at_20_diff1": 0.669783,
        "nauc_mrr_at_100_max": 0.499702,
        "nauc_mrr_at_100_std": 0.103571,
        "nauc_mrr_at_100_diff1": 0.67035,
        "nauc_mrr_at_1000_max": 0.499462,
        "nauc_mrr_at_1000_std": 0.10314,
        "nauc_mrr_at_1000_diff1": 0.67036,
        "main_score": 0.64802,
        "hf_subset": "default",
        "languages": [
          "eng-Latn"
        ]
      }
    ]
  },
  "evaluation_time": 15.417133331298828,
  "kg_co2_emissions": null
}