{
  "dataset_revision": "f22508f96b7a36c2415181ed8bb76f76e04ae2d5",
  "task_name": "AppsRetrieval",
  "mteb_version": "1.34.8",
  "scores": {
    "test": [
      {
        "ndcg_at_1": 0.35857,
        "ndcg_at_3": 0.43857,
        "ndcg_at_5": 0.46407,
        "ndcg_at_10": 0.48972,
        "ndcg_at_20": 0.50878,
        "ndcg_at_100": 0.53494,
        "ndcg_at_1000": 0.54979,
        "map_at_1": 0.35857,
        "map_at_3": 0.41934,
        "map_at_5": 0.43337,
        "map_at_10": 0.444,
        "map_at_20": 0.44926,
        "map_at_100": 0.45286,
        "map_at_1000": 0.45338,
        "recall_at_1": 0.35857,
        "recall_at_3": 0.49402,
        "recall_at_5": 0.55644,
        "recall_at_10": 0.63559,
        "recall_at_20": 0.71076,
        "recall_at_100": 0.85179,
        "recall_at_1000": 0.97052,
        "precision_at_1": 0.35857,
        "precision_at_3": 0.16467,
        "precision_at_5": 0.11129,
        "precision_at_10": 0.06356,
        "precision_at_20": 0.03554,
        "precision_at_100": 0.00852,
        "precision_at_1000": 0.00097,
        "mrr_at_1": 0.358566,
        "mrr_at_3": 0.419345,
        "mrr_at_5": 0.433369,
        "mrr_at_10": 0.443999,
        "mrr_at_20": 0.449258,
        "mrr_at_100": 0.452866,
        "mrr_at_1000": 0.453387,
        "nauc_ndcg_at_1_max": 0.540281,
        "nauc_ndcg_at_1_std": 0.06882,
        "nauc_ndcg_at_1_diff1": 0.63513,
        "nauc_ndcg_at_3_max": 0.54624,
        "nauc_ndcg_at_3_std": 0.111486,
        "nauc_ndcg_at_3_diff1": 0.556006,
        "nauc_ndcg_at_5_max": 0.546898,
        "nauc_ndcg_at_5_std": 0.121525,
        "nauc_ndcg_at_5_diff1": 0.545005,
        "nauc_ndcg_at_10_max": 0.544556,
        "nauc_ndcg_at_10_std": 0.127039,
        "nauc_ndcg_at_10_diff1": 0.54154,
        "nauc_ndcg_at_20_max": 0.550918,
        "nauc_ndcg_at_20_std": 0.137845,
        "nauc_ndcg_at_20_diff1": 0.54117,
        "nauc_ndcg_at_100_max": 0.552441,
        "nauc_ndcg_at_100_std": 0.141776,
        "nauc_ndcg_at_100_diff1": 0.545325,
        "nauc_ndcg_at_1000_max": 0.549711,
        "nauc_ndcg_at_1000_std": 0.131355,
        "nauc_ndcg_at_1000_diff1": 0.552113,
        "nauc_map_at_1_max": 0.540281,
        "nauc_map_at_1_std": 0.06882,
        "nauc_map_at_1_diff1": 0.63513,
        "nauc_map_at_3_max": 0.545167,
        "nauc_map_at_3_std": 0.101331,
        "nauc_map_at_3_diff1": 0.57474,
        "nauc_map_at_5_max": 0.545465,
        "nauc_map_at_5_std": 0.106657,
        "nauc_map_at_5_diff1": 0.568882,
        "nauc_map_at_10_max": 0.544193,
        "nauc_map_at_10_std": 0.108371,
        "nauc_map_at_10_diff1": 0.567648,
        "nauc_map_at_20_max": 0.545908,
        "nauc_map_at_20_std": 0.111123,
        "nauc_map_at_20_diff1": 0.567689,
        "nauc_map_at_100_max": 0.546204,
        "nauc_map_at_100_std": 0.11167,
        "nauc_map_at_100_diff1": 0.568435,
        "nauc_map_at_1000_max": 0.546127,
        "nauc_map_at_1000_std": 0.111393,
        "nauc_map_at_1000_diff1": 0.568638,
        "nauc_recall_at_1_max": 0.540281,
        "nauc_recall_at_1_std": 0.06882,
        "nauc_recall_at_1_diff1": 0.63513,
        "nauc_recall_at_3_max": 0.54921,
        "nauc_recall_at_3_std": 0.140976,
        "nauc_recall_at_3_diff1": 0.501643,
        "nauc_recall_at_5_max": 0.551279,
        "nauc_recall_at_5_std": 0.168461,
        "nauc_recall_at_5_diff1": 0.47067,
        "nauc_recall_at_10_max": 0.545529,
        "nauc_recall_at_10_std": 0.195131,
        "nauc_recall_at_10_diff1": 0.450634,
        "nauc_recall_at_20_max": 0.577299,
        "nauc_recall_at_20_std": 0.260581,
        "nauc_recall_at_20_diff1": 0.433993,
        "nauc_recall_at_100_max": 0.610552,
        "nauc_recall_at_100_std": 0.39112,
        "nauc_recall_at_100_diff1": 0.398495,
        "nauc_recall_at_1000_max": 0.61243,
        "nauc_recall_at_1000_std": 0.47883,
        "nauc_recall_at_1000_diff1": 0.391047,
        "nauc_precision_at_1_max": 0.540281,
        "nauc_precision_at_1_std": 0.06882,
        "nauc_precision_at_1_diff1": 0.63513,
        "nauc_precision_at_3_max": 0.54921,
        "nauc_precision_at_3_std": 0.140976,
        "nauc_precision_at_3_diff1": 0.501643,
        "nauc_precision_at_5_max": 0.551279,
        "nauc_precision_at_5_std": 0.168461,
        "nauc_precision_at_5_diff1": 0.47067,
        "nauc_precision_at_10_max": 0.545529,
        "nauc_precision_at_10_std": 0.195131,
        "nauc_precision_at_10_diff1": 0.450634,
        "nauc_precision_at_20_max": 0.577299,
        "nauc_precision_at_20_std": 0.260581,
        "nauc_precision_at_20_diff1": 0.433993,
        "nauc_precision_at_100_max": 0.610552,
        "nauc_precision_at_100_std": 0.39112,
        "nauc_precision_at_100_diff1": 0.398495,
        "nauc_precision_at_1000_max": 0.61243,
        "nauc_precision_at_1000_std": 0.47883,
        "nauc_precision_at_1000_diff1": 0.391047,
        "nauc_mrr_at_1_max": 0.540281,
        "nauc_mrr_at_1_std": 0.06882,
        "nauc_mrr_at_1_diff1": 0.63513,
        "nauc_mrr_at_3_max": 0.545167,
        "nauc_mrr_at_3_std": 0.101331,
        "nauc_mrr_at_3_diff1": 0.57474,
        "nauc_mrr_at_5_max": 0.545457,
        "nauc_mrr_at_5_std": 0.106645,
        "nauc_mrr_at_5_diff1": 0.568882,
        "nauc_mrr_at_10_max": 0.544181,
        "nauc_mrr_at_10_std": 0.108352,
        "nauc_mrr_at_10_diff1": 0.56765,
        "nauc_mrr_at_20_max": 0.545896,
        "nauc_mrr_at_20_std": 0.111105,
        "nauc_mrr_at_20_diff1": 0.567691,
        "nauc_mrr_at_100_max": 0.546192,
        "nauc_mrr_at_100_std": 0.111653,
        "nauc_mrr_at_100_diff1": 0.568436,
        "nauc_mrr_at_1000_max": 0.546115,
        "nauc_mrr_at_1000_std": 0.111375,
        "nauc_mrr_at_1000_diff1": 0.568639,
        "main_score": 0.48972,
        "hf_subset": "default",
        "languages": [
          "eng-Latn",
          "python-Code"
        ]
      }
    ]
  },
  "evaluation_time": 409.4718747138977,
  "kg_co2_emissions": null
}