{
  "dataset_revision": "5d958fb6b31055495347724d46431ba41309b03a",
  "task_name": "ChemNQRetrieval",
  "mteb_version": "1.34.8",
  "scores": {
    "test": [
      {
        "ndcg_at_1": 0.48148,
        "ndcg_at_3": 0.57922,
        "ndcg_at_5": 0.63523,
        "ndcg_at_10": 0.67172,
        "ndcg_at_20": 0.69161,
        "ndcg_at_100": 0.69161,
        "ndcg_at_1000": 0.69601,
        "map_at_1": 0.38272,
        "map_at_3": 0.53704,
        "map_at_5": 0.57222,
        "map_at_10": 0.5874,
        "map_at_20": 0.59528,
        "map_at_100": 0.59528,
        "map_at_1000": 0.59539,
        "recall_at_1": 0.38272,
        "recall_at_3": 0.66049,
        "recall_at_5": 0.79012,
        "recall_at_10": 0.89506,
        "recall_at_20": 0.96296,
        "recall_at_100": 0.96296,
        "recall_at_1000": 1.0,
        "precision_at_1": 0.48148,
        "precision_at_3": 0.28395,
        "precision_at_5": 0.2,
        "precision_at_10": 0.11481,
        "precision_at_20": 0.06296,
        "precision_at_100": 0.01259,
        "precision_at_1000": 0.0013,
        "mrr_at_1": 0.481481,
        "mrr_at_3": 0.580247,
        "mrr_at_5": 0.606173,
        "mrr_at_10": 0.620459,
        "mrr_at_20": 0.623308,
        "mrr_at_100": 0.623308,
        "mrr_at_1000": 0.623417,
        "nauc_ndcg_at_1_max": 0.15761,
        "nauc_ndcg_at_1_std": 0.162107,
        "nauc_ndcg_at_1_diff1": 0.133287,
        "nauc_ndcg_at_3_max": 0.243345,
        "nauc_ndcg_at_3_std": 0.098014,
        "nauc_ndcg_at_3_diff1": -0.067478,
        "nauc_ndcg_at_5_max": 0.181584,
        "nauc_ndcg_at_5_std": -0.022413,
        "nauc_ndcg_at_5_diff1": 0.041677,
        "nauc_ndcg_at_10_max": 0.24711,
        "nauc_ndcg_at_10_std": 0.046111,
        "nauc_ndcg_at_10_diff1": 0.059897,
        "nauc_ndcg_at_20_max": 0.227435,
        "nauc_ndcg_at_20_std": 0.092522,
        "nauc_ndcg_at_20_diff1": 0.034859,
        "nauc_ndcg_at_100_max": 0.227435,
        "nauc_ndcg_at_100_std": 0.092522,
        "nauc_ndcg_at_100_diff1": 0.034859,
        "nauc_ndcg_at_1000_max": 0.224787,
        "nauc_ndcg_at_1000_std": 0.092101,
        "nauc_ndcg_at_1000_diff1": 0.033265,
        "nauc_map_at_1_max": 0.174934,
        "nauc_map_at_1_std": 0.115904,
        "nauc_map_at_1_diff1": 0.174007,
        "nauc_map_at_3_max": 0.215946,
        "nauc_map_at_3_std": 0.082549,
        "nauc_map_at_3_diff1": -0.004017,
        "nauc_map_at_5_max": 0.199277,
        "nauc_map_at_5_std": 0.023111,
        "nauc_map_at_5_diff1": 0.055935,
        "nauc_map_at_10_max": 0.220079,
        "nauc_map_at_10_std": 0.044753,
        "nauc_map_at_10_diff1": 0.064611,
        "nauc_map_at_20_max": 0.21785,
        "nauc_map_at_20_std": 0.065488,
        "nauc_map_at_20_diff1": 0.053357,
        "nauc_map_at_100_max": 0.21785,
        "nauc_map_at_100_std": 0.065488,
        "nauc_map_at_100_diff1": 0.053357,
        "nauc_map_at_1000_max": 0.217795,
        "nauc_map_at_1000_std": 0.065469,
        "nauc_map_at_1000_diff1": 0.053333,
        "nauc_recall_at_1_max": 0.174934,
        "nauc_recall_at_1_std": 0.115904,
        "nauc_recall_at_1_diff1": 0.174007,
        "nauc_recall_at_3_max": 0.299303,
        "nauc_recall_at_3_std": 0.066523,
        "nauc_recall_at_3_diff1": -0.23279,
        "nauc_recall_at_5_max": 0.080176,
        "nauc_recall_at_5_std": -0.355774,
        "nauc_recall_at_5_diff1": 0.0524,
        "nauc_recall_at_10_max": 0.45052,
        "nauc_recall_at_10_std": -0.211093,
        "nauc_recall_at_10_diff1": 0.219615,
        "nauc_recall_at_20_max": 0.35755,
        "nauc_recall_at_20_std": 0.113206,
        "nauc_recall_at_20_diff1": 0.113206,
        "nauc_recall_at_100_max": 0.35755,
        "nauc_recall_at_100_std": 0.113206,
        "nauc_recall_at_100_diff1": 0.113206,
        "nauc_recall_at_1000_max": NaN,
        "nauc_recall_at_1000_std": NaN,
        "nauc_recall_at_1000_diff1": NaN,
        "nauc_precision_at_1_max": 0.15761,
        "nauc_precision_at_1_std": 0.162107,
        "nauc_precision_at_1_diff1": 0.133287,
        "nauc_precision_at_3_max": 0.221185,
        "nauc_precision_at_3_std": 0.084827,
        "nauc_precision_at_3_diff1": -0.155555,
        "nauc_precision_at_5_max": 0.138208,
        "nauc_precision_at_5_std": -0.092262,
        "nauc_precision_at_5_diff1": -0.007888,
        "nauc_precision_at_10_max": 0.241416,
        "nauc_precision_at_10_std": 0.135016,
        "nauc_precision_at_10_diff1": -0.066111,
        "nauc_precision_at_20_max": 0.128501,
        "nauc_precision_at_20_std": 0.289271,
        "nauc_precision_at_20_diff1": -0.18155,
        "nauc_precision_at_100_max": 0.128501,
        "nauc_precision_at_100_std": 0.289271,
        "nauc_precision_at_100_diff1": -0.18155,
        "nauc_precision_at_1000_max": 0.106708,
        "nauc_precision_at_1000_std": 0.306023,
        "nauc_precision_at_1000_diff1": -0.209594,
        "nauc_mrr_at_1_max": 0.15761,
        "nauc_mrr_at_1_std": 0.162107,
        "nauc_mrr_at_1_diff1": 0.133287,
        "nauc_mrr_at_3_max": 0.224394,
        "nauc_mrr_at_3_std": 0.160638,
        "nauc_mrr_at_3_diff1": -0.050505,
        "nauc_mrr_at_5_max": 0.166332,
        "nauc_mrr_at_5_std": 0.098518,
        "nauc_mrr_at_5_diff1": 0.010814,
        "nauc_mrr_at_10_max": 0.195315,
        "nauc_mrr_at_10_std": 0.129768,
        "nauc_mrr_at_10_diff1": 0.018947,
        "nauc_mrr_at_20_max": 0.187094,
        "nauc_mrr_at_20_std": 0.127441,
        "nauc_mrr_at_20_diff1": 0.020934,
        "nauc_mrr_at_100_max": 0.187094,
        "nauc_mrr_at_100_std": 0.127441,
        "nauc_mrr_at_100_diff1": 0.020934,
        "nauc_mrr_at_1000_max": 0.187027,
        "nauc_mrr_at_1000_std": 0.127447,
        "nauc_mrr_at_1000_diff1": 0.020897,
        "main_score": 0.67172,
        "hf_subset": "default",
        "languages": [
          "eng-Latn"
        ]
      }
    ]
  },
  "evaluation_time": 93.57794499397278,
  "kg_co2_emissions": null
}