{
  "dataset_revision": "4adc7bc41202b5c13543c9c886a25f340634dab3",
  "task_name": "COIRCodeSearchNetRetrieval",
  "mteb_version": "1.34.8",
  "scores": {
    "test": [
      {
        "ndcg_at_1": 0.94141,
        "ndcg_at_3": 0.96503,
        "ndcg_at_5": 0.96773,
        "ndcg_at_10": 0.96911,
        "ndcg_at_20": 0.96977,
        "ndcg_at_100": 0.97033,
        "ndcg_at_1000": 0.97055,
        "map_at_1": 0.94141,
        "map_at_3": 0.95959,
        "map_at_5": 0.96109,
        "map_at_10": 0.96167,
        "map_at_20": 0.96185,
        "map_at_100": 0.96193,
        "map_at_1000": 0.96194,
        "recall_at_1": 0.94141,
        "recall_at_3": 0.98063,
        "recall_at_5": 0.9872,
        "recall_at_10": 0.99142,
        "recall_at_20": 0.99403,
        "recall_at_100": 0.99698,
        "recall_at_1000": 0.99873,
        "precision_at_1": 0.94141,
        "precision_at_3": 0.32688,
        "precision_at_5": 0.19744,
        "precision_at_10": 0.09914,
        "precision_at_20": 0.0497,
        "precision_at_100": 0.00997,
        "precision_at_1000": 0.001,
        "mrr_at_1": 0.941346,
        "mrr_at_3": 0.959557,
        "mrr_at_5": 0.961055,
        "mrr_at_10": 0.961632,
        "mrr_at_20": 0.961814,
        "mrr_at_100": 0.961896,
        "mrr_at_1000": 0.961904,
        "nauc_ndcg_at_1_max": 0.769642,
        "nauc_ndcg_at_1_std": -0.194334,
        "nauc_ndcg_at_1_diff1": 0.934962,
        "nauc_ndcg_at_3_max": 0.823255,
        "nauc_ndcg_at_3_std": -0.1717,
        "nauc_ndcg_at_3_diff1": 0.93532,
        "nauc_ndcg_at_5_max": 0.817692,
        "nauc_ndcg_at_5_std": -0.163251,
        "nauc_ndcg_at_5_diff1": 0.934346,
        "nauc_ndcg_at_10_max": 0.815086,
        "nauc_ndcg_at_10_std": -0.153122,
        "nauc_ndcg_at_10_diff1": 0.934217,
        "nauc_ndcg_at_20_max": 0.812297,
        "nauc_ndcg_at_20_std": -0.153297,
        "nauc_ndcg_at_20_diff1": 0.935939,
        "nauc_ndcg_at_100_max": 0.810101,
        "nauc_ndcg_at_100_std": -0.154437,
        "nauc_ndcg_at_100_diff1": 0.935484,
        "nauc_ndcg_at_1000_max": 0.808748,
        "nauc_ndcg_at_1000_std": -0.158284,
        "nauc_ndcg_at_1000_diff1": 0.935256,
        "nauc_map_at_1_max": 0.769642,
        "nauc_map_at_1_std": -0.194334,
        "nauc_map_at_1_diff1": 0.934962,
        "nauc_map_at_3_max": 0.807173,
        "nauc_map_at_3_std": -0.179907,
        "nauc_map_at_3_diff1": 0.93495,
        "nauc_map_at_5_max": 0.804033,
        "nauc_map_at_5_std": -0.176431,
        "nauc_map_at_5_diff1": 0.934515,
        "nauc_map_at_10_max": 0.802962,
        "nauc_map_at_10_std": -0.173162,
        "nauc_map_at_10_diff1": 0.934517,
        "nauc_map_at_20_max": 0.802286,
        "nauc_map_at_20_std": -0.173349,
        "nauc_map_at_20_diff1": 0.934878,
        "nauc_map_at_100_max": 0.802048,
        "nauc_map_at_100_std": -0.173251,
        "nauc_map_at_100_diff1": 0.934826,
        "nauc_map_at_1000_max": 0.80201,
        "nauc_map_at_1000_std": -0.173333,
        "nauc_map_at_1000_diff1": 0.934822,
        "nauc_recall_at_1_max": 0.769642,
        "nauc_recall_at_1_std": -0.194334,
        "nauc_recall_at_1_diff1": 0.934962,
        "nauc_recall_at_3_max": 0.91777,
        "nauc_recall_at_3_std": -0.122045,
        "nauc_recall_at_3_diff1": 0.937759,
        "nauc_recall_at_5_max": 0.931734,
        "nauc_recall_at_5_std": -0.043662,
        "nauc_recall_at_5_diff1": 0.932699,
        "nauc_recall_at_10_max": 0.958785,
        "nauc_recall_at_10_std": 0.125562,
        "nauc_recall_at_10_diff1": 0.929483,
        "nauc_recall_at_20_max": 0.966481,
        "nauc_recall_at_20_std": 0.246598,
        "nauc_recall_at_20_diff1": 0.962546,
        "nauc_recall_at_100_max": 0.997095,
        "nauc_recall_at_100_std": 0.530034,
        "nauc_recall_at_100_diff1": 0.964415,
        "nauc_recall_at_1000_max": 1.0,
        "nauc_recall_at_1000_std": 0.705937,
        "nauc_recall_at_1000_diff1": 0.95786,
        "nauc_precision_at_1_max": 0.769642,
        "nauc_precision_at_1_std": -0.194334,
        "nauc_precision_at_1_diff1": 0.934962,
        "nauc_precision_at_3_max": 0.91777,
        "nauc_precision_at_3_std": -0.122045,
        "nauc_precision_at_3_diff1": 0.937759,
        "nauc_precision_at_5_max": 0.931734,
        "nauc_precision_at_5_std": -0.043662,
        "nauc_precision_at_5_diff1": 0.932699,
        "nauc_precision_at_10_max": 0.958785,
        "nauc_precision_at_10_std": 0.125562,
        "nauc_precision_at_10_diff1": 0.929483,
        "nauc_precision_at_20_max": 0.966481,
        "nauc_precision_at_20_std": 0.246598,
        "nauc_precision_at_20_diff1": 0.962546,
        "nauc_precision_at_100_max": 0.997095,
        "nauc_precision_at_100_std": 0.530034,
        "nauc_precision_at_100_diff1": 0.964415,
        "nauc_precision_at_1000_max": 1.0,
        "nauc_precision_at_1000_std": 0.705937,
        "nauc_precision_at_1000_diff1": 0.95786,
        "nauc_mrr_at_1_max": 0.769363,
        "nauc_mrr_at_1_std": -0.196255,
        "nauc_mrr_at_1_diff1": 0.935037,
        "nauc_mrr_at_3_max": 0.80694,
        "nauc_mrr_at_3_std": -0.181312,
        "nauc_mrr_at_3_diff1": 0.935004,
        "nauc_mrr_at_5_max": 0.803794,
        "nauc_mrr_at_5_std": -0.177894,
        "nauc_mrr_at_5_diff1": 0.934571,
        "nauc_mrr_at_10_max": 0.80272,
        "nauc_mrr_at_10_std": -0.174649,
        "nauc_mrr_at_10_diff1": 0.934574,
        "nauc_mrr_at_20_max": 0.802043,
        "nauc_mrr_at_20_std": -0.174843,
        "nauc_mrr_at_20_diff1": 0.934935,
        "nauc_mrr_at_100_max": 0.801806,
        "nauc_mrr_at_100_std": -0.174749,
        "nauc_mrr_at_100_diff1": 0.934884,
        "nauc_mrr_at_1000_max": 0.801767,
        "nauc_mrr_at_1000_std": -0.174831,
        "nauc_mrr_at_1000_diff1": 0.934879,
        "main_score": 0.96911,
        "hf_subset": "python",
        "languages": [
          "python-Code"
        ]
      }
    ]
  },
  "evaluation_time": 1202.2825164794922,
  "kg_co2_emissions": null
}