{
  "dataset_revision": "27a168819829fe9bcd655c2df245fb19452e8e06",
  "task_name": "FiQA2018",
  "mteb_version": "1.34.8",
  "scores": {
    "test": [
      {
        "ndcg_at_1": 0.56944,
        "ndcg_at_3": 0.55132,
        "ndcg_at_5": 0.56759,
        "ndcg_at_10": 0.59863,
        "ndcg_at_20": 0.63208,
        "ndcg_at_100": 0.66206,
        "ndcg_at_1000": 0.67489,
        "map_at_1": 0.29585,
        "map_at_3": 0.44102,
        "map_at_5": 0.47716,
        "map_at_10": 0.50593,
        "map_at_20": 0.52108,
        "map_at_100": 0.5285,
        "map_at_1000": 0.52957,
        "recall_at_1": 0.29585,
        "recall_at_3": 0.51336,
        "recall_at_5": 0.59262,
        "recall_at_10": 0.68927,
        "recall_at_20": 0.79231,
        "recall_at_100": 0.9095,
        "recall_at_1000": 0.97835,
        "precision_at_1": 0.56944,
        "precision_at_3": 0.36728,
        "precision_at_5": 0.26914,
        "precision_at_10": 0.16451,
        "precision_at_20": 0.0963,
        "precision_at_100": 0.02292,
        "precision_at_1000": 0.00255,
        "mrr_at_1": 0.569444,
        "mrr_at_3": 0.652521,
        "mrr_at_5": 0.664558,
        "mrr_at_10": 0.672677,
        "mrr_at_20": 0.677095,
        "mrr_at_100": 0.678514,
        "mrr_at_1000": 0.678578,
        "nauc_ndcg_at_1_max": 0.473718,
        "nauc_ndcg_at_1_std": -0.105789,
        "nauc_ndcg_at_1_diff1": 0.564856,
        "nauc_ndcg_at_3_max": 0.366995,
        "nauc_ndcg_at_3_std": -0.136408,
        "nauc_ndcg_at_3_diff1": 0.397315,
        "nauc_ndcg_at_5_max": 0.361111,
        "nauc_ndcg_at_5_std": -0.133535,
        "nauc_ndcg_at_5_diff1": 0.402148,
        "nauc_ndcg_at_10_max": 0.362272,
        "nauc_ndcg_at_10_std": -0.135028,
        "nauc_ndcg_at_10_diff1": 0.409494,
        "nauc_ndcg_at_20_max": 0.392155,
        "nauc_ndcg_at_20_std": -0.11215,
        "nauc_ndcg_at_20_diff1": 0.424947,
        "nauc_ndcg_at_100_max": 0.402137,
        "nauc_ndcg_at_100_std": -0.098685,
        "nauc_ndcg_at_100_diff1": 0.422682,
        "nauc_ndcg_at_1000_max": 0.406056,
        "nauc_ndcg_at_1000_std": -0.100903,
        "nauc_ndcg_at_1000_diff1": 0.429991,
        "nauc_map_at_1_max": 0.162604,
        "nauc_map_at_1_std": -0.182962,
        "nauc_map_at_1_diff1": 0.459191,
        "nauc_map_at_3_max": 0.24297,
        "nauc_map_at_3_std": -0.181013,
        "nauc_map_at_3_diff1": 0.392204,
        "nauc_map_at_5_max": 0.288812,
        "nauc_map_at_5_std": -0.169326,
        "nauc_map_at_5_diff1": 0.39514,
        "nauc_map_at_10_max": 0.315226,
        "nauc_map_at_10_std": -0.16508,
        "nauc_map_at_10_diff1": 0.395721,
        "nauc_map_at_20_max": 0.331475,
        "nauc_map_at_20_std": -0.153893,
        "nauc_map_at_20_diff1": 0.400776,
        "nauc_map_at_100_max": 0.336478,
        "nauc_map_at_100_std": -0.148677,
        "nauc_map_at_100_diff1": 0.399356,
        "nauc_map_at_1000_max": 0.337182,
        "nauc_map_at_1000_std": -0.148293,
        "nauc_map_at_1000_diff1": 0.399749,
        "nauc_recall_at_1_max": 0.162604,
        "nauc_recall_at_1_std": -0.182962,
        "nauc_recall_at_1_diff1": 0.459191,
        "nauc_recall_at_3_max": 0.181927,
        "nauc_recall_at_3_std": -0.176243,
        "nauc_recall_at_3_diff1": 0.302376,
        "nauc_recall_at_5_max": 0.221607,
        "nauc_recall_at_5_std": -0.138178,
        "nauc_recall_at_5_diff1": 0.285953,
        "nauc_recall_at_10_max": 0.250166,
        "nauc_recall_at_10_std": -0.128315,
        "nauc_recall_at_10_diff1": 0.282653,
        "nauc_recall_at_20_max": 0.311787,
        "nauc_recall_at_20_std": -0.050267,
        "nauc_recall_at_20_diff1": 0.298728,
        "nauc_recall_at_100_max": 0.292325,
        "nauc_recall_at_100_std": 0.068159,
        "nauc_recall_at_100_diff1": 0.192952,
        "nauc_recall_at_1000_max": 0.255824,
        "nauc_recall_at_1000_std": 0.076585,
        "nauc_recall_at_1000_diff1": 0.228117,
        "nauc_precision_at_1_max": 0.473718,
        "nauc_precision_at_1_std": -0.105789,
        "nauc_precision_at_1_diff1": 0.564856,
        "nauc_precision_at_3_max": 0.42055,
        "nauc_precision_at_3_std": -0.000303,
        "nauc_precision_at_3_diff1": 0.183109,
        "nauc_precision_at_5_max": 0.422203,
        "nauc_precision_at_5_std": 0.054163,
        "nauc_precision_at_5_diff1": 0.115805,
        "nauc_precision_at_10_max": 0.39729,
        "nauc_precision_at_10_std": 0.091244,
        "nauc_precision_at_10_diff1": 0.051724,
        "nauc_precision_at_20_max": 0.387483,
        "nauc_precision_at_20_std": 0.15867,
        "nauc_precision_at_20_diff1": 0.012877,
        "nauc_precision_at_100_max": 0.326461,
        "nauc_precision_at_100_std": 0.204867,
        "nauc_precision_at_100_diff1": -0.055019,
        "nauc_precision_at_1000_max": 0.273493,
        "nauc_precision_at_1000_std": 0.198472,
        "nauc_precision_at_1000_diff1": -0.068449,
        "nauc_mrr_at_1_max": 0.473718,
        "nauc_mrr_at_1_std": -0.105789,
        "nauc_mrr_at_1_diff1": 0.564856,
        "nauc_mrr_at_3_max": 0.495117,
        "nauc_mrr_at_3_std": -0.079183,
        "nauc_mrr_at_3_diff1": 0.526499,
        "nauc_mrr_at_5_max": 0.492414,
        "nauc_mrr_at_5_std": -0.072788,
        "nauc_mrr_at_5_diff1": 0.522326,
        "nauc_mrr_at_10_max": 0.494648,
        "nauc_mrr_at_10_std": -0.071409,
        "nauc_mrr_at_10_diff1": 0.526053,
        "nauc_mrr_at_20_max": 0.496326,
        "nauc_mrr_at_20_std": -0.070106,
        "nauc_mrr_at_20_diff1": 0.527981,
        "nauc_mrr_at_100_max": 0.495616,
        "nauc_mrr_at_100_std": -0.071753,
        "nauc_mrr_at_100_diff1": 0.528812,
        "nauc_mrr_at_1000_max": 0.495541,
        "nauc_mrr_at_1000_std": -0.071855,
        "nauc_mrr_at_1000_diff1": 0.528783,
        "main_score": 0.59863,
        "hf_subset": "default",
        "languages": [
          "eng-Latn"
        ]
      }
    ]
  },
  "evaluation_time": 355.8738000392914,
  "kg_co2_emissions": null
}