{
  "dataset_revision": "ae763399273d8b20506b80cf6f6f9a31a6a2b238",
  "task_name": "MedicalQARetrieval",
  "mteb_version": "1.34.8",
  "scores": {
    "test": [
      {
        "ndcg_at_1": 0.60693,
        "ndcg_at_3": 0.70454,
        "ndcg_at_5": 0.73016,
        "ndcg_at_10": 0.75044,
        "ndcg_at_20": 0.75974,
        "ndcg_at_100": 0.76766,
        "ndcg_at_1000": 0.77076,
        "map_at_1": 0.60693,
        "map_at_3": 0.68115,
        "map_at_5": 0.69541,
        "map_at_10": 0.70383,
        "map_at_20": 0.7064,
        "map_at_100": 0.70751,
        "map_at_1000": 0.70763,
        "recall_at_1": 0.60693,
        "recall_at_3": 0.77197,
        "recall_at_5": 0.83398,
        "recall_at_10": 0.89648,
        "recall_at_20": 0.93311,
        "recall_at_100": 0.97559,
        "recall_at_1000": 0.99951,
        "precision_at_1": 0.60693,
        "precision_at_3": 0.25732,
        "precision_at_5": 0.1668,
        "precision_at_10": 0.08965,
        "precision_at_20": 0.04666,
        "precision_at_100": 0.00976,
        "precision_at_1000": 0.001,
        "mrr_at_1": 0.606445,
        "mrr_at_3": 0.680745,
        "mrr_at_5": 0.695101,
        "mrr_at_10": 0.703524,
        "mrr_at_20": 0.706069,
        "mrr_at_100": 0.707203,
        "mrr_at_1000": 0.707325,
        "nauc_ndcg_at_1_max": 0.361672,
        "nauc_ndcg_at_1_std": -0.067344,
        "nauc_ndcg_at_1_diff1": 0.615602,
        "nauc_ndcg_at_3_max": 0.355391,
        "nauc_ndcg_at_3_std": -0.080877,
        "nauc_ndcg_at_3_diff1": 0.564148,
        "nauc_ndcg_at_5_max": 0.346239,
        "nauc_ndcg_at_5_std": -0.08099,
        "nauc_ndcg_at_5_diff1": 0.555868,
        "nauc_ndcg_at_10_max": 0.353188,
        "nauc_ndcg_at_10_std": -0.086199,
        "nauc_ndcg_at_10_diff1": 0.554983,
        "nauc_ndcg_at_20_max": 0.363005,
        "nauc_ndcg_at_20_std": -0.073406,
        "nauc_ndcg_at_20_diff1": 0.557305,
        "nauc_ndcg_at_100_max": 0.365075,
        "nauc_ndcg_at_100_std": -0.064034,
        "nauc_ndcg_at_100_diff1": 0.563565,
        "nauc_ndcg_at_1000_max": 0.359389,
        "nauc_ndcg_at_1000_std": -0.071579,
        "nauc_ndcg_at_1000_diff1": 0.567081,
        "nauc_map_at_1_max": 0.361672,
        "nauc_map_at_1_std": -0.067344,
        "nauc_map_at_1_diff1": 0.615602,
        "nauc_map_at_3_max": 0.356081,
        "nauc_map_at_3_std": -0.07673,
        "nauc_map_at_3_diff1": 0.576885,
        "nauc_map_at_5_max": 0.351349,
        "nauc_map_at_5_std": -0.076671,
        "nauc_map_at_5_diff1": 0.573327,
        "nauc_map_at_10_max": 0.353693,
        "nauc_map_at_10_std": -0.078717,
        "nauc_map_at_10_diff1": 0.573385,
        "nauc_map_at_20_max": 0.356156,
        "nauc_map_at_20_std": -0.0755,
        "nauc_map_at_20_diff1": 0.574121,
        "nauc_map_at_100_max": 0.356596,
        "nauc_map_at_100_std": -0.074038,
        "nauc_map_at_100_diff1": 0.574804,
        "nauc_map_at_1000_max": 0.356412,
        "nauc_map_at_1000_std": -0.07428,
        "nauc_map_at_1000_diff1": 0.57496,
        "nauc_recall_at_1_max": 0.361672,
        "nauc_recall_at_1_std": -0.067344,
        "nauc_recall_at_1_diff1": 0.615602,
        "nauc_recall_at_3_max": 0.353418,
        "nauc_recall_at_3_std": -0.09635,
        "nauc_recall_at_3_diff1": 0.518106,
        "nauc_recall_at_5_max": 0.321474,
        "nauc_recall_at_5_std": -0.101174,
        "nauc_recall_at_5_diff1": 0.473996,
        "nauc_recall_at_10_max": 0.356134,
        "nauc_recall_at_10_std": -0.140863,
        "nauc_recall_at_10_diff1": 0.427036,
        "nauc_recall_at_20_max": 0.469549,
        "nauc_recall_at_20_std": -0.023121,
        "nauc_recall_at_20_diff1": 0.385479,
        "nauc_recall_at_100_max": 0.713912,
        "nauc_recall_at_100_std": 0.411015,
        "nauc_recall_at_100_diff1": 0.368541,
        "nauc_recall_at_1000_max": 0.554152,
        "nauc_recall_at_1000_std": 0.722172,
        "nauc_recall_at_1000_diff1": 0.554152,
        "nauc_precision_at_1_max": 0.361672,
        "nauc_precision_at_1_std": -0.067344,
        "nauc_precision_at_1_diff1": 0.615602,
        "nauc_precision_at_3_max": 0.353418,
        "nauc_precision_at_3_std": -0.09635,
        "nauc_precision_at_3_diff1": 0.518106,
        "nauc_precision_at_5_max": 0.321474,
        "nauc_precision_at_5_std": -0.101174,
        "nauc_precision_at_5_diff1": 0.473996,
        "nauc_precision_at_10_max": 0.356134,
        "nauc_precision_at_10_std": -0.140863,
        "nauc_precision_at_10_diff1": 0.427036,
        "nauc_precision_at_20_max": 0.469549,
        "nauc_precision_at_20_std": -0.023121,
        "nauc_precision_at_20_diff1": 0.385479,
        "nauc_precision_at_100_max": 0.713912,
        "nauc_precision_at_100_std": 0.411015,
        "nauc_precision_at_100_diff1": 0.368541,
        "nauc_precision_at_1000_max": 0.554152,
        "nauc_precision_at_1000_std": 0.722172,
        "nauc_precision_at_1000_diff1": 0.554152,
        "nauc_mrr_at_1_max": 0.362928,
        "nauc_mrr_at_1_std": -0.065715,
        "nauc_mrr_at_1_diff1": 0.616636,
        "nauc_mrr_at_3_max": 0.356236,
        "nauc_mrr_at_3_std": -0.074806,
        "nauc_mrr_at_3_diff1": 0.577869,
        "nauc_mrr_at_5_max": 0.351826,
        "nauc_mrr_at_5_std": -0.075127,
        "nauc_mrr_at_5_diff1": 0.574126,
        "nauc_mrr_at_10_max": 0.35426,
        "nauc_mrr_at_10_std": -0.077168,
        "nauc_mrr_at_10_diff1": 0.574207,
        "nauc_mrr_at_20_max": 0.356701,
        "nauc_mrr_at_20_std": -0.073965,
        "nauc_mrr_at_20_diff1": 0.574873,
        "nauc_mrr_at_100_max": 0.357193,
        "nauc_mrr_at_100_std": -0.072451,
        "nauc_mrr_at_100_diff1": 0.57563,
        "nauc_mrr_at_1000_max": 0.35701,
        "nauc_mrr_at_1000_std": -0.072692,
        "nauc_mrr_at_1000_diff1": 0.575786,
        "main_score": 0.75044,
        "hf_subset": "default",
        "languages": [
          "eng-Latn"
        ]
      }
    ]
  },
  "evaluation_time": 24.35327696800232,
  "kg_co2_emissions": null
}