{
  "dataset_revision": "ec0fa4fe99da2ff19ca1214b7966684033a58814",
  "task_name": "NFCorpus",
  "mteb_version": "1.34.8",
  "scores": {
    "test": [
      {
        "ndcg_at_1": 0.4226,
        "ndcg_at_3": 0.40153,
        "ndcg_at_5": 0.37892,
        "ndcg_at_10": 0.35159,
        "ndcg_at_20": 0.32896,
        "ndcg_at_100": 0.32453,
        "ndcg_at_1000": 0.41314,
        "map_at_1": 0.05179,
        "map_at_3": 0.08896,
        "map_at_5": 0.10601,
        "map_at_10": 0.12521,
        "map_at_20": 0.14149,
        "map_at_100": 0.16461,
        "map_at_1000": 0.18037,
        "recall_at_1": 0.05179,
        "recall_at_3": 0.10407,
        "recall_at_5": 0.13394,
        "recall_at_10": 0.17461,
        "recall_at_20": 0.21356,
        "recall_at_100": 0.33095,
        "recall_at_1000": 0.64927,
        "precision_at_1": 0.43963,
        "precision_at_3": 0.38596,
        "precision_at_5": 0.33375,
        "precision_at_10": 0.26594,
        "precision_at_20": 0.19706,
        "precision_at_100": 0.08486,
        "precision_at_1000": 0.02137,
        "mrr_at_1": 0.442724,
        "mrr_at_3": 0.530444,
        "mrr_at_5": 0.54097,
        "mrr_at_10": 0.547908,
        "mrr_at_20": 0.551111,
        "mrr_at_100": 0.553071,
        "mrr_at_1000": 0.553422,
        "nauc_ndcg_at_1_max": 0.477679,
        "nauc_ndcg_at_1_std": 0.269489,
        "nauc_ndcg_at_1_diff1": 0.268307,
        "nauc_ndcg_at_3_max": 0.491659,
        "nauc_ndcg_at_3_std": 0.289814,
        "nauc_ndcg_at_3_diff1": 0.223187,
        "nauc_ndcg_at_5_max": 0.496913,
        "nauc_ndcg_at_5_std": 0.329572,
        "nauc_ndcg_at_5_diff1": 0.185882,
        "nauc_ndcg_at_10_max": 0.4918,
        "nauc_ndcg_at_10_std": 0.329482,
        "nauc_ndcg_at_10_diff1": 0.182699,
        "nauc_ndcg_at_20_max": 0.478166,
        "nauc_ndcg_at_20_std": 0.31339,
        "nauc_ndcg_at_20_diff1": 0.188229,
        "nauc_ndcg_at_100_max": 0.515462,
        "nauc_ndcg_at_100_std": 0.336097,
        "nauc_ndcg_at_100_diff1": 0.223869,
        "nauc_ndcg_at_1000_max": 0.571973,
        "nauc_ndcg_at_1000_std": 0.408582,
        "nauc_ndcg_at_1000_diff1": 0.234091,
        "nauc_map_at_1_max": 0.223166,
        "nauc_map_at_1_std": -0.155727,
        "nauc_map_at_1_diff1": 0.443673,
        "nauc_map_at_3_max": 0.283362,
        "nauc_map_at_3_std": -0.084062,
        "nauc_map_at_3_diff1": 0.387779,
        "nauc_map_at_5_max": 0.313609,
        "nauc_map_at_5_std": -0.021627,
        "nauc_map_at_5_diff1": 0.341692,
        "nauc_map_at_10_max": 0.360142,
        "nauc_map_at_10_std": 0.045323,
        "nauc_map_at_10_diff1": 0.32223,
        "nauc_map_at_20_max": 0.390623,
        "nauc_map_at_20_std": 0.100719,
        "nauc_map_at_20_diff1": 0.297516,
        "nauc_map_at_100_max": 0.429645,
        "nauc_map_at_100_std": 0.188027,
        "nauc_map_at_100_diff1": 0.266338,
        "nauc_map_at_1000_max": 0.435314,
        "nauc_map_at_1000_std": 0.221899,
        "nauc_map_at_1000_diff1": 0.2502,
        "nauc_recall_at_1_max": 0.223166,
        "nauc_recall_at_1_std": -0.155727,
        "nauc_recall_at_1_diff1": 0.443673,
        "nauc_recall_at_3_max": 0.248216,
        "nauc_recall_at_3_std": -0.067031,
        "nauc_recall_at_3_diff1": 0.322666,
        "nauc_recall_at_5_max": 0.255913,
        "nauc_recall_at_5_std": -0.003775,
        "nauc_recall_at_5_diff1": 0.248599,
        "nauc_recall_at_10_max": 0.292611,
        "nauc_recall_at_10_std": 0.063591,
        "nauc_recall_at_10_diff1": 0.246709,
        "nauc_recall_at_20_max": 0.305381,
        "nauc_recall_at_20_std": 0.101279,
        "nauc_recall_at_20_diff1": 0.223604,
        "nauc_recall_at_100_max": 0.340078,
        "nauc_recall_at_100_std": 0.229791,
        "nauc_recall_at_100_diff1": 0.162105,
        "nauc_recall_at_1000_max": 0.351051,
        "nauc_recall_at_1000_std": 0.272125,
        "nauc_recall_at_1000_diff1": 0.161954,
        "nauc_precision_at_1_max": 0.500014,
        "nauc_precision_at_1_std": 0.264752,
        "nauc_precision_at_1_diff1": 0.264323,
        "nauc_precision_at_3_max": 0.481948,
        "nauc_precision_at_3_std": 0.336655,
        "nauc_precision_at_3_diff1": 0.145274,
        "nauc_precision_at_5_max": 0.464762,
        "nauc_precision_at_5_std": 0.41536,
        "nauc_precision_at_5_diff1": 0.052166,
        "nauc_precision_at_10_max": 0.426163,
        "nauc_precision_at_10_std": 0.426325,
        "nauc_precision_at_10_diff1": 0.006456,
        "nauc_precision_at_20_max": 0.359168,
        "nauc_precision_at_20_std": 0.425841,
        "nauc_precision_at_20_diff1": -0.045044,
        "nauc_precision_at_100_max": 0.213687,
        "nauc_precision_at_100_std": 0.405464,
        "nauc_precision_at_100_diff1": -0.115726,
        "nauc_precision_at_1000_max": 0.033547,
        "nauc_precision_at_1000_std": 0.255112,
        "nauc_precision_at_1000_diff1": -0.127463,
        "nauc_mrr_at_1_max": 0.491887,
        "nauc_mrr_at_1_std": 0.257507,
        "nauc_mrr_at_1_diff1": 0.255947,
        "nauc_mrr_at_3_max": 0.542813,
        "nauc_mrr_at_3_std": 0.31554,
        "nauc_mrr_at_3_diff1": 0.25534,
        "nauc_mrr_at_5_max": 0.54038,
        "nauc_mrr_at_5_std": 0.324452,
        "nauc_mrr_at_5_diff1": 0.247224,
        "nauc_mrr_at_10_max": 0.541808,
        "nauc_mrr_at_10_std": 0.325725,
        "nauc_mrr_at_10_diff1": 0.249868,
        "nauc_mrr_at_20_max": 0.54559,
        "nauc_mrr_at_20_std": 0.329831,
        "nauc_mrr_at_20_diff1": 0.250436,
        "nauc_mrr_at_100_max": 0.545596,
        "nauc_mrr_at_100_std": 0.329325,
        "nauc_mrr_at_100_diff1": 0.251202,
        "nauc_mrr_at_1000_max": 0.545447,
        "nauc_mrr_at_1000_std": 0.329135,
        "nauc_mrr_at_1000_diff1": 0.251173,
        "main_score": 0.35159,
        "hf_subset": "default",
        "languages": [
          "eng-Latn"
        ]
      }
    ]
  },
  "evaluation_time": 42.64286160469055,
  "kg_co2_emissions": null
}