{
  "dataset_revision": "0228b52cf27578f30900b9e5271d331663a030d7",
  "task_name": "SciFact",
  "mteb_version": "1.34.8",
  "scores": {
    "test": [
      {
        "ndcg_at_1": 0.74667,
        "ndcg_at_3": 0.83357,
        "ndcg_at_5": 0.85035,
        "ndcg_at_10": 0.86233,
        "ndcg_at_20": 0.86685,
        "ndcg_at_100": 0.86962,
        "ndcg_at_1000": 0.86989,
        "map_at_1": 0.71528,
        "map_at_3": 0.80269,
        "map_at_5": 0.815,
        "map_at_10": 0.82283,
        "map_at_20": 0.82446,
        "map_at_100": 0.82497,
        "map_at_1000": 0.82499,
        "recall_at_1": 0.71528,
        "recall_at_3": 0.89589,
        "recall_at_5": 0.93817,
        "recall_at_10": 0.96822,
        "recall_at_20": 0.98433,
        "recall_at_100": 0.99833,
        "recall_at_1000": 1.0,
        "precision_at_1": 0.74667,
        "precision_at_3": 0.32444,
        "precision_at_5": 0.20667,
        "precision_at_10": 0.109,
        "precision_at_20": 0.0555,
        "precision_at_100": 0.01127,
        "precision_at_1000": 0.00113,
        "mrr_at_1": 0.746667,
        "mrr_at_3": 0.820556,
        "mrr_at_5": 0.829056,
        "mrr_at_10": 0.832167,
        "mrr_at_20": 0.833217,
        "mrr_at_100": 0.833576,
        "mrr_at_1000": 0.833576,
        "nauc_ndcg_at_1_max": 0.563491,
        "nauc_ndcg_at_1_std": -0.229264,
        "nauc_ndcg_at_1_diff1": 0.814692,
        "nauc_ndcg_at_3_max": 0.53609,
        "nauc_ndcg_at_3_std": -0.241343,
        "nauc_ndcg_at_3_diff1": 0.781393,
        "nauc_ndcg_at_5_max": 0.542763,
        "nauc_ndcg_at_5_std": -0.242653,
        "nauc_ndcg_at_5_diff1": 0.807396,
        "nauc_ndcg_at_10_max": 0.588309,
        "nauc_ndcg_at_10_std": -0.195808,
        "nauc_ndcg_at_10_diff1": 0.805553,
        "nauc_ndcg_at_20_max": 0.582983,
        "nauc_ndcg_at_20_std": -0.203617,
        "nauc_ndcg_at_20_diff1": 0.80712,
        "nauc_ndcg_at_100_max": 0.577324,
        "nauc_ndcg_at_100_std": -0.199878,
        "nauc_ndcg_at_100_diff1": 0.807408,
        "nauc_ndcg_at_1000_max": 0.576034,
        "nauc_ndcg_at_1000_std": -0.20149,
        "nauc_ndcg_at_1000_diff1": 0.806814,
        "nauc_map_at_1_max": 0.456027,
        "nauc_map_at_1_std": -0.299799,
        "nauc_map_at_1_diff1": 0.814007,
        "nauc_map_at_3_max": 0.492479,
        "nauc_map_at_3_std": -0.281908,
        "nauc_map_at_3_diff1": 0.793404,
        "nauc_map_at_5_max": 0.513181,
        "nauc_map_at_5_std": -0.263808,
        "nauc_map_at_5_diff1": 0.806727,
        "nauc_map_at_10_max": 0.549593,
        "nauc_map_at_10_std": -0.228362,
        "nauc_map_at_10_diff1": 0.806594,
        "nauc_map_at_20_max": 0.548886,
        "nauc_map_at_20_std": -0.229467,
        "nauc_map_at_20_diff1": 0.807228,
        "nauc_map_at_100_max": 0.548273,
        "nauc_map_at_100_std": -0.227868,
        "nauc_map_at_100_diff1": 0.807563,
        "nauc_map_at_1000_max": 0.548206,
        "nauc_map_at_1000_std": -0.227947,
        "nauc_map_at_1000_diff1": 0.807531,
        "nauc_recall_at_1_max": 0.456027,
        "nauc_recall_at_1_std": -0.299799,
        "nauc_recall_at_1_diff1": 0.814007,
        "nauc_recall_at_3_max": 0.435621,
        "nauc_recall_at_3_std": -0.333797,
        "nauc_recall_at_3_diff1": 0.706076,
        "nauc_recall_at_5_max": 0.485881,
        "nauc_recall_at_5_std": -0.326945,
        "nauc_recall_at_5_diff1": 0.776288,
        "nauc_recall_at_10_max": 0.798445,
        "nauc_recall_at_10_std": -0.068203,
        "nauc_recall_at_10_diff1": 0.775404,
        "nauc_recall_at_20_max": 0.854481,
        "nauc_recall_at_20_std": -0.191897,
        "nauc_recall_at_20_diff1": 0.816239,
        "nauc_recall_at_100_max": 1.0,
        "nauc_recall_at_100_std": 0.554155,
        "nauc_recall_at_100_diff1": 0.869281,
        "nauc_recall_at_1000_max": NaN,
        "nauc_recall_at_1000_std": NaN,
        "nauc_recall_at_1000_diff1": NaN,
        "nauc_precision_at_1_max": 0.563491,
        "nauc_precision_at_1_std": -0.229264,
        "nauc_precision_at_1_diff1": 0.814692,
        "nauc_precision_at_3_max": 0.456269,
        "nauc_precision_at_3_std": 0.166411,
        "nauc_precision_at_3_diff1": 0.165471,
        "nauc_precision_at_5_max": 0.40276,
        "nauc_precision_at_5_std": 0.37868,
        "nauc_precision_at_5_diff1": -0.028325,
        "nauc_precision_at_10_max": 0.387211,
        "nauc_precision_at_10_std": 0.571483,
        "nauc_precision_at_10_diff1": -0.195669,
        "nauc_precision_at_20_max": 0.338342,
        "nauc_precision_at_20_std": 0.587498,
        "nauc_precision_at_20_diff1": -0.256713,
        "nauc_precision_at_100_max": 0.292397,
        "nauc_precision_at_100_std": 0.646463,
        "nauc_precision_at_100_diff1": -0.321269,
        "nauc_precision_at_1000_max": 0.270163,
        "nauc_precision_at_1000_std": 0.621721,
        "nauc_precision_at_1000_diff1": -0.325841,
        "nauc_mrr_at_1_max": 0.563491,
        "nauc_mrr_at_1_std": -0.229264,
        "nauc_mrr_at_1_diff1": 0.814692,
        "nauc_mrr_at_3_max": 0.588672,
        "nauc_mrr_at_3_std": -0.186561,
        "nauc_mrr_at_3_diff1": 0.791998,
        "nauc_mrr_at_5_max": 0.596598,
        "nauc_mrr_at_5_std": -0.185181,
        "nauc_mrr_at_5_diff1": 0.804807,
        "nauc_mrr_at_10_max": 0.595263,
        "nauc_mrr_at_10_std": -0.188123,
        "nauc_mrr_at_10_diff1": 0.803231,
        "nauc_mrr_at_20_max": 0.593255,
        "nauc_mrr_at_20_std": -0.191597,
        "nauc_mrr_at_20_diff1": 0.803599,
        "nauc_mrr_at_100_max": 0.592598,
        "nauc_mrr_at_100_std": -0.191458,
        "nauc_mrr_at_100_diff1": 0.803578,
        "nauc_mrr_at_1000_max": 0.592598,
        "nauc_mrr_at_1000_std": -0.191458,
        "nauc_mrr_at_1000_diff1": 0.803578,
        "main_score": 0.86233,
        "hf_subset": "default",
        "languages": [
          "eng-Latn"
        ]
      }
    ]
  },
  "evaluation_time": 56.73989200592041,
  "kg_co2_emissions": null
}