{
  "dataset_revision": "f22508f96b7a36c2415181ed8bb76f76e04ae2d5",
  "task_name": "AppsRetrieval",
  "mteb_version": "1.34.8",
  "scores": {
    "test": [
      {
        "ndcg_at_1": 0.00584,
        "ndcg_at_3": 0.01089,
        "ndcg_at_5": 0.01328,
        "ndcg_at_10": 0.01677,
        "ndcg_at_20": 0.02068,
        "ndcg_at_100": 0.03118,
        "ndcg_at_1000": 0.05402,
        "map_at_1": 0.00584,
        "map_at_3": 0.00961,
        "map_at_5": 0.01092,
        "map_at_10": 0.01235,
        "map_at_20": 0.01343,
        "map_at_100": 0.01471,
        "map_at_1000": 0.01532,
        "recall_at_1": 0.00584,
        "recall_at_3": 0.01461,
        "recall_at_5": 0.02045,
        "recall_at_10": 0.03134,
        "recall_at_20": 0.04675,
        "recall_at_100": 0.10598,
        "recall_at_1000": 0.30093,
        "precision_at_1": 0.00584,
        "precision_at_3": 0.00487,
        "precision_at_5": 0.00409,
        "precision_at_10": 0.00313,
        "precision_at_20": 0.00234,
        "precision_at_100": 0.00106,
        "precision_at_1000": 0.0003,
        "mrr_at_1": 0.005843,
        "mrr_at_3": 0.009606,
        "mrr_at_5": 0.010921,
        "mrr_at_10": 0.012346,
        "mrr_at_20": 0.013428,
        "mrr_at_100": 0.014713,
        "mrr_at_1000": 0.015323,
        "nauc_ndcg_at_1_max": 0.497988,
        "nauc_ndcg_at_1_std": 0.093551,
        "nauc_ndcg_at_1_diff1": 0.277345,
        "nauc_ndcg_at_3_max": 0.359292,
        "nauc_ndcg_at_3_std": 0.072752,
        "nauc_ndcg_at_3_diff1": 0.17244,
        "nauc_ndcg_at_5_max": 0.296361,
        "nauc_ndcg_at_5_std": 0.068946,
        "nauc_ndcg_at_5_diff1": 0.134197,
        "nauc_ndcg_at_10_max": 0.3044,
        "nauc_ndcg_at_10_std": 0.095106,
        "nauc_ndcg_at_10_diff1": 0.125996,
        "nauc_ndcg_at_20_max": 0.287182,
        "nauc_ndcg_at_20_std": 0.112745,
        "nauc_ndcg_at_20_diff1": 0.090176,
        "nauc_ndcg_at_100_max": 0.256439,
        "nauc_ndcg_at_100_std": 0.131285,
        "nauc_ndcg_at_100_diff1": 0.062225,
        "nauc_ndcg_at_1000_max": 0.221003,
        "nauc_ndcg_at_1000_std": 0.144605,
        "nauc_ndcg_at_1000_diff1": 0.025183,
        "nauc_map_at_1_max": 0.497988,
        "nauc_map_at_1_std": 0.093551,
        "nauc_map_at_1_diff1": 0.277345,
        "nauc_map_at_3_max": 0.385747,
        "nauc_map_at_3_std": 0.078689,
        "nauc_map_at_3_diff1": 0.192255,
        "nauc_map_at_5_max": 0.339182,
        "nauc_map_at_5_std": 0.073855,
        "nauc_map_at_5_diff1": 0.164316,
        "nauc_map_at_10_max": 0.33886,
        "nauc_map_at_10_std": 0.088139,
        "nauc_map_at_10_diff1": 0.156732,
        "nauc_map_at_20_max": 0.328728,
        "nauc_map_at_20_std": 0.096145,
        "nauc_map_at_20_diff1": 0.138993,
        "nauc_map_at_100_max": 0.316038,
        "nauc_map_at_100_std": 0.100354,
        "nauc_map_at_100_diff1": 0.129028,
        "nauc_map_at_1000_max": 0.311866,
        "nauc_map_at_1000_std": 0.10247,
        "nauc_map_at_1000_diff1": 0.124177,
        "nauc_recall_at_1_max": 0.497988,
        "nauc_recall_at_1_std": 0.093551,
        "nauc_recall_at_1_diff1": 0.277345,
        "nauc_recall_at_3_max": 0.307431,
        "nauc_recall_at_3_std": 0.060703,
        "nauc_recall_at_3_diff1": 0.133636,
        "nauc_recall_at_5_max": 0.225133,
        "nauc_recall_at_5_std": 0.061579,
        "nauc_recall_at_5_diff1": 0.083918,
        "nauc_recall_at_10_max": 0.263142,
        "nauc_recall_at_10_std": 0.107172,
        "nauc_recall_at_10_diff1": 0.086763,
        "nauc_recall_at_20_max": 0.2467,
        "nauc_recall_at_20_std": 0.134061,
        "nauc_recall_at_20_diff1": 0.037257,
        "nauc_recall_at_100_max": 0.220214,
        "nauc_recall_at_100_std": 0.157556,
        "nauc_recall_at_100_diff1": 0.017063,
        "nauc_recall_at_1000_max": 0.173231,
        "nauc_recall_at_1000_std": 0.167495,
        "nauc_recall_at_1000_diff1": -0.026463,
        "nauc_precision_at_1_max": 0.497988,
        "nauc_precision_at_1_std": 0.093551,
        "nauc_precision_at_1_diff1": 0.277345,
        "nauc_precision_at_3_max": 0.307431,
        "nauc_precision_at_3_std": 0.060703,
        "nauc_precision_at_3_diff1": 0.133636,
        "nauc_precision_at_5_max": 0.225133,
        "nauc_precision_at_5_std": 0.061579,
        "nauc_precision_at_5_diff1": 0.083918,
        "nauc_precision_at_10_max": 0.263142,
        "nauc_precision_at_10_std": 0.107172,
        "nauc_precision_at_10_diff1": 0.086763,
        "nauc_precision_at_20_max": 0.2467,
        "nauc_precision_at_20_std": 0.134061,
        "nauc_precision_at_20_diff1": 0.037257,
        "nauc_precision_at_100_max": 0.220214,
        "nauc_precision_at_100_std": 0.157556,
        "nauc_precision_at_100_diff1": 0.017063,
        "nauc_precision_at_1000_max": 0.173231,
        "nauc_precision_at_1000_std": 0.167495,
        "nauc_precision_at_1000_diff1": -0.026463,
        "nauc_mrr_at_1_max": 0.497988,
        "nauc_mrr_at_1_std": 0.093551,
        "nauc_mrr_at_1_diff1": 0.277345,
        "nauc_mrr_at_3_max": 0.385747,
        "nauc_mrr_at_3_std": 0.078689,
        "nauc_mrr_at_3_diff1": 0.192255,
        "nauc_mrr_at_5_max": 0.339182,
        "nauc_mrr_at_5_std": 0.073855,
        "nauc_mrr_at_5_diff1": 0.164316,
        "nauc_mrr_at_10_max": 0.33886,
        "nauc_mrr_at_10_std": 0.088139,
        "nauc_mrr_at_10_diff1": 0.156732,
        "nauc_mrr_at_20_max": 0.328728,
        "nauc_mrr_at_20_std": 0.096145,
        "nauc_mrr_at_20_diff1": 0.138993,
        "nauc_mrr_at_100_max": 0.316038,
        "nauc_mrr_at_100_std": 0.100354,
        "nauc_mrr_at_100_diff1": 0.129028,
        "nauc_mrr_at_1000_max": 0.311866,
        "nauc_mrr_at_1000_std": 0.10247,
        "nauc_mrr_at_1000_diff1": 0.124177,
        "main_score": 0.01677,
        "hf_subset": "default",
        "languages": [
          "eng-Latn",
          "python-Code"
        ]
      }
    ]
  },
  "evaluation_time": 19.645684719085693,
  "kg_co2_emissions": null
}