{
  "dataset_revision": "c22ab2a51041ffd869aaddef7af8d8215647e41a",
  "task_name": "ArguAna",
  "mteb_version": "1.34.8",
  "scores": {
    "test": [
      {
        "ndcg_at_1": 0.22404,
        "ndcg_at_3": 0.36203,
        "ndcg_at_5": 0.41791,
        "ndcg_at_10": 0.47831,
        "ndcg_at_20": 0.50938,
        "ndcg_at_100": 0.52441,
        "ndcg_at_1000": 0.52587,
        "map_at_1": 0.22404,
        "map_at_3": 0.32681,
        "map_at_5": 0.35779,
        "map_at_10": 0.38266,
        "map_at_20": 0.39145,
        "map_at_100": 0.39382,
        "map_at_1000": 0.39388,
        "recall_at_1": 0.22404,
        "recall_at_3": 0.46444,
        "recall_at_5": 0.60028,
        "recall_at_10": 0.78734,
        "recall_at_20": 0.90825,
        "recall_at_100": 0.98506,
        "recall_at_1000": 0.99644,
        "precision_at_1": 0.22404,
        "precision_at_3": 0.15481,
        "precision_at_5": 0.12006,
        "precision_at_10": 0.07873,
        "precision_at_20": 0.04541,
        "precision_at_100": 0.00985,
        "precision_at_1000": 0.001,
        "mrr_at_1": 0.226885,
        "mrr_at_3": 0.327643,
        "mrr_at_5": 0.35876,
        "mrr_at_10": 0.383622,
        "mrr_at_20": 0.392413,
        "mrr_at_100": 0.394792,
        "mrr_at_1000": 0.394849,
        "nauc_ndcg_at_1_max": -0.053878,
        "nauc_ndcg_at_1_std": -0.139647,
        "nauc_ndcg_at_1_diff1": 0.178579,
        "nauc_ndcg_at_3_max": -0.042532,
        "nauc_ndcg_at_3_std": -0.132102,
        "nauc_ndcg_at_3_diff1": 0.113441,
        "nauc_ndcg_at_5_max": -0.045717,
        "nauc_ndcg_at_5_std": -0.136614,
        "nauc_ndcg_at_5_diff1": 0.105418,
        "nauc_ndcg_at_10_max": -0.03573,
        "nauc_ndcg_at_10_std": -0.151554,
        "nauc_ndcg_at_10_diff1": 0.114054,
        "nauc_ndcg_at_20_max": -0.017373,
        "nauc_ndcg_at_20_std": -0.141021,
        "nauc_ndcg_at_20_diff1": 0.119008,
        "nauc_ndcg_at_100_max": -0.029358,
        "nauc_ndcg_at_100_std": -0.130658,
        "nauc_ndcg_at_100_diff1": 0.119833,
        "nauc_ndcg_at_1000_max": -0.033206,
        "nauc_ndcg_at_1000_std": -0.135264,
        "nauc_ndcg_at_1000_diff1": 0.12253,
        "nauc_map_at_1_max": -0.053878,
        "nauc_map_at_1_std": -0.139647,
        "nauc_map_at_1_diff1": 0.178579,
        "nauc_map_at_3_max": -0.043879,
        "nauc_map_at_3_std": -0.132757,
        "nauc_map_at_3_diff1": 0.127158,
        "nauc_map_at_5_max": -0.046222,
        "nauc_map_at_5_std": -0.135784,
        "nauc_map_at_5_diff1": 0.122676,
        "nauc_map_at_10_max": -0.042093,
        "nauc_map_at_10_std": -0.141494,
        "nauc_map_at_10_diff1": 0.127516,
        "nauc_map_at_20_max": -0.03791,
        "nauc_map_at_20_std": -0.138867,
        "nauc_map_at_20_diff1": 0.128825,
        "nauc_map_at_100_max": -0.039161,
        "nauc_map_at_100_std": -0.137187,
        "nauc_map_at_100_diff1": 0.129116,
        "nauc_map_at_1000_max": -0.039287,
        "nauc_map_at_1000_std": -0.137324,
        "nauc_map_at_1000_diff1": 0.1292,
        "nauc_recall_at_1_max": -0.053878,
        "nauc_recall_at_1_std": -0.139647,
        "nauc_recall_at_1_diff1": 0.178579,
        "nauc_recall_at_3_max": -0.039375,
        "nauc_recall_at_3_std": -0.13074,
        "nauc_recall_at_3_diff1": 0.077022,
        "nauc_recall_at_5_max": -0.044543,
        "nauc_recall_at_5_std": -0.139536,
        "nauc_recall_at_5_diff1": 0.054371,
        "nauc_recall_at_10_max": -0.00247,
        "nauc_recall_at_10_std": -0.207018,
        "nauc_recall_at_10_diff1": 0.056196,
        "nauc_recall_at_20_max": 0.236165,
        "nauc_recall_at_20_std": -0.152003,
        "nauc_recall_at_20_diff1": 0.049345,
        "nauc_recall_at_100_max": 0.434475,
        "nauc_recall_at_100_std": 0.547933,
        "nauc_recall_at_100_diff1": -0.272638,
        "nauc_recall_at_1000_max": -0.082543,
        "nauc_recall_at_1000_std": 0.285816,
        "nauc_recall_at_1000_diff1": -0.117578,
        "nauc_precision_at_1_max": -0.053878,
        "nauc_precision_at_1_std": -0.139647,
        "nauc_precision_at_1_diff1": 0.178579,
        "nauc_precision_at_3_max": -0.039375,
        "nauc_precision_at_3_std": -0.13074,
        "nauc_precision_at_3_diff1": 0.077022,
        "nauc_precision_at_5_max": -0.044543,
        "nauc_precision_at_5_std": -0.139536,
        "nauc_precision_at_5_diff1": 0.054371,
        "nauc_precision_at_10_max": -0.00247,
        "nauc_precision_at_10_std": -0.207018,
        "nauc_precision_at_10_diff1": 0.056196,
        "nauc_precision_at_20_max": 0.236165,
        "nauc_precision_at_20_std": -0.152003,
        "nauc_precision_at_20_diff1": 0.049345,
        "nauc_precision_at_100_max": 0.434475,
        "nauc_precision_at_100_std": 0.547933,
        "nauc_precision_at_100_diff1": -0.272638,
        "nauc_precision_at_1000_max": -0.082543,
        "nauc_precision_at_1000_std": 0.285816,
        "nauc_precision_at_1000_diff1": -0.117578,
        "nauc_mrr_at_1_max": -0.053115,
        "nauc_mrr_at_1_std": -0.130757,
        "nauc_mrr_at_1_diff1": 0.16829,
        "nauc_mrr_at_3_max": -0.050987,
        "nauc_mrr_at_3_std": -0.131079,
        "nauc_mrr_at_3_diff1": 0.114653,
        "nauc_mrr_at_5_max": -0.051819,
        "nauc_mrr_at_5_std": -0.133043,
        "nauc_mrr_at_5_diff1": 0.111296,
        "nauc_mrr_at_10_max": -0.047321,
        "nauc_mrr_at_10_std": -0.138743,
        "nauc_mrr_at_10_diff1": 0.115887,
        "nauc_mrr_at_20_max": -0.043403,
        "nauc_mrr_at_20_std": -0.136058,
        "nauc_mrr_at_20_diff1": 0.116811,
        "nauc_mrr_at_100_max": -0.044701,
        "nauc_mrr_at_100_std": -0.134359,
        "nauc_mrr_at_100_diff1": 0.116985,
        "nauc_mrr_at_1000_max": -0.044827,
        "nauc_mrr_at_1000_std": -0.134495,
        "nauc_mrr_at_1000_diff1": 0.117067,
        "main_score": 0.47831,
        "hf_subset": "default",
        "languages": [
          "eng-Latn"
        ]
      }
    ]
  },
  "evaluation_time": 10.606410026550293,
  "kg_co2_emissions": null
}