{
  "dataset_revision": "5d958fb6b31055495347724d46431ba41309b03a",
  "task_name": "ChemNQRetrieval",
  "mteb_version": "1.34.8",
  "scores": {
    "test": [
      {
        "ndcg_at_1": 0.33333,
        "ndcg_at_3": 0.51669,
        "ndcg_at_5": 0.53526,
        "ndcg_at_10": 0.59206,
        "ndcg_at_20": 0.61161,
        "ndcg_at_100": 0.62387,
        "ndcg_at_1000": 0.6285,
        "map_at_1": 0.2963,
        "map_at_3": 0.45988,
        "map_at_5": 0.47284,
        "map_at_10": 0.50093,
        "map_at_20": 0.50934,
        "map_at_100": 0.51051,
        "map_at_1000": 0.51066,
        "recall_at_1": 0.2963,
        "recall_at_3": 0.62346,
        "recall_at_5": 0.66049,
        "recall_at_10": 0.82716,
        "recall_at_20": 0.88889,
        "recall_at_100": 0.96296,
        "recall_at_1000": 1.0,
        "precision_at_1": 0.33333,
        "precision_at_3": 0.25926,
        "precision_at_5": 0.17037,
        "precision_at_10": 0.10741,
        "precision_at_20": 0.05926,
        "precision_at_100": 0.01259,
        "precision_at_1000": 0.0013,
        "mrr_at_1": 0.333333,
        "mrr_at_3": 0.512346,
        "mrr_at_5": 0.519753,
        "mrr_at_10": 0.534259,
        "mrr_at_20": 0.537346,
        "mrr_at_100": 0.538513,
        "mrr_at_1000": 0.538658,
        "nauc_ndcg_at_1_max": 0.16745,
        "nauc_ndcg_at_1_std": -0.157326,
        "nauc_ndcg_at_1_diff1": 0.246811,
        "nauc_ndcg_at_3_max": 0.264587,
        "nauc_ndcg_at_3_std": -0.073193,
        "nauc_ndcg_at_3_diff1": 0.069554,
        "nauc_ndcg_at_5_max": 0.28851,
        "nauc_ndcg_at_5_std": -0.089606,
        "nauc_ndcg_at_5_diff1": 0.069624,
        "nauc_ndcg_at_10_max": 0.314997,
        "nauc_ndcg_at_10_std": -0.088897,
        "nauc_ndcg_at_10_diff1": 0.179132,
        "nauc_ndcg_at_20_max": 0.297623,
        "nauc_ndcg_at_20_std": -0.122843,
        "nauc_ndcg_at_20_diff1": 0.192139,
        "nauc_ndcg_at_100_max": 0.27311,
        "nauc_ndcg_at_100_std": -0.153783,
        "nauc_ndcg_at_100_diff1": 0.177817,
        "nauc_ndcg_at_1000_max": 0.267355,
        "nauc_ndcg_at_1000_std": -0.132344,
        "nauc_ndcg_at_1000_diff1": 0.174162,
        "nauc_map_at_1_max": 0.069736,
        "nauc_map_at_1_std": -0.164665,
        "nauc_map_at_1_diff1": 0.201474,
        "nauc_map_at_3_max": 0.192319,
        "nauc_map_at_3_std": -0.095896,
        "nauc_map_at_3_diff1": 0.084369,
        "nauc_map_at_5_max": 0.200905,
        "nauc_map_at_5_std": -0.113378,
        "nauc_map_at_5_diff1": 0.095305,
        "nauc_map_at_10_max": 0.226329,
        "nauc_map_at_10_std": -0.116656,
        "nauc_map_at_10_diff1": 0.150149,
        "nauc_map_at_20_max": 0.216661,
        "nauc_map_at_20_std": -0.129661,
        "nauc_map_at_20_diff1": 0.155309,
        "nauc_map_at_100_max": 0.214614,
        "nauc_map_at_100_std": -0.131762,
        "nauc_map_at_100_diff1": 0.154384,
        "nauc_map_at_1000_max": 0.214438,
        "nauc_map_at_1000_std": -0.131209,
        "nauc_map_at_1000_diff1": 0.15428,
        "nauc_recall_at_1_max": 0.069736,
        "nauc_recall_at_1_std": -0.164665,
        "nauc_recall_at_1_diff1": 0.201474,
        "nauc_recall_at_3_max": 0.381997,
        "nauc_recall_at_3_std": 0.035179,
        "nauc_recall_at_3_diff1": -0.061092,
        "nauc_recall_at_5_max": 0.438744,
        "nauc_recall_at_5_std": 0.01221,
        "nauc_recall_at_5_diff1": -0.075313,
        "nauc_recall_at_10_max": 0.638861,
        "nauc_recall_at_10_std": 0.082961,
        "nauc_recall_at_10_diff1": 0.300167,
        "nauc_recall_at_20_max": 0.704053,
        "nauc_recall_at_20_std": -0.075688,
        "nauc_recall_at_20_diff1": 0.446134,
        "nauc_recall_at_100_max": 0.556079,
        "nauc_recall_at_100_std": -1.207917,
        "nauc_recall_at_100_diff1": 0.35755,
        "nauc_recall_at_1000_max": NaN,
        "nauc_recall_at_1000_std": NaN,
        "nauc_recall_at_1000_diff1": NaN,
        "nauc_precision_at_1_max": 0.16745,
        "nauc_precision_at_1_std": -0.157326,
        "nauc_precision_at_1_diff1": 0.246811,
        "nauc_precision_at_3_max": 0.392479,
        "nauc_precision_at_3_std": -0.125932,
        "nauc_precision_at_3_diff1": 0.103359,
        "nauc_precision_at_5_max": 0.397869,
        "nauc_precision_at_5_std": -0.14812,
        "nauc_precision_at_5_diff1": 0.080938,
        "nauc_precision_at_10_max": 0.441385,
        "nauc_precision_at_10_std": -0.108907,
        "nauc_precision_at_10_diff1": 0.245845,
        "nauc_precision_at_20_max": 0.285481,
        "nauc_precision_at_20_std": -0.176675,
        "nauc_precision_at_20_diff1": 0.23721,
        "nauc_precision_at_100_max": 0.199896,
        "nauc_precision_at_100_std": -0.292588,
        "nauc_precision_at_100_diff1": 0.193212,
        "nauc_precision_at_1000_max": 0.166008,
        "nauc_precision_at_1000_std": -0.2055,
        "nauc_precision_at_1000_diff1": 0.177576,
        "nauc_mrr_at_1_max": 0.16745,
        "nauc_mrr_at_1_std": -0.157326,
        "nauc_mrr_at_1_diff1": 0.246811,
        "nauc_mrr_at_3_max": 0.277178,
        "nauc_mrr_at_3_std": -0.115289,
        "nauc_mrr_at_3_diff1": 0.163284,
        "nauc_mrr_at_5_max": 0.296124,
        "nauc_mrr_at_5_std": -0.11303,
        "nauc_mrr_at_5_diff1": 0.148454,
        "nauc_mrr_at_10_max": 0.279019,
        "nauc_mrr_at_10_std": -0.114195,
        "nauc_mrr_at_10_diff1": 0.186757,
        "nauc_mrr_at_20_max": 0.277784,
        "nauc_mrr_at_20_std": -0.119079,
        "nauc_mrr_at_20_diff1": 0.187279,
        "nauc_mrr_at_100_max": 0.276018,
        "nauc_mrr_at_100_std": -0.121103,
        "nauc_mrr_at_100_diff1": 0.186499,
        "nauc_mrr_at_1000_max": 0.275876,
        "nauc_mrr_at_1000_std": -0.120554,
        "nauc_mrr_at_1000_diff1": 0.186413,
        "main_score": 0.59206,
        "hf_subset": "default",
        "languages": [
          "eng-Latn"
        ]
      }
    ]
  },
  "evaluation_time": 11.508654356002808,
  "kg_co2_emissions": null
}