{
  "dataset_revision": "4adc7bc41202b5c13543c9c886a25f340634dab3",
  "task_name": "COIRCodeSearchNetRetrieval",
  "mteb_version": "1.34.8",
  "scores": {
    "test": [
      {
        "ndcg_at_1": 0.7066,
        "ndcg_at_3": 0.76223,
        "ndcg_at_5": 0.77357,
        "ndcg_at_10": 0.78324,
        "ndcg_at_20": 0.78964,
        "ndcg_at_100": 0.7985,
        "ndcg_at_1000": 0.80383,
        "map_at_1": 0.7066,
        "map_at_3": 0.74907,
        "map_at_5": 0.75538,
        "map_at_10": 0.7594,
        "map_at_20": 0.76117,
        "map_at_100": 0.76241,
        "map_at_1000": 0.7626,
        "recall_at_1": 0.7066,
        "recall_at_3": 0.80011,
        "recall_at_5": 0.82759,
        "recall_at_10": 0.85729,
        "recall_at_20": 0.88249,
        "recall_at_100": 0.93015,
        "recall_at_1000": 0.97278,
        "precision_at_1": 0.7066,
        "precision_at_3": 0.2667,
        "precision_at_5": 0.16552,
        "precision_at_10": 0.08573,
        "precision_at_20": 0.04412,
        "precision_at_100": 0.0093,
        "precision_at_1000": 0.00097,
        "mrr_at_1": 0.706596,
        "mrr_at_3": 0.749073,
        "mrr_at_5": 0.755377,
        "mrr_at_10": 0.759402,
        "mrr_at_20": 0.761175,
        "mrr_at_100": 0.762407,
        "mrr_at_1000": 0.762599,
        "nauc_ndcg_at_1_max": 0.716646,
        "nauc_ndcg_at_1_std": 0.089127,
        "nauc_ndcg_at_1_diff1": 0.850001,
        "nauc_ndcg_at_3_max": 0.743556,
        "nauc_ndcg_at_3_std": 0.13427,
        "nauc_ndcg_at_3_diff1": 0.817409,
        "nauc_ndcg_at_5_max": 0.745352,
        "nauc_ndcg_at_5_std": 0.146076,
        "nauc_ndcg_at_5_diff1": 0.818151,
        "nauc_ndcg_at_10_max": 0.744902,
        "nauc_ndcg_at_10_std": 0.155593,
        "nauc_ndcg_at_10_diff1": 0.81691,
        "nauc_ndcg_at_20_max": 0.744186,
        "nauc_ndcg_at_20_std": 0.160095,
        "nauc_ndcg_at_20_diff1": 0.816001,
        "nauc_ndcg_at_100_max": 0.743408,
        "nauc_ndcg_at_100_std": 0.162646,
        "nauc_ndcg_at_100_diff1": 0.817517,
        "nauc_ndcg_at_1000_max": 0.742018,
        "nauc_ndcg_at_1000_std": 0.15586,
        "nauc_ndcg_at_1000_diff1": 0.819564,
        "nauc_map_at_1_max": 0.716646,
        "nauc_map_at_1_std": 0.089127,
        "nauc_map_at_1_diff1": 0.850001,
        "nauc_map_at_3_max": 0.737169,
        "nauc_map_at_3_std": 0.121865,
        "nauc_map_at_3_diff1": 0.826186,
        "nauc_map_at_5_max": 0.737993,
        "nauc_map_at_5_std": 0.12774,
        "nauc_map_at_5_diff1": 0.826855,
        "nauc_map_at_10_max": 0.73778,
        "nauc_map_at_10_std": 0.131202,
        "nauc_map_at_10_diff1": 0.826562,
        "nauc_map_at_20_max": 0.737577,
        "nauc_map_at_20_std": 0.132181,
        "nauc_map_at_20_diff1": 0.826409,
        "nauc_map_at_100_max": 0.737401,
        "nauc_map_at_100_std": 0.132535,
        "nauc_map_at_100_diff1": 0.826572,
        "nauc_map_at_1000_max": 0.737347,
        "nauc_map_at_1000_std": 0.132318,
        "nauc_map_at_1000_diff1": 0.82664,
        "nauc_recall_at_1_max": 0.716646,
        "nauc_recall_at_1_std": 0.089127,
        "nauc_recall_at_1_diff1": 0.850001,
        "nauc_recall_at_3_max": 0.765136,
        "nauc_recall_at_3_std": 0.177144,
        "nauc_recall_at_3_diff1": 0.787161,
        "nauc_recall_at_5_max": 0.773486,
        "nauc_recall_at_5_std": 0.219089,
        "nauc_recall_at_5_diff1": 0.784637,
        "nauc_recall_at_10_max": 0.776167,
        "nauc_recall_at_10_std": 0.273412,
        "nauc_recall_at_10_diff1": 0.772568,
        "nauc_recall_at_20_max": 0.777096,
        "nauc_recall_at_20_std": 0.324554,
        "nauc_recall_at_20_diff1": 0.758211,
        "nauc_recall_at_100_max": 0.789372,
        "nauc_recall_at_100_std": 0.458266,
        "nauc_recall_at_100_diff1": 0.744877,
        "nauc_recall_at_1000_max": 0.791538,
        "nauc_recall_at_1000_std": 0.563797,
        "nauc_recall_at_1000_diff1": 0.737147,
        "nauc_precision_at_1_max": 0.716646,
        "nauc_precision_at_1_std": 0.089127,
        "nauc_precision_at_1_diff1": 0.850001,
        "nauc_precision_at_3_max": 0.765136,
        "nauc_precision_at_3_std": 0.177144,
        "nauc_precision_at_3_diff1": 0.787161,
        "nauc_precision_at_5_max": 0.773486,
        "nauc_precision_at_5_std": 0.219089,
        "nauc_precision_at_5_diff1": 0.784637,
        "nauc_precision_at_10_max": 0.776167,
        "nauc_precision_at_10_std": 0.273412,
        "nauc_precision_at_10_diff1": 0.772568,
        "nauc_precision_at_20_max": 0.777096,
        "nauc_precision_at_20_std": 0.324554,
        "nauc_precision_at_20_diff1": 0.758211,
        "nauc_precision_at_100_max": 0.789372,
        "nauc_precision_at_100_std": 0.458266,
        "nauc_precision_at_100_diff1": 0.744877,
        "nauc_precision_at_1000_max": 0.791538,
        "nauc_precision_at_1000_std": 0.563797,
        "nauc_precision_at_1000_diff1": 0.737147,
        "nauc_mrr_at_1_max": 0.716646,
        "nauc_mrr_at_1_std": 0.089127,
        "nauc_mrr_at_1_diff1": 0.850001,
        "nauc_mrr_at_3_max": 0.737169,
        "nauc_mrr_at_3_std": 0.121865,
        "nauc_mrr_at_3_diff1": 0.826186,
        "nauc_mrr_at_5_max": 0.737993,
        "nauc_mrr_at_5_std": 0.12774,
        "nauc_mrr_at_5_diff1": 0.826855,
        "nauc_mrr_at_10_max": 0.73778,
        "nauc_mrr_at_10_std": 0.131202,
        "nauc_mrr_at_10_diff1": 0.826562,
        "nauc_mrr_at_20_max": 0.737577,
        "nauc_mrr_at_20_std": 0.132181,
        "nauc_mrr_at_20_diff1": 0.826409,
        "nauc_mrr_at_100_max": 0.737401,
        "nauc_mrr_at_100_std": 0.132535,
        "nauc_mrr_at_100_diff1": 0.826572,
        "nauc_mrr_at_1000_max": 0.737347,
        "nauc_mrr_at_1000_std": 0.132318,
        "nauc_mrr_at_1000_diff1": 0.82664,
        "main_score": 0.78324,
        "hf_subset": "python",
        "languages": [
          "python-Code"
        ]
      }
    ]
  },
  "evaluation_time": 210.52399063110352,
  "kg_co2_emissions": null
}