{
  "dataset_revision": "27a168819829fe9bcd655c2df245fb19452e8e06",
  "task_name": "FiQA2018",
  "mteb_version": "1.34.8",
  "scores": {
    "test": [
      {
        "ndcg_at_1": 0.37037,
        "ndcg_at_3": 0.34473,
        "ndcg_at_5": 0.35226,
        "ndcg_at_10": 0.38668,
        "ndcg_at_20": 0.41722,
        "ndcg_at_100": 0.45971,
        "ndcg_at_1000": 0.49211,
        "map_at_1": 0.18093,
        "map_at_3": 0.26207,
        "map_at_5": 0.28211,
        "map_at_10": 0.30476,
        "map_at_20": 0.31648,
        "map_at_100": 0.32525,
        "map_at_1000": 0.32725,
        "recall_at_1": 0.18093,
        "recall_at_3": 0.31422,
        "recall_at_5": 0.36329,
        "recall_at_10": 0.46523,
        "recall_at_20": 0.55955,
        "recall_at_100": 0.73373,
        "recall_at_1000": 0.9282,
        "precision_at_1": 0.37037,
        "precision_at_3": 0.23251,
        "precision_at_5": 0.16944,
        "precision_at_10": 0.11219,
        "precision_at_20": 0.0686,
        "precision_at_100": 0.01855,
        "precision_at_1000": 0.00242,
        "mrr_at_1": 0.37037,
        "mrr_at_3": 0.438014,
        "mrr_at_5": 0.450129,
        "mrr_at_10": 0.463251,
        "mrr_at_20": 0.469242,
        "mrr_at_100": 0.472384,
        "mrr_at_1000": 0.472839,
        "nauc_ndcg_at_1_max": 0.350463,
        "nauc_ndcg_at_1_std": -0.0044,
        "nauc_ndcg_at_1_diff1": 0.388977,
        "nauc_ndcg_at_3_max": 0.316729,
        "nauc_ndcg_at_3_std": -0.013988,
        "nauc_ndcg_at_3_diff1": 0.314306,
        "nauc_ndcg_at_5_max": 0.306581,
        "nauc_ndcg_at_5_std": -0.013001,
        "nauc_ndcg_at_5_diff1": 0.304367,
        "nauc_ndcg_at_10_max": 0.30634,
        "nauc_ndcg_at_10_std": -0.008589,
        "nauc_ndcg_at_10_diff1": 0.295807,
        "nauc_ndcg_at_20_max": 0.313461,
        "nauc_ndcg_at_20_std": 0.009034,
        "nauc_ndcg_at_20_diff1": 0.292654,
        "nauc_ndcg_at_100_max": 0.338646,
        "nauc_ndcg_at_100_std": 0.042796,
        "nauc_ndcg_at_100_diff1": 0.286233,
        "nauc_ndcg_at_1000_max": 0.341645,
        "nauc_ndcg_at_1000_std": 0.030746,
        "nauc_ndcg_at_1000_diff1": 0.297999,
        "nauc_map_at_1_max": 0.244306,
        "nauc_map_at_1_std": -0.04373,
        "nauc_map_at_1_diff1": 0.368447,
        "nauc_map_at_3_max": 0.267541,
        "nauc_map_at_3_std": -0.035861,
        "nauc_map_at_3_diff1": 0.316606,
        "nauc_map_at_5_max": 0.282919,
        "nauc_map_at_5_std": -0.031825,
        "nauc_map_at_5_diff1": 0.310711,
        "nauc_map_at_10_max": 0.295307,
        "nauc_map_at_10_std": -0.026916,
        "nauc_map_at_10_diff1": 0.307291,
        "nauc_map_at_20_max": 0.29892,
        "nauc_map_at_20_std": -0.019966,
        "nauc_map_at_20_diff1": 0.306339,
        "nauc_map_at_100_max": 0.306611,
        "nauc_map_at_100_std": -0.011751,
        "nauc_map_at_100_diff1": 0.306064,
        "nauc_map_at_1000_max": 0.307216,
        "nauc_map_at_1000_std": -0.011894,
        "nauc_map_at_1000_diff1": 0.306323,
        "nauc_recall_at_1_max": 0.244306,
        "nauc_recall_at_1_std": -0.04373,
        "nauc_recall_at_1_diff1": 0.368447,
        "nauc_recall_at_3_max": 0.230212,
        "nauc_recall_at_3_std": -0.015278,
        "nauc_recall_at_3_diff1": 0.248671,
        "nauc_recall_at_5_max": 0.240141,
        "nauc_recall_at_5_std": -0.002871,
        "nauc_recall_at_5_diff1": 0.229073,
        "nauc_recall_at_10_max": 0.225772,
        "nauc_recall_at_10_std": -0.006911,
        "nauc_recall_at_10_diff1": 0.187532,
        "nauc_recall_at_20_max": 0.232575,
        "nauc_recall_at_20_std": 0.038776,
        "nauc_recall_at_20_diff1": 0.163567,
        "nauc_recall_at_100_max": 0.30065,
        "nauc_recall_at_100_std": 0.203564,
        "nauc_recall_at_100_diff1": 0.086342,
        "nauc_recall_at_1000_max": 0.35966,
        "nauc_recall_at_1000_std": 0.216839,
        "nauc_recall_at_1000_diff1": 0.093338,
        "nauc_precision_at_1_max": 0.350463,
        "nauc_precision_at_1_std": -0.0044,
        "nauc_precision_at_1_diff1": 0.388977,
        "nauc_precision_at_3_max": 0.313339,
        "nauc_precision_at_3_std": -0.000221,
        "nauc_precision_at_3_diff1": 0.216775,
        "nauc_precision_at_5_max": 0.324293,
        "nauc_precision_at_5_std": 0.015481,
        "nauc_precision_at_5_diff1": 0.180903,
        "nauc_precision_at_10_max": 0.331678,
        "nauc_precision_at_10_std": 0.058113,
        "nauc_precision_at_10_diff1": 0.138704,
        "nauc_precision_at_20_max": 0.317036,
        "nauc_precision_at_20_std": 0.109591,
        "nauc_precision_at_20_diff1": 0.105201,
        "nauc_precision_at_100_max": 0.312987,
        "nauc_precision_at_100_std": 0.177093,
        "nauc_precision_at_100_diff1": 0.035246,
        "nauc_precision_at_1000_max": 0.23187,
        "nauc_precision_at_1000_std": 0.120433,
        "nauc_precision_at_1000_diff1": 0.004824,
        "nauc_mrr_at_1_max": 0.350463,
        "nauc_mrr_at_1_std": -0.0044,
        "nauc_mrr_at_1_diff1": 0.388977,
        "nauc_mrr_at_3_max": 0.335222,
        "nauc_mrr_at_3_std": 0.006212,
        "nauc_mrr_at_3_diff1": 0.347272,
        "nauc_mrr_at_5_max": 0.338423,
        "nauc_mrr_at_5_std": 0.012343,
        "nauc_mrr_at_5_diff1": 0.343486,
        "nauc_mrr_at_10_max": 0.338286,
        "nauc_mrr_at_10_std": 0.01099,
        "nauc_mrr_at_10_diff1": 0.340902,
        "nauc_mrr_at_20_max": 0.340967,
        "nauc_mrr_at_20_std": 0.015065,
        "nauc_mrr_at_20_diff1": 0.340506,
        "nauc_mrr_at_100_max": 0.341883,
        "nauc_mrr_at_100_std": 0.016596,
        "nauc_mrr_at_100_diff1": 0.339799,
        "nauc_mrr_at_1000_max": 0.341775,
        "nauc_mrr_at_1000_std": 0.016147,
        "nauc_mrr_at_1000_diff1": 0.34024,
        "main_score": 0.38668,
        "hf_subset": "default",
        "languages": [
          "eng-Latn"
        ]
      }
    ]
  },
  "evaluation_time": 43.8296594619751,
  "kg_co2_emissions": null
}