{
  "dataset_revision": "ec0fa4fe99da2ff19ca1214b7966684033a58814",
  "task_name": "NFCorpus",
  "mteb_version": "1.34.8",
  "scores": {
    "test": [
      {
        "ndcg_at_1": 0.32972,
        "ndcg_at_3": 0.30593,
        "ndcg_at_5": 0.28402,
        "ndcg_at_10": 0.2619,
        "ndcg_at_20": 0.24454,
        "ndcg_at_100": 0.24898,
        "ndcg_at_1000": 0.33864,
        "map_at_1": 0.03169,
        "map_at_3": 0.05591,
        "map_at_5": 0.06737,
        "map_at_10": 0.08218,
        "map_at_20": 0.09296,
        "map_at_100": 0.10974,
        "map_at_1000": 0.12352,
        "recall_at_1": 0.03169,
        "recall_at_3": 0.06496,
        "recall_at_5": 0.08647,
        "recall_at_10": 0.12151,
        "recall_at_20": 0.15478,
        "recall_at_100": 0.26702,
        "recall_at_1000": 0.58472,
        "precision_at_1": 0.34985,
        "precision_at_3": 0.30031,
        "precision_at_5": 0.2582,
        "precision_at_10": 0.20619,
        "precision_at_20": 0.15279,
        "precision_at_100": 0.07074,
        "precision_at_1000": 0.01975,
        "mrr_at_1": 0.356037,
        "mrr_at_3": 0.422085,
        "mrr_at_5": 0.430444,
        "mrr_at_10": 0.43964,
        "mrr_at_20": 0.444878,
        "mrr_at_100": 0.447837,
        "mrr_at_1000": 0.448405,
        "nauc_ndcg_at_1_max": 0.419413,
        "nauc_ndcg_at_1_std": 0.153246,
        "nauc_ndcg_at_1_diff1": 0.42664,
        "nauc_ndcg_at_3_max": 0.433421,
        "nauc_ndcg_at_3_std": 0.212233,
        "nauc_ndcg_at_3_diff1": 0.276193,
        "nauc_ndcg_at_5_max": 0.44994,
        "nauc_ndcg_at_5_std": 0.231332,
        "nauc_ndcg_at_5_diff1": 0.260887,
        "nauc_ndcg_at_10_max": 0.457547,
        "nauc_ndcg_at_10_std": 0.26047,
        "nauc_ndcg_at_10_diff1": 0.217502,
        "nauc_ndcg_at_20_max": 0.465379,
        "nauc_ndcg_at_20_std": 0.282647,
        "nauc_ndcg_at_20_diff1": 0.211903,
        "nauc_ndcg_at_100_max": 0.531218,
        "nauc_ndcg_at_100_std": 0.356612,
        "nauc_ndcg_at_100_diff1": 0.233124,
        "nauc_ndcg_at_1000_max": 0.579683,
        "nauc_ndcg_at_1000_std": 0.430148,
        "nauc_ndcg_at_1000_diff1": 0.256636,
        "nauc_map_at_1_max": 0.401774,
        "nauc_map_at_1_std": 0.04648,
        "nauc_map_at_1_diff1": 0.469295,
        "nauc_map_at_3_max": 0.359925,
        "nauc_map_at_3_std": 0.05835,
        "nauc_map_at_3_diff1": 0.335123,
        "nauc_map_at_5_max": 0.391705,
        "nauc_map_at_5_std": 0.089798,
        "nauc_map_at_5_diff1": 0.323007,
        "nauc_map_at_10_max": 0.427424,
        "nauc_map_at_10_std": 0.135774,
        "nauc_map_at_10_diff1": 0.292315,
        "nauc_map_at_20_max": 0.460086,
        "nauc_map_at_20_std": 0.185615,
        "nauc_map_at_20_diff1": 0.267055,
        "nauc_map_at_100_max": 0.495259,
        "nauc_map_at_100_std": 0.250644,
        "nauc_map_at_100_diff1": 0.254824,
        "nauc_map_at_1000_max": 0.498396,
        "nauc_map_at_1000_std": 0.281803,
        "nauc_map_at_1000_diff1": 0.245909,
        "nauc_recall_at_1_max": 0.401774,
        "nauc_recall_at_1_std": 0.04648,
        "nauc_recall_at_1_diff1": 0.469295,
        "nauc_recall_at_3_max": 0.305772,
        "nauc_recall_at_3_std": 0.041151,
        "nauc_recall_at_3_diff1": 0.278873,
        "nauc_recall_at_5_max": 0.312652,
        "nauc_recall_at_5_std": 0.068373,
        "nauc_recall_at_5_diff1": 0.235436,
        "nauc_recall_at_10_max": 0.291159,
        "nauc_recall_at_10_std": 0.081422,
        "nauc_recall_at_10_diff1": 0.173236,
        "nauc_recall_at_20_max": 0.33594,
        "nauc_recall_at_20_std": 0.155505,
        "nauc_recall_at_20_diff1": 0.169834,
        "nauc_recall_at_100_max": 0.401095,
        "nauc_recall_at_100_std": 0.315125,
        "nauc_recall_at_100_diff1": 0.114312,
        "nauc_recall_at_1000_max": 0.379571,
        "nauc_recall_at_1000_std": 0.357179,
        "nauc_recall_at_1000_diff1": 0.135406,
        "nauc_precision_at_1_max": 0.437701,
        "nauc_precision_at_1_std": 0.171096,
        "nauc_precision_at_1_diff1": 0.407019,
        "nauc_precision_at_3_max": 0.433211,
        "nauc_precision_at_3_std": 0.257764,
        "nauc_precision_at_3_diff1": 0.184313,
        "nauc_precision_at_5_max": 0.446698,
        "nauc_precision_at_5_std": 0.294046,
        "nauc_precision_at_5_diff1": 0.162411,
        "nauc_precision_at_10_max": 0.43812,
        "nauc_precision_at_10_std": 0.338688,
        "nauc_precision_at_10_diff1": 0.104486,
        "nauc_precision_at_20_max": 0.398517,
        "nauc_precision_at_20_std": 0.361529,
        "nauc_precision_at_20_diff1": 0.057101,
        "nauc_precision_at_100_max": 0.267015,
        "nauc_precision_at_100_std": 0.335339,
        "nauc_precision_at_100_diff1": -0.009212,
        "nauc_precision_at_1000_max": 0.0606,
        "nauc_precision_at_1000_std": 0.19014,
        "nauc_precision_at_1000_diff1": -0.059403,
        "nauc_mrr_at_1_max": 0.43426,
        "nauc_mrr_at_1_std": 0.172377,
        "nauc_mrr_at_1_diff1": 0.38838,
        "nauc_mrr_at_3_max": 0.47229,
        "nauc_mrr_at_3_std": 0.227674,
        "nauc_mrr_at_3_diff1": 0.347138,
        "nauc_mrr_at_5_max": 0.473012,
        "nauc_mrr_at_5_std": 0.231981,
        "nauc_mrr_at_5_diff1": 0.343554,
        "nauc_mrr_at_10_max": 0.472513,
        "nauc_mrr_at_10_std": 0.237827,
        "nauc_mrr_at_10_diff1": 0.337569,
        "nauc_mrr_at_20_max": 0.475171,
        "nauc_mrr_at_20_std": 0.244693,
        "nauc_mrr_at_20_diff1": 0.337446,
        "nauc_mrr_at_100_max": 0.476395,
        "nauc_mrr_at_100_std": 0.245106,
        "nauc_mrr_at_100_diff1": 0.338274,
        "nauc_mrr_at_1000_max": 0.475943,
        "nauc_mrr_at_1000_std": 0.244502,
        "nauc_mrr_at_1000_diff1": 0.338253,
        "main_score": 0.2619,
        "hf_subset": "default",
        "languages": [
          "eng-Latn"
        ]
      }
    ]
  },
  "evaluation_time": 5.416537523269653,
  "kg_co2_emissions": null
}