{
  "dataset_revision": "f8c2fcf00f625baaa80f62ec5bd9e1fff3b8ae88",
  "task_name": "SCIDOCS",
  "mteb_version": "1.34.8",
  "scores": {
    "test": [
      {
        "ndcg_at_1": 0.238,
        "ndcg_at_3": 0.20242,
        "ndcg_at_5": 0.17682,
        "ndcg_at_10": 0.21694,
        "ndcg_at_20": 0.25201,
        "ndcg_at_100": 0.31425,
        "ndcg_at_1000": 0.37274,
        "map_at_1": 0.04828,
        "map_at_3": 0.09058,
        "map_at_5": 0.10867,
        "map_at_10": 0.12971,
        "map_at_20": 0.14325,
        "map_at_100": 0.15644,
        "map_at_1000": 0.16015,
        "recall_at_1": 0.04828,
        "recall_at_3": 0.11712,
        "recall_at_5": 0.15887,
        "recall_at_10": 0.23272,
        "recall_at_20": 0.315,
        "recall_at_100": 0.51685,
        "recall_at_1000": 0.80057,
        "precision_at_1": 0.238,
        "precision_at_3": 0.192,
        "precision_at_5": 0.1564,
        "precision_at_10": 0.1148,
        "precision_at_20": 0.07755,
        "precision_at_100": 0.02544,
        "precision_at_1000": 0.00394,
        "mrr_at_1": 0.238,
        "mrr_at_3": 0.324333,
        "mrr_at_5": 0.342683,
        "mrr_at_10": 0.357051,
        "mrr_at_20": 0.364653,
        "mrr_at_100": 0.369137,
        "mrr_at_1000": 0.369547,
        "nauc_ndcg_at_1_max": 0.25283,
        "nauc_ndcg_at_1_std": 0.092623,
        "nauc_ndcg_at_1_diff1": 0.193015,
        "nauc_ndcg_at_3_max": 0.316529,
        "nauc_ndcg_at_3_std": 0.103325,
        "nauc_ndcg_at_3_diff1": 0.159165,
        "nauc_ndcg_at_5_max": 0.334682,
        "nauc_ndcg_at_5_std": 0.104211,
        "nauc_ndcg_at_5_diff1": 0.156362,
        "nauc_ndcg_at_10_max": 0.369953,
        "nauc_ndcg_at_10_std": 0.152542,
        "nauc_ndcg_at_10_diff1": 0.142132,
        "nauc_ndcg_at_20_max": 0.390543,
        "nauc_ndcg_at_20_std": 0.193308,
        "nauc_ndcg_at_20_diff1": 0.137451,
        "nauc_ndcg_at_100_max": 0.412692,
        "nauc_ndcg_at_100_std": 0.246722,
        "nauc_ndcg_at_100_diff1": 0.136013,
        "nauc_ndcg_at_1000_max": 0.40295,
        "nauc_ndcg_at_1000_std": 0.245139,
        "nauc_ndcg_at_1000_diff1": 0.1364,
        "nauc_map_at_1_max": 0.254267,
        "nauc_map_at_1_std": 0.091118,
        "nauc_map_at_1_diff1": 0.195031,
        "nauc_map_at_3_max": 0.303812,
        "nauc_map_at_3_std": 0.088846,
        "nauc_map_at_3_diff1": 0.160597,
        "nauc_map_at_5_max": 0.31351,
        "nauc_map_at_5_std": 0.086217,
        "nauc_map_at_5_diff1": 0.150409,
        "nauc_map_at_10_max": 0.347672,
        "nauc_map_at_10_std": 0.128568,
        "nauc_map_at_10_diff1": 0.135063,
        "nauc_map_at_20_max": 0.364171,
        "nauc_map_at_20_std": 0.153954,
        "nauc_map_at_20_diff1": 0.131568,
        "nauc_map_at_100_max": 0.375682,
        "nauc_map_at_100_std": 0.176445,
        "nauc_map_at_100_diff1": 0.131622,
        "nauc_map_at_1000_max": 0.375163,
        "nauc_map_at_1000_std": 0.177449,
        "nauc_map_at_1000_diff1": 0.131075,
        "nauc_recall_at_1_max": 0.254267,
        "nauc_recall_at_1_std": 0.091118,
        "nauc_recall_at_1_diff1": 0.195031,
        "nauc_recall_at_3_max": 0.338304,
        "nauc_recall_at_3_std": 0.106696,
        "nauc_recall_at_3_diff1": 0.141955,
        "nauc_recall_at_5_max": 0.350362,
        "nauc_recall_at_5_std": 0.104203,
        "nauc_recall_at_5_diff1": 0.13119,
        "nauc_recall_at_10_max": 0.392142,
        "nauc_recall_at_10_std": 0.18541,
        "nauc_recall_at_10_diff1": 0.102262,
        "nauc_recall_at_20_max": 0.410715,
        "nauc_recall_at_20_std": 0.259017,
        "nauc_recall_at_20_diff1": 0.091937,
        "nauc_recall_at_100_max": 0.413394,
        "nauc_recall_at_100_std": 0.365019,
        "nauc_recall_at_100_diff1": 0.072943,
        "nauc_recall_at_1000_max": 0.351895,
        "nauc_recall_at_1000_std": 0.407908,
        "nauc_recall_at_1000_diff1": 0.045517,
        "nauc_precision_at_1_max": 0.25283,
        "nauc_precision_at_1_std": 0.092623,
        "nauc_precision_at_1_diff1": 0.193015,
        "nauc_precision_at_3_max": 0.341222,
        "nauc_precision_at_3_std": 0.109924,
        "nauc_precision_at_3_diff1": 0.138,
        "nauc_precision_at_5_max": 0.353155,
        "nauc_precision_at_5_std": 0.108447,
        "nauc_precision_at_5_diff1": 0.126682,
        "nauc_precision_at_10_max": 0.395258,
        "nauc_precision_at_10_std": 0.190057,
        "nauc_precision_at_10_diff1": 0.098307,
        "nauc_precision_at_20_max": 0.413211,
        "nauc_precision_at_20_std": 0.260131,
        "nauc_precision_at_20_diff1": 0.090774,
        "nauc_precision_at_100_max": 0.411783,
        "nauc_precision_at_100_std": 0.366263,
        "nauc_precision_at_100_diff1": 0.070683,
        "nauc_precision_at_1000_max": 0.338534,
        "nauc_precision_at_1000_std": 0.395357,
        "nauc_precision_at_1000_diff1": 0.034861,
        "nauc_mrr_at_1_max": 0.25283,
        "nauc_mrr_at_1_std": 0.092623,
        "nauc_mrr_at_1_diff1": 0.193015,
        "nauc_mrr_at_3_max": 0.306318,
        "nauc_mrr_at_3_std": 0.109673,
        "nauc_mrr_at_3_diff1": 0.185803,
        "nauc_mrr_at_5_max": 0.318623,
        "nauc_mrr_at_5_std": 0.116245,
        "nauc_mrr_at_5_diff1": 0.188901,
        "nauc_mrr_at_10_max": 0.320641,
        "nauc_mrr_at_10_std": 0.124064,
        "nauc_mrr_at_10_diff1": 0.189033,
        "nauc_mrr_at_20_max": 0.318148,
        "nauc_mrr_at_20_std": 0.126947,
        "nauc_mrr_at_20_diff1": 0.187041,
        "nauc_mrr_at_100_max": 0.317664,
        "nauc_mrr_at_100_std": 0.126285,
        "nauc_mrr_at_100_diff1": 0.187486,
        "nauc_mrr_at_1000_max": 0.31748,
        "nauc_mrr_at_1000_std": 0.126028,
        "nauc_mrr_at_1000_diff1": 0.187414,
        "main_score": 0.21694,
        "hf_subset": "default",
        "languages": [
          "eng-Latn"
        ]
      }
    ]
  },
  "evaluation_time": 25.695460319519043,
  "kg_co2_emissions": null
}