{
  "dataset_revision": "0228b52cf27578f30900b9e5271d331663a030d7",
  "task_name": "SciFact",
  "mteb_version": "1.34.8",
  "scores": {
    "test": [
      {
        "ndcg_at_1": 0.46333,
        "ndcg_at_3": 0.56846,
        "ndcg_at_5": 0.58897,
        "ndcg_at_10": 0.6089,
        "ndcg_at_20": 0.63266,
        "ndcg_at_100": 0.64927,
        "ndcg_at_1000": 0.65742,
        "map_at_1": 0.44167,
        "map_at_3": 0.5345,
        "map_at_5": 0.54734,
        "map_at_10": 0.55723,
        "map_at_20": 0.56491,
        "map_at_100": 0.56741,
        "map_at_1000": 0.56771,
        "recall_at_1": 0.44167,
        "recall_at_3": 0.64511,
        "recall_at_5": 0.6945,
        "recall_at_10": 0.75072,
        "recall_at_20": 0.83867,
        "recall_at_100": 0.926,
        "recall_at_1000": 0.99,
        "precision_at_1": 0.46333,
        "precision_at_3": 0.23111,
        "precision_at_5": 0.15267,
        "precision_at_10": 0.08433,
        "precision_at_20": 0.0475,
        "precision_at_100": 0.0105,
        "precision_at_1000": 0.00112,
        "mrr_at_1": 0.463333,
        "mrr_at_3": 0.551667,
        "mrr_at_5": 0.562833,
        "mrr_at_10": 0.569757,
        "mrr_at_20": 0.575748,
        "mrr_at_100": 0.577728,
        "mrr_at_1000": 0.578016,
        "nauc_ndcg_at_1_max": 0.470337,
        "nauc_ndcg_at_1_std": 0.073298,
        "nauc_ndcg_at_1_diff1": 0.666958,
        "nauc_ndcg_at_3_max": 0.508955,
        "nauc_ndcg_at_3_std": 0.093546,
        "nauc_ndcg_at_3_diff1": 0.603764,
        "nauc_ndcg_at_5_max": 0.544803,
        "nauc_ndcg_at_5_std": 0.124094,
        "nauc_ndcg_at_5_diff1": 0.601978,
        "nauc_ndcg_at_10_max": 0.557842,
        "nauc_ndcg_at_10_std": 0.148453,
        "nauc_ndcg_at_10_diff1": 0.585324,
        "nauc_ndcg_at_20_max": 0.546979,
        "nauc_ndcg_at_20_std": 0.132888,
        "nauc_ndcg_at_20_diff1": 0.594878,
        "nauc_ndcg_at_100_max": 0.545485,
        "nauc_ndcg_at_100_std": 0.130432,
        "nauc_ndcg_at_100_diff1": 0.605267,
        "nauc_ndcg_at_1000_max": 0.540887,
        "nauc_ndcg_at_1000_std": 0.130816,
        "nauc_ndcg_at_1000_diff1": 0.607075,
        "nauc_map_at_1_max": 0.449201,
        "nauc_map_at_1_std": 0.027314,
        "nauc_map_at_1_diff1": 0.688483,
        "nauc_map_at_3_max": 0.490173,
        "nauc_map_at_3_std": 0.07089,
        "nauc_map_at_3_diff1": 0.628064,
        "nauc_map_at_5_max": 0.515575,
        "nauc_map_at_5_std": 0.093029,
        "nauc_map_at_5_diff1": 0.62522,
        "nauc_map_at_10_max": 0.524627,
        "nauc_map_at_10_std": 0.107839,
        "nauc_map_at_10_diff1": 0.61675,
        "nauc_map_at_20_max": 0.522496,
        "nauc_map_at_20_std": 0.105149,
        "nauc_map_at_20_diff1": 0.618472,
        "nauc_map_at_100_max": 0.522404,
        "nauc_map_at_100_std": 0.105179,
        "nauc_map_at_100_diff1": 0.619694,
        "nauc_map_at_1000_max": 0.522246,
        "nauc_map_at_1000_std": 0.105232,
        "nauc_map_at_1000_diff1": 0.619772,
        "nauc_recall_at_1_max": 0.449201,
        "nauc_recall_at_1_std": 0.027314,
        "nauc_recall_at_1_diff1": 0.688483,
        "nauc_recall_at_3_max": 0.519048,
        "nauc_recall_at_3_std": 0.11061,
        "nauc_recall_at_3_diff1": 0.540709,
        "nauc_recall_at_5_max": 0.620652,
        "nauc_recall_at_5_std": 0.198303,
        "nauc_recall_at_5_diff1": 0.526215,
        "nauc_recall_at_10_max": 0.672819,
        "nauc_recall_at_10_std": 0.282603,
        "nauc_recall_at_10_diff1": 0.46323,
        "nauc_recall_at_20_max": 0.644542,
        "nauc_recall_at_20_std": 0.224881,
        "nauc_recall_at_20_diff1": 0.485446,
        "nauc_recall_at_100_max": 0.720813,
        "nauc_recall_at_100_std": 0.248429,
        "nauc_recall_at_100_diff1": 0.589548,
        "nauc_recall_at_1000_max": 1.0,
        "nauc_recall_at_1000_std": 1.0,
        "nauc_recall_at_1000_diff1": 0.863834,
        "nauc_precision_at_1_max": 0.470337,
        "nauc_precision_at_1_std": 0.073298,
        "nauc_precision_at_1_diff1": 0.666958,
        "nauc_precision_at_3_max": 0.527255,
        "nauc_precision_at_3_std": 0.230376,
        "nauc_precision_at_3_diff1": 0.414084,
        "nauc_precision_at_5_max": 0.592408,
        "nauc_precision_at_5_std": 0.342793,
        "nauc_precision_at_5_diff1": 0.309926,
        "nauc_precision_at_10_max": 0.567518,
        "nauc_precision_at_10_std": 0.430015,
        "nauc_precision_at_10_diff1": 0.162536,
        "nauc_precision_at_20_max": 0.439064,
        "nauc_precision_at_20_std": 0.386709,
        "nauc_precision_at_20_diff1": 0.052131,
        "nauc_precision_at_100_max": 0.327792,
        "nauc_precision_at_100_std": 0.388098,
        "nauc_precision_at_100_diff1": -0.054426,
        "nauc_precision_at_1000_max": 0.195673,
        "nauc_precision_at_1000_std": 0.419972,
        "nauc_precision_at_1000_diff1": -0.232114,
        "nauc_mrr_at_1_max": 0.470337,
        "nauc_mrr_at_1_std": 0.073298,
        "nauc_mrr_at_1_diff1": 0.666958,
        "nauc_mrr_at_3_max": 0.50422,
        "nauc_mrr_at_3_std": 0.09681,
        "nauc_mrr_at_3_diff1": 0.611145,
        "nauc_mrr_at_5_max": 0.521267,
        "nauc_mrr_at_5_std": 0.113004,
        "nauc_mrr_at_5_diff1": 0.612088,
        "nauc_mrr_at_10_max": 0.524032,
        "nauc_mrr_at_10_std": 0.119197,
        "nauc_mrr_at_10_diff1": 0.606468,
        "nauc_mrr_at_20_max": 0.519655,
        "nauc_mrr_at_20_std": 0.112741,
        "nauc_mrr_at_20_diff1": 0.609767,
        "nauc_mrr_at_100_max": 0.519658,
        "nauc_mrr_at_100_std": 0.112548,
        "nauc_mrr_at_100_diff1": 0.610997,
        "nauc_mrr_at_1000_max": 0.519518,
        "nauc_mrr_at_1000_std": 0.112651,
        "nauc_mrr_at_1000_diff1": 0.611103,
        "main_score": 0.6089,
        "hf_subset": "default",
        "languages": [
          "eng-Latn"
        ]
      }
    ]
  },
  "evaluation_time": 6.950706243515015,
  "kg_co2_emissions": null
}