{
  "dataset_revision": "bb9466bac8153a0349341eb1b22e06409e78ef4e",
  "task_name": "TRECCOVID",
  "mteb_version": "1.34.8",
  "scores": {
    "test": [
      {
        "ndcg_at_1": 0.57,
        "ndcg_at_3": 0.52888,
        "ndcg_at_5": 0.51679,
        "ndcg_at_10": 0.50754,
        "ndcg_at_20": 0.4746,
        "ndcg_at_100": 0.38439,
        "ndcg_at_1000": 0.39353,
        "map_at_1": 0.00185,
        "map_at_3": 0.00441,
        "map_at_5": 0.00668,
        "map_at_10": 0.01215,
        "map_at_20": 0.02095,
        "map_at_100": 0.06269,
        "map_at_1000": 0.1681,
        "recall_at_1": 0.00185,
        "recall_at_3": 0.00465,
        "recall_at_5": 0.00741,
        "recall_at_10": 0.01477,
        "recall_at_20": 0.02648,
        "recall_at_100": 0.09587,
        "recall_at_1000": 0.38521,
        "precision_at_1": 0.62,
        "precision_at_3": 0.56667,
        "precision_at_5": 0.556,
        "precision_at_10": 0.548,
        "precision_at_20": 0.5,
        "precision_at_100": 0.3992,
        "precision_at_1000": 0.17982,
        "mrr_at_1": 0.62,
        "mrr_at_3": 0.713333,
        "mrr_at_5": 0.723333,
        "mrr_at_10": 0.735556,
        "mrr_at_20": 0.738427,
        "mrr_at_100": 0.738427,
        "mrr_at_1000": 0.738609,
        "nauc_ndcg_at_1_max": 0.274945,
        "nauc_ndcg_at_1_std": 0.360506,
        "nauc_ndcg_at_1_diff1": 0.110452,
        "nauc_ndcg_at_3_max": 0.354059,
        "nauc_ndcg_at_3_std": 0.425214,
        "nauc_ndcg_at_3_diff1": -0.005749,
        "nauc_ndcg_at_5_max": 0.365552,
        "nauc_ndcg_at_5_std": 0.438988,
        "nauc_ndcg_at_5_diff1": -0.00063,
        "nauc_ndcg_at_10_max": 0.407142,
        "nauc_ndcg_at_10_std": 0.512698,
        "nauc_ndcg_at_10_diff1": -0.094529,
        "nauc_ndcg_at_20_max": 0.452599,
        "nauc_ndcg_at_20_std": 0.552135,
        "nauc_ndcg_at_20_diff1": -0.09723,
        "nauc_ndcg_at_100_max": 0.60277,
        "nauc_ndcg_at_100_std": 0.702173,
        "nauc_ndcg_at_100_diff1": -0.159152,
        "nauc_ndcg_at_1000_max": 0.604796,
        "nauc_ndcg_at_1000_std": 0.687578,
        "nauc_ndcg_at_1000_diff1": -0.109593,
        "nauc_map_at_1_max": 0.030313,
        "nauc_map_at_1_std": 0.100351,
        "nauc_map_at_1_diff1": 0.10061,
        "nauc_map_at_3_max": 0.104382,
        "nauc_map_at_3_std": 0.22399,
        "nauc_map_at_3_diff1": 0.017895,
        "nauc_map_at_5_max": 0.127861,
        "nauc_map_at_5_std": 0.273463,
        "nauc_map_at_5_diff1": -0.021058,
        "nauc_map_at_10_max": 0.151131,
        "nauc_map_at_10_std": 0.336536,
        "nauc_map_at_10_diff1": -0.069572,
        "nauc_map_at_20_max": 0.223048,
        "nauc_map_at_20_std": 0.392476,
        "nauc_map_at_20_diff1": -0.086986,
        "nauc_map_at_100_max": 0.561567,
        "nauc_map_at_100_std": 0.653441,
        "nauc_map_at_100_diff1": -0.163088,
        "nauc_map_at_1000_max": 0.67912,
        "nauc_map_at_1000_std": 0.759359,
        "nauc_map_at_1000_diff1": -0.160162,
        "nauc_recall_at_1_max": 0.030313,
        "nauc_recall_at_1_std": 0.100351,
        "nauc_recall_at_1_diff1": 0.10061,
        "nauc_recall_at_3_max": 0.093969,
        "nauc_recall_at_3_std": 0.217892,
        "nauc_recall_at_3_diff1": 0.005567,
        "nauc_recall_at_5_max": 0.113741,
        "nauc_recall_at_5_std": 0.254805,
        "nauc_recall_at_5_diff1": -0.007633,
        "nauc_recall_at_10_max": 0.107555,
        "nauc_recall_at_10_std": 0.284845,
        "nauc_recall_at_10_diff1": -0.063851,
        "nauc_recall_at_20_max": 0.180807,
        "nauc_recall_at_20_std": 0.337128,
        "nauc_recall_at_20_diff1": -0.053121,
        "nauc_recall_at_100_max": 0.510686,
        "nauc_recall_at_100_std": 0.582684,
        "nauc_recall_at_100_diff1": -0.110022,
        "nauc_recall_at_1000_max": 0.596786,
        "nauc_recall_at_1000_std": 0.659996,
        "nauc_recall_at_1000_diff1": -0.075365,
        "nauc_precision_at_1_max": 0.332277,
        "nauc_precision_at_1_std": 0.355229,
        "nauc_precision_at_1_diff1": 0.162016,
        "nauc_precision_at_3_max": 0.396351,
        "nauc_precision_at_3_std": 0.459685,
        "nauc_precision_at_3_diff1": -0.038217,
        "nauc_precision_at_5_max": 0.38172,
        "nauc_precision_at_5_std": 0.453796,
        "nauc_precision_at_5_diff1": -0.021318,
        "nauc_precision_at_10_max": 0.419316,
        "nauc_precision_at_10_std": 0.540489,
        "nauc_precision_at_10_diff1": -0.193526,
        "nauc_precision_at_20_max": 0.47446,
        "nauc_precision_at_20_std": 0.566075,
        "nauc_precision_at_20_diff1": -0.159342,
        "nauc_precision_at_100_max": 0.648179,
        "nauc_precision_at_100_std": 0.715142,
        "nauc_precision_at_100_diff1": -0.187315,
        "nauc_precision_at_1000_max": 0.567106,
        "nauc_precision_at_1000_std": 0.571856,
        "nauc_precision_at_1000_diff1": -0.151141,
        "nauc_mrr_at_1_max": 0.332277,
        "nauc_mrr_at_1_std": 0.355229,
        "nauc_mrr_at_1_diff1": 0.162016,
        "nauc_mrr_at_3_max": 0.316779,
        "nauc_mrr_at_3_std": 0.374994,
        "nauc_mrr_at_3_diff1": 0.053066,
        "nauc_mrr_at_5_max": 0.341408,
        "nauc_mrr_at_5_std": 0.385572,
        "nauc_mrr_at_5_diff1": 0.117065,
        "nauc_mrr_at_10_max": 0.332105,
        "nauc_mrr_at_10_std": 0.385308,
        "nauc_mrr_at_10_diff1": 0.128043,
        "nauc_mrr_at_20_max": 0.334989,
        "nauc_mrr_at_20_std": 0.382587,
        "nauc_mrr_at_20_diff1": 0.128388,
        "nauc_mrr_at_100_max": 0.334989,
        "nauc_mrr_at_100_std": 0.382587,
        "nauc_mrr_at_100_diff1": 0.128388,
        "nauc_mrr_at_1000_max": 0.334807,
        "nauc_mrr_at_1000_std": 0.382607,
        "nauc_mrr_at_1000_diff1": 0.127664,
        "main_score": 0.50754,
        "hf_subset": "default",
        "languages": [
          "eng-Latn"
        ]
      }
    ]
  },
  "evaluation_time": 172.26026058197021,
  "kg_co2_emissions": null
}