{
  "dataset_revision": "f22508f96b7a36c2415181ed8bb76f76e04ae2d5",
  "task_name": "AppsRetrieval",
  "mteb_version": "1.34.8",
  "scores": {
    "test": [
      {
        "ndcg_at_1": 0.05578,
        "ndcg_at_3": 0.07533,
        "ndcg_at_5": 0.08277,
        "ndcg_at_10": 0.09129,
        "ndcg_at_20": 0.09936,
        "ndcg_at_100": 0.1227,
        "ndcg_at_1000": 0.16224,
        "map_at_1": 0.05578,
        "map_at_3": 0.07052,
        "map_at_5": 0.07471,
        "map_at_10": 0.07824,
        "map_at_20": 0.08042,
        "map_at_100": 0.08339,
        "map_at_1000": 0.08457,
        "recall_at_1": 0.05578,
        "recall_at_3": 0.08924,
        "recall_at_5": 0.10704,
        "recall_at_10": 0.13333,
        "recall_at_20": 0.16547,
        "recall_at_100": 0.29509,
        "recall_at_1000": 0.62417,
        "precision_at_1": 0.05578,
        "precision_at_3": 0.02975,
        "precision_at_5": 0.02141,
        "precision_at_10": 0.01333,
        "precision_at_20": 0.00827,
        "precision_at_100": 0.00295,
        "precision_at_1000": 0.00062,
        "mrr_at_1": 0.055777,
        "mrr_at_3": 0.070518,
        "mrr_at_5": 0.074714,
        "mrr_at_10": 0.078236,
        "mrr_at_20": 0.080422,
        "mrr_at_100": 0.083394,
        "mrr_at_1000": 0.084573,
        "nauc_ndcg_at_1_max": 0.392316,
        "nauc_ndcg_at_1_std": -0.012035,
        "nauc_ndcg_at_1_diff1": 0.435496,
        "nauc_ndcg_at_3_max": 0.366179,
        "nauc_ndcg_at_3_std": -0.009913,
        "nauc_ndcg_at_3_diff1": 0.340653,
        "nauc_ndcg_at_5_max": 0.353385,
        "nauc_ndcg_at_5_std": -0.005436,
        "nauc_ndcg_at_5_diff1": 0.314355,
        "nauc_ndcg_at_10_max": 0.341075,
        "nauc_ndcg_at_10_std": -0.004441,
        "nauc_ndcg_at_10_diff1": 0.284071,
        "nauc_ndcg_at_20_max": 0.330693,
        "nauc_ndcg_at_20_std": -7.7e-05,
        "nauc_ndcg_at_20_diff1": 0.263475,
        "nauc_ndcg_at_100_max": 0.312477,
        "nauc_ndcg_at_100_std": 0.01569,
        "nauc_ndcg_at_100_diff1": 0.224214,
        "nauc_ndcg_at_1000_max": 0.324644,
        "nauc_ndcg_at_1000_std": 0.026197,
        "nauc_ndcg_at_1000_diff1": 0.217696,
        "nauc_map_at_1_max": 0.392316,
        "nauc_map_at_1_std": -0.012035,
        "nauc_map_at_1_diff1": 0.435496,
        "nauc_map_at_3_max": 0.370793,
        "nauc_map_at_3_std": -0.010531,
        "nauc_map_at_3_diff1": 0.359344,
        "nauc_map_at_5_max": 0.362747,
        "nauc_map_at_5_std": -0.00776,
        "nauc_map_at_5_diff1": 0.34198,
        "nauc_map_at_10_max": 0.356746,
        "nauc_map_at_10_std": -0.007582,
        "nauc_map_at_10_diff1": 0.326839,
        "nauc_map_at_20_max": 0.353243,
        "nauc_map_at_20_std": -0.006105,
        "nauc_map_at_20_diff1": 0.319329,
        "nauc_map_at_100_max": 0.350092,
        "nauc_map_at_100_std": -0.003184,
        "nauc_map_at_100_diff1": 0.311038,
        "nauc_map_at_1000_max": 0.35065,
        "nauc_map_at_1000_std": -0.002438,
        "nauc_map_at_1000_diff1": 0.310548,
        "nauc_recall_at_1_max": 0.392316,
        "nauc_recall_at_1_std": -0.012035,
        "nauc_recall_at_1_diff1": 0.435496,
        "nauc_recall_at_3_max": 0.35578,
        "nauc_recall_at_3_std": -0.008433,
        "nauc_recall_at_3_diff1": 0.297839,
        "nauc_recall_at_5_max": 0.332999,
        "nauc_recall_at_5_std": -0.000157,
        "nauc_recall_at_5_diff1": 0.255255,
        "nauc_recall_at_10_max": 0.308399,
        "nauc_recall_at_10_std": 0.002511,
        "nauc_recall_at_10_diff1": 0.196674,
        "nauc_recall_at_20_max": 0.285937,
        "nauc_recall_at_20_std": 0.012671,
        "nauc_recall_at_20_diff1": 0.156889,
        "nauc_recall_at_100_max": 0.2438,
        "nauc_recall_at_100_std": 0.053518,
        "nauc_recall_at_100_diff1": 0.077096,
        "nauc_recall_at_1000_max": 0.289178,
        "nauc_recall_at_1000_std": 0.099139,
        "nauc_recall_at_1000_diff1": 0.031288,
        "nauc_precision_at_1_max": 0.392316,
        "nauc_precision_at_1_std": -0.012035,
        "nauc_precision_at_1_diff1": 0.435496,
        "nauc_precision_at_3_max": 0.35578,
        "nauc_precision_at_3_std": -0.008433,
        "nauc_precision_at_3_diff1": 0.297839,
        "nauc_precision_at_5_max": 0.332999,
        "nauc_precision_at_5_std": -0.000157,
        "nauc_precision_at_5_diff1": 0.255255,
        "nauc_precision_at_10_max": 0.308399,
        "nauc_precision_at_10_std": 0.002511,
        "nauc_precision_at_10_diff1": 0.196674,
        "nauc_precision_at_20_max": 0.285937,
        "nauc_precision_at_20_std": 0.012671,
        "nauc_precision_at_20_diff1": 0.156889,
        "nauc_precision_at_100_max": 0.2438,
        "nauc_precision_at_100_std": 0.053518,
        "nauc_precision_at_100_diff1": 0.077096,
        "nauc_precision_at_1000_max": 0.289178,
        "nauc_precision_at_1000_std": 0.099139,
        "nauc_precision_at_1000_diff1": 0.031288,
        "nauc_mrr_at_1_max": 0.392316,
        "nauc_mrr_at_1_std": -0.012035,
        "nauc_mrr_at_1_diff1": 0.435496,
        "nauc_mrr_at_3_max": 0.370793,
        "nauc_mrr_at_3_std": -0.010531,
        "nauc_mrr_at_3_diff1": 0.359344,
        "nauc_mrr_at_5_max": 0.362747,
        "nauc_mrr_at_5_std": -0.00776,
        "nauc_mrr_at_5_diff1": 0.34198,
        "nauc_mrr_at_10_max": 0.356746,
        "nauc_mrr_at_10_std": -0.007582,
        "nauc_mrr_at_10_diff1": 0.326839,
        "nauc_mrr_at_20_max": 0.353243,
        "nauc_mrr_at_20_std": -0.006105,
        "nauc_mrr_at_20_diff1": 0.319329,
        "nauc_mrr_at_100_max": 0.350092,
        "nauc_mrr_at_100_std": -0.003184,
        "nauc_mrr_at_100_diff1": 0.311038,
        "nauc_mrr_at_1000_max": 0.35065,
        "nauc_mrr_at_1000_std": -0.002438,
        "nauc_mrr_at_1000_diff1": 0.310548,
        "main_score": 0.09129,
        "hf_subset": "default",
        "languages": [
          "eng-Latn",
          "python-Code"
        ]
      }
    ]
  },
  "evaluation_time": 110.78324866294861,
  "kg_co2_emissions": null
}