{
  "dataset_revision": "4adc7bc41202b5c13543c9c886a25f340634dab3",
  "task_name": "COIRCodeSearchNetRetrieval",
  "mteb_version": "1.34.8",
  "scores": {
    "test": [
      {
        "ndcg_at_1": 0.75902,
        "ndcg_at_3": 0.80956,
        "ndcg_at_5": 0.82053,
        "ndcg_at_10": 0.83012,
        "ndcg_at_20": 0.83615,
        "ndcg_at_100": 0.84337,
        "ndcg_at_1000": 0.84679,
        "map_at_1": 0.75902,
        "map_at_3": 0.79737,
        "map_at_5": 0.80346,
        "map_at_10": 0.80749,
        "map_at_20": 0.80917,
        "map_at_100": 0.81018,
        "map_at_1000": 0.81031,
        "recall_at_1": 0.75902,
        "recall_at_3": 0.84475,
        "recall_at_5": 0.87136,
        "recall_at_10": 0.90066,
        "recall_at_20": 0.92432,
        "recall_at_100": 0.96293,
        "recall_at_1000": 0.98995,
        "precision_at_1": 0.75902,
        "precision_at_3": 0.28158,
        "precision_at_5": 0.17427,
        "precision_at_10": 0.09007,
        "precision_at_20": 0.04622,
        "precision_at_100": 0.00963,
        "precision_at_1000": 0.00099,
        "mrr_at_1": 0.758748,
        "mrr_at_3": 0.797214,
        "mrr_at_5": 0.803324,
        "mrr_at_10": 0.80735,
        "mrr_at_20": 0.809031,
        "mrr_at_100": 0.810046,
        "mrr_at_1000": 0.810174,
        "nauc_ndcg_at_1_max": 0.776144,
        "nauc_ndcg_at_1_std": 0.001067,
        "nauc_ndcg_at_1_diff1": 0.86918,
        "nauc_ndcg_at_3_max": 0.782324,
        "nauc_ndcg_at_3_std": -0.008062,
        "nauc_ndcg_at_3_diff1": 0.848183,
        "nauc_ndcg_at_5_max": 0.779409,
        "nauc_ndcg_at_5_std": -0.008472,
        "nauc_ndcg_at_5_diff1": 0.845681,
        "nauc_ndcg_at_10_max": 0.778383,
        "nauc_ndcg_at_10_std": 0.001302,
        "nauc_ndcg_at_10_diff1": 0.843275,
        "nauc_ndcg_at_20_max": 0.78013,
        "nauc_ndcg_at_20_std": 0.006232,
        "nauc_ndcg_at_20_diff1": 0.845056,
        "nauc_ndcg_at_100_max": 0.78055,
        "nauc_ndcg_at_100_std": 0.009365,
        "nauc_ndcg_at_100_diff1": 0.847639,
        "nauc_ndcg_at_1000_max": 0.780502,
        "nauc_ndcg_at_1000_std": 0.006824,
        "nauc_ndcg_at_1000_diff1": 0.848754,
        "nauc_map_at_1_max": 0.776144,
        "nauc_map_at_1_std": 0.001067,
        "nauc_map_at_1_diff1": 0.86918,
        "nauc_map_at_3_max": 0.780779,
        "nauc_map_at_3_std": -0.005256,
        "nauc_map_at_3_diff1": 0.853474,
        "nauc_map_at_5_max": 0.779268,
        "nauc_map_at_5_std": -0.005312,
        "nauc_map_at_5_diff1": 0.852325,
        "nauc_map_at_10_max": 0.778882,
        "nauc_map_at_10_std": -0.001655,
        "nauc_map_at_10_diff1": 0.851531,
        "nauc_map_at_20_max": 0.77931,
        "nauc_map_at_20_std": -0.000466,
        "nauc_map_at_20_diff1": 0.852025,
        "nauc_map_at_100_max": 0.779381,
        "nauc_map_at_100_std": -0.000225,
        "nauc_map_at_100_diff1": 0.852388,
        "nauc_map_at_1000_max": 0.779388,
        "nauc_map_at_1000_std": -0.000259,
        "nauc_map_at_1000_diff1": 0.852424,
        "nauc_recall_at_1_max": 0.776144,
        "nauc_recall_at_1_std": 0.001067,
        "nauc_recall_at_1_diff1": 0.86918,
        "nauc_recall_at_3_max": 0.787835,
        "nauc_recall_at_3_std": -0.018378,
        "nauc_recall_at_3_diff1": 0.829288,
        "nauc_recall_at_5_max": 0.779247,
        "nauc_recall_at_5_std": -0.022044,
        "nauc_recall_at_5_diff1": 0.817814,
        "nauc_recall_at_10_max": 0.774196,
        "nauc_recall_at_10_std": 0.022744,
        "nauc_recall_at_10_diff1": 0.79916,
        "nauc_recall_at_20_max": 0.78669,
        "nauc_recall_at_20_std": 0.06796,
        "nauc_recall_at_20_diff1": 0.799718,
        "nauc_recall_at_100_max": 0.800399,
        "nauc_recall_at_100_std": 0.203652,
        "nauc_recall_at_100_diff1": 0.80528,
        "nauc_recall_at_1000_max": 0.840472,
        "nauc_recall_at_1000_std": 0.393557,
        "nauc_recall_at_1000_diff1": 0.81795,
        "nauc_precision_at_1_max": 0.776144,
        "nauc_precision_at_1_std": 0.001067,
        "nauc_precision_at_1_diff1": 0.86918,
        "nauc_precision_at_3_max": 0.787835,
        "nauc_precision_at_3_std": -0.018378,
        "nauc_precision_at_3_diff1": 0.829288,
        "nauc_precision_at_5_max": 0.779247,
        "nauc_precision_at_5_std": -0.022044,
        "nauc_precision_at_5_diff1": 0.817814,
        "nauc_precision_at_10_max": 0.774196,
        "nauc_precision_at_10_std": 0.022744,
        "nauc_precision_at_10_diff1": 0.79916,
        "nauc_precision_at_20_max": 0.78669,
        "nauc_precision_at_20_std": 0.06796,
        "nauc_precision_at_20_diff1": 0.799718,
        "nauc_precision_at_100_max": 0.800399,
        "nauc_precision_at_100_std": 0.203652,
        "nauc_precision_at_100_diff1": 0.80528,
        "nauc_precision_at_1000_max": 0.840472,
        "nauc_precision_at_1000_std": 0.393557,
        "nauc_precision_at_1000_diff1": 0.81795,
        "nauc_mrr_at_1_max": 0.77548,
        "nauc_mrr_at_1_std": 0.000471,
        "nauc_mrr_at_1_diff1": 0.869641,
        "nauc_mrr_at_3_max": 0.780323,
        "nauc_mrr_at_3_std": -0.005807,
        "nauc_mrr_at_3_diff1": 0.853781,
        "nauc_mrr_at_5_max": 0.77885,
        "nauc_mrr_at_5_std": -0.005709,
        "nauc_mrr_at_5_diff1": 0.852615,
        "nauc_mrr_at_10_max": 0.778454,
        "nauc_mrr_at_10_std": -0.002067,
        "nauc_mrr_at_10_diff1": 0.851827,
        "nauc_mrr_at_20_max": 0.778877,
        "nauc_mrr_at_20_std": -0.00088,
        "nauc_mrr_at_20_diff1": 0.852324,
        "nauc_mrr_at_100_max": 0.778946,
        "nauc_mrr_at_100_std": -0.000642,
        "nauc_mrr_at_100_diff1": 0.85269,
        "nauc_mrr_at_1000_max": 0.778953,
        "nauc_mrr_at_1000_std": -0.000677,
        "nauc_mrr_at_1000_diff1": 0.852725,
        "main_score": 0.83012,
        "hf_subset": "python",
        "languages": [
          "python-Code"
        ]
      }
    ]
  },
  "evaluation_time": 639.5346963405609,
  "kg_co2_emissions": null
}