{
  "dataset_revision": "27a168819829fe9bcd655c2df245fb19452e8e06",
  "task_name": "FiQA2018",
  "mteb_version": "1.34.8",
  "scores": {
    "test": [
      {
        "ndcg_at_1": 0.51235,
        "ndcg_at_3": 0.48591,
        "ndcg_at_5": 0.49681,
        "ndcg_at_10": 0.5238,
        "ndcg_at_20": 0.55042,
        "ndcg_at_100": 0.5907,
        "ndcg_at_1000": 0.61251,
        "map_at_1": 0.26274,
        "map_at_3": 0.38403,
        "map_at_5": 0.41595,
        "map_at_10": 0.44056,
        "map_at_20": 0.4519,
        "map_at_100": 0.46171,
        "map_at_1000": 0.46317,
        "recall_at_1": 0.26274,
        "recall_at_3": 0.44193,
        "recall_at_5": 0.50923,
        "recall_at_10": 0.59563,
        "recall_at_20": 0.67695,
        "recall_at_100": 0.83634,
        "recall_at_1000": 0.96707,
        "precision_at_1": 0.51235,
        "precision_at_3": 0.32613,
        "precision_at_5": 0.23827,
        "precision_at_10": 0.14552,
        "precision_at_20": 0.08441,
        "precision_at_100": 0.02162,
        "precision_at_1000": 0.00253,
        "mrr_at_1": 0.512346,
        "mrr_at_3": 0.581533,
        "mrr_at_5": 0.591409,
        "mrr_at_10": 0.600518,
        "mrr_at_20": 0.605161,
        "mrr_at_100": 0.607704,
        "mrr_at_1000": 0.607981,
        "nauc_ndcg_at_1_max": 0.400752,
        "nauc_ndcg_at_1_std": -0.114513,
        "nauc_ndcg_at_1_diff1": 0.59657,
        "nauc_ndcg_at_3_max": 0.363309,
        "nauc_ndcg_at_3_std": -0.135679,
        "nauc_ndcg_at_3_diff1": 0.444,
        "nauc_ndcg_at_5_max": 0.342431,
        "nauc_ndcg_at_5_std": -0.139575,
        "nauc_ndcg_at_5_diff1": 0.446712,
        "nauc_ndcg_at_10_max": 0.349748,
        "nauc_ndcg_at_10_std": -0.118299,
        "nauc_ndcg_at_10_diff1": 0.451568,
        "nauc_ndcg_at_20_max": 0.364206,
        "nauc_ndcg_at_20_std": -0.09278,
        "nauc_ndcg_at_20_diff1": 0.442937,
        "nauc_ndcg_at_100_max": 0.386349,
        "nauc_ndcg_at_100_std": -0.076048,
        "nauc_ndcg_at_100_diff1": 0.451223,
        "nauc_ndcg_at_1000_max": 0.387594,
        "nauc_ndcg_at_1000_std": -0.087165,
        "nauc_ndcg_at_1000_diff1": 0.460656,
        "nauc_map_at_1_max": 0.177454,
        "nauc_map_at_1_std": -0.158203,
        "nauc_map_at_1_diff1": 0.505438,
        "nauc_map_at_3_max": 0.249752,
        "nauc_map_at_3_std": -0.161422,
        "nauc_map_at_3_diff1": 0.443495,
        "nauc_map_at_5_max": 0.280974,
        "nauc_map_at_5_std": -0.153674,
        "nauc_map_at_5_diff1": 0.43953,
        "nauc_map_at_10_max": 0.309174,
        "nauc_map_at_10_std": -0.143687,
        "nauc_map_at_10_diff1": 0.438211,
        "nauc_map_at_20_max": 0.317936,
        "nauc_map_at_20_std": -0.133587,
        "nauc_map_at_20_diff1": 0.433905,
        "nauc_map_at_100_max": 0.325978,
        "nauc_map_at_100_std": -0.1295,
        "nauc_map_at_100_diff1": 0.436319,
        "nauc_map_at_1000_max": 0.32684,
        "nauc_map_at_1000_std": -0.129582,
        "nauc_map_at_1000_diff1": 0.436953,
        "nauc_recall_at_1_max": 0.177454,
        "nauc_recall_at_1_std": -0.158203,
        "nauc_recall_at_1_diff1": 0.505438,
        "nauc_recall_at_3_max": 0.215964,
        "nauc_recall_at_3_std": -0.153441,
        "nauc_recall_at_3_diff1": 0.363892,
        "nauc_recall_at_5_max": 0.239824,
        "nauc_recall_at_5_std": -0.140569,
        "nauc_recall_at_5_diff1": 0.354626,
        "nauc_recall_at_10_max": 0.293413,
        "nauc_recall_at_10_std": -0.082174,
        "nauc_recall_at_10_diff1": 0.343623,
        "nauc_recall_at_20_max": 0.329297,
        "nauc_recall_at_20_std": 0.015503,
        "nauc_recall_at_20_diff1": 0.293441,
        "nauc_recall_at_100_max": 0.427245,
        "nauc_recall_at_100_std": 0.192824,
        "nauc_recall_at_100_diff1": 0.261038,
        "nauc_recall_at_1000_max": 0.600825,
        "nauc_recall_at_1000_std": 0.401943,
        "nauc_recall_at_1000_diff1": 0.224563,
        "nauc_precision_at_1_max": 0.400752,
        "nauc_precision_at_1_std": -0.114513,
        "nauc_precision_at_1_diff1": 0.59657,
        "nauc_precision_at_3_max": 0.401793,
        "nauc_precision_at_3_std": -0.048294,
        "nauc_precision_at_3_diff1": 0.24368,
        "nauc_precision_at_5_max": 0.396683,
        "nauc_precision_at_5_std": -0.018464,
        "nauc_precision_at_5_diff1": 0.175058,
        "nauc_precision_at_10_max": 0.42118,
        "nauc_precision_at_10_std": 0.042475,
        "nauc_precision_at_10_diff1": 0.129643,
        "nauc_precision_at_20_max": 0.408809,
        "nauc_precision_at_20_std": 0.097641,
        "nauc_precision_at_20_diff1": 0.070171,
        "nauc_precision_at_100_max": 0.370924,
        "nauc_precision_at_100_std": 0.139077,
        "nauc_precision_at_100_diff1": 0.012685,
        "nauc_precision_at_1000_max": 0.318555,
        "nauc_precision_at_1000_std": 0.125512,
        "nauc_precision_at_1000_diff1": -0.026355,
        "nauc_mrr_at_1_max": 0.400752,
        "nauc_mrr_at_1_std": -0.114513,
        "nauc_mrr_at_1_diff1": 0.59657,
        "nauc_mrr_at_3_max": 0.410289,
        "nauc_mrr_at_3_std": -0.111417,
        "nauc_mrr_at_3_diff1": 0.555479,
        "nauc_mrr_at_5_max": 0.408532,
        "nauc_mrr_at_5_std": -0.11524,
        "nauc_mrr_at_5_diff1": 0.554897,
        "nauc_mrr_at_10_max": 0.413513,
        "nauc_mrr_at_10_std": -0.101184,
        "nauc_mrr_at_10_diff1": 0.554352,
        "nauc_mrr_at_20_max": 0.416232,
        "nauc_mrr_at_20_std": -0.099543,
        "nauc_mrr_at_20_diff1": 0.555286,
        "nauc_mrr_at_100_max": 0.415623,
        "nauc_mrr_at_100_std": -0.09964,
        "nauc_mrr_at_100_diff1": 0.556026,
        "nauc_mrr_at_1000_max": 0.415366,
        "nauc_mrr_at_1000_std": -0.09998,
        "nauc_mrr_at_1000_diff1": 0.556115,
        "main_score": 0.5238,
        "hf_subset": "default",
        "languages": [
          "eng-Latn"
        ]
      }
    ]
  },
  "evaluation_time": 347.10753774642944,
  "kg_co2_emissions": null
}