{
  "dataset_revision": "ec0fa4fe99da2ff19ca1214b7966684033a58814",
  "task_name": "NFCorpus",
  "mteb_version": "1.34.8",
  "scores": {
    "test": [
      {
        "ndcg_at_1": 0.47678,
        "ndcg_at_3": 0.45056,
        "ndcg_at_5": 0.43085,
        "ndcg_at_10": 0.401,
        "ndcg_at_20": 0.3829,
        "ndcg_at_100": 0.37748,
        "ndcg_at_1000": 0.46633,
        "map_at_1": 0.06555,
        "map_at_3": 0.10668,
        "map_at_5": 0.12711,
        "map_at_10": 0.15193,
        "map_at_20": 0.17345,
        "map_at_100": 0.20177,
        "map_at_1000": 0.22142,
        "recall_at_1": 0.06555,
        "recall_at_3": 0.12149,
        "recall_at_5": 0.15506,
        "recall_at_10": 0.205,
        "recall_at_20": 0.25801,
        "recall_at_100": 0.39288,
        "recall_at_1000": 0.70953,
        "precision_at_1": 0.49226,
        "precision_at_3": 0.42931,
        "precision_at_5": 0.38204,
        "precision_at_10": 0.30402,
        "precision_at_20": 0.23297,
        "precision_at_100": 0.10065,
        "precision_at_1000": 0.02391,
        "mrr_at_1": 0.495356,
        "mrr_at_3": 0.574819,
        "mrr_at_5": 0.585965,
        "mrr_at_10": 0.595044,
        "mrr_at_20": 0.597263,
        "mrr_at_100": 0.598635,
        "mrr_at_1000": 0.599014,
        "nauc_ndcg_at_1_max": 0.319717,
        "nauc_ndcg_at_1_std": 0.280747,
        "nauc_ndcg_at_1_diff1": 0.193689,
        "nauc_ndcg_at_3_max": 0.301464,
        "nauc_ndcg_at_3_std": 0.271925,
        "nauc_ndcg_at_3_diff1": 0.116932,
        "nauc_ndcg_at_5_max": 0.318113,
        "nauc_ndcg_at_5_std": 0.285818,
        "nauc_ndcg_at_5_diff1": 0.130373,
        "nauc_ndcg_at_10_max": 0.297302,
        "nauc_ndcg_at_10_std": 0.282729,
        "nauc_ndcg_at_10_diff1": 0.113181,
        "nauc_ndcg_at_20_max": 0.296354,
        "nauc_ndcg_at_20_std": 0.286995,
        "nauc_ndcg_at_20_diff1": 0.127879,
        "nauc_ndcg_at_100_max": 0.340634,
        "nauc_ndcg_at_100_std": 0.285788,
        "nauc_ndcg_at_100_diff1": 0.14461,
        "nauc_ndcg_at_1000_max": 0.408325,
        "nauc_ndcg_at_1000_std": 0.33327,
        "nauc_ndcg_at_1000_diff1": 0.146156,
        "nauc_map_at_1_max": 0.047226,
        "nauc_map_at_1_std": -0.08586,
        "nauc_map_at_1_diff1": 0.372136,
        "nauc_map_at_3_max": 0.090502,
        "nauc_map_at_3_std": -0.052977,
        "nauc_map_at_3_diff1": 0.312642,
        "nauc_map_at_5_max": 0.145357,
        "nauc_map_at_5_std": -0.030045,
        "nauc_map_at_5_diff1": 0.296966,
        "nauc_map_at_10_max": 0.186309,
        "nauc_map_at_10_std": 0.004926,
        "nauc_map_at_10_diff1": 0.25757,
        "nauc_map_at_20_max": 0.218995,
        "nauc_map_at_20_std": 0.047832,
        "nauc_map_at_20_diff1": 0.240352,
        "nauc_map_at_100_max": 0.25153,
        "nauc_map_at_100_std": 0.123798,
        "nauc_map_at_100_diff1": 0.21556,
        "nauc_map_at_1000_max": 0.250795,
        "nauc_map_at_1000_std": 0.171848,
        "nauc_map_at_1000_diff1": 0.199216,
        "nauc_recall_at_1_max": 0.047226,
        "nauc_recall_at_1_std": -0.08586,
        "nauc_recall_at_1_diff1": 0.372136,
        "nauc_recall_at_3_max": 0.062914,
        "nauc_recall_at_3_std": -0.065895,
        "nauc_recall_at_3_diff1": 0.284422,
        "nauc_recall_at_5_max": 0.117159,
        "nauc_recall_at_5_std": -0.045866,
        "nauc_recall_at_5_diff1": 0.260105,
        "nauc_recall_at_10_max": 0.145607,
        "nauc_recall_at_10_std": -0.028881,
        "nauc_recall_at_10_diff1": 0.205336,
        "nauc_recall_at_20_max": 0.174047,
        "nauc_recall_at_20_std": 0.016443,
        "nauc_recall_at_20_diff1": 0.185563,
        "nauc_recall_at_100_max": 0.224837,
        "nauc_recall_at_100_std": 0.129746,
        "nauc_recall_at_100_diff1": 0.106741,
        "nauc_recall_at_1000_max": 0.283269,
        "nauc_recall_at_1000_std": 0.209239,
        "nauc_recall_at_1000_diff1": 0.044594,
        "nauc_precision_at_1_max": 0.338171,
        "nauc_precision_at_1_std": 0.274268,
        "nauc_precision_at_1_diff1": 0.194227,
        "nauc_precision_at_3_max": 0.309183,
        "nauc_precision_at_3_std": 0.289736,
        "nauc_precision_at_3_diff1": 0.032081,
        "nauc_precision_at_5_max": 0.336339,
        "nauc_precision_at_5_std": 0.327183,
        "nauc_precision_at_5_diff1": 0.010664,
        "nauc_precision_at_10_max": 0.287826,
        "nauc_precision_at_10_std": 0.361268,
        "nauc_precision_at_10_diff1": -0.050931,
        "nauc_precision_at_20_max": 0.239562,
        "nauc_precision_at_20_std": 0.398123,
        "nauc_precision_at_20_diff1": -0.070127,
        "nauc_precision_at_100_max": 0.095236,
        "nauc_precision_at_100_std": 0.453846,
        "nauc_precision_at_100_diff1": -0.109217,
        "nauc_precision_at_1000_max": -0.041937,
        "nauc_precision_at_1000_std": 0.419869,
        "nauc_precision_at_1000_diff1": -0.124145,
        "nauc_mrr_at_1_max": 0.333652,
        "nauc_mrr_at_1_std": 0.266901,
        "nauc_mrr_at_1_diff1": 0.185622,
        "nauc_mrr_at_3_max": 0.369577,
        "nauc_mrr_at_3_std": 0.286123,
        "nauc_mrr_at_3_diff1": 0.191635,
        "nauc_mrr_at_5_max": 0.376107,
        "nauc_mrr_at_5_std": 0.290902,
        "nauc_mrr_at_5_diff1": 0.189426,
        "nauc_mrr_at_10_max": 0.377712,
        "nauc_mrr_at_10_std": 0.291425,
        "nauc_mrr_at_10_diff1": 0.189835,
        "nauc_mrr_at_20_max": 0.381551,
        "nauc_mrr_at_20_std": 0.29664,
        "nauc_mrr_at_20_diff1": 0.191158,
        "nauc_mrr_at_100_max": 0.381222,
        "nauc_mrr_at_100_std": 0.296043,
        "nauc_mrr_at_100_diff1": 0.189487,
        "nauc_mrr_at_1000_max": 0.380995,
        "nauc_mrr_at_1000_std": 0.295629,
        "nauc_mrr_at_1000_diff1": 0.189406,
        "main_score": 0.401,
        "hf_subset": "default",
        "languages": [
          "eng-Latn"
        ]
      }
    ]
  },
  "evaluation_time": 41.41198515892029,
  "kg_co2_emissions": null
}