{
  "dataset_revision": "f8c2fcf00f625baaa80f62ec5bd9e1fff3b8ae88",
  "task_name": "SCIDOCS",
  "mteb_version": "1.34.8",
  "scores": {
    "test": [
      {
        "ndcg_at_1": 0.267,
        "ndcg_at_3": 0.21442,
        "ndcg_at_5": 0.19163,
        "ndcg_at_10": 0.23617,
        "ndcg_at_20": 0.27256,
        "ndcg_at_100": 0.33437,
        "ndcg_at_1000": 0.39038,
        "map_at_1": 0.05413,
        "map_at_3": 0.09623,
        "map_at_5": 0.11842,
        "map_at_10": 0.14259,
        "map_at_20": 0.15673,
        "map_at_100": 0.17021,
        "map_at_1000": 0.17378,
        "recall_at_1": 0.05413,
        "recall_at_3": 0.12052,
        "recall_at_5": 0.17182,
        "recall_at_10": 0.25342,
        "recall_at_20": 0.33915,
        "recall_at_100": 0.5401,
        "recall_at_1000": 0.81247,
        "precision_at_1": 0.267,
        "precision_at_3": 0.19833,
        "precision_at_5": 0.1696,
        "precision_at_10": 0.1251,
        "precision_at_20": 0.0835,
        "precision_at_100": 0.0266,
        "precision_at_1000": 0.004,
        "mrr_at_1": 0.267,
        "mrr_at_3": 0.349833,
        "mrr_at_5": 0.369883,
        "mrr_at_10": 0.386832,
        "mrr_at_20": 0.393278,
        "mrr_at_100": 0.397107,
        "mrr_at_1000": 0.39751,
        "nauc_ndcg_at_1_max": 0.29644,
        "nauc_ndcg_at_1_std": 0.014966,
        "nauc_ndcg_at_1_diff1": 0.157331,
        "nauc_ndcg_at_3_max": 0.348648,
        "nauc_ndcg_at_3_std": 0.059785,
        "nauc_ndcg_at_3_diff1": 0.121676,
        "nauc_ndcg_at_5_max": 0.367012,
        "nauc_ndcg_at_5_std": 0.073668,
        "nauc_ndcg_at_5_diff1": 0.111302,
        "nauc_ndcg_at_10_max": 0.380422,
        "nauc_ndcg_at_10_std": 0.092628,
        "nauc_ndcg_at_10_diff1": 0.104824,
        "nauc_ndcg_at_20_max": 0.400427,
        "nauc_ndcg_at_20_std": 0.115974,
        "nauc_ndcg_at_20_diff1": 0.094279,
        "nauc_ndcg_at_100_max": 0.428093,
        "nauc_ndcg_at_100_std": 0.156757,
        "nauc_ndcg_at_100_diff1": 0.086344,
        "nauc_ndcg_at_1000_max": 0.42234,
        "nauc_ndcg_at_1000_std": 0.163209,
        "nauc_ndcg_at_1000_diff1": 0.078452,
        "nauc_map_at_1_max": 0.293364,
        "nauc_map_at_1_std": 0.013463,
        "nauc_map_at_1_diff1": 0.157992,
        "nauc_map_at_3_max": 0.343621,
        "nauc_map_at_3_std": 0.039435,
        "nauc_map_at_3_diff1": 0.13136,
        "nauc_map_at_5_max": 0.361325,
        "nauc_map_at_5_std": 0.054273,
        "nauc_map_at_5_diff1": 0.117146,
        "nauc_map_at_10_max": 0.372548,
        "nauc_map_at_10_std": 0.065083,
        "nauc_map_at_10_diff1": 0.111111,
        "nauc_map_at_20_max": 0.38861,
        "nauc_map_at_20_std": 0.081656,
        "nauc_map_at_20_diff1": 0.102173,
        "nauc_map_at_100_max": 0.400477,
        "nauc_map_at_100_std": 0.098325,
        "nauc_map_at_100_diff1": 0.09923,
        "nauc_map_at_1000_max": 0.400369,
        "nauc_map_at_1000_std": 0.099967,
        "nauc_map_at_1000_diff1": 0.098503,
        "nauc_recall_at_1_max": 0.293364,
        "nauc_recall_at_1_std": 0.013463,
        "nauc_recall_at_1_diff1": 0.157992,
        "nauc_recall_at_3_max": 0.358376,
        "nauc_recall_at_3_std": 0.07595,
        "nauc_recall_at_3_diff1": 0.103221,
        "nauc_recall_at_5_max": 0.369513,
        "nauc_recall_at_5_std": 0.092311,
        "nauc_recall_at_5_diff1": 0.084616,
        "nauc_recall_at_10_max": 0.371169,
        "nauc_recall_at_10_std": 0.117389,
        "nauc_recall_at_10_diff1": 0.071723,
        "nauc_recall_at_20_max": 0.387883,
        "nauc_recall_at_20_std": 0.155617,
        "nauc_recall_at_20_diff1": 0.045772,
        "nauc_recall_at_100_max": 0.413667,
        "nauc_recall_at_100_std": 0.246212,
        "nauc_recall_at_100_diff1": 0.016268,
        "nauc_recall_at_1000_max": 0.366344,
        "nauc_recall_at_1000_std": 0.322307,
        "nauc_recall_at_1000_diff1": -0.072233,
        "nauc_precision_at_1_max": 0.29644,
        "nauc_precision_at_1_std": 0.014966,
        "nauc_precision_at_1_diff1": 0.157331,
        "nauc_precision_at_3_max": 0.362811,
        "nauc_precision_at_3_std": 0.07626,
        "nauc_precision_at_3_diff1": 0.105264,
        "nauc_precision_at_5_max": 0.373757,
        "nauc_precision_at_5_std": 0.092949,
        "nauc_precision_at_5_diff1": 0.086346,
        "nauc_precision_at_10_max": 0.375864,
        "nauc_precision_at_10_std": 0.118319,
        "nauc_precision_at_10_diff1": 0.073451,
        "nauc_precision_at_20_max": 0.389157,
        "nauc_precision_at_20_std": 0.156838,
        "nauc_precision_at_20_diff1": 0.047983,
        "nauc_precision_at_100_max": 0.410164,
        "nauc_precision_at_100_std": 0.246781,
        "nauc_precision_at_100_diff1": 0.018635,
        "nauc_precision_at_1000_max": 0.349643,
        "nauc_precision_at_1000_std": 0.316017,
        "nauc_precision_at_1000_diff1": -0.069746,
        "nauc_mrr_at_1_max": 0.29644,
        "nauc_mrr_at_1_std": 0.014966,
        "nauc_mrr_at_1_diff1": 0.157331,
        "nauc_mrr_at_3_max": 0.335508,
        "nauc_mrr_at_3_std": 0.069086,
        "nauc_mrr_at_3_diff1": 0.122951,
        "nauc_mrr_at_5_max": 0.341328,
        "nauc_mrr_at_5_std": 0.073843,
        "nauc_mrr_at_5_diff1": 0.122738,
        "nauc_mrr_at_10_max": 0.342895,
        "nauc_mrr_at_10_std": 0.077978,
        "nauc_mrr_at_10_diff1": 0.127901,
        "nauc_mrr_at_20_max": 0.342144,
        "nauc_mrr_at_20_std": 0.078694,
        "nauc_mrr_at_20_diff1": 0.127564,
        "nauc_mrr_at_100_max": 0.341769,
        "nauc_mrr_at_100_std": 0.077918,
        "nauc_mrr_at_100_diff1": 0.1279,
        "nauc_mrr_at_1000_max": 0.341673,
        "nauc_mrr_at_1000_std": 0.077804,
        "nauc_mrr_at_1000_diff1": 0.127883,
        "main_score": 0.23617,
        "hf_subset": "default",
        "languages": [
          "eng-Latn"
        ]
      }
    ]
  },
  "evaluation_time": 197.9330756664276,
  "kg_co2_emissions": null
}