{
  "dataset_revision": "f22508f96b7a36c2415181ed8bb76f76e04ae2d5",
  "task_name": "AppsRetrieval",
  "mteb_version": "1.34.8",
  "scores": {
    "test": [
      {
        "ndcg_at_1": 0.35936,
        "ndcg_at_3": 0.44584,
        "ndcg_at_5": 0.4705,
        "ndcg_at_10": 0.49566,
        "ndcg_at_20": 0.51542,
        "ndcg_at_100": 0.54135,
        "ndcg_at_1000": 0.5562,
        "map_at_1": 0.35936,
        "map_at_3": 0.42492,
        "map_at_5": 0.43856,
        "map_at_10": 0.449,
        "map_at_20": 0.45443,
        "map_at_100": 0.45806,
        "map_at_1000": 0.45862,
        "recall_at_1": 0.35936,
        "recall_at_3": 0.50624,
        "recall_at_5": 0.56627,
        "recall_at_10": 0.64382,
        "recall_at_20": 0.72191,
        "recall_at_100": 0.86109,
        "recall_at_1000": 0.97822,
        "precision_at_1": 0.35936,
        "precision_at_3": 0.16875,
        "precision_at_5": 0.11325,
        "precision_at_10": 0.06438,
        "precision_at_20": 0.0361,
        "precision_at_100": 0.00861,
        "precision_at_1000": 0.00098,
        "mrr_at_1": 0.359628,
        "mrr_at_3": 0.425055,
        "mrr_at_5": 0.438628,
        "mrr_at_10": 0.449107,
        "mrr_at_20": 0.454525,
        "mrr_at_100": 0.458173,
        "mrr_at_1000": 0.458726,
        "nauc_ndcg_at_1_max": 0.514541,
        "nauc_ndcg_at_1_std": 0.076934,
        "nauc_ndcg_at_1_diff1": 0.656306,
        "nauc_ndcg_at_3_max": 0.508747,
        "nauc_ndcg_at_3_std": 0.115382,
        "nauc_ndcg_at_3_diff1": 0.56908,
        "nauc_ndcg_at_5_max": 0.511241,
        "nauc_ndcg_at_5_std": 0.131213,
        "nauc_ndcg_at_5_diff1": 0.558609,
        "nauc_ndcg_at_10_max": 0.514085,
        "nauc_ndcg_at_10_std": 0.14002,
        "nauc_ndcg_at_10_diff1": 0.55393,
        "nauc_ndcg_at_20_max": 0.516911,
        "nauc_ndcg_at_20_std": 0.149345,
        "nauc_ndcg_at_20_diff1": 0.55362,
        "nauc_ndcg_at_100_max": 0.517362,
        "nauc_ndcg_at_100_std": 0.149942,
        "nauc_ndcg_at_100_diff1": 0.559754,
        "nauc_ndcg_at_1000_max": 0.514941,
        "nauc_ndcg_at_1000_std": 0.138734,
        "nauc_ndcg_at_1000_diff1": 0.566965,
        "nauc_map_at_1_max": 0.514541,
        "nauc_map_at_1_std": 0.076934,
        "nauc_map_at_1_diff1": 0.656306,
        "nauc_map_at_3_max": 0.510716,
        "nauc_map_at_3_std": 0.105558,
        "nauc_map_at_3_diff1": 0.589687,
        "nauc_map_at_5_max": 0.512228,
        "nauc_map_at_5_std": 0.114144,
        "nauc_map_at_5_diff1": 0.584281,
        "nauc_map_at_10_max": 0.513332,
        "nauc_map_at_10_std": 0.117545,
        "nauc_map_at_10_diff1": 0.582642,
        "nauc_map_at_20_max": 0.513992,
        "nauc_map_at_20_std": 0.119621,
        "nauc_map_at_20_diff1": 0.582748,
        "nauc_map_at_100_max": 0.514108,
        "nauc_map_at_100_std": 0.119768,
        "nauc_map_at_100_diff1": 0.583684,
        "nauc_map_at_1000_max": 0.514008,
        "nauc_map_at_1000_std": 0.119401,
        "nauc_map_at_1000_diff1": 0.583917,
        "nauc_recall_at_1_max": 0.514541,
        "nauc_recall_at_1_std": 0.076934,
        "nauc_recall_at_1_diff1": 0.656306,
        "nauc_recall_at_3_max": 0.50275,
        "nauc_recall_at_3_std": 0.144338,
        "nauc_recall_at_3_diff1": 0.509007,
        "nauc_recall_at_5_max": 0.508179,
        "nauc_recall_at_5_std": 0.186304,
        "nauc_recall_at_5_diff1": 0.478227,
        "nauc_recall_at_10_max": 0.518081,
        "nauc_recall_at_10_std": 0.223467,
        "nauc_recall_at_10_diff1": 0.452459,
        "nauc_recall_at_20_max": 0.534142,
        "nauc_recall_at_20_std": 0.289201,
        "nauc_recall_at_20_diff1": 0.432146,
        "nauc_recall_at_100_max": 0.550884,
        "nauc_recall_at_100_std": 0.399288,
        "nauc_recall_at_100_diff1": 0.409337,
        "nauc_recall_at_1000_max": 0.488151,
        "nauc_recall_at_1000_std": 0.498589,
        "nauc_recall_at_1000_diff1": 0.405623,
        "nauc_precision_at_1_max": 0.514541,
        "nauc_precision_at_1_std": 0.076934,
        "nauc_precision_at_1_diff1": 0.656306,
        "nauc_precision_at_3_max": 0.50275,
        "nauc_precision_at_3_std": 0.144338,
        "nauc_precision_at_3_diff1": 0.509007,
        "nauc_precision_at_5_max": 0.508179,
        "nauc_precision_at_5_std": 0.186304,
        "nauc_precision_at_5_diff1": 0.478227,
        "nauc_precision_at_10_max": 0.518081,
        "nauc_precision_at_10_std": 0.223467,
        "nauc_precision_at_10_diff1": 0.452459,
        "nauc_precision_at_20_max": 0.534142,
        "nauc_precision_at_20_std": 0.289201,
        "nauc_precision_at_20_diff1": 0.432146,
        "nauc_precision_at_100_max": 0.550884,
        "nauc_precision_at_100_std": 0.399288,
        "nauc_precision_at_100_diff1": 0.409337,
        "nauc_precision_at_1000_max": 0.488151,
        "nauc_precision_at_1000_std": 0.498589,
        "nauc_precision_at_1000_diff1": 0.405623,
        "nauc_mrr_at_1_max": 0.514603,
        "nauc_mrr_at_1_std": 0.07651,
        "nauc_mrr_at_1_diff1": 0.655476,
        "nauc_mrr_at_3_max": 0.510748,
        "nauc_mrr_at_3_std": 0.105343,
        "nauc_mrr_at_3_diff1": 0.589273,
        "nauc_mrr_at_5_max": 0.512348,
        "nauc_mrr_at_5_std": 0.113912,
        "nauc_mrr_at_5_diff1": 0.583873,
        "nauc_mrr_at_10_max": 0.513405,
        "nauc_mrr_at_10_std": 0.117337,
        "nauc_mrr_at_10_diff1": 0.58224,
        "nauc_mrr_at_20_max": 0.514067,
        "nauc_mrr_at_20_std": 0.119444,
        "nauc_mrr_at_20_diff1": 0.582282,
        "nauc_mrr_at_100_max": 0.514183,
        "nauc_mrr_at_100_std": 0.11956,
        "nauc_mrr_at_100_diff1": 0.583273,
        "nauc_mrr_at_1000_max": 0.514084,
        "nauc_mrr_at_1000_std": 0.119192,
        "nauc_mrr_at_1000_diff1": 0.583505,
        "main_score": 0.49566,
        "hf_subset": "default",
        "languages": [
          "eng-Latn",
          "python-Code"
        ]
      }
    ]
  },
  "evaluation_time": 811.0886325836182,
  "kg_co2_emissions": null
}