{
  "dataset_revision": "5d958fb6b31055495347724d46431ba41309b03a",
  "task_name": "ChemNQRetrieval",
  "mteb_version": "1.34.8",
  "scores": {
    "test": [
      {
        "ndcg_at_1": 0.48148,
        "ndcg_at_3": 0.56721,
        "ndcg_at_5": 0.632,
        "ndcg_at_10": 0.66372,
        "ndcg_at_20": 0.68364,
        "ndcg_at_100": 0.68722,
        "ndcg_at_1000": 0.69213,
        "map_at_1": 0.40123,
        "map_at_3": 0.52469,
        "map_at_5": 0.56728,
        "map_at_10": 0.58014,
        "map_at_20": 0.58752,
        "map_at_100": 0.58884,
        "map_at_1000": 0.58904,
        "recall_at_1": 0.40123,
        "recall_at_3": 0.64198,
        "recall_at_5": 0.79012,
        "recall_at_10": 0.88272,
        "recall_at_20": 0.95062,
        "recall_at_100": 0.96296,
        "recall_at_1000": 1.0,
        "precision_at_1": 0.48148,
        "precision_at_3": 0.2716,
        "precision_at_5": 0.2,
        "precision_at_10": 0.11111,
        "precision_at_20": 0.06111,
        "precision_at_100": 0.01259,
        "precision_at_1000": 0.0013,
        "mrr_at_1": 0.481481,
        "mrr_at_3": 0.574074,
        "mrr_at_5": 0.6,
        "mrr_at_10": 0.614918,
        "mrr_at_20": 0.617387,
        "mrr_at_100": 0.617387,
        "mrr_at_1000": 0.617588,
        "nauc_ndcg_at_1_max": 0.213742,
        "nauc_ndcg_at_1_std": 0.081892,
        "nauc_ndcg_at_1_diff1": 0.17445,
        "nauc_ndcg_at_3_max": 0.286352,
        "nauc_ndcg_at_3_std": 0.127412,
        "nauc_ndcg_at_3_diff1": 0.120532,
        "nauc_ndcg_at_5_max": 0.155348,
        "nauc_ndcg_at_5_std": 0.020888,
        "nauc_ndcg_at_5_diff1": 0.193756,
        "nauc_ndcg_at_10_max": 0.254418,
        "nauc_ndcg_at_10_std": 0.061858,
        "nauc_ndcg_at_10_diff1": 0.249053,
        "nauc_ndcg_at_20_max": 0.263103,
        "nauc_ndcg_at_20_std": 0.11199,
        "nauc_ndcg_at_20_diff1": 0.213478,
        "nauc_ndcg_at_100_max": 0.258219,
        "nauc_ndcg_at_100_std": 0.115167,
        "nauc_ndcg_at_100_diff1": 0.198132,
        "nauc_ndcg_at_1000_max": 0.255981,
        "nauc_ndcg_at_1000_std": 0.115211,
        "nauc_ndcg_at_1000_diff1": 0.190064,
        "nauc_map_at_1_max": 0.150084,
        "nauc_map_at_1_std": 0.027184,
        "nauc_map_at_1_diff1": 0.143005,
        "nauc_map_at_3_max": 0.271726,
        "nauc_map_at_3_std": 0.121733,
        "nauc_map_at_3_diff1": 0.160784,
        "nauc_map_at_5_max": 0.202707,
        "nauc_map_at_5_std": 0.078508,
        "nauc_map_at_5_diff1": 0.19935,
        "nauc_map_at_10_max": 0.240447,
        "nauc_map_at_10_std": 0.092327,
        "nauc_map_at_10_diff1": 0.225317,
        "nauc_map_at_20_max": 0.247915,
        "nauc_map_at_20_std": 0.11225,
        "nauc_map_at_20_diff1": 0.212731,
        "nauc_map_at_100_max": 0.246831,
        "nauc_map_at_100_std": 0.113344,
        "nauc_map_at_100_diff1": 0.208546,
        "nauc_map_at_1000_max": 0.246752,
        "nauc_map_at_1000_std": 0.113344,
        "nauc_map_at_1000_diff1": 0.208298,
        "nauc_recall_at_1_max": 0.150084,
        "nauc_recall_at_1_std": 0.027184,
        "nauc_recall_at_1_diff1": 0.143005,
        "nauc_recall_at_3_max": 0.330396,
        "nauc_recall_at_3_std": 0.129681,
        "nauc_recall_at_3_diff1": 0.065073,
        "nauc_recall_at_5_max": -0.092321,
        "nauc_recall_at_5_std": -0.255475,
        "nauc_recall_at_5_diff1": 0.274822,
        "nauc_recall_at_10_max": 0.277248,
        "nauc_recall_at_10_std": -0.244895,
        "nauc_recall_at_10_diff1": 0.626329,
        "nauc_recall_at_20_max": 0.35755,
        "nauc_recall_at_20_std": 0.041014,
        "nauc_recall_at_20_diff1": 0.66706,
        "nauc_recall_at_100_max": 0.35755,
        "nauc_recall_at_100_std": 0.113206,
        "nauc_recall_at_100_diff1": 0.556079,
        "nauc_recall_at_1000_max": NaN,
        "nauc_recall_at_1000_std": NaN,
        "nauc_recall_at_1000_diff1": NaN,
        "nauc_precision_at_1_max": 0.213742,
        "nauc_precision_at_1_std": 0.081892,
        "nauc_precision_at_1_diff1": 0.17445,
        "nauc_precision_at_3_max": 0.307094,
        "nauc_precision_at_3_std": 0.181456,
        "nauc_precision_at_3_diff1": 0.119611,
        "nauc_precision_at_5_max": 0.02473,
        "nauc_precision_at_5_std": 0.007479,
        "nauc_precision_at_5_diff1": 0.163998,
        "nauc_precision_at_10_max": 0.2338,
        "nauc_precision_at_10_std": 0.15941,
        "nauc_precision_at_10_diff1": 0.225799,
        "nauc_precision_at_20_max": 0.228557,
        "nauc_precision_at_20_std": 0.341188,
        "nauc_precision_at_20_diff1": 0.00953,
        "nauc_precision_at_100_max": 0.162996,
        "nauc_precision_at_100_std": 0.304943,
        "nauc_precision_at_100_diff1": -0.078787,
        "nauc_precision_at_1000_max": 0.144486,
        "nauc_precision_at_1000_std": 0.323186,
        "nauc_precision_at_1000_diff1": -0.13919,
        "nauc_mrr_at_1_max": 0.213742,
        "nauc_mrr_at_1_std": 0.081892,
        "nauc_mrr_at_1_diff1": 0.17445,
        "nauc_mrr_at_3_max": 0.261938,
        "nauc_mrr_at_3_std": 0.131201,
        "nauc_mrr_at_3_diff1": 0.079022,
        "nauc_mrr_at_5_max": 0.200029,
        "nauc_mrr_at_5_std": 0.065179,
        "nauc_mrr_at_5_diff1": 0.12416,
        "nauc_mrr_at_10_max": 0.248397,
        "nauc_mrr_at_10_std": 0.091698,
        "nauc_mrr_at_10_diff1": 0.143157,
        "nauc_mrr_at_20_max": 0.242976,
        "nauc_mrr_at_20_std": 0.09151,
        "nauc_mrr_at_20_diff1": 0.14128,
        "nauc_mrr_at_100_max": 0.242976,
        "nauc_mrr_at_100_std": 0.09151,
        "nauc_mrr_at_100_diff1": 0.14128,
        "nauc_mrr_at_1000_max": 0.242895,
        "nauc_mrr_at_1000_std": 0.091495,
        "nauc_mrr_at_1000_diff1": 0.140984,
        "main_score": 0.66372,
        "hf_subset": "default",
        "languages": [
          "eng-Latn"
        ]
      }
    ]
  },
  "evaluation_time": 189.35399842262268,
  "kg_co2_emissions": null
}