{
  "dataset_revision": "4adc7bc41202b5c13543c9c886a25f340634dab3",
  "task_name": "COIRCodeSearchNetRetrieval",
  "mteb_version": "1.34.8",
  "scores": {
    "test": [
      {
        "ndcg_at_1": 0.95073,
        "ndcg_at_3": 0.97163,
        "ndcg_at_5": 0.97367,
        "ndcg_at_10": 0.97486,
        "ndcg_at_20": 0.97538,
        "ndcg_at_100": 0.97586,
        "ndcg_at_1000": 0.97602,
        "map_at_1": 0.95073,
        "map_at_3": 0.96687,
        "map_at_5": 0.96801,
        "map_at_10": 0.96852,
        "map_at_20": 0.96867,
        "map_at_100": 0.96874,
        "map_at_1000": 0.96874,
        "recall_at_1": 0.95073,
        "recall_at_3": 0.98525,
        "recall_at_5": 0.99015,
        "recall_at_10": 0.99377,
        "recall_at_20": 0.99578,
        "recall_at_100": 0.99839,
        "recall_at_1000": 0.99966,
        "precision_at_1": 0.95073,
        "precision_at_3": 0.32842,
        "precision_at_5": 0.19803,
        "precision_at_10": 0.09938,
        "precision_at_20": 0.04979,
        "precision_at_100": 0.00998,
        "precision_at_1000": 0.001,
        "mrr_at_1": 0.950664,
        "mrr_at_3": 0.966841,
        "mrr_at_5": 0.967981,
        "mrr_at_10": 0.968484,
        "mrr_at_20": 0.968637,
        "mrr_at_100": 0.968702,
        "mrr_at_1000": 0.968707,
        "nauc_ndcg_at_1_max": 0.742081,
        "nauc_ndcg_at_1_std": -0.088468,
        "nauc_ndcg_at_1_diff1": 0.946249,
        "nauc_ndcg_at_3_max": 0.797412,
        "nauc_ndcg_at_3_std": -0.055698,
        "nauc_ndcg_at_3_diff1": 0.952875,
        "nauc_ndcg_at_5_max": 0.791571,
        "nauc_ndcg_at_5_std": -0.044335,
        "nauc_ndcg_at_5_diff1": 0.951183,
        "nauc_ndcg_at_10_max": 0.788532,
        "nauc_ndcg_at_10_std": -0.04106,
        "nauc_ndcg_at_10_diff1": 0.951374,
        "nauc_ndcg_at_20_max": 0.786197,
        "nauc_ndcg_at_20_std": -0.03747,
        "nauc_ndcg_at_20_diff1": 0.951246,
        "nauc_ndcg_at_100_max": 0.782755,
        "nauc_ndcg_at_100_std": -0.044184,
        "nauc_ndcg_at_100_diff1": 0.950726,
        "nauc_ndcg_at_1000_max": 0.781375,
        "nauc_ndcg_at_1000_std": -0.048911,
        "nauc_ndcg_at_1000_diff1": 0.950584,
        "nauc_map_at_1_max": 0.742081,
        "nauc_map_at_1_std": -0.088468,
        "nauc_map_at_1_diff1": 0.946249,
        "nauc_map_at_3_max": 0.780923,
        "nauc_map_at_3_std": -0.066631,
        "nauc_map_at_3_diff1": 0.950787,
        "nauc_map_at_5_max": 0.777663,
        "nauc_map_at_5_std": -0.062242,
        "nauc_map_at_5_diff1": 0.949938,
        "nauc_map_at_10_max": 0.776475,
        "nauc_map_at_10_std": -0.061401,
        "nauc_map_at_10_diff1": 0.949987,
        "nauc_map_at_20_max": 0.775851,
        "nauc_map_at_20_std": -0.060639,
        "nauc_map_at_20_diff1": 0.949934,
        "nauc_map_at_100_max": 0.775498,
        "nauc_map_at_100_std": -0.061111,
        "nauc_map_at_100_diff1": 0.949872,
        "nauc_map_at_1000_max": 0.775462,
        "nauc_map_at_1000_std": -0.061233,
        "nauc_map_at_1000_diff1": 0.949868,
        "nauc_recall_at_1_max": 0.742081,
        "nauc_recall_at_1_std": -0.088468,
        "nauc_recall_at_1_diff1": 0.946249,
        "nauc_recall_at_3_max": 0.901179,
        "nauc_recall_at_3_std": 0.014405,
        "nauc_recall_at_3_diff1": 0.966142,
        "nauc_recall_at_5_max": 0.914873,
        "nauc_recall_at_5_std": 0.128491,
        "nauc_recall_at_5_diff1": 0.961778,
        "nauc_recall_at_10_max": 0.947617,
        "nauc_recall_at_10_std": 0.26864,
        "nauc_recall_at_10_diff1": 0.970131,
        "nauc_recall_at_20_max": 0.972952,
        "nauc_recall_at_20_std": 0.494181,
        "nauc_recall_at_20_diff1": 0.977176,
        "nauc_recall_at_100_max": 0.989107,
        "nauc_recall_at_100_std": 0.734531,
        "nauc_recall_at_100_diff1": 0.978213,
        "nauc_recall_at_1000_max": 0.973856,
        "nauc_recall_at_1000_std": 0.944443,
        "nauc_recall_at_1000_diff1": 1.0,
        "nauc_precision_at_1_max": 0.742081,
        "nauc_precision_at_1_std": -0.088468,
        "nauc_precision_at_1_diff1": 0.946249,
        "nauc_precision_at_3_max": 0.901179,
        "nauc_precision_at_3_std": 0.014405,
        "nauc_precision_at_3_diff1": 0.966142,
        "nauc_precision_at_5_max": 0.914873,
        "nauc_precision_at_5_std": 0.128491,
        "nauc_precision_at_5_diff1": 0.961778,
        "nauc_precision_at_10_max": 0.947617,
        "nauc_precision_at_10_std": 0.26864,
        "nauc_precision_at_10_diff1": 0.970131,
        "nauc_precision_at_20_max": 0.972952,
        "nauc_precision_at_20_std": 0.494181,
        "nauc_precision_at_20_diff1": 0.977176,
        "nauc_precision_at_100_max": 0.989107,
        "nauc_precision_at_100_std": 0.734531,
        "nauc_precision_at_100_diff1": 0.978213,
        "nauc_precision_at_1000_max": 0.973856,
        "nauc_precision_at_1000_std": 0.944443,
        "nauc_precision_at_1000_diff1": 1.0,
        "nauc_mrr_at_1_max": 0.74022,
        "nauc_mrr_at_1_std": -0.089291,
        "nauc_mrr_at_1_diff1": 0.946322,
        "nauc_mrr_at_3_max": 0.7795,
        "nauc_mrr_at_3_std": -0.067265,
        "nauc_mrr_at_3_diff1": 0.950837,
        "nauc_mrr_at_5_max": 0.776193,
        "nauc_mrr_at_5_std": -0.062903,
        "nauc_mrr_at_5_diff1": 0.94999,
        "nauc_mrr_at_10_max": 0.774982,
        "nauc_mrr_at_10_std": -0.062074,
        "nauc_mrr_at_10_diff1": 0.950041,
        "nauc_mrr_at_20_max": 0.774352,
        "nauc_mrr_at_20_std": -0.061316,
        "nauc_mrr_at_20_diff1": 0.949987,
        "nauc_mrr_at_100_max": 0.773996,
        "nauc_mrr_at_100_std": -0.06179,
        "nauc_mrr_at_100_diff1": 0.949926,
        "nauc_mrr_at_1000_max": 0.77396,
        "nauc_mrr_at_1000_std": -0.061912,
        "nauc_mrr_at_1000_diff1": 0.949922,
        "main_score": 0.97486,
        "hf_subset": "python",
        "languages": [
          "python-Code"
        ]
      }
    ]
  },
  "evaluation_time": 979.3694775104523,
  "kg_co2_emissions": null
}