{
  "dataset_revision": "27a168819829fe9bcd655c2df245fb19452e8e06",
  "task_name": "FiQA2018",
  "mteb_version": "1.34.8",
  "scores": {
    "test": [
      {
        "ndcg_at_1": 0.58025,
        "ndcg_at_3": 0.55488,
        "ndcg_at_5": 0.57497,
        "ndcg_at_10": 0.60837,
        "ndcg_at_20": 0.63959,
        "ndcg_at_100": 0.66853,
        "ndcg_at_1000": 0.68173,
        "map_at_1": 0.3031,
        "map_at_3": 0.44602,
        "map_at_5": 0.48471,
        "map_at_10": 0.51477,
        "map_at_20": 0.52946,
        "map_at_100": 0.53671,
        "map_at_1000": 0.53782,
        "recall_at_1": 0.3031,
        "recall_at_3": 0.51127,
        "recall_at_5": 0.59765,
        "recall_at_10": 0.7021,
        "recall_at_20": 0.79664,
        "recall_at_100": 0.90961,
        "recall_at_1000": 0.98088,
        "precision_at_1": 0.58025,
        "precision_at_3": 0.36728,
        "precision_at_5": 0.27253,
        "precision_at_10": 0.16713,
        "precision_at_20": 0.09745,
        "precision_at_100": 0.02301,
        "precision_at_1000": 0.00256,
        "mrr_at_1": 0.580247,
        "mrr_at_3": 0.658436,
        "mrr_at_5": 0.673328,
        "mrr_at_10": 0.681908,
        "mrr_at_20": 0.685491,
        "mrr_at_100": 0.68689,
        "mrr_at_1000": 0.686968,
        "nauc_ndcg_at_1_max": 0.473147,
        "nauc_ndcg_at_1_std": -0.050171,
        "nauc_ndcg_at_1_diff1": 0.521391,
        "nauc_ndcg_at_3_max": 0.359738,
        "nauc_ndcg_at_3_std": -0.103313,
        "nauc_ndcg_at_3_diff1": 0.384976,
        "nauc_ndcg_at_5_max": 0.330784,
        "nauc_ndcg_at_5_std": -0.112055,
        "nauc_ndcg_at_5_diff1": 0.396594,
        "nauc_ndcg_at_10_max": 0.345208,
        "nauc_ndcg_at_10_std": -0.098331,
        "nauc_ndcg_at_10_diff1": 0.411345,
        "nauc_ndcg_at_20_max": 0.368576,
        "nauc_ndcg_at_20_std": -0.079116,
        "nauc_ndcg_at_20_diff1": 0.421844,
        "nauc_ndcg_at_100_max": 0.383175,
        "nauc_ndcg_at_100_std": -0.062037,
        "nauc_ndcg_at_100_diff1": 0.415094,
        "nauc_ndcg_at_1000_max": 0.389612,
        "nauc_ndcg_at_1000_std": -0.066744,
        "nauc_ndcg_at_1000_diff1": 0.421069,
        "nauc_map_at_1_max": 0.122477,
        "nauc_map_at_1_std": -0.137947,
        "nauc_map_at_1_diff1": 0.440075,
        "nauc_map_at_3_max": 0.210247,
        "nauc_map_at_3_std": -0.142232,
        "nauc_map_at_3_diff1": 0.396085,
        "nauc_map_at_5_max": 0.249282,
        "nauc_map_at_5_std": -0.139052,
        "nauc_map_at_5_diff1": 0.395525,
        "nauc_map_at_10_max": 0.288561,
        "nauc_map_at_10_std": -0.130741,
        "nauc_map_at_10_diff1": 0.39627,
        "nauc_map_at_20_max": 0.304277,
        "nauc_map_at_20_std": -0.121887,
        "nauc_map_at_20_diff1": 0.398582,
        "nauc_map_at_100_max": 0.31029,
        "nauc_map_at_100_std": -0.115761,
        "nauc_map_at_100_diff1": 0.396796,
        "nauc_map_at_1000_max": 0.311136,
        "nauc_map_at_1000_std": -0.115653,
        "nauc_map_at_1000_diff1": 0.397085,
        "nauc_recall_at_1_max": 0.122477,
        "nauc_recall_at_1_std": -0.137947,
        "nauc_recall_at_1_diff1": 0.440075,
        "nauc_recall_at_3_max": 0.159745,
        "nauc_recall_at_3_std": -0.134504,
        "nauc_recall_at_3_diff1": 0.326344,
        "nauc_recall_at_5_max": 0.170033,
        "nauc_recall_at_5_std": -0.129444,
        "nauc_recall_at_5_diff1": 0.313818,
        "nauc_recall_at_10_max": 0.233534,
        "nauc_recall_at_10_std": -0.089138,
        "nauc_recall_at_10_diff1": 0.316771,
        "nauc_recall_at_20_max": 0.271846,
        "nauc_recall_at_20_std": -0.018405,
        "nauc_recall_at_20_diff1": 0.33427,
        "nauc_recall_at_100_max": 0.260828,
        "nauc_recall_at_100_std": 0.134477,
        "nauc_recall_at_100_diff1": 0.224775,
        "nauc_recall_at_1000_max": 0.257586,
        "nauc_recall_at_1000_std": 0.232697,
        "nauc_recall_at_1000_diff1": 0.276785,
        "nauc_precision_at_1_max": 0.473147,
        "nauc_precision_at_1_std": -0.050171,
        "nauc_precision_at_1_diff1": 0.521391,
        "nauc_precision_at_3_max": 0.450819,
        "nauc_precision_at_3_std": 0.00624,
        "nauc_precision_at_3_diff1": 0.169706,
        "nauc_precision_at_5_max": 0.441476,
        "nauc_precision_at_5_std": 0.035448,
        "nauc_precision_at_5_diff1": 0.091573,
        "nauc_precision_at_10_max": 0.453345,
        "nauc_precision_at_10_std": 0.087055,
        "nauc_precision_at_10_diff1": 0.033021,
        "nauc_precision_at_20_max": 0.439723,
        "nauc_precision_at_20_std": 0.13409,
        "nauc_precision_at_20_diff1": -0.012872,
        "nauc_precision_at_100_max": 0.391891,
        "nauc_precision_at_100_std": 0.176665,
        "nauc_precision_at_100_diff1": -0.09203,
        "nauc_precision_at_1000_max": 0.34549,
        "nauc_precision_at_1000_std": 0.161719,
        "nauc_precision_at_1000_diff1": -0.107353,
        "nauc_mrr_at_1_max": 0.473147,
        "nauc_mrr_at_1_std": -0.050171,
        "nauc_mrr_at_1_diff1": 0.521391,
        "nauc_mrr_at_3_max": 0.488959,
        "nauc_mrr_at_3_std": -0.03839,
        "nauc_mrr_at_3_diff1": 0.496954,
        "nauc_mrr_at_5_max": 0.483121,
        "nauc_mrr_at_5_std": -0.033764,
        "nauc_mrr_at_5_diff1": 0.493558,
        "nauc_mrr_at_10_max": 0.489702,
        "nauc_mrr_at_10_std": -0.026015,
        "nauc_mrr_at_10_diff1": 0.495789,
        "nauc_mrr_at_20_max": 0.489327,
        "nauc_mrr_at_20_std": -0.025077,
        "nauc_mrr_at_20_diff1": 0.4962,
        "nauc_mrr_at_100_max": 0.489021,
        "nauc_mrr_at_100_std": -0.026555,
        "nauc_mrr_at_100_diff1": 0.496909,
        "nauc_mrr_at_1000_max": 0.488925,
        "nauc_mrr_at_1000_std": -0.026694,
        "nauc_mrr_at_1000_diff1": 0.496948,
        "main_score": 0.60837,
        "hf_subset": "default",
        "languages": [
          "eng-Latn"
        ]
      }
    ]
  },
  "evaluation_time": 355.17870235443115,
  "kg_co2_emissions": null
}