{
  "dataset_revision": "ae763399273d8b20506b80cf6f6f9a31a6a2b238",
  "task_name": "MedicalQARetrieval",
  "mteb_version": "1.34.8",
  "scores": {
    "test": [
      {
        "ndcg_at_1": 0.60205,
        "ndcg_at_3": 0.70486,
        "ndcg_at_5": 0.72724,
        "ndcg_at_10": 0.7467,
        "ndcg_at_20": 0.75785,
        "ndcg_at_100": 0.7645,
        "ndcg_at_1000": 0.76809,
        "map_at_1": 0.60205,
        "map_at_3": 0.67993,
        "map_at_5": 0.69238,
        "map_at_10": 0.70044,
        "map_at_20": 0.70352,
        "map_at_100": 0.70449,
        "map_at_1000": 0.70462,
        "recall_at_1": 0.60205,
        "recall_at_3": 0.77686,
        "recall_at_5": 0.83105,
        "recall_at_10": 0.89111,
        "recall_at_20": 0.93506,
        "recall_at_100": 0.97021,
        "recall_at_1000": 0.99854,
        "precision_at_1": 0.60205,
        "precision_at_3": 0.25895,
        "precision_at_5": 0.16621,
        "precision_at_10": 0.08911,
        "precision_at_20": 0.04675,
        "precision_at_100": 0.0097,
        "precision_at_1000": 0.001,
        "mrr_at_1": 0.602051,
        "mrr_at_3": 0.680013,
        "mrr_at_5": 0.692537,
        "mrr_at_10": 0.700512,
        "mrr_at_20": 0.703596,
        "mrr_at_100": 0.704558,
        "mrr_at_1000": 0.704693,
        "nauc_ndcg_at_1_max": 0.407533,
        "nauc_ndcg_at_1_std": -0.076771,
        "nauc_ndcg_at_1_diff1": 0.607057,
        "nauc_ndcg_at_3_max": 0.386855,
        "nauc_ndcg_at_3_std": -0.087695,
        "nauc_ndcg_at_3_diff1": 0.547185,
        "nauc_ndcg_at_5_max": 0.381791,
        "nauc_ndcg_at_5_std": -0.086534,
        "nauc_ndcg_at_5_diff1": 0.540083,
        "nauc_ndcg_at_10_max": 0.381516,
        "nauc_ndcg_at_10_std": -0.083214,
        "nauc_ndcg_at_10_diff1": 0.53899,
        "nauc_ndcg_at_20_max": 0.394202,
        "nauc_ndcg_at_20_std": -0.073766,
        "nauc_ndcg_at_20_diff1": 0.540892,
        "nauc_ndcg_at_100_max": 0.397099,
        "nauc_ndcg_at_100_std": -0.066097,
        "nauc_ndcg_at_100_diff1": 0.549508,
        "nauc_ndcg_at_1000_max": 0.39427,
        "nauc_ndcg_at_1000_std": -0.074376,
        "nauc_ndcg_at_1000_diff1": 0.552331,
        "nauc_map_at_1_max": 0.407533,
        "nauc_map_at_1_std": -0.076771,
        "nauc_map_at_1_diff1": 0.607057,
        "nauc_map_at_3_max": 0.392564,
        "nauc_map_at_3_std": -0.083606,
        "nauc_map_at_3_diff1": 0.56211,
        "nauc_map_at_5_max": 0.389904,
        "nauc_map_at_5_std": -0.082795,
        "nauc_map_at_5_diff1": 0.559196,
        "nauc_map_at_10_max": 0.390012,
        "nauc_map_at_10_std": -0.081423,
        "nauc_map_at_10_diff1": 0.558932,
        "nauc_map_at_20_max": 0.393242,
        "nauc_map_at_20_std": -0.07925,
        "nauc_map_at_20_diff1": 0.559753,
        "nauc_map_at_100_max": 0.393758,
        "nauc_map_at_100_std": -0.078356,
        "nauc_map_at_100_diff1": 0.560842,
        "nauc_map_at_1000_max": 0.393692,
        "nauc_map_at_1000_std": -0.078582,
        "nauc_map_at_1000_diff1": 0.560917,
        "nauc_recall_at_1_max": 0.407533,
        "nauc_recall_at_1_std": -0.076771,
        "nauc_recall_at_1_diff1": 0.607057,
        "nauc_recall_at_3_max": 0.365481,
        "nauc_recall_at_3_std": -0.103598,
        "nauc_recall_at_3_diff1": 0.492199,
        "nauc_recall_at_5_max": 0.344057,
        "nauc_recall_at_5_std": -0.104312,
        "nauc_recall_at_5_diff1": 0.451695,
        "nauc_recall_at_10_max": 0.324311,
        "nauc_recall_at_10_std": -0.093255,
        "nauc_recall_at_10_diff1": 0.407187,
        "nauc_recall_at_20_max": 0.43752,
        "nauc_recall_at_20_std": 0.017406,
        "nauc_recall_at_20_diff1": 0.339807,
        "nauc_recall_at_100_max": 0.571582,
        "nauc_recall_at_100_std": 0.393706,
        "nauc_recall_at_100_diff1": 0.404379,
        "nauc_recall_at_1000_max": 0.807806,
        "nauc_recall_at_1000_std": 0.395576,
        "nauc_recall_at_1000_diff1": 0.637419,
        "nauc_precision_at_1_max": 0.407533,
        "nauc_precision_at_1_std": -0.076771,
        "nauc_precision_at_1_diff1": 0.607057,
        "nauc_precision_at_3_max": 0.365481,
        "nauc_precision_at_3_std": -0.103598,
        "nauc_precision_at_3_diff1": 0.492199,
        "nauc_precision_at_5_max": 0.344057,
        "nauc_precision_at_5_std": -0.104312,
        "nauc_precision_at_5_diff1": 0.451695,
        "nauc_precision_at_10_max": 0.324311,
        "nauc_precision_at_10_std": -0.093255,
        "nauc_precision_at_10_diff1": 0.407187,
        "nauc_precision_at_20_max": 0.43752,
        "nauc_precision_at_20_std": 0.017406,
        "nauc_precision_at_20_diff1": 0.339807,
        "nauc_precision_at_100_max": 0.571582,
        "nauc_precision_at_100_std": 0.393706,
        "nauc_precision_at_100_diff1": 0.404379,
        "nauc_precision_at_1000_max": 0.807806,
        "nauc_precision_at_1000_std": 0.395576,
        "nauc_precision_at_1000_diff1": 0.637419,
        "nauc_mrr_at_1_max": 0.409357,
        "nauc_mrr_at_1_std": -0.07342,
        "nauc_mrr_at_1_diff1": 0.607057,
        "nauc_mrr_at_3_max": 0.392804,
        "nauc_mrr_at_3_std": -0.081268,
        "nauc_mrr_at_3_diff1": 0.561928,
        "nauc_mrr_at_5_max": 0.390599,
        "nauc_mrr_at_5_std": -0.080936,
        "nauc_mrr_at_5_diff1": 0.558859,
        "nauc_mrr_at_10_max": 0.390797,
        "nauc_mrr_at_10_std": -0.079204,
        "nauc_mrr_at_10_diff1": 0.558754,
        "nauc_mrr_at_20_max": 0.394037,
        "nauc_mrr_at_20_std": -0.077004,
        "nauc_mrr_at_20_diff1": 0.559573,
        "nauc_mrr_at_100_max": 0.394556,
        "nauc_mrr_at_100_std": -0.076101,
        "nauc_mrr_at_100_diff1": 0.560661,
        "nauc_mrr_at_1000_max": 0.394491,
        "nauc_mrr_at_1000_std": -0.076326,
        "nauc_mrr_at_1000_diff1": 0.560735,
        "main_score": 0.7467,
        "hf_subset": "default",
        "languages": [
          "eng-Latn"
        ]
      }
    ]
  },
  "evaluation_time": 24.62714958190918,
  "kg_co2_emissions": null
}