{
  "dataset_revision": "ec0fa4fe99da2ff19ca1214b7966684033a58814",
  "task_name": "NFCorpus",
  "mteb_version": "1.34.8",
  "scores": {
    "test": [
      {
        "ndcg_at_1": 0.46285,
        "ndcg_at_3": 0.42349,
        "ndcg_at_5": 0.40569,
        "ndcg_at_10": 0.36979,
        "ndcg_at_20": 0.34808,
        "ndcg_at_100": 0.34183,
        "ndcg_at_1000": 0.43259,
        "map_at_1": 0.05694,
        "map_at_3": 0.09988,
        "map_at_5": 0.11976,
        "map_at_10": 0.13829,
        "map_at_20": 0.1545,
        "map_at_100": 0.17749,
        "map_at_1000": 0.19259,
        "recall_at_1": 0.05694,
        "recall_at_3": 0.11666,
        "recall_at_5": 0.14893,
        "recall_at_10": 0.1844,
        "recall_at_20": 0.22547,
        "recall_at_100": 0.34988,
        "recall_at_1000": 0.68025,
        "precision_at_1": 0.47988,
        "precision_at_3": 0.39732,
        "precision_at_5": 0.3548,
        "precision_at_10": 0.27399,
        "precision_at_20": 0.20588,
        "precision_at_100": 0.08604,
        "precision_at_1000": 0.02139,
        "mrr_at_1": 0.482972,
        "mrr_at_3": 0.5516,
        "mrr_at_5": 0.566305,
        "mrr_at_10": 0.573903,
        "mrr_at_20": 0.577984,
        "mrr_at_100": 0.579521,
        "mrr_at_1000": 0.57995,
        "nauc_ndcg_at_1_max": 0.386566,
        "nauc_ndcg_at_1_std": 0.304792,
        "nauc_ndcg_at_1_diff1": 0.268123,
        "nauc_ndcg_at_3_max": 0.403712,
        "nauc_ndcg_at_3_std": 0.302276,
        "nauc_ndcg_at_3_diff1": 0.218452,
        "nauc_ndcg_at_5_max": 0.395428,
        "nauc_ndcg_at_5_std": 0.295016,
        "nauc_ndcg_at_5_diff1": 0.208649,
        "nauc_ndcg_at_10_max": 0.396462,
        "nauc_ndcg_at_10_std": 0.324792,
        "nauc_ndcg_at_10_diff1": 0.198071,
        "nauc_ndcg_at_20_max": 0.368527,
        "nauc_ndcg_at_20_std": 0.323478,
        "nauc_ndcg_at_20_diff1": 0.209866,
        "nauc_ndcg_at_100_max": 0.374409,
        "nauc_ndcg_at_100_std": 0.369221,
        "nauc_ndcg_at_100_diff1": 0.257702,
        "nauc_ndcg_at_1000_max": 0.425735,
        "nauc_ndcg_at_1000_std": 0.428678,
        "nauc_ndcg_at_1000_diff1": 0.251639,
        "nauc_map_at_1_max": 0.078675,
        "nauc_map_at_1_std": -0.094597,
        "nauc_map_at_1_diff1": 0.493738,
        "nauc_map_at_3_max": 0.093737,
        "nauc_map_at_3_std": -0.010888,
        "nauc_map_at_3_diff1": 0.414288,
        "nauc_map_at_5_max": 0.118823,
        "nauc_map_at_5_std": 0.021232,
        "nauc_map_at_5_diff1": 0.372856,
        "nauc_map_at_10_max": 0.169127,
        "nauc_map_at_10_std": 0.088327,
        "nauc_map_at_10_diff1": 0.331589,
        "nauc_map_at_20_max": 0.199681,
        "nauc_map_at_20_std": 0.137764,
        "nauc_map_at_20_diff1": 0.310067,
        "nauc_map_at_100_max": 0.246117,
        "nauc_map_at_100_std": 0.214908,
        "nauc_map_at_100_diff1": 0.287847,
        "nauc_map_at_1000_max": 0.264215,
        "nauc_map_at_1000_std": 0.241087,
        "nauc_map_at_1000_diff1": 0.27222,
        "nauc_recall_at_1_max": 0.078675,
        "nauc_recall_at_1_std": -0.094597,
        "nauc_recall_at_1_diff1": 0.493738,
        "nauc_recall_at_3_max": 0.050533,
        "nauc_recall_at_3_std": -0.000141,
        "nauc_recall_at_3_diff1": 0.349807,
        "nauc_recall_at_5_max": 0.076651,
        "nauc_recall_at_5_std": 0.03043,
        "nauc_recall_at_5_diff1": 0.297941,
        "nauc_recall_at_10_max": 0.121633,
        "nauc_recall_at_10_std": 0.098871,
        "nauc_recall_at_10_diff1": 0.237221,
        "nauc_recall_at_20_max": 0.148601,
        "nauc_recall_at_20_std": 0.154066,
        "nauc_recall_at_20_diff1": 0.22256,
        "nauc_recall_at_100_max": 0.187732,
        "nauc_recall_at_100_std": 0.266105,
        "nauc_recall_at_100_diff1": 0.191897,
        "nauc_recall_at_1000_max": 0.136806,
        "nauc_recall_at_1000_std": 0.221346,
        "nauc_recall_at_1000_diff1": 0.1203,
        "nauc_precision_at_1_max": 0.410117,
        "nauc_precision_at_1_std": 0.315895,
        "nauc_precision_at_1_diff1": 0.283379,
        "nauc_precision_at_3_max": 0.416786,
        "nauc_precision_at_3_std": 0.330606,
        "nauc_precision_at_3_diff1": 0.123461,
        "nauc_precision_at_5_max": 0.410226,
        "nauc_precision_at_5_std": 0.338072,
        "nauc_precision_at_5_diff1": 0.056217,
        "nauc_precision_at_10_max": 0.414013,
        "nauc_precision_at_10_std": 0.400178,
        "nauc_precision_at_10_diff1": -0.030903,
        "nauc_precision_at_20_max": 0.356792,
        "nauc_precision_at_20_std": 0.397502,
        "nauc_precision_at_20_diff1": -0.062917,
        "nauc_precision_at_100_max": 0.290032,
        "nauc_precision_at_100_std": 0.377702,
        "nauc_precision_at_100_diff1": -0.119983,
        "nauc_precision_at_1000_max": 0.169378,
        "nauc_precision_at_1000_std": 0.197156,
        "nauc_precision_at_1000_diff1": -0.159168,
        "nauc_mrr_at_1_max": 0.407413,
        "nauc_mrr_at_1_std": 0.308604,
        "nauc_mrr_at_1_diff1": 0.274907,
        "nauc_mrr_at_3_max": 0.451909,
        "nauc_mrr_at_3_std": 0.365217,
        "nauc_mrr_at_3_diff1": 0.272309,
        "nauc_mrr_at_5_max": 0.44639,
        "nauc_mrr_at_5_std": 0.370514,
        "nauc_mrr_at_5_diff1": 0.267708,
        "nauc_mrr_at_10_max": 0.45132,
        "nauc_mrr_at_10_std": 0.376974,
        "nauc_mrr_at_10_diff1": 0.265016,
        "nauc_mrr_at_20_max": 0.454873,
        "nauc_mrr_at_20_std": 0.381102,
        "nauc_mrr_at_20_diff1": 0.269061,
        "nauc_mrr_at_100_max": 0.4549,
        "nauc_mrr_at_100_std": 0.380315,
        "nauc_mrr_at_100_diff1": 0.268937,
        "nauc_mrr_at_1000_max": 0.454463,
        "nauc_mrr_at_1000_std": 0.379852,
        "nauc_mrr_at_1000_diff1": 0.268721,
        "main_score": 0.36979,
        "hf_subset": "default",
        "languages": [
          "eng-Latn"
        ]
      }
    ]
  },
  "evaluation_time": 42.77000689506531,
  "kg_co2_emissions": null
}