{
  "dataset_revision": "f8c2fcf00f625baaa80f62ec5bd9e1fff3b8ae88",
  "task_name": "SCIDOCS",
  "mteb_version": "1.34.8",
  "scores": {
    "test": [
      {
        "ndcg_at_1": 0.282,
        "ndcg_at_3": 0.23096,
        "ndcg_at_5": 0.20715,
        "ndcg_at_10": 0.25351,
        "ndcg_at_20": 0.29035,
        "ndcg_at_100": 0.35786,
        "ndcg_at_1000": 0.40998,
        "map_at_1": 0.05723,
        "map_at_3": 0.10405,
        "map_at_5": 0.12818,
        "map_at_10": 0.15349,
        "map_at_20": 0.16808,
        "map_at_100": 0.18268,
        "map_at_1000": 0.18621,
        "recall_at_1": 0.05723,
        "recall_at_3": 0.13192,
        "recall_at_5": 0.18772,
        "recall_at_10": 0.2732,
        "recall_at_20": 0.35973,
        "recall_at_100": 0.57975,
        "recall_at_1000": 0.83073,
        "precision_at_1": 0.282,
        "precision_at_3": 0.217,
        "precision_at_5": 0.1854,
        "precision_at_10": 0.1348,
        "precision_at_20": 0.0887,
        "precision_at_100": 0.02855,
        "precision_at_1000": 0.0041,
        "mrr_at_1": 0.282,
        "mrr_at_3": 0.3695,
        "mrr_at_5": 0.39535,
        "mrr_at_10": 0.4104,
        "mrr_at_20": 0.41739,
        "mrr_at_100": 0.421603,
        "mrr_at_1000": 0.421797,
        "nauc_ndcg_at_1_max": 0.257877,
        "nauc_ndcg_at_1_std": 0.121267,
        "nauc_ndcg_at_1_diff1": 0.252249,
        "nauc_ndcg_at_3_max": 0.268136,
        "nauc_ndcg_at_3_std": 0.166697,
        "nauc_ndcg_at_3_diff1": 0.181505,
        "nauc_ndcg_at_5_max": 0.272508,
        "nauc_ndcg_at_5_std": 0.190928,
        "nauc_ndcg_at_5_diff1": 0.163075,
        "nauc_ndcg_at_10_max": 0.290587,
        "nauc_ndcg_at_10_std": 0.224403,
        "nauc_ndcg_at_10_diff1": 0.154198,
        "nauc_ndcg_at_20_max": 0.300419,
        "nauc_ndcg_at_20_std": 0.262804,
        "nauc_ndcg_at_20_diff1": 0.140925,
        "nauc_ndcg_at_100_max": 0.314272,
        "nauc_ndcg_at_100_std": 0.321947,
        "nauc_ndcg_at_100_diff1": 0.141119,
        "nauc_ndcg_at_1000_max": 0.314646,
        "nauc_ndcg_at_1000_std": 0.306527,
        "nauc_ndcg_at_1000_diff1": 0.153039,
        "nauc_map_at_1_max": 0.254274,
        "nauc_map_at_1_std": 0.118003,
        "nauc_map_at_1_diff1": 0.248093,
        "nauc_map_at_3_max": 0.272497,
        "nauc_map_at_3_std": 0.163605,
        "nauc_map_at_3_diff1": 0.180608,
        "nauc_map_at_5_max": 0.275022,
        "nauc_map_at_5_std": 0.185759,
        "nauc_map_at_5_diff1": 0.159444,
        "nauc_map_at_10_max": 0.288016,
        "nauc_map_at_10_std": 0.214254,
        "nauc_map_at_10_diff1": 0.149655,
        "nauc_map_at_20_max": 0.295927,
        "nauc_map_at_20_std": 0.239156,
        "nauc_map_at_20_diff1": 0.143945,
        "nauc_map_at_100_max": 0.301999,
        "nauc_map_at_100_std": 0.260509,
        "nauc_map_at_100_diff1": 0.145032,
        "nauc_map_at_1000_max": 0.302634,
        "nauc_map_at_1000_std": 0.260461,
        "nauc_map_at_1000_diff1": 0.14574,
        "nauc_recall_at_1_max": 0.254274,
        "nauc_recall_at_1_std": 0.118003,
        "nauc_recall_at_1_diff1": 0.248093,
        "nauc_recall_at_3_max": 0.264547,
        "nauc_recall_at_3_std": 0.177943,
        "nauc_recall_at_3_diff1": 0.145083,
        "nauc_recall_at_5_max": 0.262918,
        "nauc_recall_at_5_std": 0.211387,
        "nauc_recall_at_5_diff1": 0.116995,
        "nauc_recall_at_10_max": 0.278261,
        "nauc_recall_at_10_std": 0.252305,
        "nauc_recall_at_10_diff1": 0.098704,
        "nauc_recall_at_20_max": 0.281344,
        "nauc_recall_at_20_std": 0.316923,
        "nauc_recall_at_20_diff1": 0.065389,
        "nauc_recall_at_100_max": 0.280003,
        "nauc_recall_at_100_std": 0.450134,
        "nauc_recall_at_100_diff1": 0.043639,
        "nauc_recall_at_1000_max": 0.253472,
        "nauc_recall_at_1000_std": 0.43097,
        "nauc_recall_at_1000_diff1": 0.053163,
        "nauc_precision_at_1_max": 0.257877,
        "nauc_precision_at_1_std": 0.121267,
        "nauc_precision_at_1_diff1": 0.252249,
        "nauc_precision_at_3_max": 0.269251,
        "nauc_precision_at_3_std": 0.182915,
        "nauc_precision_at_3_diff1": 0.150186,
        "nauc_precision_at_5_max": 0.267975,
        "nauc_precision_at_5_std": 0.215618,
        "nauc_precision_at_5_diff1": 0.121576,
        "nauc_precision_at_10_max": 0.2838,
        "nauc_precision_at_10_std": 0.256934,
        "nauc_precision_at_10_diff1": 0.104199,
        "nauc_precision_at_20_max": 0.284053,
        "nauc_precision_at_20_std": 0.317996,
        "nauc_precision_at_20_diff1": 0.068692,
        "nauc_precision_at_100_max": 0.278551,
        "nauc_precision_at_100_std": 0.444939,
        "nauc_precision_at_100_diff1": 0.046168,
        "nauc_precision_at_1000_max": 0.243916,
        "nauc_precision_at_1000_std": 0.405732,
        "nauc_precision_at_1000_diff1": 0.058412,
        "nauc_mrr_at_1_max": 0.257877,
        "nauc_mrr_at_1_std": 0.121267,
        "nauc_mrr_at_1_diff1": 0.252249,
        "nauc_mrr_at_3_max": 0.254562,
        "nauc_mrr_at_3_std": 0.146128,
        "nauc_mrr_at_3_diff1": 0.213535,
        "nauc_mrr_at_5_max": 0.256522,
        "nauc_mrr_at_5_std": 0.15386,
        "nauc_mrr_at_5_diff1": 0.210825,
        "nauc_mrr_at_10_max": 0.26039,
        "nauc_mrr_at_10_std": 0.161592,
        "nauc_mrr_at_10_diff1": 0.211762,
        "nauc_mrr_at_20_max": 0.259682,
        "nauc_mrr_at_20_std": 0.161689,
        "nauc_mrr_at_20_diff1": 0.208431,
        "nauc_mrr_at_100_max": 0.26059,
        "nauc_mrr_at_100_std": 0.161022,
        "nauc_mrr_at_100_diff1": 0.210375,
        "nauc_mrr_at_1000_max": 0.260456,
        "nauc_mrr_at_1000_std": 0.160743,
        "nauc_mrr_at_1000_diff1": 0.210454,
        "main_score": 0.25351,
        "hf_subset": "default",
        "languages": [
          "eng-Latn"
        ]
      }
    ]
  },
  "evaluation_time": 204.55608344078064,
  "kg_co2_emissions": null
}