{
  "dataset_revision": "f22508f96b7a36c2415181ed8bb76f76e04ae2d5",
  "task_name": "AppsRetrieval",
  "mteb_version": "1.34.8",
  "scores": {
    "test": [
      {
        "ndcg_at_1": 0.44064,
        "ndcg_at_3": 0.5245,
        "ndcg_at_5": 0.55084,
        "ndcg_at_10": 0.57673,
        "ndcg_at_20": 0.59391,
        "ndcg_at_100": 0.61652,
        "ndcg_at_1000": 0.6255,
        "map_at_1": 0.44064,
        "map_at_3": 0.50359,
        "map_at_5": 0.51819,
        "map_at_10": 0.52885,
        "map_at_20": 0.53355,
        "map_at_100": 0.5367,
        "map_at_1000": 0.53705,
        "recall_at_1": 0.44064,
        "recall_at_3": 0.58513,
        "recall_at_5": 0.64914,
        "recall_at_10": 0.72935,
        "recall_at_20": 0.79734,
        "recall_at_100": 0.91873,
        "recall_at_1000": 0.98911,
        "precision_at_1": 0.44064,
        "precision_at_3": 0.19504,
        "precision_at_5": 0.12983,
        "precision_at_10": 0.07293,
        "precision_at_20": 0.03987,
        "precision_at_100": 0.00919,
        "precision_at_1000": 0.00099,
        "mrr_at_1": 0.440637,
        "mrr_at_3": 0.503586,
        "mrr_at_5": 0.518194,
        "mrr_at_10": 0.528843,
        "mrr_at_20": 0.533549,
        "mrr_at_100": 0.536699,
        "mrr_at_1000": 0.537042,
        "nauc_ndcg_at_1_max": 0.480934,
        "nauc_ndcg_at_1_std": -0.096336,
        "nauc_ndcg_at_1_diff1": 0.676967,
        "nauc_ndcg_at_3_max": 0.481716,
        "nauc_ndcg_at_3_std": -0.065037,
        "nauc_ndcg_at_3_diff1": 0.604871,
        "nauc_ndcg_at_5_max": 0.480592,
        "nauc_ndcg_at_5_std": -0.046793,
        "nauc_ndcg_at_5_diff1": 0.595219,
        "nauc_ndcg_at_10_max": 0.485803,
        "nauc_ndcg_at_10_std": -0.035962,
        "nauc_ndcg_at_10_diff1": 0.59319,
        "nauc_ndcg_at_20_max": 0.483375,
        "nauc_ndcg_at_20_std": -0.037137,
        "nauc_ndcg_at_20_diff1": 0.593734,
        "nauc_ndcg_at_100_max": 0.485671,
        "nauc_ndcg_at_100_std": -0.034821,
        "nauc_ndcg_at_100_diff1": 0.601446,
        "nauc_ndcg_at_1000_max": 0.484946,
        "nauc_ndcg_at_1000_std": -0.043044,
        "nauc_ndcg_at_1000_diff1": 0.606217,
        "nauc_map_at_1_max": 0.480934,
        "nauc_map_at_1_std": -0.096336,
        "nauc_map_at_1_diff1": 0.676967,
        "nauc_map_at_3_max": 0.481532,
        "nauc_map_at_3_std": -0.073285,
        "nauc_map_at_3_diff1": 0.622268,
        "nauc_map_at_5_max": 0.480768,
        "nauc_map_at_5_std": -0.063801,
        "nauc_map_at_5_diff1": 0.617277,
        "nauc_map_at_10_max": 0.482627,
        "nauc_map_at_10_std": -0.059972,
        "nauc_map_at_10_diff1": 0.616854,
        "nauc_map_at_20_max": 0.482026,
        "nauc_map_at_20_std": -0.060418,
        "nauc_map_at_20_diff1": 0.617273,
        "nauc_map_at_100_max": 0.482361,
        "nauc_map_at_100_std": -0.060113,
        "nauc_map_at_100_diff1": 0.618257,
        "nauc_map_at_1000_max": 0.482375,
        "nauc_map_at_1000_std": -0.060317,
        "nauc_map_at_1000_diff1": 0.618407,
        "nauc_recall_at_1_max": 0.480934,
        "nauc_recall_at_1_std": -0.096336,
        "nauc_recall_at_1_diff1": 0.676967,
        "nauc_recall_at_3_max": 0.482275,
        "nauc_recall_at_3_std": -0.039423,
        "nauc_recall_at_3_diff1": 0.551525,
        "nauc_recall_at_5_max": 0.480032,
        "nauc_recall_at_5_std": 0.013795,
        "nauc_recall_at_5_diff1": 0.520121,
        "nauc_recall_at_10_max": 0.501905,
        "nauc_recall_at_10_std": 0.069801,
        "nauc_recall_at_10_diff1": 0.496986,
        "nauc_recall_at_20_max": 0.490558,
        "nauc_recall_at_20_std": 0.08875,
        "nauc_recall_at_20_diff1": 0.474868,
        "nauc_recall_at_100_max": 0.539043,
        "nauc_recall_at_100_std": 0.285775,
        "nauc_recall_at_100_diff1": 0.466743,
        "nauc_recall_at_1000_max": 0.678377,
        "nauc_recall_at_1000_std": 0.644422,
        "nauc_recall_at_1000_diff1": 0.545374,
        "nauc_precision_at_1_max": 0.480934,
        "nauc_precision_at_1_std": -0.096336,
        "nauc_precision_at_1_diff1": 0.676967,
        "nauc_precision_at_3_max": 0.482275,
        "nauc_precision_at_3_std": -0.039423,
        "nauc_precision_at_3_diff1": 0.551525,
        "nauc_precision_at_5_max": 0.480032,
        "nauc_precision_at_5_std": 0.013795,
        "nauc_precision_at_5_diff1": 0.520121,
        "nauc_precision_at_10_max": 0.501905,
        "nauc_precision_at_10_std": 0.069801,
        "nauc_precision_at_10_diff1": 0.496986,
        "nauc_precision_at_20_max": 0.490558,
        "nauc_precision_at_20_std": 0.08875,
        "nauc_precision_at_20_diff1": 0.474868,
        "nauc_precision_at_100_max": 0.539043,
        "nauc_precision_at_100_std": 0.285775,
        "nauc_precision_at_100_diff1": 0.466743,
        "nauc_precision_at_1000_max": 0.678377,
        "nauc_precision_at_1000_std": 0.644422,
        "nauc_precision_at_1000_diff1": 0.545374,
        "nauc_mrr_at_1_max": 0.481764,
        "nauc_mrr_at_1_std": -0.09619,
        "nauc_mrr_at_1_diff1": 0.676967,
        "nauc_mrr_at_3_max": 0.481966,
        "nauc_mrr_at_3_std": -0.073209,
        "nauc_mrr_at_3_diff1": 0.622268,
        "nauc_mrr_at_5_max": 0.481212,
        "nauc_mrr_at_5_std": -0.063724,
        "nauc_mrr_at_5_diff1": 0.617277,
        "nauc_mrr_at_10_max": 0.483082,
        "nauc_mrr_at_10_std": -0.059885,
        "nauc_mrr_at_10_diff1": 0.616862,
        "nauc_mrr_at_20_max": 0.482477,
        "nauc_mrr_at_20_std": -0.06033,
        "nauc_mrr_at_20_diff1": 0.617271,
        "nauc_mrr_at_100_max": 0.482816,
        "nauc_mrr_at_100_std": -0.060023,
        "nauc_mrr_at_100_diff1": 0.618255,
        "nauc_mrr_at_1000_max": 0.48283,
        "nauc_mrr_at_1000_std": -0.060228,
        "nauc_mrr_at_1000_diff1": 0.618404,
        "main_score": 0.57673,
        "hf_subset": "default",
        "languages": [
          "eng-Latn",
          "python-Code"
        ]
      }
    ]
  },
  "evaluation_time": 71.16917562484741,
  "kg_co2_emissions": null
}