{
  "dataset_revision": "5d958fb6b31055495347724d46431ba41309b03a",
  "task_name": "ChemNQRetrieval",
  "mteb_version": "1.34.8",
  "scores": {
    "test": [
      {
        "ndcg_at_1": 0.37037,
        "ndcg_at_3": 0.47296,
        "ndcg_at_5": 0.52897,
        "ndcg_at_10": 0.57428,
        "ndcg_at_20": 0.59549,
        "ndcg_at_100": 0.6101,
        "ndcg_at_1000": 0.61501,
        "map_at_1": 0.2716,
        "map_at_3": 0.41049,
        "map_at_5": 0.44568,
        "map_at_10": 0.46702,
        "map_at_20": 0.47535,
        "map_at_100": 0.47863,
        "map_at_1000": 0.47883,
        "recall_at_1": 0.2716,
        "recall_at_3": 0.5679,
        "recall_at_5": 0.69753,
        "recall_at_10": 0.82716,
        "recall_at_20": 0.90123,
        "recall_at_100": 0.96296,
        "recall_at_1000": 1.0,
        "precision_at_1": 0.37037,
        "precision_at_3": 0.23457,
        "precision_at_5": 0.17037,
        "precision_at_10": 0.1037,
        "precision_at_20": 0.05741,
        "precision_at_100": 0.01259,
        "precision_at_1000": 0.0013,
        "mrr_at_1": 0.37037,
        "mrr_at_3": 0.506173,
        "mrr_at_5": 0.532099,
        "mrr_at_10": 0.546502,
        "mrr_at_20": 0.548817,
        "mrr_at_100": 0.55014,
        "mrr_at_1000": 0.550339,
        "nauc_ndcg_at_1_max": 0.310571,
        "nauc_ndcg_at_1_std": -0.145068,
        "nauc_ndcg_at_1_diff1": 0.223951,
        "nauc_ndcg_at_3_max": 0.186698,
        "nauc_ndcg_at_3_std": 0.058325,
        "nauc_ndcg_at_3_diff1": 0.138367,
        "nauc_ndcg_at_5_max": 0.136719,
        "nauc_ndcg_at_5_std": -0.083228,
        "nauc_ndcg_at_5_diff1": 0.01732,
        "nauc_ndcg_at_10_max": 0.231958,
        "nauc_ndcg_at_10_std": -0.045758,
        "nauc_ndcg_at_10_diff1": 0.005595,
        "nauc_ndcg_at_20_max": 0.298536,
        "nauc_ndcg_at_20_std": 0.035564,
        "nauc_ndcg_at_20_diff1": 0.098365,
        "nauc_ndcg_at_100_max": 0.281845,
        "nauc_ndcg_at_100_std": 0.023483,
        "nauc_ndcg_at_100_diff1": 0.095053,
        "nauc_ndcg_at_1000_max": 0.268511,
        "nauc_ndcg_at_1000_std": 0.01136,
        "nauc_ndcg_at_1000_diff1": 0.101213,
        "nauc_map_at_1_max": 0.275082,
        "nauc_map_at_1_std": -0.163154,
        "nauc_map_at_1_diff1": 0.222064,
        "nauc_map_at_3_max": 0.208949,
        "nauc_map_at_3_std": 0.030166,
        "nauc_map_at_3_diff1": 0.159942,
        "nauc_map_at_5_max": 0.19026,
        "nauc_map_at_5_std": -0.051444,
        "nauc_map_at_5_diff1": 0.088283,
        "nauc_map_at_10_max": 0.231525,
        "nauc_map_at_10_std": -0.044949,
        "nauc_map_at_10_diff1": 0.088957,
        "nauc_map_at_20_max": 0.255591,
        "nauc_map_at_20_std": -0.011837,
        "nauc_map_at_20_diff1": 0.121379,
        "nauc_map_at_100_max": 0.251662,
        "nauc_map_at_100_std": -0.013394,
        "nauc_map_at_100_diff1": 0.118754,
        "nauc_map_at_1000_max": 0.251201,
        "nauc_map_at_1000_std": -0.01382,
        "nauc_map_at_1000_diff1": 0.118974,
        "nauc_recall_at_1_max": 0.275082,
        "nauc_recall_at_1_std": -0.163154,
        "nauc_recall_at_1_diff1": 0.222064,
        "nauc_recall_at_3_max": 0.033917,
        "nauc_recall_at_3_std": 0.117666,
        "nauc_recall_at_3_diff1": 0.032201,
        "nauc_recall_at_5_max": -0.141159,
        "nauc_recall_at_5_std": -0.210069,
        "nauc_recall_at_5_diff1": -0.284041,
        "nauc_recall_at_10_max": 0.121193,
        "nauc_recall_at_10_std": -0.149311,
        "nauc_recall_at_10_diff1": -0.500638,
        "nauc_recall_at_20_max": 0.598469,
        "nauc_recall_at_20_std": 0.373169,
        "nauc_recall_at_20_diff1": -0.063658,
        "nauc_recall_at_100_max": 0.867647,
        "nauc_recall_at_100_std": 0.556079,
        "nauc_recall_at_100_diff1": -0.175564,
        "nauc_recall_at_1000_max": NaN,
        "nauc_recall_at_1000_std": NaN,
        "nauc_recall_at_1000_diff1": NaN,
        "nauc_precision_at_1_max": 0.310571,
        "nauc_precision_at_1_std": -0.145068,
        "nauc_precision_at_1_diff1": 0.223951,
        "nauc_precision_at_3_max": 0.062233,
        "nauc_precision_at_3_std": 0.299671,
        "nauc_precision_at_3_diff1": 0.019067,
        "nauc_precision_at_5_max": -0.045071,
        "nauc_precision_at_5_std": 0.013391,
        "nauc_precision_at_5_diff1": -0.260729,
        "nauc_precision_at_10_max": 0.226583,
        "nauc_precision_at_10_std": 0.131165,
        "nauc_precision_at_10_diff1": -0.253196,
        "nauc_precision_at_20_max": 0.401011,
        "nauc_precision_at_20_std": 0.427077,
        "nauc_precision_at_20_diff1": 0.043818,
        "nauc_precision_at_100_max": 0.227688,
        "nauc_precision_at_100_std": 0.360667,
        "nauc_precision_at_100_diff1": -0.062179,
        "nauc_precision_at_1000_max": 0.1668,
        "nauc_precision_at_1000_std": 0.342075,
        "nauc_precision_at_1000_diff1": -0.051392,
        "nauc_mrr_at_1_max": 0.310571,
        "nauc_mrr_at_1_std": -0.145068,
        "nauc_mrr_at_1_diff1": 0.223951,
        "nauc_mrr_at_3_max": 0.262895,
        "nauc_mrr_at_3_std": 0.010663,
        "nauc_mrr_at_3_diff1": 0.175462,
        "nauc_mrr_at_5_max": 0.235347,
        "nauc_mrr_at_5_std": -0.053039,
        "nauc_mrr_at_5_diff1": 0.130949,
        "nauc_mrr_at_10_max": 0.26699,
        "nauc_mrr_at_10_std": -0.020575,
        "nauc_mrr_at_10_diff1": 0.12161,
        "nauc_mrr_at_20_max": 0.27048,
        "nauc_mrr_at_20_std": -0.019352,
        "nauc_mrr_at_20_diff1": 0.132096,
        "nauc_mrr_at_100_max": 0.270086,
        "nauc_mrr_at_100_std": -0.021957,
        "nauc_mrr_at_100_diff1": 0.135287,
        "nauc_mrr_at_1000_max": 0.269678,
        "nauc_mrr_at_1000_std": -0.022352,
        "nauc_mrr_at_1000_diff1": 0.135499,
        "main_score": 0.57428,
        "hf_subset": "default",
        "languages": [
          "eng-Latn"
        ]
      }
    ]
  },
  "evaluation_time": 83.91542625427246,
  "kg_co2_emissions": null
}