{
  "dataset_revision": "4adc7bc41202b5c13543c9c886a25f340634dab3",
  "task_name": "COIRCodeSearchNetRetrieval",
  "mteb_version": "1.34.8",
  "scores": {
    "test": [
      {
        "ndcg_at_1": 0.80869,
        "ndcg_at_3": 0.86453,
        "ndcg_at_5": 0.87447,
        "ndcg_at_10": 0.88172,
        "ndcg_at_20": 0.88558,
        "ndcg_at_100": 0.88945,
        "ndcg_at_1000": 0.89077,
        "map_at_1": 0.80869,
        "map_at_3": 0.85141,
        "map_at_5": 0.85695,
        "map_at_10": 0.86,
        "map_at_20": 0.86107,
        "map_at_100": 0.86162,
        "map_at_1000": 0.86166,
        "recall_at_1": 0.80869,
        "recall_at_3": 0.90227,
        "recall_at_5": 0.92626,
        "recall_at_10": 0.94838,
        "recall_at_20": 0.9636,
        "recall_at_100": 0.98418,
        "recall_at_1000": 0.99484,
        "precision_at_1": 0.80869,
        "precision_at_3": 0.30076,
        "precision_at_5": 0.18525,
        "precision_at_10": 0.09484,
        "precision_at_20": 0.04818,
        "precision_at_100": 0.00984,
        "precision_at_1000": 0.00099,
        "mrr_at_1": 0.808687,
        "mrr_at_3": 0.85141,
        "mrr_at_5": 0.856954,
        "mrr_at_10": 0.860005,
        "mrr_at_20": 0.861065,
        "mrr_at_100": 0.861618,
        "mrr_at_1000": 0.861664,
        "nauc_ndcg_at_1_max": 0.682371,
        "nauc_ndcg_at_1_std": -0.10285,
        "nauc_ndcg_at_1_diff1": 0.843238,
        "nauc_ndcg_at_3_max": 0.728653,
        "nauc_ndcg_at_3_std": -0.057123,
        "nauc_ndcg_at_3_diff1": 0.817546,
        "nauc_ndcg_at_5_max": 0.731177,
        "nauc_ndcg_at_5_std": -0.049904,
        "nauc_ndcg_at_5_diff1": 0.820969,
        "nauc_ndcg_at_10_max": 0.730286,
        "nauc_ndcg_at_10_std": -0.042744,
        "nauc_ndcg_at_10_diff1": 0.823268,
        "nauc_ndcg_at_20_max": 0.729416,
        "nauc_ndcg_at_20_std": -0.043903,
        "nauc_ndcg_at_20_diff1": 0.823861,
        "nauc_ndcg_at_100_max": 0.725521,
        "nauc_ndcg_at_100_std": -0.047293,
        "nauc_ndcg_at_100_diff1": 0.825458,
        "nauc_ndcg_at_1000_max": 0.723555,
        "nauc_ndcg_at_1000_std": -0.052106,
        "nauc_ndcg_at_1000_diff1": 0.825545,
        "nauc_map_at_1_max": 0.682371,
        "nauc_map_at_1_std": -0.10285,
        "nauc_map_at_1_diff1": 0.843238,
        "nauc_map_at_3_max": 0.716227,
        "nauc_map_at_3_std": -0.07053,
        "nauc_map_at_3_diff1": 0.825017,
        "nauc_map_at_5_max": 0.717047,
        "nauc_map_at_5_std": -0.067548,
        "nauc_map_at_5_diff1": 0.826951,
        "nauc_map_at_10_max": 0.716453,
        "nauc_map_at_10_std": -0.065275,
        "nauc_map_at_10_diff1": 0.827874,
        "nauc_map_at_20_max": 0.716131,
        "nauc_map_at_20_std": -0.065754,
        "nauc_map_at_20_diff1": 0.828045,
        "nauc_map_at_100_max": 0.715631,
        "nauc_map_at_100_std": -0.066238,
        "nauc_map_at_100_diff1": 0.82825,
        "nauc_map_at_1000_max": 0.715573,
        "nauc_map_at_1000_std": -0.066354,
        "nauc_map_at_1000_diff1": 0.828254,
        "nauc_recall_at_1_max": 0.682371,
        "nauc_recall_at_1_std": -0.10285,
        "nauc_recall_at_1_diff1": 0.843238,
        "nauc_recall_at_3_max": 0.779806,
        "nauc_recall_at_3_std": -0.001159,
        "nauc_recall_at_3_diff1": 0.786402,
        "nauc_recall_at_5_max": 0.805829,
        "nauc_recall_at_5_std": 0.045867,
        "nauc_recall_at_5_diff1": 0.790239,
        "nauc_recall_at_10_max": 0.831231,
        "nauc_recall_at_10_std": 0.133316,
        "nauc_recall_at_10_diff1": 0.79299,
        "nauc_recall_at_20_max": 0.863403,
        "nauc_recall_at_20_std": 0.193912,
        "nauc_recall_at_20_diff1": 0.78739,
        "nauc_recall_at_100_max": 0.898719,
        "nauc_recall_at_100_std": 0.382214,
        "nauc_recall_at_100_diff1": 0.795993,
        "nauc_recall_at_1000_max": 0.937914,
        "nauc_recall_at_1000_std": 0.456533,
        "nauc_recall_at_1000_diff1": 0.746497,
        "nauc_precision_at_1_max": 0.682371,
        "nauc_precision_at_1_std": -0.10285,
        "nauc_precision_at_1_diff1": 0.843238,
        "nauc_precision_at_3_max": 0.779806,
        "nauc_precision_at_3_std": -0.001159,
        "nauc_precision_at_3_diff1": 0.786402,
        "nauc_precision_at_5_max": 0.805829,
        "nauc_precision_at_5_std": 0.045867,
        "nauc_precision_at_5_diff1": 0.790239,
        "nauc_precision_at_10_max": 0.831231,
        "nauc_precision_at_10_std": 0.133316,
        "nauc_precision_at_10_diff1": 0.79299,
        "nauc_precision_at_20_max": 0.863403,
        "nauc_precision_at_20_std": 0.193912,
        "nauc_precision_at_20_diff1": 0.78739,
        "nauc_precision_at_100_max": 0.898719,
        "nauc_precision_at_100_std": 0.382214,
        "nauc_precision_at_100_diff1": 0.795993,
        "nauc_precision_at_1000_max": 0.937914,
        "nauc_precision_at_1000_std": 0.456533,
        "nauc_precision_at_1000_diff1": 0.746497,
        "nauc_mrr_at_1_max": 0.682371,
        "nauc_mrr_at_1_std": -0.10285,
        "nauc_mrr_at_1_diff1": 0.843238,
        "nauc_mrr_at_3_max": 0.716227,
        "nauc_mrr_at_3_std": -0.07053,
        "nauc_mrr_at_3_diff1": 0.825017,
        "nauc_mrr_at_5_max": 0.717047,
        "nauc_mrr_at_5_std": -0.067548,
        "nauc_mrr_at_5_diff1": 0.826951,
        "nauc_mrr_at_10_max": 0.716453,
        "nauc_mrr_at_10_std": -0.065275,
        "nauc_mrr_at_10_diff1": 0.827874,
        "nauc_mrr_at_20_max": 0.716131,
        "nauc_mrr_at_20_std": -0.065754,
        "nauc_mrr_at_20_diff1": 0.828045,
        "nauc_mrr_at_100_max": 0.715631,
        "nauc_mrr_at_100_std": -0.066238,
        "nauc_mrr_at_100_diff1": 0.82825,
        "nauc_mrr_at_1000_max": 0.715573,
        "nauc_mrr_at_1000_std": -0.066354,
        "nauc_mrr_at_1000_diff1": 0.828254,
        "main_score": 0.88172,
        "hf_subset": "python",
        "languages": [
          "python-Code"
        ]
      }
    ]
  },
  "evaluation_time": 1159.25870347023,
  "kg_co2_emissions": null
}