{
  "dataset_revision": "27a168819829fe9bcd655c2df245fb19452e8e06",
  "task_name": "FiQA2018",
  "mteb_version": "1.34.8",
  "scores": {
    "test": [
      {
        "ndcg_at_1": 0.50926,
        "ndcg_at_3": 0.47488,
        "ndcg_at_5": 0.49353,
        "ndcg_at_10": 0.52378,
        "ndcg_at_20": 0.55007,
        "ndcg_at_100": 0.58925,
        "ndcg_at_1000": 0.60943,
        "map_at_1": 0.25844,
        "map_at_3": 0.37415,
        "map_at_5": 0.40694,
        "map_at_10": 0.43176,
        "map_at_20": 0.44309,
        "map_at_100": 0.45195,
        "map_at_1000": 0.45328,
        "recall_at_1": 0.25844,
        "recall_at_3": 0.43961,
        "recall_at_5": 0.51916,
        "recall_at_10": 0.61099,
        "recall_at_20": 0.69211,
        "recall_at_100": 0.85012,
        "recall_at_1000": 0.96864,
        "precision_at_1": 0.50926,
        "precision_at_3": 0.31379,
        "precision_at_5": 0.23457,
        "precision_at_10": 0.14522,
        "precision_at_20": 0.08418,
        "precision_at_100": 0.02144,
        "precision_at_1000": 0.00252,
        "mrr_at_1": 0.509259,
        "mrr_at_3": 0.579218,
        "mrr_at_5": 0.596734,
        "mrr_at_10": 0.607027,
        "mrr_at_20": 0.610455,
        "mrr_at_100": 0.612591,
        "mrr_at_1000": 0.612762,
        "nauc_ndcg_at_1_max": 0.456081,
        "nauc_ndcg_at_1_std": -0.052408,
        "nauc_ndcg_at_1_diff1": 0.545296,
        "nauc_ndcg_at_3_max": 0.377686,
        "nauc_ndcg_at_3_std": -0.063737,
        "nauc_ndcg_at_3_diff1": 0.400962,
        "nauc_ndcg_at_5_max": 0.36144,
        "nauc_ndcg_at_5_std": -0.070435,
        "nauc_ndcg_at_5_diff1": 0.384985,
        "nauc_ndcg_at_10_max": 0.377041,
        "nauc_ndcg_at_10_std": -0.056241,
        "nauc_ndcg_at_10_diff1": 0.398313,
        "nauc_ndcg_at_20_max": 0.387292,
        "nauc_ndcg_at_20_std": -0.036578,
        "nauc_ndcg_at_20_diff1": 0.390933,
        "nauc_ndcg_at_100_max": 0.402306,
        "nauc_ndcg_at_100_std": -0.022023,
        "nauc_ndcg_at_100_diff1": 0.402338,
        "nauc_ndcg_at_1000_max": 0.407902,
        "nauc_ndcg_at_1000_std": -0.025708,
        "nauc_ndcg_at_1000_diff1": 0.409978,
        "nauc_map_at_1_max": 0.210879,
        "nauc_map_at_1_std": -0.124109,
        "nauc_map_at_1_diff1": 0.454132,
        "nauc_map_at_3_max": 0.272115,
        "nauc_map_at_3_std": -0.116683,
        "nauc_map_at_3_diff1": 0.392511,
        "nauc_map_at_5_max": 0.303932,
        "nauc_map_at_5_std": -0.104702,
        "nauc_map_at_5_diff1": 0.379006,
        "nauc_map_at_10_max": 0.335351,
        "nauc_map_at_10_std": -0.09071,
        "nauc_map_at_10_diff1": 0.384179,
        "nauc_map_at_20_max": 0.343511,
        "nauc_map_at_20_std": -0.082069,
        "nauc_map_at_20_diff1": 0.382068,
        "nauc_map_at_100_max": 0.348956,
        "nauc_map_at_100_std": -0.076499,
        "nauc_map_at_100_diff1": 0.384985,
        "nauc_map_at_1000_max": 0.349653,
        "nauc_map_at_1000_std": -0.076239,
        "nauc_map_at_1000_diff1": 0.385313,
        "nauc_recall_at_1_max": 0.210879,
        "nauc_recall_at_1_std": -0.124109,
        "nauc_recall_at_1_diff1": 0.454132,
        "nauc_recall_at_3_max": 0.216204,
        "nauc_recall_at_3_std": -0.105776,
        "nauc_recall_at_3_diff1": 0.306371,
        "nauc_recall_at_5_max": 0.232892,
        "nauc_recall_at_5_std": -0.096529,
        "nauc_recall_at_5_diff1": 0.275445,
        "nauc_recall_at_10_max": 0.289654,
        "nauc_recall_at_10_std": -0.044119,
        "nauc_recall_at_10_diff1": 0.285277,
        "nauc_recall_at_20_max": 0.292667,
        "nauc_recall_at_20_std": 0.021699,
        "nauc_recall_at_20_diff1": 0.231408,
        "nauc_recall_at_100_max": 0.306763,
        "nauc_recall_at_100_std": 0.122329,
        "nauc_recall_at_100_diff1": 0.208924,
        "nauc_recall_at_1000_max": 0.313156,
        "nauc_recall_at_1000_std": 0.220191,
        "nauc_recall_at_1000_diff1": 0.241414,
        "nauc_precision_at_1_max": 0.456081,
        "nauc_precision_at_1_std": -0.052408,
        "nauc_precision_at_1_diff1": 0.545296,
        "nauc_precision_at_3_max": 0.423488,
        "nauc_precision_at_3_std": 0.027582,
        "nauc_precision_at_3_diff1": 0.237781,
        "nauc_precision_at_5_max": 0.427349,
        "nauc_precision_at_5_std": 0.06969,
        "nauc_precision_at_5_diff1": 0.149776,
        "nauc_precision_at_10_max": 0.454906,
        "nauc_precision_at_10_std": 0.132586,
        "nauc_precision_at_10_diff1": 0.116367,
        "nauc_precision_at_20_max": 0.414716,
        "nauc_precision_at_20_std": 0.177351,
        "nauc_precision_at_20_diff1": 0.061522,
        "nauc_precision_at_100_max": 0.361293,
        "nauc_precision_at_100_std": 0.222835,
        "nauc_precision_at_100_diff1": 0.017702,
        "nauc_precision_at_1000_max": 0.284358,
        "nauc_precision_at_1000_std": 0.195659,
        "nauc_precision_at_1000_diff1": -0.023736,
        "nauc_mrr_at_1_max": 0.456081,
        "nauc_mrr_at_1_std": -0.052408,
        "nauc_mrr_at_1_diff1": 0.545296,
        "nauc_mrr_at_3_max": 0.461033,
        "nauc_mrr_at_3_std": -0.018041,
        "nauc_mrr_at_3_diff1": 0.503971,
        "nauc_mrr_at_5_max": 0.46248,
        "nauc_mrr_at_5_std": -0.011266,
        "nauc_mrr_at_5_diff1": 0.5012,
        "nauc_mrr_at_10_max": 0.466437,
        "nauc_mrr_at_10_std": -0.00873,
        "nauc_mrr_at_10_diff1": 0.503111,
        "nauc_mrr_at_20_max": 0.466271,
        "nauc_mrr_at_20_std": -0.008494,
        "nauc_mrr_at_20_diff1": 0.503182,
        "nauc_mrr_at_100_max": 0.465135,
        "nauc_mrr_at_100_std": -0.009479,
        "nauc_mrr_at_100_diff1": 0.502712,
        "nauc_mrr_at_1000_max": 0.465136,
        "nauc_mrr_at_1000_std": -0.009553,
        "nauc_mrr_at_1000_diff1": 0.502812,
        "main_score": 0.52378,
        "hf_subset": "default",
        "languages": [
          "eng-Latn"
        ]
      }
    ]
  },
  "evaluation_time": 249.7484953403473,
  "kg_co2_emissions": null
}