{
  "dataset_revision": "ae763399273d8b20506b80cf6f6f9a31a6a2b238",
  "task_name": "MedicalQARetrieval",
  "mteb_version": "1.34.8",
  "scores": {
    "test": [
      {
        "ndcg_at_1": 0.54639,
        "ndcg_at_3": 0.66526,
        "ndcg_at_5": 0.6951,
        "ndcg_at_10": 0.71466,
        "ndcg_at_20": 0.72574,
        "ndcg_at_100": 0.73478,
        "ndcg_at_1000": 0.73805,
        "map_at_1": 0.54639,
        "map_at_3": 0.63672,
        "map_at_5": 0.65344,
        "map_at_10": 0.66178,
        "map_at_20": 0.66488,
        "map_at_100": 0.66612,
        "map_at_1000": 0.66623,
        "recall_at_1": 0.54639,
        "recall_at_3": 0.74756,
        "recall_at_5": 0.81934,
        "recall_at_10": 0.87842,
        "recall_at_20": 0.92188,
        "recall_at_100": 0.9707,
        "recall_at_1000": 0.99658,
        "precision_at_1": 0.54639,
        "precision_at_3": 0.24919,
        "precision_at_5": 0.16387,
        "precision_at_10": 0.08784,
        "precision_at_20": 0.04609,
        "precision_at_100": 0.00971,
        "precision_at_1000": 0.001,
        "mrr_at_1": 0.546387,
        "mrr_at_3": 0.636719,
        "mrr_at_5": 0.653589,
        "mrr_at_10": 0.661848,
        "mrr_at_20": 0.664943,
        "mrr_at_100": 0.666183,
        "mrr_at_1000": 0.666301,
        "nauc_ndcg_at_1_max": 0.231296,
        "nauc_ndcg_at_1_std": -0.023145,
        "nauc_ndcg_at_1_diff1": 0.53837,
        "nauc_ndcg_at_3_max": 0.259799,
        "nauc_ndcg_at_3_std": -0.051305,
        "nauc_ndcg_at_3_diff1": 0.47507,
        "nauc_ndcg_at_5_max": 0.259,
        "nauc_ndcg_at_5_std": -0.079007,
        "nauc_ndcg_at_5_diff1": 0.469337,
        "nauc_ndcg_at_10_max": 0.258112,
        "nauc_ndcg_at_10_std": -0.074125,
        "nauc_ndcg_at_10_diff1": 0.461846,
        "nauc_ndcg_at_20_max": 0.255332,
        "nauc_ndcg_at_20_std": -0.063208,
        "nauc_ndcg_at_20_diff1": 0.461971,
        "nauc_ndcg_at_100_max": 0.25643,
        "nauc_ndcg_at_100_std": -0.050053,
        "nauc_ndcg_at_100_diff1": 0.472026,
        "nauc_ndcg_at_1000_max": 0.252993,
        "nauc_ndcg_at_1000_std": -0.052608,
        "nauc_ndcg_at_1000_diff1": 0.476821,
        "nauc_map_at_1_max": 0.231296,
        "nauc_map_at_1_std": -0.023145,
        "nauc_map_at_1_diff1": 0.53837,
        "nauc_map_at_3_max": 0.251168,
        "nauc_map_at_3_std": -0.041996,
        "nauc_map_at_3_diff1": 0.491279,
        "nauc_map_at_5_max": 0.25073,
        "nauc_map_at_5_std": -0.055567,
        "nauc_map_at_5_diff1": 0.489011,
        "nauc_map_at_10_max": 0.249458,
        "nauc_map_at_10_std": -0.053531,
        "nauc_map_at_10_diff1": 0.486695,
        "nauc_map_at_20_max": 0.248666,
        "nauc_map_at_20_std": -0.051114,
        "nauc_map_at_20_diff1": 0.487107,
        "nauc_map_at_100_max": 0.248921,
        "nauc_map_at_100_std": -0.049339,
        "nauc_map_at_100_diff1": 0.488328,
        "nauc_map_at_1000_max": 0.248818,
        "nauc_map_at_1000_std": -0.049383,
        "nauc_map_at_1000_diff1": 0.488453,
        "nauc_recall_at_1_max": 0.231296,
        "nauc_recall_at_1_std": -0.023145,
        "nauc_recall_at_1_diff1": 0.53837,
        "nauc_recall_at_3_max": 0.291839,
        "nauc_recall_at_3_std": -0.086245,
        "nauc_recall_at_3_diff1": 0.416343,
        "nauc_recall_at_5_max": 0.296905,
        "nauc_recall_at_5_std": -0.194952,
        "nauc_recall_at_5_diff1": 0.378086,
        "nauc_recall_at_10_max": 0.316515,
        "nauc_recall_at_10_std": -0.211655,
        "nauc_recall_at_10_diff1": 0.295529,
        "nauc_recall_at_20_max": 0.317394,
        "nauc_recall_at_20_std": -0.153269,
        "nauc_recall_at_20_diff1": 0.207545,
        "nauc_recall_at_100_max": 0.44113,
        "nauc_recall_at_100_std": 0.174355,
        "nauc_recall_at_100_diff1": 0.176575,
        "nauc_recall_at_1000_max": 0.190218,
        "nauc_recall_at_1000_std": 0.494242,
        "nauc_recall_at_1000_diff1": 0.323235,
        "nauc_precision_at_1_max": 0.231296,
        "nauc_precision_at_1_std": -0.023145,
        "nauc_precision_at_1_diff1": 0.53837,
        "nauc_precision_at_3_max": 0.291839,
        "nauc_precision_at_3_std": -0.086245,
        "nauc_precision_at_3_diff1": 0.416343,
        "nauc_precision_at_5_max": 0.296905,
        "nauc_precision_at_5_std": -0.194952,
        "nauc_precision_at_5_diff1": 0.378086,
        "nauc_precision_at_10_max": 0.316515,
        "nauc_precision_at_10_std": -0.211655,
        "nauc_precision_at_10_diff1": 0.295529,
        "nauc_precision_at_20_max": 0.317394,
        "nauc_precision_at_20_std": -0.153269,
        "nauc_precision_at_20_diff1": 0.207545,
        "nauc_precision_at_100_max": 0.44113,
        "nauc_precision_at_100_std": 0.174355,
        "nauc_precision_at_100_diff1": 0.176575,
        "nauc_precision_at_1000_max": 0.190218,
        "nauc_precision_at_1000_std": 0.494242,
        "nauc_precision_at_1000_diff1": 0.323235,
        "nauc_mrr_at_1_max": 0.231487,
        "nauc_mrr_at_1_std": -0.022684,
        "nauc_mrr_at_1_diff1": 0.53837,
        "nauc_mrr_at_3_max": 0.249797,
        "nauc_mrr_at_3_std": -0.041393,
        "nauc_mrr_at_3_diff1": 0.491279,
        "nauc_mrr_at_5_max": 0.250131,
        "nauc_mrr_at_5_std": -0.055415,
        "nauc_mrr_at_5_diff1": 0.48869,
        "nauc_mrr_at_10_max": 0.249042,
        "nauc_mrr_at_10_std": -0.05325,
        "nauc_mrr_at_10_diff1": 0.486541,
        "nauc_mrr_at_20_max": 0.248252,
        "nauc_mrr_at_20_std": -0.050815,
        "nauc_mrr_at_20_diff1": 0.486951,
        "nauc_mrr_at_100_max": 0.248506,
        "nauc_mrr_at_100_std": -0.049039,
        "nauc_mrr_at_100_diff1": 0.488171,
        "nauc_mrr_at_1000_max": 0.248402,
        "nauc_mrr_at_1000_std": -0.049083,
        "nauc_mrr_at_1000_diff1": 0.488296,
        "main_score": 0.71466,
        "hf_subset": "default",
        "languages": [
          "eng-Latn"
        ]
      }
    ]
  },
  "evaluation_time": 19.057992935180664,
  "kg_co2_emissions": null
}