{
  "dataset_revision": "f8c2fcf00f625baaa80f62ec5bd9e1fff3b8ae88",
  "task_name": "SCIDOCS",
  "mteb_version": "1.34.8",
  "scores": {
    "test": [
      {
        "ndcg_at_1": 0.24,
        "ndcg_at_3": 0.18885,
        "ndcg_at_5": 0.16296,
        "ndcg_at_10": 0.1946,
        "ndcg_at_20": 0.22411,
        "ndcg_at_100": 0.27945,
        "ndcg_at_1000": 0.33778,
        "map_at_1": 0.04865,
        "map_at_3": 0.08477,
        "map_at_5": 0.10069,
        "map_at_10": 0.11567,
        "map_at_20": 0.12639,
        "map_at_100": 0.13718,
        "map_at_1000": 0.14052,
        "recall_at_1": 0.04865,
        "recall_at_3": 0.10618,
        "recall_at_5": 0.14283,
        "recall_at_10": 0.20102,
        "recall_at_20": 0.26972,
        "recall_at_100": 0.45032,
        "recall_at_1000": 0.735,
        "precision_at_1": 0.24,
        "precision_at_3": 0.17467,
        "precision_at_5": 0.1408,
        "precision_at_10": 0.0993,
        "precision_at_20": 0.0667,
        "precision_at_100": 0.02217,
        "precision_at_1000": 0.00362,
        "mrr_at_1": 0.24,
        "mrr_at_3": 0.3085,
        "mrr_at_5": 0.3249,
        "mrr_at_10": 0.34068,
        "mrr_at_20": 0.347879,
        "mrr_at_100": 0.352584,
        "mrr_at_1000": 0.353141,
        "nauc_ndcg_at_1_max": 0.284097,
        "nauc_ndcg_at_1_std": 0.179875,
        "nauc_ndcg_at_1_diff1": 0.206329,
        "nauc_ndcg_at_3_max": 0.305734,
        "nauc_ndcg_at_3_std": 0.212228,
        "nauc_ndcg_at_3_diff1": 0.162807,
        "nauc_ndcg_at_5_max": 0.316241,
        "nauc_ndcg_at_5_std": 0.243427,
        "nauc_ndcg_at_5_diff1": 0.159635,
        "nauc_ndcg_at_10_max": 0.326017,
        "nauc_ndcg_at_10_std": 0.284852,
        "nauc_ndcg_at_10_diff1": 0.145211,
        "nauc_ndcg_at_20_max": 0.334979,
        "nauc_ndcg_at_20_std": 0.316618,
        "nauc_ndcg_at_20_diff1": 0.146518,
        "nauc_ndcg_at_100_max": 0.344978,
        "nauc_ndcg_at_100_std": 0.373675,
        "nauc_ndcg_at_100_diff1": 0.138431,
        "nauc_ndcg_at_1000_max": 0.336621,
        "nauc_ndcg_at_1000_std": 0.375221,
        "nauc_ndcg_at_1000_diff1": 0.12813,
        "nauc_map_at_1_max": 0.276795,
        "nauc_map_at_1_std": 0.175328,
        "nauc_map_at_1_diff1": 0.20004,
        "nauc_map_at_3_max": 0.305917,
        "nauc_map_at_3_std": 0.20674,
        "nauc_map_at_3_diff1": 0.162519,
        "nauc_map_at_5_max": 0.32072,
        "nauc_map_at_5_std": 0.239926,
        "nauc_map_at_5_diff1": 0.163507,
        "nauc_map_at_10_max": 0.326502,
        "nauc_map_at_10_std": 0.273972,
        "nauc_map_at_10_diff1": 0.151739,
        "nauc_map_at_20_max": 0.330686,
        "nauc_map_at_20_std": 0.297197,
        "nauc_map_at_20_diff1": 0.149968,
        "nauc_map_at_100_max": 0.336901,
        "nauc_map_at_100_std": 0.317398,
        "nauc_map_at_100_diff1": 0.150728,
        "nauc_map_at_1000_max": 0.336262,
        "nauc_map_at_1000_std": 0.319417,
        "nauc_map_at_1000_diff1": 0.149151,
        "nauc_recall_at_1_max": 0.276795,
        "nauc_recall_at_1_std": 0.175328,
        "nauc_recall_at_1_diff1": 0.20004,
        "nauc_recall_at_3_max": 0.304702,
        "nauc_recall_at_3_std": 0.223169,
        "nauc_recall_at_3_diff1": 0.138079,
        "nauc_recall_at_5_max": 0.318192,
        "nauc_recall_at_5_std": 0.272515,
        "nauc_recall_at_5_diff1": 0.135492,
        "nauc_recall_at_10_max": 0.322972,
        "nauc_recall_at_10_std": 0.334777,
        "nauc_recall_at_10_diff1": 0.105314,
        "nauc_recall_at_20_max": 0.319506,
        "nauc_recall_at_20_std": 0.376744,
        "nauc_recall_at_20_diff1": 0.10224,
        "nauc_recall_at_100_max": 0.291268,
        "nauc_recall_at_100_std": 0.473347,
        "nauc_recall_at_100_diff1": 0.059991,
        "nauc_recall_at_1000_max": 0.214508,
        "nauc_recall_at_1000_std": 0.478346,
        "nauc_recall_at_1000_diff1": -0.018218,
        "nauc_precision_at_1_max": 0.284097,
        "nauc_precision_at_1_std": 0.179875,
        "nauc_precision_at_1_diff1": 0.206329,
        "nauc_precision_at_3_max": 0.312413,
        "nauc_precision_at_3_std": 0.22801,
        "nauc_precision_at_3_diff1": 0.143665,
        "nauc_precision_at_5_max": 0.32656,
        "nauc_precision_at_5_std": 0.277452,
        "nauc_precision_at_5_diff1": 0.141458,
        "nauc_precision_at_10_max": 0.329129,
        "nauc_precision_at_10_std": 0.336359,
        "nauc_precision_at_10_diff1": 0.108837,
        "nauc_precision_at_20_max": 0.326518,
        "nauc_precision_at_20_std": 0.379324,
        "nauc_precision_at_20_diff1": 0.107109,
        "nauc_precision_at_100_max": 0.302056,
        "nauc_precision_at_100_std": 0.47107,
        "nauc_precision_at_100_diff1": 0.066114,
        "nauc_precision_at_1000_max": 0.227408,
        "nauc_precision_at_1000_std": 0.463098,
        "nauc_precision_at_1000_diff1": -0.00765,
        "nauc_mrr_at_1_max": 0.284097,
        "nauc_mrr_at_1_std": 0.179875,
        "nauc_mrr_at_1_diff1": 0.206329,
        "nauc_mrr_at_3_max": 0.286353,
        "nauc_mrr_at_3_std": 0.197081,
        "nauc_mrr_at_3_diff1": 0.174678,
        "nauc_mrr_at_5_max": 0.289588,
        "nauc_mrr_at_5_std": 0.203044,
        "nauc_mrr_at_5_diff1": 0.175853,
        "nauc_mrr_at_10_max": 0.296439,
        "nauc_mrr_at_10_std": 0.213064,
        "nauc_mrr_at_10_diff1": 0.173897,
        "nauc_mrr_at_20_max": 0.297373,
        "nauc_mrr_at_20_std": 0.213769,
        "nauc_mrr_at_20_diff1": 0.175407,
        "nauc_mrr_at_100_max": 0.2969,
        "nauc_mrr_at_100_std": 0.213922,
        "nauc_mrr_at_100_diff1": 0.174955,
        "nauc_mrr_at_1000_max": 0.296583,
        "nauc_mrr_at_1000_std": 0.213314,
        "nauc_mrr_at_1000_diff1": 0.175051,
        "main_score": 0.1946,
        "hf_subset": "default",
        "languages": [
          "eng-Latn"
        ]
      }
    ]
  },
  "evaluation_time": 115.09896302223206,
  "kg_co2_emissions": null
}