{
  "dataset_revision": "0228b52cf27578f30900b9e5271d331663a030d7",
  "task_name": "SciFact",
  "mteb_version": "1.34.8",
  "scores": {
    "test": [
      {
        "ndcg_at_1": 0.65,
        "ndcg_at_3": 0.7188,
        "ndcg_at_5": 0.74382,
        "ndcg_at_10": 0.76708,
        "ndcg_at_20": 0.77771,
        "ndcg_at_100": 0.78502,
        "ndcg_at_1000": 0.78864,
        "map_at_1": 0.61661,
        "map_at_3": 0.69185,
        "map_at_5": 0.70873,
        "map_at_10": 0.72082,
        "map_at_20": 0.72443,
        "map_at_100": 0.72551,
        "map_at_1000": 0.72568,
        "recall_at_1": 0.61661,
        "recall_at_3": 0.76544,
        "recall_at_5": 0.82883,
        "recall_at_10": 0.89589,
        "recall_at_20": 0.935,
        "recall_at_100": 0.97333,
        "recall_at_1000": 1.0,
        "precision_at_1": 0.65,
        "precision_at_3": 0.27889,
        "precision_at_5": 0.18467,
        "precision_at_10": 0.10133,
        "precision_at_20": 0.05317,
        "precision_at_100": 0.01103,
        "precision_at_1000": 0.00113,
        "mrr_at_1": 0.65,
        "mrr_at_3": 0.711667,
        "mrr_at_5": 0.726,
        "mrr_at_10": 0.733078,
        "mrr_at_20": 0.735527,
        "mrr_at_100": 0.736562,
        "mrr_at_1000": 0.73673,
        "nauc_ndcg_at_1_max": 0.585185,
        "nauc_ndcg_at_1_std": -0.052622,
        "nauc_ndcg_at_1_diff1": 0.742529,
        "nauc_ndcg_at_3_max": 0.606084,
        "nauc_ndcg_at_3_std": -0.074354,
        "nauc_ndcg_at_3_diff1": 0.722568,
        "nauc_ndcg_at_5_max": 0.621836,
        "nauc_ndcg_at_5_std": -0.04482,
        "nauc_ndcg_at_5_diff1": 0.715345,
        "nauc_ndcg_at_10_max": 0.628324,
        "nauc_ndcg_at_10_std": -0.011464,
        "nauc_ndcg_at_10_diff1": 0.708928,
        "nauc_ndcg_at_20_max": 0.629388,
        "nauc_ndcg_at_20_std": 0.011153,
        "nauc_ndcg_at_20_diff1": 0.708079,
        "nauc_ndcg_at_100_max": 0.626243,
        "nauc_ndcg_at_100_std": -0.006306,
        "nauc_ndcg_at_100_diff1": 0.716728,
        "nauc_ndcg_at_1000_max": 0.620744,
        "nauc_ndcg_at_1000_std": -0.021905,
        "nauc_ndcg_at_1000_diff1": 0.718347,
        "nauc_map_at_1_max": 0.509467,
        "nauc_map_at_1_std": -0.165197,
        "nauc_map_at_1_diff1": 0.755093,
        "nauc_map_at_3_max": 0.574388,
        "nauc_map_at_3_std": -0.115921,
        "nauc_map_at_3_diff1": 0.734378,
        "nauc_map_at_5_max": 0.589271,
        "nauc_map_at_5_std": -0.087757,
        "nauc_map_at_5_diff1": 0.728296,
        "nauc_map_at_10_max": 0.597691,
        "nauc_map_at_10_std": -0.067857,
        "nauc_map_at_10_diff1": 0.725354,
        "nauc_map_at_20_max": 0.599148,
        "nauc_map_at_20_std": -0.0598,
        "nauc_map_at_20_diff1": 0.725244,
        "nauc_map_at_100_max": 0.598665,
        "nauc_map_at_100_std": -0.062215,
        "nauc_map_at_100_diff1": 0.726328,
        "nauc_map_at_1000_max": 0.598452,
        "nauc_map_at_1000_std": -0.062794,
        "nauc_map_at_1000_diff1": 0.726419,
        "nauc_recall_at_1_max": 0.509467,
        "nauc_recall_at_1_std": -0.165197,
        "nauc_recall_at_1_diff1": 0.755093,
        "nauc_recall_at_3_max": 0.606382,
        "nauc_recall_at_3_std": -0.101325,
        "nauc_recall_at_3_diff1": 0.700233,
        "nauc_recall_at_5_max": 0.674653,
        "nauc_recall_at_5_std": 0.026042,
        "nauc_recall_at_5_diff1": 0.658534,
        "nauc_recall_at_10_max": 0.72608,
        "nauc_recall_at_10_std": 0.228345,
        "nauc_recall_at_10_diff1": 0.607224,
        "nauc_recall_at_20_max": 0.788049,
        "nauc_recall_at_20_std": 0.583758,
        "nauc_recall_at_20_diff1": 0.551438,
        "nauc_recall_at_100_max": 0.90342,
        "nauc_recall_at_100_std": 0.781746,
        "nauc_recall_at_100_diff1": 0.645775,
        "nauc_recall_at_1000_max": NaN,
        "nauc_recall_at_1000_std": NaN,
        "nauc_recall_at_1000_diff1": NaN,
        "nauc_precision_at_1_max": 0.585185,
        "nauc_precision_at_1_std": -0.052622,
        "nauc_precision_at_1_diff1": 0.742529,
        "nauc_precision_at_3_max": 0.570991,
        "nauc_precision_at_3_std": 0.187786,
        "nauc_precision_at_3_diff1": 0.394061,
        "nauc_precision_at_5_max": 0.526288,
        "nauc_precision_at_5_std": 0.366314,
        "nauc_precision_at_5_diff1": 0.199117,
        "nauc_precision_at_10_max": 0.405037,
        "nauc_precision_at_10_std": 0.504049,
        "nauc_precision_at_10_diff1": -0.012441,
        "nauc_precision_at_20_max": 0.332282,
        "nauc_precision_at_20_std": 0.608806,
        "nauc_precision_at_20_diff1": -0.129226,
        "nauc_precision_at_100_max": 0.259815,
        "nauc_precision_at_100_std": 0.609777,
        "nauc_precision_at_100_diff1": -0.22524,
        "nauc_precision_at_1000_max": 0.183938,
        "nauc_precision_at_1000_std": 0.589503,
        "nauc_precision_at_1000_diff1": -0.327926,
        "nauc_mrr_at_1_max": 0.585185,
        "nauc_mrr_at_1_std": -0.052622,
        "nauc_mrr_at_1_diff1": 0.742529,
        "nauc_mrr_at_3_max": 0.622484,
        "nauc_mrr_at_3_std": -0.035209,
        "nauc_mrr_at_3_diff1": 0.723661,
        "nauc_mrr_at_5_max": 0.633043,
        "nauc_mrr_at_5_std": -0.013726,
        "nauc_mrr_at_5_diff1": 0.718845,
        "nauc_mrr_at_10_max": 0.627916,
        "nauc_mrr_at_10_std": -0.011815,
        "nauc_mrr_at_10_diff1": 0.717247,
        "nauc_mrr_at_20_max": 0.626761,
        "nauc_mrr_at_20_std": -0.009434,
        "nauc_mrr_at_20_diff1": 0.717677,
        "nauc_mrr_at_100_max": 0.626479,
        "nauc_mrr_at_100_std": -0.011502,
        "nauc_mrr_at_100_diff1": 0.718853,
        "nauc_mrr_at_1000_max": 0.626281,
        "nauc_mrr_at_1000_std": -0.012059,
        "nauc_mrr_at_1000_diff1": 0.71894,
        "main_score": 0.76708,
        "hf_subset": "default",
        "languages": [
          "eng-Latn"
        ]
      }
    ]
  },
  "evaluation_time": 25.765061140060425,
  "kg_co2_emissions": null
}