{
  "dataset_revision": "f22508f96b7a36c2415181ed8bb76f76e04ae2d5",
  "task_name": "AppsRetrieval",
  "mteb_version": "1.34.8",
  "scores": {
    "test": [
      {
        "ndcg_at_1": 0.03931,
        "ndcg_at_3": 0.05515,
        "ndcg_at_5": 0.06193,
        "ndcg_at_10": 0.06875,
        "ndcg_at_20": 0.0749,
        "ndcg_at_100": 0.09424,
        "ndcg_at_1000": 0.1307,
        "map_at_1": 0.03931,
        "map_at_3": 0.05126,
        "map_at_5": 0.05502,
        "map_at_10": 0.05786,
        "map_at_20": 0.0595,
        "map_at_100": 0.06197,
        "map_at_1000": 0.06304,
        "recall_at_1": 0.03931,
        "recall_at_3": 0.0664,
        "recall_at_5": 0.08287,
        "recall_at_10": 0.10385,
        "recall_at_20": 0.12855,
        "recall_at_100": 0.23586,
        "recall_at_1000": 0.54104,
        "precision_at_1": 0.03931,
        "precision_at_3": 0.02213,
        "precision_at_5": 0.01657,
        "precision_at_10": 0.01039,
        "precision_at_20": 0.00643,
        "precision_at_100": 0.00236,
        "precision_at_1000": 0.00054,
        "mrr_at_1": 0.039309,
        "mrr_at_3": 0.051262,
        "mrr_at_5": 0.05502,
        "mrr_at_10": 0.057858,
        "mrr_at_20": 0.059499,
        "mrr_at_100": 0.061969,
        "mrr_at_1000": 0.06304,
        "nauc_ndcg_at_1_max": 0.392272,
        "nauc_ndcg_at_1_std": 0.027833,
        "nauc_ndcg_at_1_diff1": 0.364936,
        "nauc_ndcg_at_3_max": 0.336922,
        "nauc_ndcg_at_3_std": 0.033701,
        "nauc_ndcg_at_3_diff1": 0.278329,
        "nauc_ndcg_at_5_max": 0.317001,
        "nauc_ndcg_at_5_std": 0.030854,
        "nauc_ndcg_at_5_diff1": 0.249726,
        "nauc_ndcg_at_10_max": 0.309077,
        "nauc_ndcg_at_10_std": 0.033701,
        "nauc_ndcg_at_10_diff1": 0.237779,
        "nauc_ndcg_at_20_max": 0.300871,
        "nauc_ndcg_at_20_std": 0.036173,
        "nauc_ndcg_at_20_diff1": 0.219316,
        "nauc_ndcg_at_100_max": 0.28514,
        "nauc_ndcg_at_100_std": 0.057111,
        "nauc_ndcg_at_100_diff1": 0.18634,
        "nauc_ndcg_at_1000_max": 0.282029,
        "nauc_ndcg_at_1000_std": 0.074125,
        "nauc_ndcg_at_1000_diff1": 0.16823,
        "nauc_map_at_1_max": 0.392272,
        "nauc_map_at_1_std": 0.027833,
        "nauc_map_at_1_diff1": 0.364936,
        "nauc_map_at_3_max": 0.347447,
        "nauc_map_at_3_std": 0.031322,
        "nauc_map_at_3_diff1": 0.294554,
        "nauc_map_at_5_max": 0.334261,
        "nauc_map_at_5_std": 0.029549,
        "nauc_map_at_5_diff1": 0.275984,
        "nauc_map_at_10_max": 0.330034,
        "nauc_map_at_10_std": 0.030872,
        "nauc_map_at_10_diff1": 0.269382,
        "nauc_map_at_20_max": 0.327085,
        "nauc_map_at_20_std": 0.031748,
        "nauc_map_at_20_diff1": 0.262706,
        "nauc_map_at_100_max": 0.323448,
        "nauc_map_at_100_std": 0.035155,
        "nauc_map_at_100_diff1": 0.255224,
        "nauc_map_at_1000_max": 0.323259,
        "nauc_map_at_1000_std": 0.036195,
        "nauc_map_at_1000_diff1": 0.254058,
        "nauc_recall_at_1_max": 0.392272,
        "nauc_recall_at_1_std": 0.027833,
        "nauc_recall_at_1_diff1": 0.364936,
        "nauc_recall_at_3_max": 0.313384,
        "nauc_recall_at_3_std": 0.039412,
        "nauc_recall_at_3_diff1": 0.242115,
        "nauc_recall_at_5_max": 0.281983,
        "nauc_recall_at_5_std": 0.033545,
        "nauc_recall_at_5_diff1": 0.196306,
        "nauc_recall_at_10_max": 0.271042,
        "nauc_recall_at_10_std": 0.039286,
        "nauc_recall_at_10_diff1": 0.180568,
        "nauc_recall_at_20_max": 0.255737,
        "nauc_recall_at_20_std": 0.044521,
        "nauc_recall_at_20_diff1": 0.143429,
        "nauc_recall_at_100_max": 0.231399,
        "nauc_recall_at_100_std": 0.098823,
        "nauc_recall_at_100_diff1": 0.085839,
        "nauc_recall_at_1000_max": 0.223881,
        "nauc_recall_at_1000_std": 0.154596,
        "nauc_recall_at_1000_diff1": 0.03035,
        "nauc_precision_at_1_max": 0.392272,
        "nauc_precision_at_1_std": 0.027833,
        "nauc_precision_at_1_diff1": 0.364936,
        "nauc_precision_at_3_max": 0.313384,
        "nauc_precision_at_3_std": 0.039412,
        "nauc_precision_at_3_diff1": 0.242115,
        "nauc_precision_at_5_max": 0.281983,
        "nauc_precision_at_5_std": 0.033545,
        "nauc_precision_at_5_diff1": 0.196306,
        "nauc_precision_at_10_max": 0.271042,
        "nauc_precision_at_10_std": 0.039286,
        "nauc_precision_at_10_diff1": 0.180568,
        "nauc_precision_at_20_max": 0.255737,
        "nauc_precision_at_20_std": 0.044521,
        "nauc_precision_at_20_diff1": 0.143429,
        "nauc_precision_at_100_max": 0.231399,
        "nauc_precision_at_100_std": 0.098823,
        "nauc_precision_at_100_diff1": 0.085839,
        "nauc_precision_at_1000_max": 0.223881,
        "nauc_precision_at_1000_std": 0.154596,
        "nauc_precision_at_1000_diff1": 0.03035,
        "nauc_mrr_at_1_max": 0.392272,
        "nauc_mrr_at_1_std": 0.027833,
        "nauc_mrr_at_1_diff1": 0.364936,
        "nauc_mrr_at_3_max": 0.347447,
        "nauc_mrr_at_3_std": 0.031322,
        "nauc_mrr_at_3_diff1": 0.294735,
        "nauc_mrr_at_5_max": 0.334261,
        "nauc_mrr_at_5_std": 0.029549,
        "nauc_mrr_at_5_diff1": 0.276152,
        "nauc_mrr_at_10_max": 0.330034,
        "nauc_mrr_at_10_std": 0.030872,
        "nauc_mrr_at_10_diff1": 0.269542,
        "nauc_mrr_at_20_max": 0.327085,
        "nauc_mrr_at_20_std": 0.031748,
        "nauc_mrr_at_20_diff1": 0.262864,
        "nauc_mrr_at_100_max": 0.323448,
        "nauc_mrr_at_100_std": 0.035155,
        "nauc_mrr_at_100_diff1": 0.255378,
        "nauc_mrr_at_1000_max": 0.323259,
        "nauc_mrr_at_1000_std": 0.036195,
        "nauc_mrr_at_1000_diff1": 0.254211,
        "main_score": 0.06875,
        "hf_subset": "default",
        "languages": [
          "eng-Latn",
          "python-Code"
        ]
      }
    ]
  },
  "evaluation_time": 41.11566996574402,
  "kg_co2_emissions": null
}