{
  "dataset_revision": "4adc7bc41202b5c13543c9c886a25f340634dab3",
  "task_name": "COIRCodeSearchNetRetrieval",
  "mteb_version": "1.34.8",
  "scores": {
    "test": [
      {
        "ndcg_at_1": 0.73824,
        "ndcg_at_3": 0.79628,
        "ndcg_at_5": 0.80791,
        "ndcg_at_10": 0.81756,
        "ndcg_at_20": 0.82407,
        "ndcg_at_100": 0.83174,
        "ndcg_at_1000": 0.83519,
        "map_at_1": 0.73824,
        "map_at_3": 0.78235,
        "map_at_5": 0.78882,
        "map_at_10": 0.79283,
        "map_at_20": 0.79463,
        "map_at_100": 0.79571,
        "map_at_1000": 0.79583,
        "recall_at_1": 0.73824,
        "recall_at_3": 0.83644,
        "recall_at_5": 0.86466,
        "recall_at_10": 0.89429,
        "recall_at_20": 0.91996,
        "recall_at_100": 0.96105,
        "recall_at_1000": 0.98834,
        "precision_at_1": 0.73824,
        "precision_at_3": 0.27881,
        "precision_at_5": 0.17293,
        "precision_at_10": 0.08943,
        "precision_at_20": 0.046,
        "precision_at_100": 0.00961,
        "precision_at_1000": 0.00099,
        "mrr_at_1": 0.738035,
        "mrr_at_3": 0.782243,
        "mrr_at_5": 0.788705,
        "mrr_at_10": 0.792719,
        "mrr_at_20": 0.794515,
        "mrr_at_100": 0.795594,
        "mrr_at_1000": 0.795722,
        "nauc_ndcg_at_1_max": 0.733958,
        "nauc_ndcg_at_1_std": 0.01769,
        "nauc_ndcg_at_1_diff1": 0.850646,
        "nauc_ndcg_at_3_max": 0.753407,
        "nauc_ndcg_at_3_std": 0.025703,
        "nauc_ndcg_at_3_diff1": 0.823131,
        "nauc_ndcg_at_5_max": 0.754462,
        "nauc_ndcg_at_5_std": 0.033251,
        "nauc_ndcg_at_5_diff1": 0.823058,
        "nauc_ndcg_at_10_max": 0.75245,
        "nauc_ndcg_at_10_std": 0.039341,
        "nauc_ndcg_at_10_diff1": 0.820222,
        "nauc_ndcg_at_20_max": 0.752279,
        "nauc_ndcg_at_20_std": 0.039677,
        "nauc_ndcg_at_20_diff1": 0.821969,
        "nauc_ndcg_at_100_max": 0.751964,
        "nauc_ndcg_at_100_std": 0.040094,
        "nauc_ndcg_at_100_diff1": 0.823934,
        "nauc_ndcg_at_1000_max": 0.751351,
        "nauc_ndcg_at_1000_std": 0.03841,
        "nauc_ndcg_at_1000_diff1": 0.82539,
        "nauc_map_at_1_max": 0.733958,
        "nauc_map_at_1_std": 0.01769,
        "nauc_map_at_1_diff1": 0.850646,
        "nauc_map_at_3_max": 0.748414,
        "nauc_map_at_3_std": 0.023284,
        "nauc_map_at_3_diff1": 0.830085,
        "nauc_map_at_5_max": 0.748852,
        "nauc_map_at_5_std": 0.027108,
        "nauc_map_at_5_diff1": 0.830278,
        "nauc_map_at_10_max": 0.747976,
        "nauc_map_at_10_std": 0.029249,
        "nauc_map_at_10_diff1": 0.829352,
        "nauc_map_at_20_max": 0.747846,
        "nauc_map_at_20_std": 0.029147,
        "nauc_map_at_20_diff1": 0.829841,
        "nauc_map_at_100_max": 0.747807,
        "nauc_map_at_100_std": 0.029125,
        "nauc_map_at_100_diff1": 0.830129,
        "nauc_map_at_1000_max": 0.747787,
        "nauc_map_at_1000_std": 0.029081,
        "nauc_map_at_1000_diff1": 0.830178,
        "nauc_recall_at_1_max": 0.733958,
        "nauc_recall_at_1_std": 0.01769,
        "nauc_recall_at_1_diff1": 0.850646,
        "nauc_recall_at_3_max": 0.771494,
        "nauc_recall_at_3_std": 0.034676,
        "nauc_recall_at_3_diff1": 0.797999,
        "nauc_recall_at_5_max": 0.778077,
        "nauc_recall_at_5_std": 0.060868,
        "nauc_recall_at_5_diff1": 0.792883,
        "nauc_recall_at_10_max": 0.774186,
        "nauc_recall_at_10_std": 0.097729,
        "nauc_recall_at_10_diff1": 0.77156,
        "nauc_recall_at_20_max": 0.780396,
        "nauc_recall_at_20_std": 0.120126,
        "nauc_recall_at_20_diff1": 0.770546,
        "nauc_recall_at_100_max": 0.802037,
        "nauc_recall_at_100_std": 0.21511,
        "nauc_recall_at_100_diff1": 0.757088,
        "nauc_recall_at_1000_max": 0.857506,
        "nauc_recall_at_1000_std": 0.442652,
        "nauc_recall_at_1000_diff1": 0.749435,
        "nauc_precision_at_1_max": 0.733958,
        "nauc_precision_at_1_std": 0.01769,
        "nauc_precision_at_1_diff1": 0.850646,
        "nauc_precision_at_3_max": 0.771494,
        "nauc_precision_at_3_std": 0.034676,
        "nauc_precision_at_3_diff1": 0.797999,
        "nauc_precision_at_5_max": 0.778077,
        "nauc_precision_at_5_std": 0.060868,
        "nauc_precision_at_5_diff1": 0.792883,
        "nauc_precision_at_10_max": 0.774186,
        "nauc_precision_at_10_std": 0.097729,
        "nauc_precision_at_10_diff1": 0.77156,
        "nauc_precision_at_20_max": 0.780396,
        "nauc_precision_at_20_std": 0.120126,
        "nauc_precision_at_20_diff1": 0.770546,
        "nauc_precision_at_100_max": 0.802037,
        "nauc_precision_at_100_std": 0.21511,
        "nauc_precision_at_100_diff1": 0.757088,
        "nauc_precision_at_1000_max": 0.857506,
        "nauc_precision_at_1000_std": 0.442652,
        "nauc_precision_at_1000_diff1": 0.749435,
        "nauc_mrr_at_1_max": 0.732991,
        "nauc_mrr_at_1_std": 0.016509,
        "nauc_mrr_at_1_diff1": 0.850981,
        "nauc_mrr_at_3_max": 0.747855,
        "nauc_mrr_at_3_std": 0.022638,
        "nauc_mrr_at_3_diff1": 0.830297,
        "nauc_mrr_at_5_max": 0.748277,
        "nauc_mrr_at_5_std": 0.026442,
        "nauc_mrr_at_5_diff1": 0.830496,
        "nauc_mrr_at_10_max": 0.74739,
        "nauc_mrr_at_10_std": 0.02857,
        "nauc_mrr_at_10_diff1": 0.829574,
        "nauc_mrr_at_20_max": 0.747254,
        "nauc_mrr_at_20_std": 0.028458,
        "nauc_mrr_at_20_diff1": 0.830066,
        "nauc_mrr_at_100_max": 0.747212,
        "nauc_mrr_at_100_std": 0.028432,
        "nauc_mrr_at_100_diff1": 0.830355,
        "nauc_mrr_at_1000_max": 0.747192,
        "nauc_mrr_at_1000_std": 0.028388,
        "nauc_mrr_at_1000_diff1": 0.830403,
        "main_score": 0.81756,
        "hf_subset": "python",
        "languages": [
          "python-Code"
        ]
      }
    ]
  },
  "evaluation_time": 305.6424973011017,
  "kg_co2_emissions": null
}