{
  "dataset_revision": "27a168819829fe9bcd655c2df245fb19452e8e06",
  "task_name": "FiQA2018",
  "mteb_version": "1.34.8",
  "scores": {
    "test": [
      {
        "ndcg_at_1": 0.4429,
        "ndcg_at_3": 0.43005,
        "ndcg_at_5": 0.44504,
        "ndcg_at_10": 0.47215,
        "ndcg_at_20": 0.50078,
        "ndcg_at_100": 0.53982,
        "ndcg_at_1000": 0.56351,
        "map_at_1": 0.22132,
        "map_at_3": 0.33523,
        "map_at_5": 0.36408,
        "map_at_10": 0.38572,
        "map_at_20": 0.39807,
        "map_at_100": 0.40662,
        "map_at_1000": 0.4082,
        "recall_at_1": 0.22132,
        "recall_at_3": 0.39686,
        "recall_at_5": 0.46859,
        "recall_at_10": 0.55648,
        "recall_at_20": 0.64227,
        "recall_at_100": 0.79957,
        "recall_at_1000": 0.94044,
        "precision_at_1": 0.4429,
        "precision_at_3": 0.29372,
        "precision_at_5": 0.21636,
        "precision_at_10": 0.13225,
        "precision_at_20": 0.07894,
        "precision_at_100": 0.02032,
        "precision_at_1000": 0.00246,
        "mrr_at_1": 0.442901,
        "mrr_at_3": 0.521605,
        "mrr_at_5": 0.537731,
        "mrr_at_10": 0.548041,
        "mrr_at_20": 0.551843,
        "mrr_at_100": 0.554588,
        "mrr_at_1000": 0.554852,
        "nauc_ndcg_at_1_max": 0.48822,
        "nauc_ndcg_at_1_std": -0.045075,
        "nauc_ndcg_at_1_diff1": 0.585895,
        "nauc_ndcg_at_3_max": 0.4062,
        "nauc_ndcg_at_3_std": -0.062826,
        "nauc_ndcg_at_3_diff1": 0.458015,
        "nauc_ndcg_at_5_max": 0.39864,
        "nauc_ndcg_at_5_std": -0.078076,
        "nauc_ndcg_at_5_diff1": 0.45835,
        "nauc_ndcg_at_10_max": 0.396662,
        "nauc_ndcg_at_10_std": -0.069812,
        "nauc_ndcg_at_10_diff1": 0.467438,
        "nauc_ndcg_at_20_max": 0.408654,
        "nauc_ndcg_at_20_std": -0.048913,
        "nauc_ndcg_at_20_diff1": 0.465872,
        "nauc_ndcg_at_100_max": 0.429349,
        "nauc_ndcg_at_100_std": -0.027351,
        "nauc_ndcg_at_100_diff1": 0.467338,
        "nauc_ndcg_at_1000_max": 0.43377,
        "nauc_ndcg_at_1000_std": -0.02802,
        "nauc_ndcg_at_1000_diff1": 0.470461,
        "nauc_map_at_1_max": 0.296136,
        "nauc_map_at_1_std": -0.084979,
        "nauc_map_at_1_diff1": 0.534527,
        "nauc_map_at_3_max": 0.33699,
        "nauc_map_at_3_std": -0.085976,
        "nauc_map_at_3_diff1": 0.467996,
        "nauc_map_at_5_max": 0.356902,
        "nauc_map_at_5_std": -0.091929,
        "nauc_map_at_5_diff1": 0.459283,
        "nauc_map_at_10_max": 0.370442,
        "nauc_map_at_10_std": -0.085099,
        "nauc_map_at_10_diff1": 0.456198,
        "nauc_map_at_20_max": 0.378361,
        "nauc_map_at_20_std": -0.077206,
        "nauc_map_at_20_diff1": 0.455302,
        "nauc_map_at_100_max": 0.384968,
        "nauc_map_at_100_std": -0.072107,
        "nauc_map_at_100_diff1": 0.456068,
        "nauc_map_at_1000_max": 0.385858,
        "nauc_map_at_1000_std": -0.071685,
        "nauc_map_at_1000_diff1": 0.456154,
        "nauc_recall_at_1_max": 0.296136,
        "nauc_recall_at_1_std": -0.084979,
        "nauc_recall_at_1_diff1": 0.534527,
        "nauc_recall_at_3_max": 0.284285,
        "nauc_recall_at_3_std": -0.076667,
        "nauc_recall_at_3_diff1": 0.392326,
        "nauc_recall_at_5_max": 0.285095,
        "nauc_recall_at_5_std": -0.093541,
        "nauc_recall_at_5_diff1": 0.365812,
        "nauc_recall_at_10_max": 0.29241,
        "nauc_recall_at_10_std": -0.082499,
        "nauc_recall_at_10_diff1": 0.360714,
        "nauc_recall_at_20_max": 0.307373,
        "nauc_recall_at_20_std": -0.019426,
        "nauc_recall_at_20_diff1": 0.335664,
        "nauc_recall_at_100_max": 0.352587,
        "nauc_recall_at_100_std": 0.101848,
        "nauc_recall_at_100_diff1": 0.302025,
        "nauc_recall_at_1000_max": 0.327713,
        "nauc_recall_at_1000_std": 0.221123,
        "nauc_recall_at_1000_diff1": 0.238418,
        "nauc_precision_at_1_max": 0.48822,
        "nauc_precision_at_1_std": -0.045075,
        "nauc_precision_at_1_diff1": 0.585895,
        "nauc_precision_at_3_max": 0.402975,
        "nauc_precision_at_3_std": -0.013478,
        "nauc_precision_at_3_diff1": 0.283229,
        "nauc_precision_at_5_max": 0.40357,
        "nauc_precision_at_5_std": -0.013824,
        "nauc_precision_at_5_diff1": 0.214742,
        "nauc_precision_at_10_max": 0.392261,
        "nauc_precision_at_10_std": 0.032176,
        "nauc_precision_at_10_diff1": 0.15993,
        "nauc_precision_at_20_max": 0.367181,
        "nauc_precision_at_20_std": 0.086447,
        "nauc_precision_at_20_diff1": 0.108355,
        "nauc_precision_at_100_max": 0.338971,
        "nauc_precision_at_100_std": 0.144435,
        "nauc_precision_at_100_diff1": 0.015759,
        "nauc_precision_at_1000_max": 0.262792,
        "nauc_precision_at_1000_std": 0.139106,
        "nauc_precision_at_1000_diff1": -0.046267,
        "nauc_mrr_at_1_max": 0.48822,
        "nauc_mrr_at_1_std": -0.045075,
        "nauc_mrr_at_1_diff1": 0.585895,
        "nauc_mrr_at_3_max": 0.478744,
        "nauc_mrr_at_3_std": -0.0281,
        "nauc_mrr_at_3_diff1": 0.545302,
        "nauc_mrr_at_5_max": 0.480987,
        "nauc_mrr_at_5_std": -0.029857,
        "nauc_mrr_at_5_diff1": 0.54344,
        "nauc_mrr_at_10_max": 0.480454,
        "nauc_mrr_at_10_std": -0.028555,
        "nauc_mrr_at_10_diff1": 0.545957,
        "nauc_mrr_at_20_max": 0.481361,
        "nauc_mrr_at_20_std": -0.026098,
        "nauc_mrr_at_20_diff1": 0.545212,
        "nauc_mrr_at_100_max": 0.482005,
        "nauc_mrr_at_100_std": -0.0253,
        "nauc_mrr_at_100_diff1": 0.545616,
        "nauc_mrr_at_1000_max": 0.482006,
        "nauc_mrr_at_1000_std": -0.025362,
        "nauc_mrr_at_1000_diff1": 0.545758,
        "main_score": 0.47215,
        "hf_subset": "default",
        "languages": [
          "eng-Latn"
        ]
      }
    ]
  },
  "evaluation_time": 108.22773718833923,
  "kg_co2_emissions": null
}