{
  "dataset_revision": "ec0fa4fe99da2ff19ca1214b7966684033a58814",
  "task_name": "NFCorpus",
  "mteb_version": "1.34.8",
  "scores": {
    "test": [
      {
        "ndcg_at_1": 0.4195,
        "ndcg_at_3": 0.36244,
        "ndcg_at_5": 0.34405,
        "ndcg_at_10": 0.31485,
        "ndcg_at_20": 0.29388,
        "ndcg_at_100": 0.28776,
        "ndcg_at_1000": 0.3763,
        "map_at_1": 0.04988,
        "map_at_3": 0.07896,
        "map_at_5": 0.09272,
        "map_at_10": 0.11002,
        "map_at_20": 0.12209,
        "map_at_100": 0.13917,
        "map_at_1000": 0.1527,
        "recall_at_1": 0.04988,
        "recall_at_3": 0.08712,
        "recall_at_5": 0.11172,
        "recall_at_10": 0.14728,
        "recall_at_20": 0.1891,
        "recall_at_100": 0.29656,
        "recall_at_1000": 0.61932,
        "precision_at_1": 0.43653,
        "precision_at_3": 0.34056,
        "precision_at_5": 0.29907,
        "precision_at_10": 0.23684,
        "precision_at_20": 0.1743,
        "precision_at_100": 0.07483,
        "precision_at_1000": 0.02005,
        "mrr_at_1": 0.439628,
        "mrr_at_3": 0.496904,
        "mrr_at_5": 0.512074,
        "mrr_at_10": 0.518841,
        "mrr_at_20": 0.523345,
        "mrr_at_100": 0.525664,
        "mrr_at_1000": 0.526288,
        "nauc_ndcg_at_1_max": 0.487041,
        "nauc_ndcg_at_1_std": 0.239059,
        "nauc_ndcg_at_1_diff1": 0.346424,
        "nauc_ndcg_at_3_max": 0.48958,
        "nauc_ndcg_at_3_std": 0.257936,
        "nauc_ndcg_at_3_diff1": 0.232549,
        "nauc_ndcg_at_5_max": 0.481225,
        "nauc_ndcg_at_5_std": 0.261918,
        "nauc_ndcg_at_5_diff1": 0.219853,
        "nauc_ndcg_at_10_max": 0.489422,
        "nauc_ndcg_at_10_std": 0.295922,
        "nauc_ndcg_at_10_diff1": 0.20132,
        "nauc_ndcg_at_20_max": 0.473298,
        "nauc_ndcg_at_20_std": 0.297894,
        "nauc_ndcg_at_20_diff1": 0.209577,
        "nauc_ndcg_at_100_max": 0.496706,
        "nauc_ndcg_at_100_std": 0.309478,
        "nauc_ndcg_at_100_diff1": 0.246697,
        "nauc_ndcg_at_1000_max": 0.541101,
        "nauc_ndcg_at_1000_std": 0.368373,
        "nauc_ndcg_at_1000_diff1": 0.243326,
        "nauc_map_at_1_max": 0.229039,
        "nauc_map_at_1_std": -0.134503,
        "nauc_map_at_1_diff1": 0.539888,
        "nauc_map_at_3_max": 0.275093,
        "nauc_map_at_3_std": -0.053158,
        "nauc_map_at_3_diff1": 0.41662,
        "nauc_map_at_5_max": 0.288517,
        "nauc_map_at_5_std": -0.036598,
        "nauc_map_at_5_diff1": 0.362938,
        "nauc_map_at_10_max": 0.33509,
        "nauc_map_at_10_std": 0.022671,
        "nauc_map_at_10_diff1": 0.322407,
        "nauc_map_at_20_max": 0.355687,
        "nauc_map_at_20_std": 0.063262,
        "nauc_map_at_20_diff1": 0.301956,
        "nauc_map_at_100_max": 0.38874,
        "nauc_map_at_100_std": 0.131855,
        "nauc_map_at_100_diff1": 0.285186,
        "nauc_map_at_1000_max": 0.402342,
        "nauc_map_at_1000_std": 0.179114,
        "nauc_map_at_1000_diff1": 0.268381,
        "nauc_recall_at_1_max": 0.229039,
        "nauc_recall_at_1_std": -0.134503,
        "nauc_recall_at_1_diff1": 0.539888,
        "nauc_recall_at_3_max": 0.27028,
        "nauc_recall_at_3_std": -0.032041,
        "nauc_recall_at_3_diff1": 0.375997,
        "nauc_recall_at_5_max": 0.241775,
        "nauc_recall_at_5_std": -0.045889,
        "nauc_recall_at_5_diff1": 0.288367,
        "nauc_recall_at_10_max": 0.297224,
        "nauc_recall_at_10_std": 0.020788,
        "nauc_recall_at_10_diff1": 0.250639,
        "nauc_recall_at_20_max": 0.284263,
        "nauc_recall_at_20_std": 0.052036,
        "nauc_recall_at_20_diff1": 0.208617,
        "nauc_recall_at_100_max": 0.283085,
        "nauc_recall_at_100_std": 0.137109,
        "nauc_recall_at_100_diff1": 0.179518,
        "nauc_recall_at_1000_max": 0.236888,
        "nauc_recall_at_1000_std": 0.208647,
        "nauc_recall_at_1000_diff1": 0.107179,
        "nauc_precision_at_1_max": 0.507196,
        "nauc_precision_at_1_std": 0.231862,
        "nauc_precision_at_1_diff1": 0.365658,
        "nauc_precision_at_3_max": 0.485483,
        "nauc_precision_at_3_std": 0.296518,
        "nauc_precision_at_3_diff1": 0.131261,
        "nauc_precision_at_5_max": 0.459962,
        "nauc_precision_at_5_std": 0.329516,
        "nauc_precision_at_5_diff1": 0.073316,
        "nauc_precision_at_10_max": 0.455903,
        "nauc_precision_at_10_std": 0.418246,
        "nauc_precision_at_10_diff1": -0.001869,
        "nauc_precision_at_20_max": 0.398513,
        "nauc_precision_at_20_std": 0.457304,
        "nauc_precision_at_20_diff1": -0.026244,
        "nauc_precision_at_100_max": 0.3042,
        "nauc_precision_at_100_std": 0.526594,
        "nauc_precision_at_100_diff1": -0.072596,
        "nauc_precision_at_1000_max": 0.178372,
        "nauc_precision_at_1000_std": 0.495901,
        "nauc_precision_at_1000_diff1": -0.13285,
        "nauc_mrr_at_1_max": 0.506676,
        "nauc_mrr_at_1_std": 0.227318,
        "nauc_mrr_at_1_diff1": 0.357398,
        "nauc_mrr_at_3_max": 0.560966,
        "nauc_mrr_at_3_std": 0.29198,
        "nauc_mrr_at_3_diff1": 0.330975,
        "nauc_mrr_at_5_max": 0.565947,
        "nauc_mrr_at_5_std": 0.303681,
        "nauc_mrr_at_5_diff1": 0.331454,
        "nauc_mrr_at_10_max": 0.570918,
        "nauc_mrr_at_10_std": 0.306989,
        "nauc_mrr_at_10_diff1": 0.329658,
        "nauc_mrr_at_20_max": 0.57198,
        "nauc_mrr_at_20_std": 0.307716,
        "nauc_mrr_at_20_diff1": 0.329108,
        "nauc_mrr_at_100_max": 0.571828,
        "nauc_mrr_at_100_std": 0.308343,
        "nauc_mrr_at_100_diff1": 0.329464,
        "nauc_mrr_at_1000_max": 0.571505,
        "nauc_mrr_at_1000_std": 0.307824,
        "nauc_mrr_at_1000_diff1": 0.329459,
        "main_score": 0.31485,
        "hf_subset": "default",
        "languages": [
          "eng-Latn"
        ]
      }
    ]
  },
  "evaluation_time": 14.477965354919434,
  "kg_co2_emissions": null
}