{
  "dataset_revision": "f8c2fcf00f625baaa80f62ec5bd9e1fff3b8ae88",
  "task_name": "SCIDOCS",
  "mteb_version": "1.34.8",
  "scores": {
    "test": [
      {
        "ndcg_at_1": 0.227,
        "ndcg_at_3": 0.17511,
        "ndcg_at_5": 0.15303,
        "ndcg_at_10": 0.17873,
        "ndcg_at_20": 0.20404,
        "ndcg_at_100": 0.25059,
        "ndcg_at_1000": 0.30007,
        "map_at_1": 0.04593,
        "map_at_3": 0.07859,
        "map_at_5": 0.09378,
        "map_at_10": 0.10681,
        "map_at_20": 0.11542,
        "map_at_100": 0.12449,
        "map_at_1000": 0.12705,
        "recall_at_1": 0.04593,
        "recall_at_3": 0.09742,
        "recall_at_5": 0.1342,
        "recall_at_10": 0.18098,
        "recall_at_20": 0.24042,
        "recall_at_100": 0.39098,
        "recall_at_1000": 0.63443,
        "precision_at_1": 0.227,
        "precision_at_3": 0.16,
        "precision_at_5": 0.1322,
        "precision_at_10": 0.0893,
        "precision_at_20": 0.0593,
        "precision_at_100": 0.01929,
        "precision_at_1000": 0.00312,
        "mrr_at_1": 0.227,
        "mrr_at_3": 0.289333,
        "mrr_at_5": 0.307533,
        "mrr_at_10": 0.318832,
        "mrr_at_20": 0.326138,
        "mrr_at_100": 0.330264,
        "mrr_at_1000": 0.330956,
        "nauc_ndcg_at_1_max": 0.198758,
        "nauc_ndcg_at_1_std": 0.01474,
        "nauc_ndcg_at_1_diff1": 0.21964,
        "nauc_ndcg_at_3_max": 0.247131,
        "nauc_ndcg_at_3_std": 0.036501,
        "nauc_ndcg_at_3_diff1": 0.184903,
        "nauc_ndcg_at_5_max": 0.283327,
        "nauc_ndcg_at_5_std": 0.057231,
        "nauc_ndcg_at_5_diff1": 0.187707,
        "nauc_ndcg_at_10_max": 0.296037,
        "nauc_ndcg_at_10_std": 0.085996,
        "nauc_ndcg_at_10_diff1": 0.184155,
        "nauc_ndcg_at_20_max": 0.316543,
        "nauc_ndcg_at_20_std": 0.121583,
        "nauc_ndcg_at_20_diff1": 0.175928,
        "nauc_ndcg_at_100_max": 0.347659,
        "nauc_ndcg_at_100_std": 0.168976,
        "nauc_ndcg_at_100_diff1": 0.178278,
        "nauc_ndcg_at_1000_max": 0.346233,
        "nauc_ndcg_at_1000_std": 0.190973,
        "nauc_ndcg_at_1000_diff1": 0.168293,
        "nauc_map_at_1_max": 0.199054,
        "nauc_map_at_1_std": 0.015253,
        "nauc_map_at_1_diff1": 0.219445,
        "nauc_map_at_3_max": 0.236759,
        "nauc_map_at_3_std": 0.025965,
        "nauc_map_at_3_diff1": 0.178541,
        "nauc_map_at_5_max": 0.274384,
        "nauc_map_at_5_std": 0.041449,
        "nauc_map_at_5_diff1": 0.185387,
        "nauc_map_at_10_max": 0.285272,
        "nauc_map_at_10_std": 0.05845,
        "nauc_map_at_10_diff1": 0.184482,
        "nauc_map_at_20_max": 0.2952,
        "nauc_map_at_20_std": 0.077971,
        "nauc_map_at_20_diff1": 0.178629,
        "nauc_map_at_100_max": 0.308703,
        "nauc_map_at_100_std": 0.09737,
        "nauc_map_at_100_diff1": 0.179876,
        "nauc_map_at_1000_max": 0.309674,
        "nauc_map_at_1000_std": 0.10131,
        "nauc_map_at_1000_diff1": 0.178526,
        "nauc_recall_at_1_max": 0.199054,
        "nauc_recall_at_1_std": 0.015253,
        "nauc_recall_at_1_diff1": 0.219445,
        "nauc_recall_at_3_max": 0.261145,
        "nauc_recall_at_3_std": 0.045964,
        "nauc_recall_at_3_diff1": 0.164374,
        "nauc_recall_at_5_max": 0.310905,
        "nauc_recall_at_5_std": 0.077701,
        "nauc_recall_at_5_diff1": 0.169281,
        "nauc_recall_at_10_max": 0.315476,
        "nauc_recall_at_10_std": 0.125675,
        "nauc_recall_at_10_diff1": 0.156867,
        "nauc_recall_at_20_max": 0.347033,
        "nauc_recall_at_20_std": 0.197302,
        "nauc_recall_at_20_diff1": 0.134323,
        "nauc_recall_at_100_max": 0.384117,
        "nauc_recall_at_100_std": 0.290971,
        "nauc_recall_at_100_diff1": 0.127703,
        "nauc_recall_at_1000_max": 0.335713,
        "nauc_recall_at_1000_std": 0.356678,
        "nauc_recall_at_1000_diff1": 0.066139,
        "nauc_precision_at_1_max": 0.198758,
        "nauc_precision_at_1_std": 0.01474,
        "nauc_precision_at_1_diff1": 0.21964,
        "nauc_precision_at_3_max": 0.259703,
        "nauc_precision_at_3_std": 0.043957,
        "nauc_precision_at_3_diff1": 0.166349,
        "nauc_precision_at_5_max": 0.310443,
        "nauc_precision_at_5_std": 0.075875,
        "nauc_precision_at_5_diff1": 0.172305,
        "nauc_precision_at_10_max": 0.314601,
        "nauc_precision_at_10_std": 0.124165,
        "nauc_precision_at_10_diff1": 0.160695,
        "nauc_precision_at_20_max": 0.344923,
        "nauc_precision_at_20_std": 0.194957,
        "nauc_precision_at_20_diff1": 0.137907,
        "nauc_precision_at_100_max": 0.382088,
        "nauc_precision_at_100_std": 0.288211,
        "nauc_precision_at_100_diff1": 0.131734,
        "nauc_precision_at_1000_max": 0.329146,
        "nauc_precision_at_1000_std": 0.351224,
        "nauc_precision_at_1000_diff1": 0.070233,
        "nauc_mrr_at_1_max": 0.198758,
        "nauc_mrr_at_1_std": 0.01474,
        "nauc_mrr_at_1_diff1": 0.21964,
        "nauc_mrr_at_3_max": 0.243343,
        "nauc_mrr_at_3_std": 0.043538,
        "nauc_mrr_at_3_diff1": 0.206768,
        "nauc_mrr_at_5_max": 0.250825,
        "nauc_mrr_at_5_std": 0.052759,
        "nauc_mrr_at_5_diff1": 0.203941,
        "nauc_mrr_at_10_max": 0.252347,
        "nauc_mrr_at_10_std": 0.063122,
        "nauc_mrr_at_10_diff1": 0.201396,
        "nauc_mrr_at_20_max": 0.254812,
        "nauc_mrr_at_20_std": 0.066412,
        "nauc_mrr_at_20_diff1": 0.200679,
        "nauc_mrr_at_100_max": 0.254506,
        "nauc_mrr_at_100_std": 0.066488,
        "nauc_mrr_at_100_diff1": 0.200381,
        "nauc_mrr_at_1000_max": 0.254178,
        "nauc_mrr_at_1000_std": 0.066204,
        "nauc_mrr_at_1000_diff1": 0.200567,
        "main_score": 0.17873,
        "hf_subset": "default",
        "languages": [
          "eng-Latn"
        ]
      }
    ]
  },
  "evaluation_time": 63.084160566329956,
  "kg_co2_emissions": null
}