{
  "dataset_revision": "f22508f96b7a36c2415181ed8bb76f76e04ae2d5",
  "task_name": "AppsRetrieval",
  "mteb_version": "1.34.8",
  "scores": {
    "test": [
      {
        "ndcg_at_1": 0.03851,
        "ndcg_at_3": 0.05228,
        "ndcg_at_5": 0.05835,
        "ndcg_at_10": 0.06545,
        "ndcg_at_20": 0.07291,
        "ndcg_at_100": 0.09128,
        "ndcg_at_1000": 0.12734,
        "map_at_1": 0.03851,
        "map_at_3": 0.04887,
        "map_at_5": 0.0522,
        "map_at_10": 0.05507,
        "map_at_20": 0.05712,
        "map_at_100": 0.05944,
        "map_at_1000": 0.06045,
        "recall_at_1": 0.03851,
        "recall_at_3": 0.06215,
        "recall_at_5": 0.07703,
        "recall_at_10": 0.09934,
        "recall_at_20": 0.12882,
        "recall_at_100": 0.23134,
        "recall_at_1000": 0.53519,
        "precision_at_1": 0.03851,
        "precision_at_3": 0.02072,
        "precision_at_5": 0.01541,
        "precision_at_10": 0.00993,
        "precision_at_20": 0.00644,
        "precision_at_100": 0.00231,
        "precision_at_1000": 0.00054,
        "mrr_at_1": 0.038513,
        "mrr_at_3": 0.048871,
        "mrr_at_5": 0.052205,
        "mrr_at_10": 0.055065,
        "mrr_at_20": 0.057121,
        "mrr_at_100": 0.059439,
        "mrr_at_1000": 0.060455,
        "nauc_ndcg_at_1_max": 0.237218,
        "nauc_ndcg_at_1_std": 0.134937,
        "nauc_ndcg_at_1_diff1": 0.438105,
        "nauc_ndcg_at_3_max": 0.213327,
        "nauc_ndcg_at_3_std": 0.160411,
        "nauc_ndcg_at_3_diff1": 0.356595,
        "nauc_ndcg_at_5_max": 0.194329,
        "nauc_ndcg_at_5_std": 0.163798,
        "nauc_ndcg_at_5_diff1": 0.318474,
        "nauc_ndcg_at_10_max": 0.188026,
        "nauc_ndcg_at_10_std": 0.16226,
        "nauc_ndcg_at_10_diff1": 0.284072,
        "nauc_ndcg_at_20_max": 0.188714,
        "nauc_ndcg_at_20_std": 0.169939,
        "nauc_ndcg_at_20_diff1": 0.263335,
        "nauc_ndcg_at_100_max": 0.185544,
        "nauc_ndcg_at_100_std": 0.183965,
        "nauc_ndcg_at_100_diff1": 0.227136,
        "nauc_ndcg_at_1000_max": 0.187279,
        "nauc_ndcg_at_1000_std": 0.188079,
        "nauc_ndcg_at_1000_diff1": 0.212209,
        "nauc_map_at_1_max": 0.237218,
        "nauc_map_at_1_std": 0.134937,
        "nauc_map_at_1_diff1": 0.438105,
        "nauc_map_at_3_max": 0.219465,
        "nauc_map_at_3_std": 0.156027,
        "nauc_map_at_3_diff1": 0.373929,
        "nauc_map_at_5_max": 0.207356,
        "nauc_map_at_5_std": 0.158341,
        "nauc_map_at_5_diff1": 0.349516,
        "nauc_map_at_10_max": 0.203482,
        "nauc_map_at_10_std": 0.157992,
        "nauc_map_at_10_diff1": 0.331517,
        "nauc_map_at_20_max": 0.203285,
        "nauc_map_at_20_std": 0.160768,
        "nauc_map_at_20_diff1": 0.32349,
        "nauc_map_at_100_max": 0.202126,
        "nauc_map_at_100_std": 0.163259,
        "nauc_map_at_100_diff1": 0.315236,
        "nauc_map_at_1000_max": 0.201943,
        "nauc_map_at_1000_std": 0.163655,
        "nauc_map_at_1000_diff1": 0.314158,
        "nauc_recall_at_1_max": 0.237218,
        "nauc_recall_at_1_std": 0.134937,
        "nauc_recall_at_1_diff1": 0.438105,
        "nauc_recall_at_3_max": 0.19888,
        "nauc_recall_at_3_std": 0.170212,
        "nauc_recall_at_3_diff1": 0.316663,
        "nauc_recall_at_5_max": 0.166545,
        "nauc_recall_at_5_std": 0.174734,
        "nauc_recall_at_5_diff1": 0.253317,
        "nauc_recall_at_10_max": 0.160331,
        "nauc_recall_at_10_std": 0.168816,
        "nauc_recall_at_10_diff1": 0.196415,
        "nauc_recall_at_20_max": 0.166719,
        "nauc_recall_at_20_std": 0.185522,
        "nauc_recall_at_20_diff1": 0.161528,
        "nauc_recall_at_100_max": 0.166688,
        "nauc_recall_at_100_std": 0.217907,
        "nauc_recall_at_100_diff1": 0.103917,
        "nauc_recall_at_1000_max": 0.178554,
        "nauc_recall_at_1000_std": 0.226151,
        "nauc_recall_at_1000_diff1": 0.066772,
        "nauc_precision_at_1_max": 0.237218,
        "nauc_precision_at_1_std": 0.134937,
        "nauc_precision_at_1_diff1": 0.438105,
        "nauc_precision_at_3_max": 0.19888,
        "nauc_precision_at_3_std": 0.170212,
        "nauc_precision_at_3_diff1": 0.316663,
        "nauc_precision_at_5_max": 0.166545,
        "nauc_precision_at_5_std": 0.174734,
        "nauc_precision_at_5_diff1": 0.253317,
        "nauc_precision_at_10_max": 0.160331,
        "nauc_precision_at_10_std": 0.168816,
        "nauc_precision_at_10_diff1": 0.196415,
        "nauc_precision_at_20_max": 0.166719,
        "nauc_precision_at_20_std": 0.185522,
        "nauc_precision_at_20_diff1": 0.161528,
        "nauc_precision_at_100_max": 0.166688,
        "nauc_precision_at_100_std": 0.217907,
        "nauc_precision_at_100_diff1": 0.103917,
        "nauc_precision_at_1000_max": 0.178554,
        "nauc_precision_at_1000_std": 0.226151,
        "nauc_precision_at_1000_diff1": 0.066772,
        "nauc_mrr_at_1_max": 0.237218,
        "nauc_mrr_at_1_std": 0.134937,
        "nauc_mrr_at_1_diff1": 0.438105,
        "nauc_mrr_at_3_max": 0.219465,
        "nauc_mrr_at_3_std": 0.156027,
        "nauc_mrr_at_3_diff1": 0.373929,
        "nauc_mrr_at_5_max": 0.207356,
        "nauc_mrr_at_5_std": 0.158341,
        "nauc_mrr_at_5_diff1": 0.349516,
        "nauc_mrr_at_10_max": 0.203482,
        "nauc_mrr_at_10_std": 0.157992,
        "nauc_mrr_at_10_diff1": 0.331517,
        "nauc_mrr_at_20_max": 0.203285,
        "nauc_mrr_at_20_std": 0.160768,
        "nauc_mrr_at_20_diff1": 0.32349,
        "nauc_mrr_at_100_max": 0.202126,
        "nauc_mrr_at_100_std": 0.163259,
        "nauc_mrr_at_100_diff1": 0.315236,
        "nauc_mrr_at_1000_max": 0.201943,
        "nauc_mrr_at_1000_std": 0.163655,
        "nauc_mrr_at_1000_diff1": 0.314158,
        "main_score": 0.06545,
        "hf_subset": "default",
        "languages": [
          "eng-Latn",
          "python-Code"
        ]
      }
    ]
  },
  "evaluation_time": 196.78285264968872,
  "kg_co2_emissions": null
}