{
  "dataset_revision": "c22ab2a51041ffd869aaddef7af8d8215647e41a",
  "task_name": "ArguAna",
  "mteb_version": "1.34.8",
  "scores": {
    "test": [
      {
        "ndcg_at_1": 0.15932,
        "ndcg_at_3": 0.28205,
        "ndcg_at_5": 0.33344,
        "ndcg_at_10": 0.39399,
        "ndcg_at_20": 0.43344,
        "ndcg_at_100": 0.45817,
        "ndcg_at_1000": 0.46181,
        "map_at_1": 0.15932,
        "map_at_3": 0.2513,
        "map_at_5": 0.27972,
        "map_at_10": 0.30448,
        "map_at_20": 0.31554,
        "map_at_100": 0.31939,
        "map_at_1000": 0.31955,
        "recall_at_1": 0.15932,
        "recall_at_3": 0.37127,
        "recall_at_5": 0.49644,
        "recall_at_10": 0.68492,
        "recall_at_20": 0.83926,
        "recall_at_100": 0.96657,
        "recall_at_1000": 0.99431,
        "precision_at_1": 0.15932,
        "precision_at_3": 0.12376,
        "precision_at_5": 0.09929,
        "precision_at_10": 0.06849,
        "precision_at_20": 0.04196,
        "precision_at_100": 0.00967,
        "precision_at_1000": 0.00099,
        "mrr_at_1": 0.162873,
        "mrr_at_3": 0.252845,
        "mrr_at_5": 0.281259,
        "mrr_at_10": 0.305826,
        "mrr_at_20": 0.316813,
        "mrr_at_100": 0.320667,
        "mrr_at_1000": 0.320823,
        "nauc_ndcg_at_1_max": -0.106357,
        "nauc_ndcg_at_1_std": -0.173733,
        "nauc_ndcg_at_1_diff1": 0.051912,
        "nauc_ndcg_at_3_max": -0.086119,
        "nauc_ndcg_at_3_std": -0.167015,
        "nauc_ndcg_at_3_diff1": 0.004694,
        "nauc_ndcg_at_5_max": -0.081455,
        "nauc_ndcg_at_5_std": -0.157612,
        "nauc_ndcg_at_5_diff1": 0.014471,
        "nauc_ndcg_at_10_max": -0.078118,
        "nauc_ndcg_at_10_std": -0.1827,
        "nauc_ndcg_at_10_diff1": 0.0059,
        "nauc_ndcg_at_20_max": -0.061986,
        "nauc_ndcg_at_20_std": -0.148655,
        "nauc_ndcg_at_20_diff1": 0.007461,
        "nauc_ndcg_at_100_max": -0.069395,
        "nauc_ndcg_at_100_std": -0.147423,
        "nauc_ndcg_at_100_diff1": 0.016438,
        "nauc_ndcg_at_1000_max": -0.073233,
        "nauc_ndcg_at_1000_std": -0.154695,
        "nauc_ndcg_at_1000_diff1": 0.015821,
        "nauc_map_at_1_max": -0.106357,
        "nauc_map_at_1_std": -0.173733,
        "nauc_map_at_1_diff1": 0.051912,
        "nauc_map_at_3_max": -0.090399,
        "nauc_map_at_3_std": -0.168671,
        "nauc_map_at_3_diff1": 0.013449,
        "nauc_map_at_5_max": -0.087774,
        "nauc_map_at_5_std": -0.162582,
        "nauc_map_at_5_diff1": 0.019268,
        "nauc_map_at_10_max": -0.086369,
        "nauc_map_at_10_std": -0.172284,
        "nauc_map_at_10_diff1": 0.016158,
        "nauc_map_at_20_max": -0.081911,
        "nauc_map_at_20_std": -0.163457,
        "nauc_map_at_20_diff1": 0.01733,
        "nauc_map_at_100_max": -0.082781,
        "nauc_map_at_100_std": -0.1633,
        "nauc_map_at_100_diff1": 0.01901,
        "nauc_map_at_1000_max": -0.082875,
        "nauc_map_at_1000_std": -0.163492,
        "nauc_map_at_1000_diff1": 0.018975,
        "nauc_recall_at_1_max": -0.106357,
        "nauc_recall_at_1_std": -0.173733,
        "nauc_recall_at_1_diff1": 0.051912,
        "nauc_recall_at_3_max": -0.07577,
        "nauc_recall_at_3_std": -0.162934,
        "nauc_recall_at_3_diff1": -0.01608,
        "nauc_recall_at_5_max": -0.065315,
        "nauc_recall_at_5_std": -0.14486,
        "nauc_recall_at_5_diff1": 0.004178,
        "nauc_recall_at_10_max": -0.050677,
        "nauc_recall_at_10_std": -0.227713,
        "nauc_recall_at_10_diff1": -0.028267,
        "nauc_recall_at_20_max": 0.067708,
        "nauc_recall_at_20_std": -0.03635,
        "nauc_recall_at_20_diff1": -0.049983,
        "nauc_recall_at_100_max": 0.230655,
        "nauc_recall_at_100_std": 0.387231,
        "nauc_recall_at_100_diff1": 0.027632,
        "nauc_recall_at_1000_max": 0.406487,
        "nauc_recall_at_1000_std": 0.622193,
        "nauc_recall_at_1000_diff1": -0.070712,
        "nauc_precision_at_1_max": -0.106357,
        "nauc_precision_at_1_std": -0.173733,
        "nauc_precision_at_1_diff1": 0.051912,
        "nauc_precision_at_3_max": -0.07577,
        "nauc_precision_at_3_std": -0.162934,
        "nauc_precision_at_3_diff1": -0.01608,
        "nauc_precision_at_5_max": -0.065315,
        "nauc_precision_at_5_std": -0.14486,
        "nauc_precision_at_5_diff1": 0.004178,
        "nauc_precision_at_10_max": -0.050677,
        "nauc_precision_at_10_std": -0.227713,
        "nauc_precision_at_10_diff1": -0.028267,
        "nauc_precision_at_20_max": 0.067708,
        "nauc_precision_at_20_std": -0.03635,
        "nauc_precision_at_20_diff1": -0.049983,
        "nauc_precision_at_100_max": 0.230655,
        "nauc_precision_at_100_std": 0.387231,
        "nauc_precision_at_100_diff1": 0.027632,
        "nauc_precision_at_1000_max": 0.406487,
        "nauc_precision_at_1000_std": 0.622193,
        "nauc_precision_at_1000_diff1": -0.070712,
        "nauc_mrr_at_1_max": -0.103562,
        "nauc_mrr_at_1_std": -0.169648,
        "nauc_mrr_at_1_diff1": 0.036621,
        "nauc_mrr_at_3_max": -0.09561,
        "nauc_mrr_at_3_std": -0.168779,
        "nauc_mrr_at_3_diff1": 0.001373,
        "nauc_mrr_at_5_max": -0.091847,
        "nauc_mrr_at_5_std": -0.16223,
        "nauc_mrr_at_5_diff1": 0.008125,
        "nauc_mrr_at_10_max": -0.090133,
        "nauc_mrr_at_10_std": -0.171436,
        "nauc_mrr_at_10_diff1": 0.005606,
        "nauc_mrr_at_20_max": -0.085972,
        "nauc_mrr_at_20_std": -0.162901,
        "nauc_mrr_at_20_diff1": 0.006061,
        "nauc_mrr_at_100_max": -0.086907,
        "nauc_mrr_at_100_std": -0.16274,
        "nauc_mrr_at_100_diff1": 0.007565,
        "nauc_mrr_at_1000_max": -0.087003,
        "nauc_mrr_at_1000_std": -0.162931,
        "nauc_mrr_at_1000_diff1": 0.007523,
        "main_score": 0.39399,
        "hf_subset": "default",
        "languages": [
          "eng-Latn"
        ]
      }
    ]
  },
  "evaluation_time": 162.7788257598877,
  "kg_co2_emissions": null
}