{
  "dataset_revision": "5d958fb6b31055495347724d46431ba41309b03a",
  "task_name": "ChemNQRetrieval",
  "mteb_version": "1.34.8",
  "scores": {
    "test": [
      {
        "ndcg_at_1": 0.25926,
        "ndcg_at_3": 0.34425,
        "ndcg_at_5": 0.46992,
        "ndcg_at_10": 0.46992,
        "ndcg_at_20": 0.50596,
        "ndcg_at_100": 0.5264,
        "ndcg_at_1000": 0.5367,
        "map_at_1": 0.2037,
        "map_at_3": 0.29938,
        "map_at_5": 0.37191,
        "map_at_10": 0.37191,
        "map_at_20": 0.38541,
        "map_at_100": 0.38976,
        "map_at_1000": 0.39029,
        "recall_at_1": 0.2037,
        "recall_at_3": 0.42593,
        "recall_at_5": 0.71605,
        "recall_at_10": 0.71605,
        "recall_at_20": 0.83333,
        "recall_at_100": 0.92593,
        "recall_at_1000": 1.0,
        "precision_at_1": 0.25926,
        "precision_at_3": 0.17284,
        "precision_at_5": 0.17778,
        "precision_at_10": 0.08889,
        "precision_at_20": 0.05556,
        "precision_at_100": 0.01222,
        "precision_at_1000": 0.0013,
        "mrr_at_1": 0.259259,
        "mrr_at_3": 0.351852,
        "mrr_at_5": 0.42037,
        "mrr_at_10": 0.42037,
        "mrr_at_20": 0.426383,
        "mrr_at_100": 0.429301,
        "mrr_at_1000": 0.429832,
        "nauc_ndcg_at_1_max": 0.222768,
        "nauc_ndcg_at_1_std": -0.105293,
        "nauc_ndcg_at_1_diff1": 0.116742,
        "nauc_ndcg_at_3_max": 0.130324,
        "nauc_ndcg_at_3_std": -0.111387,
        "nauc_ndcg_at_3_diff1": 0.082861,
        "nauc_ndcg_at_5_max": 0.197837,
        "nauc_ndcg_at_5_std": -0.080576,
        "nauc_ndcg_at_5_diff1": 0.16899,
        "nauc_ndcg_at_10_max": 0.197837,
        "nauc_ndcg_at_10_std": -0.080576,
        "nauc_ndcg_at_10_diff1": 0.16899,
        "nauc_ndcg_at_20_max": 0.208767,
        "nauc_ndcg_at_20_std": -0.068505,
        "nauc_ndcg_at_20_diff1": 0.213493,
        "nauc_ndcg_at_100_max": 0.25931,
        "nauc_ndcg_at_100_std": -0.010672,
        "nauc_ndcg_at_100_diff1": 0.166599,
        "nauc_ndcg_at_1000_max": 0.229031,
        "nauc_ndcg_at_1000_std": -0.031487,
        "nauc_ndcg_at_1000_diff1": 0.169761,
        "nauc_map_at_1_max": 0.196471,
        "nauc_map_at_1_std": -0.043011,
        "nauc_map_at_1_diff1": 0.074023,
        "nauc_map_at_3_max": 0.155565,
        "nauc_map_at_3_std": -0.070462,
        "nauc_map_at_3_diff1": 0.075114,
        "nauc_map_at_5_max": 0.20228,
        "nauc_map_at_5_std": -0.053179,
        "nauc_map_at_5_diff1": 0.118113,
        "nauc_map_at_10_max": 0.20228,
        "nauc_map_at_10_std": -0.053179,
        "nauc_map_at_10_diff1": 0.118113,
        "nauc_map_at_20_max": 0.201604,
        "nauc_map_at_20_std": -0.050662,
        "nauc_map_at_20_diff1": 0.136193,
        "nauc_map_at_100_max": 0.213553,
        "nauc_map_at_100_std": -0.036284,
        "nauc_map_at_100_diff1": 0.127752,
        "nauc_map_at_1000_max": 0.212209,
        "nauc_map_at_1000_std": -0.037168,
        "nauc_map_at_1000_diff1": 0.128188,
        "nauc_recall_at_1_max": 0.196471,
        "nauc_recall_at_1_std": -0.043011,
        "nauc_recall_at_1_diff1": 0.074023,
        "nauc_recall_at_3_max": 0.036969,
        "nauc_recall_at_3_std": -0.176315,
        "nauc_recall_at_3_diff1": 0.02895,
        "nauc_recall_at_5_max": 0.172966,
        "nauc_recall_at_5_std": -0.131271,
        "nauc_recall_at_5_diff1": 0.237058,
        "nauc_recall_at_10_max": 0.172966,
        "nauc_recall_at_10_std": -0.131271,
        "nauc_recall_at_10_diff1": 0.237058,
        "nauc_recall_at_20_max": 0.245444,
        "nauc_recall_at_20_std": -0.16096,
        "nauc_recall_at_20_diff1": 0.515934,
        "nauc_recall_at_100_max": 0.933824,
        "nauc_recall_at_100_std": 0.456815,
        "nauc_recall_at_100_diff1": 0.147512,
        "nauc_recall_at_1000_max": NaN,
        "nauc_recall_at_1000_std": NaN,
        "nauc_recall_at_1000_diff1": NaN,
        "nauc_precision_at_1_max": 0.222768,
        "nauc_precision_at_1_std": -0.105293,
        "nauc_precision_at_1_diff1": 0.116742,
        "nauc_precision_at_3_max": 0.063991,
        "nauc_precision_at_3_std": -0.199507,
        "nauc_precision_at_3_diff1": 0.125939,
        "nauc_precision_at_5_max": 0.139521,
        "nauc_precision_at_5_std": -0.103239,
        "nauc_precision_at_5_diff1": 0.264798,
        "nauc_precision_at_10_max": 0.139521,
        "nauc_precision_at_10_std": -0.103239,
        "nauc_precision_at_10_diff1": 0.264798,
        "nauc_precision_at_20_max": 0.069174,
        "nauc_precision_at_20_std": 0.005911,
        "nauc_precision_at_20_diff1": 0.353738,
        "nauc_precision_at_100_max": 0.189507,
        "nauc_precision_at_100_std": 0.20433,
        "nauc_precision_at_100_diff1": 0.232019,
        "nauc_precision_at_1000_max": 0.047872,
        "nauc_precision_at_1000_std": 0.156286,
        "nauc_precision_at_1000_diff1": 0.2481,
        "nauc_mrr_at_1_max": 0.222768,
        "nauc_mrr_at_1_std": -0.105293,
        "nauc_mrr_at_1_diff1": 0.116742,
        "nauc_mrr_at_3_max": 0.176229,
        "nauc_mrr_at_3_std": -0.120305,
        "nauc_mrr_at_3_diff1": 0.145163,
        "nauc_mrr_at_5_max": 0.196152,
        "nauc_mrr_at_5_std": -0.095955,
        "nauc_mrr_at_5_diff1": 0.197904,
        "nauc_mrr_at_10_max": 0.196152,
        "nauc_mrr_at_10_std": -0.095955,
        "nauc_mrr_at_10_diff1": 0.197904,
        "nauc_mrr_at_20_max": 0.21172,
        "nauc_mrr_at_20_std": -0.084409,
        "nauc_mrr_at_20_diff1": 0.196608,
        "nauc_mrr_at_100_max": 0.216302,
        "nauc_mrr_at_100_std": -0.079516,
        "nauc_mrr_at_100_diff1": 0.189364,
        "nauc_mrr_at_1000_max": 0.215065,
        "nauc_mrr_at_1000_std": -0.08041,
        "nauc_mrr_at_1000_diff1": 0.189876,
        "main_score": 0.46992,
        "hf_subset": "default",
        "languages": [
          "eng-Latn"
        ]
      }
    ]
  },
  "evaluation_time": 237.27438807487488,
  "kg_co2_emissions": null
}