{
  "dataset_revision": "27a168819829fe9bcd655c2df245fb19452e8e06",
  "task_name": "FiQA2018",
  "mteb_version": "1.34.8",
  "scores": {
    "test": [
      {
        "ndcg_at_1": 0.44599,
        "ndcg_at_3": 0.40909,
        "ndcg_at_5": 0.42129,
        "ndcg_at_10": 0.44711,
        "ndcg_at_20": 0.47926,
        "ndcg_at_100": 0.5187,
        "ndcg_at_1000": 0.54609,
        "map_at_1": 0.22373,
        "map_at_3": 0.31762,
        "map_at_5": 0.34438,
        "map_at_10": 0.36507,
        "map_at_20": 0.37799,
        "map_at_100": 0.38661,
        "map_at_1000": 0.38836,
        "recall_at_1": 0.22373,
        "recall_at_3": 0.36719,
        "recall_at_5": 0.43194,
        "recall_at_10": 0.51496,
        "recall_at_20": 0.61076,
        "recall_at_100": 0.77188,
        "recall_at_1000": 0.93767,
        "precision_at_1": 0.44599,
        "precision_at_3": 0.2716,
        "precision_at_5": 0.20123,
        "precision_at_10": 0.12377,
        "precision_at_20": 0.076,
        "precision_at_100": 0.01981,
        "precision_at_1000": 0.00245,
        "mrr_at_1": 0.445988,
        "mrr_at_3": 0.510802,
        "mrr_at_5": 0.525077,
        "mrr_at_10": 0.534991,
        "mrr_at_20": 0.540792,
        "mrr_at_100": 0.543339,
        "mrr_at_1000": 0.543698,
        "nauc_ndcg_at_1_max": 0.353318,
        "nauc_ndcg_at_1_std": -0.05253,
        "nauc_ndcg_at_1_diff1": 0.564835,
        "nauc_ndcg_at_3_max": 0.291708,
        "nauc_ndcg_at_3_std": -0.087617,
        "nauc_ndcg_at_3_diff1": 0.445074,
        "nauc_ndcg_at_5_max": 0.265662,
        "nauc_ndcg_at_5_std": -0.086202,
        "nauc_ndcg_at_5_diff1": 0.442553,
        "nauc_ndcg_at_10_max": 0.253877,
        "nauc_ndcg_at_10_std": -0.08421,
        "nauc_ndcg_at_10_diff1": 0.427574,
        "nauc_ndcg_at_20_max": 0.261933,
        "nauc_ndcg_at_20_std": -0.070144,
        "nauc_ndcg_at_20_diff1": 0.429181,
        "nauc_ndcg_at_100_max": 0.278455,
        "nauc_ndcg_at_100_std": -0.048261,
        "nauc_ndcg_at_100_diff1": 0.433126,
        "nauc_ndcg_at_1000_max": 0.291626,
        "nauc_ndcg_at_1000_std": -0.046759,
        "nauc_ndcg_at_1000_diff1": 0.441548,
        "nauc_map_at_1_max": 0.161374,
        "nauc_map_at_1_std": -0.109177,
        "nauc_map_at_1_diff1": 0.472698,
        "nauc_map_at_3_max": 0.194597,
        "nauc_map_at_3_std": -0.108962,
        "nauc_map_at_3_diff1": 0.434931,
        "nauc_map_at_5_max": 0.21351,
        "nauc_map_at_5_std": -0.103189,
        "nauc_map_at_5_diff1": 0.435594,
        "nauc_map_at_10_max": 0.223557,
        "nauc_map_at_10_std": -0.100594,
        "nauc_map_at_10_diff1": 0.427066,
        "nauc_map_at_20_max": 0.230905,
        "nauc_map_at_20_std": -0.0945,
        "nauc_map_at_20_diff1": 0.430136,
        "nauc_map_at_100_max": 0.237058,
        "nauc_map_at_100_std": -0.08914,
        "nauc_map_at_100_diff1": 0.431276,
        "nauc_map_at_1000_max": 0.238418,
        "nauc_map_at_1000_std": -0.088354,
        "nauc_map_at_1000_diff1": 0.43166,
        "nauc_recall_at_1_max": 0.161374,
        "nauc_recall_at_1_std": -0.109177,
        "nauc_recall_at_1_diff1": 0.472698,
        "nauc_recall_at_3_max": 0.163701,
        "nauc_recall_at_3_std": -0.106893,
        "nauc_recall_at_3_diff1": 0.359141,
        "nauc_recall_at_5_max": 0.167048,
        "nauc_recall_at_5_std": -0.084753,
        "nauc_recall_at_5_diff1": 0.345651,
        "nauc_recall_at_10_max": 0.154718,
        "nauc_recall_at_10_std": -0.076785,
        "nauc_recall_at_10_diff1": 0.292257,
        "nauc_recall_at_20_max": 0.15001,
        "nauc_recall_at_20_std": -0.042424,
        "nauc_recall_at_20_diff1": 0.268025,
        "nauc_recall_at_100_max": 0.142474,
        "nauc_recall_at_100_std": 0.072014,
        "nauc_recall_at_100_diff1": 0.225773,
        "nauc_recall_at_1000_max": 0.138712,
        "nauc_recall_at_1000_std": 0.237332,
        "nauc_recall_at_1000_diff1": 0.123246,
        "nauc_precision_at_1_max": 0.353318,
        "nauc_precision_at_1_std": -0.05253,
        "nauc_precision_at_1_diff1": 0.564835,
        "nauc_precision_at_3_max": 0.354152,
        "nauc_precision_at_3_std": -0.028019,
        "nauc_precision_at_3_diff1": 0.319874,
        "nauc_precision_at_5_max": 0.349257,
        "nauc_precision_at_5_std": 0.003118,
        "nauc_precision_at_5_diff1": 0.264143,
        "nauc_precision_at_10_max": 0.346166,
        "nauc_precision_at_10_std": 0.022372,
        "nauc_precision_at_10_diff1": 0.197489,
        "nauc_precision_at_20_max": 0.343326,
        "nauc_precision_at_20_std": 0.081544,
        "nauc_precision_at_20_diff1": 0.152543,
        "nauc_precision_at_100_max": 0.336796,
        "nauc_precision_at_100_std": 0.145339,
        "nauc_precision_at_100_diff1": 0.081914,
        "nauc_precision_at_1000_max": 0.315911,
        "nauc_precision_at_1000_std": 0.147168,
        "nauc_precision_at_1000_diff1": 0.038599,
        "nauc_mrr_at_1_max": 0.353318,
        "nauc_mrr_at_1_std": -0.05253,
        "nauc_mrr_at_1_diff1": 0.564835,
        "nauc_mrr_at_3_max": 0.368548,
        "nauc_mrr_at_3_std": -0.051926,
        "nauc_mrr_at_3_diff1": 0.521322,
        "nauc_mrr_at_5_max": 0.363976,
        "nauc_mrr_at_5_std": -0.045235,
        "nauc_mrr_at_5_diff1": 0.517861,
        "nauc_mrr_at_10_max": 0.362431,
        "nauc_mrr_at_10_std": -0.046086,
        "nauc_mrr_at_10_diff1": 0.514183,
        "nauc_mrr_at_20_max": 0.359628,
        "nauc_mrr_at_20_std": -0.046723,
        "nauc_mrr_at_20_diff1": 0.513271,
        "nauc_mrr_at_100_max": 0.360523,
        "nauc_mrr_at_100_std": -0.046299,
        "nauc_mrr_at_100_diff1": 0.514923,
        "nauc_mrr_at_1000_max": 0.360553,
        "nauc_mrr_at_1000_std": -0.046368,
        "nauc_mrr_at_1000_diff1": 0.51521,
        "main_score": 0.44711,
        "hf_subset": "default",
        "languages": [
          "eng-Latn"
        ]
      }
    ]
  },
  "evaluation_time": 730.4227025508881,
  "kg_co2_emissions": null
}