{
  "dataset_revision": "f8c2fcf00f625baaa80f62ec5bd9e1fff3b8ae88",
  "task_name": "SCIDOCS",
  "mteb_version": "1.34.8",
  "scores": {
    "test": [
      {
        "ndcg_at_1": 0.18,
        "ndcg_at_3": 0.14923,
        "ndcg_at_5": 0.13186,
        "ndcg_at_10": 0.15966,
        "ndcg_at_20": 0.18569,
        "ndcg_at_100": 0.23372,
        "ndcg_at_1000": 0.28387,
        "map_at_1": 0.03668,
        "map_at_3": 0.06646,
        "map_at_5": 0.07945,
        "map_at_10": 0.09248,
        "map_at_20": 0.10119,
        "map_at_100": 0.1103,
        "map_at_1000": 0.11291,
        "recall_at_1": 0.03668,
        "recall_at_3": 0.08598,
        "recall_at_5": 0.11888,
        "recall_at_10": 0.16997,
        "recall_at_20": 0.23115,
        "recall_at_100": 0.38837,
        "recall_at_1000": 0.6335,
        "precision_at_1": 0.18,
        "precision_at_3": 0.141,
        "precision_at_5": 0.1172,
        "precision_at_10": 0.0838,
        "precision_at_20": 0.057,
        "precision_at_100": 0.01914,
        "precision_at_1000": 0.00312,
        "mrr_at_1": 0.18,
        "mrr_at_3": 0.243167,
        "mrr_at_5": 0.261917,
        "mrr_at_10": 0.275183,
        "mrr_at_20": 0.282533,
        "mrr_at_100": 0.286779,
        "mrr_at_1000": 0.287594,
        "nauc_ndcg_at_1_max": 0.150346,
        "nauc_ndcg_at_1_std": 0.062679,
        "nauc_ndcg_at_1_diff1": 0.283223,
        "nauc_ndcg_at_3_max": 0.15974,
        "nauc_ndcg_at_3_std": 0.101632,
        "nauc_ndcg_at_3_diff1": 0.203858,
        "nauc_ndcg_at_5_max": 0.164638,
        "nauc_ndcg_at_5_std": 0.132748,
        "nauc_ndcg_at_5_diff1": 0.188701,
        "nauc_ndcg_at_10_max": 0.183929,
        "nauc_ndcg_at_10_std": 0.166452,
        "nauc_ndcg_at_10_diff1": 0.181015,
        "nauc_ndcg_at_20_max": 0.192099,
        "nauc_ndcg_at_20_std": 0.190135,
        "nauc_ndcg_at_20_diff1": 0.178894,
        "nauc_ndcg_at_100_max": 0.205331,
        "nauc_ndcg_at_100_std": 0.25162,
        "nauc_ndcg_at_100_diff1": 0.155438,
        "nauc_ndcg_at_1000_max": 0.226094,
        "nauc_ndcg_at_1000_std": 0.269207,
        "nauc_ndcg_at_1000_diff1": 0.154059,
        "nauc_map_at_1_max": 0.148285,
        "nauc_map_at_1_std": 0.062711,
        "nauc_map_at_1_diff1": 0.280158,
        "nauc_map_at_3_max": 0.168988,
        "nauc_map_at_3_std": 0.088157,
        "nauc_map_at_3_diff1": 0.215907,
        "nauc_map_at_5_max": 0.172589,
        "nauc_map_at_5_std": 0.115962,
        "nauc_map_at_5_diff1": 0.19774,
        "nauc_map_at_10_max": 0.192754,
        "nauc_map_at_10_std": 0.146715,
        "nauc_map_at_10_diff1": 0.193689,
        "nauc_map_at_20_max": 0.192934,
        "nauc_map_at_20_std": 0.161022,
        "nauc_map_at_20_diff1": 0.191293,
        "nauc_map_at_100_max": 0.197549,
        "nauc_map_at_100_std": 0.183691,
        "nauc_map_at_100_diff1": 0.183165,
        "nauc_map_at_1000_max": 0.200231,
        "nauc_map_at_1000_std": 0.187354,
        "nauc_map_at_1000_diff1": 0.182251,
        "nauc_recall_at_1_max": 0.148285,
        "nauc_recall_at_1_std": 0.062711,
        "nauc_recall_at_1_diff1": 0.280158,
        "nauc_recall_at_3_max": 0.159788,
        "nauc_recall_at_3_std": 0.115935,
        "nauc_recall_at_3_diff1": 0.169783,
        "nauc_recall_at_5_max": 0.166777,
        "nauc_recall_at_5_std": 0.161194,
        "nauc_recall_at_5_diff1": 0.149679,
        "nauc_recall_at_10_max": 0.191215,
        "nauc_recall_at_10_std": 0.209296,
        "nauc_recall_at_10_diff1": 0.130882,
        "nauc_recall_at_20_max": 0.202693,
        "nauc_recall_at_20_std": 0.248357,
        "nauc_recall_at_20_diff1": 0.129174,
        "nauc_recall_at_100_max": 0.209106,
        "nauc_recall_at_100_std": 0.362284,
        "nauc_recall_at_100_diff1": 0.05964,
        "nauc_recall_at_1000_max": 0.261281,
        "nauc_recall_at_1000_std": 0.409557,
        "nauc_recall_at_1000_diff1": 0.031397,
        "nauc_precision_at_1_max": 0.150346,
        "nauc_precision_at_1_std": 0.062679,
        "nauc_precision_at_1_diff1": 0.283223,
        "nauc_precision_at_3_max": 0.162769,
        "nauc_precision_at_3_std": 0.115609,
        "nauc_precision_at_3_diff1": 0.173126,
        "nauc_precision_at_5_max": 0.170783,
        "nauc_precision_at_5_std": 0.162768,
        "nauc_precision_at_5_diff1": 0.152799,
        "nauc_precision_at_10_max": 0.194282,
        "nauc_precision_at_10_std": 0.20943,
        "nauc_precision_at_10_diff1": 0.133938,
        "nauc_precision_at_20_max": 0.20436,
        "nauc_precision_at_20_std": 0.246983,
        "nauc_precision_at_20_diff1": 0.132367,
        "nauc_precision_at_100_max": 0.210293,
        "nauc_precision_at_100_std": 0.358698,
        "nauc_precision_at_100_diff1": 0.063588,
        "nauc_precision_at_1000_max": 0.260492,
        "nauc_precision_at_1000_std": 0.395415,
        "nauc_precision_at_1000_diff1": 0.034361,
        "nauc_mrr_at_1_max": 0.150346,
        "nauc_mrr_at_1_std": 0.062679,
        "nauc_mrr_at_1_diff1": 0.283223,
        "nauc_mrr_at_3_max": 0.13819,
        "nauc_mrr_at_3_std": 0.100601,
        "nauc_mrr_at_3_diff1": 0.213513,
        "nauc_mrr_at_5_max": 0.142635,
        "nauc_mrr_at_5_std": 0.113995,
        "nauc_mrr_at_5_diff1": 0.210127,
        "nauc_mrr_at_10_max": 0.146181,
        "nauc_mrr_at_10_std": 0.119033,
        "nauc_mrr_at_10_diff1": 0.209028,
        "nauc_mrr_at_20_max": 0.147099,
        "nauc_mrr_at_20_std": 0.120777,
        "nauc_mrr_at_20_diff1": 0.207051,
        "nauc_mrr_at_100_max": 0.146989,
        "nauc_mrr_at_100_std": 0.121521,
        "nauc_mrr_at_100_diff1": 0.206912,
        "nauc_mrr_at_1000_max": 0.146945,
        "nauc_mrr_at_1000_std": 0.121003,
        "nauc_mrr_at_1000_diff1": 0.207166,
        "main_score": 0.15966,
        "hf_subset": "default",
        "languages": [
          "eng-Latn"
        ]
      }
    ]
  },
  "evaluation_time": 449.20916748046875,
  "kg_co2_emissions": null
}