{
  "dataset_revision": "bb9466bac8153a0349341eb1b22e06409e78ef4e",
  "task_name": "TRECCOVID",
  "mteb_version": "1.34.8",
  "scores": {
    "test": [
      {
        "ndcg_at_1": 0.61,
        "ndcg_at_3": 0.58224,
        "ndcg_at_5": 0.57416,
        "ndcg_at_10": 0.54772,
        "ndcg_at_20": 0.52546,
        "ndcg_at_100": 0.44091,
        "ndcg_at_1000": 0.41687,
        "map_at_1": 0.00171,
        "map_at_3": 0.00454,
        "map_at_5": 0.00675,
        "map_at_10": 0.01162,
        "map_at_20": 0.02028,
        "map_at_100": 0.06798,
        "map_at_1000": 0.17741,
        "recall_at_1": 0.00171,
        "recall_at_3": 0.00507,
        "recall_at_5": 0.00793,
        "recall_at_10": 0.01473,
        "recall_at_20": 0.02729,
        "recall_at_100": 0.10546,
        "recall_at_1000": 0.4013,
        "precision_at_1": 0.66,
        "precision_at_3": 0.63333,
        "precision_at_5": 0.616,
        "precision_at_10": 0.584,
        "precision_at_20": 0.555,
        "precision_at_100": 0.4568,
        "precision_at_1000": 0.19112,
        "mrr_at_1": 0.66,
        "mrr_at_3": 0.753333,
        "mrr_at_5": 0.762333,
        "mrr_at_10": 0.771381,
        "mrr_at_20": 0.773199,
        "mrr_at_100": 0.773625,
        "mrr_at_1000": 0.773625,
        "nauc_ndcg_at_1_max": 0.320291,
        "nauc_ndcg_at_1_std": 0.439903,
        "nauc_ndcg_at_1_diff1": -0.030649,
        "nauc_ndcg_at_3_max": 0.256104,
        "nauc_ndcg_at_3_std": 0.339041,
        "nauc_ndcg_at_3_diff1": -0.029087,
        "nauc_ndcg_at_5_max": 0.230445,
        "nauc_ndcg_at_5_std": 0.314054,
        "nauc_ndcg_at_5_diff1": -0.047273,
        "nauc_ndcg_at_10_max": 0.189064,
        "nauc_ndcg_at_10_std": 0.306944,
        "nauc_ndcg_at_10_diff1": -0.057858,
        "nauc_ndcg_at_20_max": 0.182271,
        "nauc_ndcg_at_20_std": 0.349992,
        "nauc_ndcg_at_20_diff1": -0.105717,
        "nauc_ndcg_at_100_max": 0.307965,
        "nauc_ndcg_at_100_std": 0.522002,
        "nauc_ndcg_at_100_diff1": -0.082789,
        "nauc_ndcg_at_1000_max": 0.319872,
        "nauc_ndcg_at_1000_std": 0.564928,
        "nauc_ndcg_at_1000_diff1": -0.147042,
        "nauc_map_at_1_max": 0.005751,
        "nauc_map_at_1_std": 0.164993,
        "nauc_map_at_1_diff1": -0.072504,
        "nauc_map_at_3_max": 0.013106,
        "nauc_map_at_3_std": 0.098826,
        "nauc_map_at_3_diff1": -0.058976,
        "nauc_map_at_5_max": 0.026535,
        "nauc_map_at_5_std": 0.114833,
        "nauc_map_at_5_diff1": -0.071145,
        "nauc_map_at_10_max": 0.018896,
        "nauc_map_at_10_std": 0.140074,
        "nauc_map_at_10_diff1": -0.131564,
        "nauc_map_at_20_max": 0.052692,
        "nauc_map_at_20_std": 0.226407,
        "nauc_map_at_20_diff1": -0.191545,
        "nauc_map_at_100_max": 0.280812,
        "nauc_map_at_100_std": 0.532052,
        "nauc_map_at_100_diff1": -0.138098,
        "nauc_map_at_1000_max": 0.409884,
        "nauc_map_at_1000_std": 0.660776,
        "nauc_map_at_1000_diff1": -0.117144,
        "nauc_recall_at_1_max": 0.005751,
        "nauc_recall_at_1_std": 0.164993,
        "nauc_recall_at_1_diff1": -0.072504,
        "nauc_recall_at_3_max": -0.043067,
        "nauc_recall_at_3_std": 0.015593,
        "nauc_recall_at_3_diff1": -0.066415,
        "nauc_recall_at_5_max": -0.04158,
        "nauc_recall_at_5_std": 0.017564,
        "nauc_recall_at_5_diff1": -0.073855,
        "nauc_recall_at_10_max": -0.072079,
        "nauc_recall_at_10_std": 0.027334,
        "nauc_recall_at_10_diff1": -0.13845,
        "nauc_recall_at_20_max": -0.050183,
        "nauc_recall_at_20_std": 0.120069,
        "nauc_recall_at_20_diff1": -0.20843,
        "nauc_recall_at_100_max": 0.168223,
        "nauc_recall_at_100_std": 0.423357,
        "nauc_recall_at_100_diff1": -0.152261,
        "nauc_recall_at_1000_max": 0.289419,
        "nauc_recall_at_1000_std": 0.505931,
        "nauc_recall_at_1000_diff1": -0.169219,
        "nauc_precision_at_1_max": 0.299545,
        "nauc_precision_at_1_std": 0.508248,
        "nauc_precision_at_1_diff1": -0.0619,
        "nauc_precision_at_3_max": 0.156403,
        "nauc_precision_at_3_std": 0.270465,
        "nauc_precision_at_3_diff1": -0.089897,
        "nauc_precision_at_5_max": 0.137937,
        "nauc_precision_at_5_std": 0.236138,
        "nauc_precision_at_5_diff1": -0.114671,
        "nauc_precision_at_10_max": 0.104825,
        "nauc_precision_at_10_std": 0.238268,
        "nauc_precision_at_10_diff1": -0.121432,
        "nauc_precision_at_20_max": 0.136465,
        "nauc_precision_at_20_std": 0.328506,
        "nauc_precision_at_20_diff1": -0.183729,
        "nauc_precision_at_100_max": 0.341232,
        "nauc_precision_at_100_std": 0.550295,
        "nauc_precision_at_100_diff1": -0.089269,
        "nauc_precision_at_1000_max": 0.3346,
        "nauc_precision_at_1000_std": 0.402231,
        "nauc_precision_at_1000_diff1": -0.115524,
        "nauc_mrr_at_1_max": 0.299545,
        "nauc_mrr_at_1_std": 0.508248,
        "nauc_mrr_at_1_diff1": -0.0619,
        "nauc_mrr_at_3_max": 0.275251,
        "nauc_mrr_at_3_std": 0.413636,
        "nauc_mrr_at_3_diff1": -0.091687,
        "nauc_mrr_at_5_max": 0.255376,
        "nauc_mrr_at_5_std": 0.385658,
        "nauc_mrr_at_5_diff1": -0.087684,
        "nauc_mrr_at_10_max": 0.29022,
        "nauc_mrr_at_10_std": 0.41914,
        "nauc_mrr_at_10_diff1": -0.069241,
        "nauc_mrr_at_20_max": 0.286196,
        "nauc_mrr_at_20_std": 0.416316,
        "nauc_mrr_at_20_diff1": -0.064636,
        "nauc_mrr_at_100_max": 0.28561,
        "nauc_mrr_at_100_std": 0.418457,
        "nauc_mrr_at_100_diff1": -0.066677,
        "nauc_mrr_at_1000_max": 0.28561,
        "nauc_mrr_at_1000_std": 0.418457,
        "nauc_mrr_at_1000_diff1": -0.066677,
        "main_score": 0.54772,
        "hf_subset": "default",
        "languages": [
          "eng-Latn"
        ]
      }
    ]
  },
  "evaluation_time": 2504.644821166992,
  "kg_co2_emissions": null
}