{
  "dataset_revision": "c22ab2a51041ffd869aaddef7af8d8215647e41a",
  "task_name": "ArguAna",
  "mteb_version": "1.34.8",
  "scores": {
    "test": [
      {
        "ndcg_at_1": 0.27809,
        "ndcg_at_3": 0.43812,
        "ndcg_at_5": 0.49548,
        "ndcg_at_10": 0.54238,
        "ndcg_at_20": 0.56796,
        "ndcg_at_100": 0.57767,
        "ndcg_at_1000": 0.57898,
        "map_at_1": 0.27809,
        "map_at_3": 0.399,
        "map_at_5": 0.4308,
        "map_at_10": 0.45015,
        "map_at_20": 0.45729,
        "map_at_100": 0.45882,
        "map_at_1000": 0.45886,
        "recall_at_1": 0.27809,
        "recall_at_3": 0.55121,
        "recall_at_5": 0.69061,
        "recall_at_10": 0.8357,
        "recall_at_20": 0.93599,
        "recall_at_100": 0.98578,
        "recall_at_1000": 0.99644,
        "precision_at_1": 0.27809,
        "precision_at_3": 0.18374,
        "precision_at_5": 0.13812,
        "precision_at_10": 0.08357,
        "precision_at_20": 0.0468,
        "precision_at_100": 0.00986,
        "precision_at_1000": 0.001,
        "mrr_at_1": 0.282361,
        "mrr_at_3": 0.400782,
        "mrr_at_5": 0.431935,
        "mrr_at_10": 0.451811,
        "mrr_at_20": 0.458889,
        "mrr_at_100": 0.460416,
        "mrr_at_1000": 0.460461,
        "nauc_ndcg_at_1_max": -0.079846,
        "nauc_ndcg_at_1_std": -0.097423,
        "nauc_ndcg_at_1_diff1": 0.063818,
        "nauc_ndcg_at_3_max": -0.075243,
        "nauc_ndcg_at_3_std": -0.10472,
        "nauc_ndcg_at_3_diff1": 0.011485,
        "nauc_ndcg_at_5_max": -0.050124,
        "nauc_ndcg_at_5_std": -0.091185,
        "nauc_ndcg_at_5_diff1": 0.020492,
        "nauc_ndcg_at_10_max": -0.046885,
        "nauc_ndcg_at_10_std": -0.086822,
        "nauc_ndcg_at_10_diff1": 0.023699,
        "nauc_ndcg_at_20_max": -0.050665,
        "nauc_ndcg_at_20_std": -0.091057,
        "nauc_ndcg_at_20_diff1": 0.020271,
        "nauc_ndcg_at_100_max": -0.054911,
        "nauc_ndcg_at_100_std": -0.088434,
        "nauc_ndcg_at_100_diff1": 0.025824,
        "nauc_ndcg_at_1000_max": -0.057001,
        "nauc_ndcg_at_1000_std": -0.090299,
        "nauc_ndcg_at_1000_diff1": 0.025432,
        "nauc_map_at_1_max": -0.079846,
        "nauc_map_at_1_std": -0.097423,
        "nauc_map_at_1_diff1": 0.063818,
        "nauc_map_at_3_max": -0.076764,
        "nauc_map_at_3_std": -0.10242,
        "nauc_map_at_3_diff1": 0.02117,
        "nauc_map_at_5_max": -0.063989,
        "nauc_map_at_5_std": -0.095711,
        "nauc_map_at_5_diff1": 0.026292,
        "nauc_map_at_10_max": -0.06315,
        "nauc_map_at_10_std": -0.09424,
        "nauc_map_at_10_diff1": 0.027743,
        "nauc_map_at_20_max": -0.063858,
        "nauc_map_at_20_std": -0.095407,
        "nauc_map_at_20_diff1": 0.027107,
        "nauc_map_at_100_max": -0.06409,
        "nauc_map_at_100_std": -0.094786,
        "nauc_map_at_100_diff1": 0.0281,
        "nauc_map_at_1000_max": -0.064158,
        "nauc_map_at_1000_std": -0.094808,
        "nauc_map_at_1000_diff1": 0.02808,
        "nauc_recall_at_1_max": -0.079846,
        "nauc_recall_at_1_std": -0.097423,
        "nauc_recall_at_1_diff1": 0.063818,
        "nauc_recall_at_3_max": -0.070615,
        "nauc_recall_at_3_std": -0.111682,
        "nauc_recall_at_3_diff1": -0.015667,
        "nauc_recall_at_5_max": 0.004149,
        "nauc_recall_at_5_std": -0.072188,
        "nauc_recall_at_5_diff1": 0.003486,
        "nauc_recall_at_10_max": 0.056294,
        "nauc_recall_at_10_std": -0.036196,
        "nauc_recall_at_10_diff1": 0.008766,
        "nauc_recall_at_20_max": 0.128806,
        "nauc_recall_at_20_std": -0.026802,
        "nauc_recall_at_20_diff1": -0.067136,
        "nauc_recall_at_100_max": 0.286733,
        "nauc_recall_at_100_std": 0.330026,
        "nauc_recall_at_100_diff1": 0.035725,
        "nauc_recall_at_1000_max": 0.208555,
        "nauc_recall_at_1000_std": 0.409637,
        "nauc_recall_at_1000_diff1": -0.10414,
        "nauc_precision_at_1_max": -0.079846,
        "nauc_precision_at_1_std": -0.097423,
        "nauc_precision_at_1_diff1": 0.063818,
        "nauc_precision_at_3_max": -0.070615,
        "nauc_precision_at_3_std": -0.111682,
        "nauc_precision_at_3_diff1": -0.015667,
        "nauc_precision_at_5_max": 0.004149,
        "nauc_precision_at_5_std": -0.072188,
        "nauc_precision_at_5_diff1": 0.003486,
        "nauc_precision_at_10_max": 0.056294,
        "nauc_precision_at_10_std": -0.036196,
        "nauc_precision_at_10_diff1": 0.008766,
        "nauc_precision_at_20_max": 0.128806,
        "nauc_precision_at_20_std": -0.026802,
        "nauc_precision_at_20_diff1": -0.067136,
        "nauc_precision_at_100_max": 0.286733,
        "nauc_precision_at_100_std": 0.330026,
        "nauc_precision_at_100_diff1": 0.035725,
        "nauc_precision_at_1000_max": 0.208555,
        "nauc_precision_at_1000_std": 0.409637,
        "nauc_precision_at_1000_diff1": -0.10414,
        "nauc_mrr_at_1_max": -0.08205,
        "nauc_mrr_at_1_std": -0.094651,
        "nauc_mrr_at_1_diff1": 0.050644,
        "nauc_mrr_at_3_max": -0.081263,
        "nauc_mrr_at_3_std": -0.101319,
        "nauc_mrr_at_3_diff1": 0.009283,
        "nauc_mrr_at_5_max": -0.072661,
        "nauc_mrr_at_5_std": -0.09495,
        "nauc_mrr_at_5_diff1": 0.011606,
        "nauc_mrr_at_10_max": -0.06975,
        "nauc_mrr_at_10_std": -0.09388,
        "nauc_mrr_at_10_diff1": 0.014675,
        "nauc_mrr_at_20_max": -0.070586,
        "nauc_mrr_at_20_std": -0.094894,
        "nauc_mrr_at_20_diff1": 0.013845,
        "nauc_mrr_at_100_max": -0.070863,
        "nauc_mrr_at_100_std": -0.094274,
        "nauc_mrr_at_100_diff1": 0.014763,
        "nauc_mrr_at_1000_max": -0.070931,
        "nauc_mrr_at_1000_std": -0.094297,
        "nauc_mrr_at_1000_diff1": 0.014742,
        "main_score": 0.54238,
        "hf_subset": "default",
        "languages": [
          "eng-Latn"
        ]
      }
    ]
  },
  "evaluation_time": 59.010101079940796,
  "kg_co2_emissions": null
}