{
  "dataset_revision": "5d958fb6b31055495347724d46431ba41309b03a",
  "task_name": "ChemNQRetrieval",
  "mteb_version": "1.34.8",
  "scores": {
    "test": [
      {
        "ndcg_at_1": 0.37037,
        "ndcg_at_3": 0.47222,
        "ndcg_at_5": 0.51216,
        "ndcg_at_10": 0.56041,
        "ndcg_at_20": 0.5906,
        "ndcg_at_100": 0.61523,
        "ndcg_at_1000": 0.61523,
        "map_at_1": 0.31481,
        "map_at_3": 0.43519,
        "map_at_5": 0.46173,
        "map_at_10": 0.48158,
        "map_at_20": 0.49143,
        "map_at_100": 0.49545,
        "map_at_1000": 0.49545,
        "recall_at_1": 0.31481,
        "recall_at_3": 0.53704,
        "recall_at_5": 0.61728,
        "recall_at_10": 0.76543,
        "recall_at_20": 0.87654,
        "recall_at_100": 1.0,
        "recall_at_1000": 1.0,
        "precision_at_1": 0.37037,
        "precision_at_3": 0.22222,
        "precision_at_5": 0.16296,
        "precision_at_10": 0.1,
        "precision_at_20": 0.05741,
        "precision_at_100": 0.01296,
        "precision_at_1000": 0.0013,
        "mrr_at_1": 0.37037,
        "mrr_at_3": 0.475309,
        "mrr_at_5": 0.493827,
        "mrr_at_10": 0.510905,
        "mrr_at_20": 0.516741,
        "mrr_at_100": 0.520008,
        "mrr_at_1000": 0.520008,
        "nauc_ndcg_at_1_max": 0.517671,
        "nauc_ndcg_at_1_std": 0.347655,
        "nauc_ndcg_at_1_diff1": 0.194194,
        "nauc_ndcg_at_3_max": 0.571305,
        "nauc_ndcg_at_3_std": 0.334422,
        "nauc_ndcg_at_3_diff1": 0.299211,
        "nauc_ndcg_at_5_max": 0.566227,
        "nauc_ndcg_at_5_std": 0.277611,
        "nauc_ndcg_at_5_diff1": 0.312706,
        "nauc_ndcg_at_10_max": 0.538231,
        "nauc_ndcg_at_10_std": 0.249749,
        "nauc_ndcg_at_10_diff1": 0.279418,
        "nauc_ndcg_at_20_max": 0.542925,
        "nauc_ndcg_at_20_std": 0.255804,
        "nauc_ndcg_at_20_diff1": 0.28309,
        "nauc_ndcg_at_100_max": 0.542566,
        "nauc_ndcg_at_100_std": 0.276412,
        "nauc_ndcg_at_100_diff1": 0.281636,
        "nauc_ndcg_at_1000_max": 0.542566,
        "nauc_ndcg_at_1000_std": 0.276412,
        "nauc_ndcg_at_1000_diff1": 0.281636,
        "nauc_map_at_1_max": 0.38176,
        "nauc_map_at_1_std": 0.167412,
        "nauc_map_at_1_diff1": 0.013441,
        "nauc_map_at_3_max": 0.508782,
        "nauc_map_at_3_std": 0.291619,
        "nauc_map_at_3_diff1": 0.230075,
        "nauc_map_at_5_max": 0.525384,
        "nauc_map_at_5_std": 0.266258,
        "nauc_map_at_5_diff1": 0.234308,
        "nauc_map_at_10_max": 0.516244,
        "nauc_map_at_10_std": 0.256077,
        "nauc_map_at_10_diff1": 0.23003,
        "nauc_map_at_20_max": 0.51845,
        "nauc_map_at_20_std": 0.260074,
        "nauc_map_at_20_diff1": 0.229659,
        "nauc_map_at_100_max": 0.516581,
        "nauc_map_at_100_std": 0.260577,
        "nauc_map_at_100_diff1": 0.229397,
        "nauc_map_at_1000_max": 0.516581,
        "nauc_map_at_1000_std": 0.260577,
        "nauc_map_at_1000_diff1": 0.229397,
        "nauc_recall_at_1_max": 0.38176,
        "nauc_recall_at_1_std": 0.167412,
        "nauc_recall_at_1_diff1": 0.013441,
        "nauc_recall_at_3_max": 0.600757,
        "nauc_recall_at_3_std": 0.337771,
        "nauc_recall_at_3_diff1": 0.374117,
        "nauc_recall_at_5_max": 0.574538,
        "nauc_recall_at_5_std": 0.208522,
        "nauc_recall_at_5_diff1": 0.390484,
        "nauc_recall_at_10_max": 0.454453,
        "nauc_recall_at_10_std": 0.05482,
        "nauc_recall_at_10_diff1": 0.253227,
        "nauc_recall_at_20_max": 0.480812,
        "nauc_recall_at_20_std": -0.026952,
        "nauc_recall_at_20_diff1": 0.30498,
        "nauc_recall_at_100_max": NaN,
        "nauc_recall_at_100_std": NaN,
        "nauc_recall_at_100_diff1": NaN,
        "nauc_recall_at_1000_max": NaN,
        "nauc_recall_at_1000_std": NaN,
        "nauc_recall_at_1000_diff1": NaN,
        "nauc_precision_at_1_max": 0.517671,
        "nauc_precision_at_1_std": 0.347655,
        "nauc_precision_at_1_diff1": 0.194194,
        "nauc_precision_at_3_max": 0.670817,
        "nauc_precision_at_3_std": 0.45659,
        "nauc_precision_at_3_diff1": 0.488873,
        "nauc_precision_at_5_max": 0.491267,
        "nauc_precision_at_5_std": 0.221424,
        "nauc_precision_at_5_diff1": 0.458603,
        "nauc_precision_at_10_max": 0.401562,
        "nauc_precision_at_10_std": 0.150852,
        "nauc_precision_at_10_diff1": 0.430469,
        "nauc_precision_at_20_max": 0.3825,
        "nauc_precision_at_20_std": 0.205583,
        "nauc_precision_at_20_diff1": 0.423791,
        "nauc_precision_at_100_max": 0.214552,
        "nauc_precision_at_100_std": 0.175286,
        "nauc_precision_at_100_diff1": 0.415581,
        "nauc_precision_at_1000_max": 0.214552,
        "nauc_precision_at_1000_std": 0.175286,
        "nauc_precision_at_1000_diff1": 0.415581,
        "nauc_mrr_at_1_max": 0.517671,
        "nauc_mrr_at_1_std": 0.347655,
        "nauc_mrr_at_1_diff1": 0.194194,
        "nauc_mrr_at_3_max": 0.634731,
        "nauc_mrr_at_3_std": 0.407846,
        "nauc_mrr_at_3_diff1": 0.34951,
        "nauc_mrr_at_5_max": 0.598448,
        "nauc_mrr_at_5_std": 0.364488,
        "nauc_mrr_at_5_diff1": 0.360872,
        "nauc_mrr_at_10_max": 0.586656,
        "nauc_mrr_at_10_std": 0.358279,
        "nauc_mrr_at_10_diff1": 0.335513,
        "nauc_mrr_at_20_max": 0.581014,
        "nauc_mrr_at_20_std": 0.350513,
        "nauc_mrr_at_20_diff1": 0.334548,
        "nauc_mrr_at_100_max": 0.581571,
        "nauc_mrr_at_100_std": 0.354042,
        "nauc_mrr_at_100_diff1": 0.333689,
        "nauc_mrr_at_1000_max": 0.581571,
        "nauc_mrr_at_1000_std": 0.354042,
        "nauc_mrr_at_1000_diff1": 0.333689,
        "main_score": 0.56041,
        "hf_subset": "default",
        "languages": [
          "eng-Latn"
        ]
      }
    ]
  },
  "evaluation_time": 78.83320713043213,
  "kg_co2_emissions": null
}