{
  "dataset_revision": "4adc7bc41202b5c13543c9c886a25f340634dab3",
  "task_name": "COIRCodeSearchNetRetrieval",
  "mteb_version": "1.34.8",
  "scores": {
    "test": [
      {
        "ndcg_at_1": 0.81928,
        "ndcg_at_3": 0.86178,
        "ndcg_at_5": 0.87076,
        "ndcg_at_10": 0.87822,
        "ndcg_at_20": 0.88235,
        "ndcg_at_100": 0.88729,
        "ndcg_at_1000": 0.8893,
        "map_at_1": 0.81928,
        "map_at_3": 0.85173,
        "map_at_5": 0.85674,
        "map_at_10": 0.85984,
        "map_at_20": 0.86098,
        "map_at_100": 0.86169,
        "map_at_1000": 0.86177,
        "recall_at_1": 0.81928,
        "recall_at_3": 0.89067,
        "recall_at_5": 0.91239,
        "recall_at_10": 0.93531,
        "recall_at_20": 0.9516,
        "recall_at_100": 0.97795,
        "recall_at_1000": 0.99377,
        "precision_at_1": 0.81928,
        "precision_at_3": 0.29689,
        "precision_at_5": 0.18248,
        "precision_at_10": 0.09353,
        "precision_at_20": 0.04758,
        "precision_at_100": 0.00978,
        "precision_at_1000": 0.00099,
        "mrr_at_1": 0.819346,
        "mrr_at_3": 0.851767,
        "mrr_at_5": 0.856771,
        "mrr_at_10": 0.859878,
        "mrr_at_20": 0.861018,
        "mrr_at_100": 0.861723,
        "mrr_at_1000": 0.861799,
        "nauc_ndcg_at_1_max": 0.814485,
        "nauc_ndcg_at_1_std": 0.152006,
        "nauc_ndcg_at_1_diff1": 0.90178,
        "nauc_ndcg_at_3_max": 0.825753,
        "nauc_ndcg_at_3_std": 0.14708,
        "nauc_ndcg_at_3_diff1": 0.885669,
        "nauc_ndcg_at_5_max": 0.823908,
        "nauc_ndcg_at_5_std": 0.150785,
        "nauc_ndcg_at_5_diff1": 0.884688,
        "nauc_ndcg_at_10_max": 0.824573,
        "nauc_ndcg_at_10_std": 0.154945,
        "nauc_ndcg_at_10_diff1": 0.887604,
        "nauc_ndcg_at_20_max": 0.826041,
        "nauc_ndcg_at_20_std": 0.161361,
        "nauc_ndcg_at_20_diff1": 0.888726,
        "nauc_ndcg_at_100_max": 0.825735,
        "nauc_ndcg_at_100_std": 0.164414,
        "nauc_ndcg_at_100_diff1": 0.889386,
        "nauc_ndcg_at_1000_max": 0.825269,
        "nauc_ndcg_at_1000_std": 0.161912,
        "nauc_ndcg_at_1000_diff1": 0.890031,
        "nauc_map_at_1_max": 0.814485,
        "nauc_map_at_1_std": 0.152006,
        "nauc_map_at_1_diff1": 0.90178,
        "nauc_map_at_3_max": 0.823364,
        "nauc_map_at_3_std": 0.149015,
        "nauc_map_at_3_diff1": 0.890255,
        "nauc_map_at_5_max": 0.822287,
        "nauc_map_at_5_std": 0.151026,
        "nauc_map_at_5_diff1": 0.889842,
        "nauc_map_at_10_max": 0.822481,
        "nauc_map_at_10_std": 0.15254,
        "nauc_map_at_10_diff1": 0.891045,
        "nauc_map_at_20_max": 0.822817,
        "nauc_map_at_20_std": 0.154182,
        "nauc_map_at_20_diff1": 0.89134,
        "nauc_map_at_100_max": 0.822786,
        "nauc_map_at_100_std": 0.154626,
        "nauc_map_at_100_diff1": 0.891462,
        "nauc_map_at_1000_max": 0.822782,
        "nauc_map_at_1000_std": 0.154587,
        "nauc_map_at_1000_diff1": 0.891484,
        "nauc_recall_at_1_max": 0.814485,
        "nauc_recall_at_1_std": 0.152006,
        "nauc_recall_at_1_diff1": 0.90178,
        "nauc_recall_at_3_max": 0.834334,
        "nauc_recall_at_3_std": 0.13947,
        "nauc_recall_at_3_diff1": 0.86833,
        "nauc_recall_at_5_max": 0.830383,
        "nauc_recall_at_5_std": 0.150006,
        "nauc_recall_at_5_diff1": 0.86137,
        "nauc_recall_at_10_max": 0.836512,
        "nauc_recall_at_10_std": 0.173091,
        "nauc_recall_at_10_diff1": 0.869114,
        "nauc_recall_at_20_max": 0.853894,
        "nauc_recall_at_20_std": 0.235189,
        "nauc_recall_at_20_diff1": 0.873215,
        "nauc_recall_at_100_max": 0.877615,
        "nauc_recall_at_100_std": 0.393019,
        "nauc_recall_at_100_diff1": 0.869531,
        "nauc_recall_at_1000_max": 0.932908,
        "nauc_recall_at_1000_std": 0.589947,
        "nauc_recall_at_1000_diff1": 0.904073,
        "nauc_precision_at_1_max": 0.814485,
        "nauc_precision_at_1_std": 0.152006,
        "nauc_precision_at_1_diff1": 0.90178,
        "nauc_precision_at_3_max": 0.834334,
        "nauc_precision_at_3_std": 0.13947,
        "nauc_precision_at_3_diff1": 0.86833,
        "nauc_precision_at_5_max": 0.830383,
        "nauc_precision_at_5_std": 0.150006,
        "nauc_precision_at_5_diff1": 0.86137,
        "nauc_precision_at_10_max": 0.836512,
        "nauc_precision_at_10_std": 0.173091,
        "nauc_precision_at_10_diff1": 0.869114,
        "nauc_precision_at_20_max": 0.853894,
        "nauc_precision_at_20_std": 0.235189,
        "nauc_precision_at_20_diff1": 0.873215,
        "nauc_precision_at_100_max": 0.877615,
        "nauc_precision_at_100_std": 0.393019,
        "nauc_precision_at_100_diff1": 0.869531,
        "nauc_precision_at_1000_max": 0.932908,
        "nauc_precision_at_1000_std": 0.589947,
        "nauc_precision_at_1000_diff1": 0.904073,
        "nauc_mrr_at_1_max": 0.814932,
        "nauc_mrr_at_1_std": 0.151917,
        "nauc_mrr_at_1_diff1": 0.901695,
        "nauc_mrr_at_3_max": 0.823634,
        "nauc_mrr_at_3_std": 0.148961,
        "nauc_mrr_at_3_diff1": 0.890201,
        "nauc_mrr_at_5_max": 0.822566,
        "nauc_mrr_at_5_std": 0.150971,
        "nauc_mrr_at_5_diff1": 0.889787,
        "nauc_mrr_at_10_max": 0.822766,
        "nauc_mrr_at_10_std": 0.152483,
        "nauc_mrr_at_10_diff1": 0.890989,
        "nauc_mrr_at_20_max": 0.823105,
        "nauc_mrr_at_20_std": 0.154126,
        "nauc_mrr_at_20_diff1": 0.891283,
        "nauc_mrr_at_100_max": 0.823075,
        "nauc_mrr_at_100_std": 0.15457,
        "nauc_mrr_at_100_diff1": 0.891405,
        "nauc_mrr_at_1000_max": 0.823071,
        "nauc_mrr_at_1000_std": 0.154531,
        "nauc_mrr_at_1000_diff1": 0.891427,
        "main_score": 0.87822,
        "hf_subset": "python",
        "languages": [
          "python-Code"
        ]
      }
    ]
  },
  "evaluation_time": 1484.9756827354431,
  "kg_co2_emissions": null
}