{
  "dataset_revision": "ec0fa4fe99da2ff19ca1214b7966684033a58814",
  "task_name": "NFCorpus",
  "mteb_version": "1.34.8",
  "scores": {
    "test": [
      {
        "ndcg_at_1": 0.39938,
        "ndcg_at_3": 0.35904,
        "ndcg_at_5": 0.33096,
        "ndcg_at_10": 0.30063,
        "ndcg_at_20": 0.27994,
        "ndcg_at_100": 0.27445,
        "ndcg_at_1000": 0.36085,
        "map_at_1": 0.05282,
        "map_at_3": 0.08854,
        "map_at_5": 0.09928,
        "map_at_10": 0.11416,
        "map_at_20": 0.12595,
        "map_at_100": 0.14001,
        "map_at_1000": 0.15187,
        "recall_at_1": 0.05282,
        "recall_at_3": 0.09759,
        "recall_at_5": 0.11387,
        "recall_at_10": 0.14076,
        "recall_at_20": 0.17649,
        "recall_at_100": 0.26667,
        "recall_at_1000": 0.57615,
        "precision_at_1": 0.40867,
        "precision_at_3": 0.33333,
        "precision_at_5": 0.27678,
        "precision_at_10": 0.21579,
        "precision_at_20": 0.15882,
        "precision_at_100": 0.06737,
        "precision_at_1000": 0.0188,
        "mrr_at_1": 0.408669,
        "mrr_at_3": 0.478844,
        "mrr_at_5": 0.490454,
        "mrr_at_10": 0.498098,
        "mrr_at_20": 0.502389,
        "mrr_at_100": 0.504752,
        "mrr_at_1000": 0.505224,
        "nauc_ndcg_at_1_max": 0.55508,
        "nauc_ndcg_at_1_std": 0.313655,
        "nauc_ndcg_at_1_diff1": 0.377127,
        "nauc_ndcg_at_3_max": 0.557583,
        "nauc_ndcg_at_3_std": 0.338947,
        "nauc_ndcg_at_3_diff1": 0.283593,
        "nauc_ndcg_at_5_max": 0.566768,
        "nauc_ndcg_at_5_std": 0.362643,
        "nauc_ndcg_at_5_diff1": 0.2457,
        "nauc_ndcg_at_10_max": 0.550336,
        "nauc_ndcg_at_10_std": 0.377107,
        "nauc_ndcg_at_10_diff1": 0.232693,
        "nauc_ndcg_at_20_max": 0.546936,
        "nauc_ndcg_at_20_std": 0.38881,
        "nauc_ndcg_at_20_diff1": 0.229174,
        "nauc_ndcg_at_100_max": 0.546328,
        "nauc_ndcg_at_100_std": 0.373236,
        "nauc_ndcg_at_100_diff1": 0.237584,
        "nauc_ndcg_at_1000_max": 0.568879,
        "nauc_ndcg_at_1000_std": 0.401136,
        "nauc_ndcg_at_1000_diff1": 0.247724,
        "nauc_map_at_1_max": 0.284624,
        "nauc_map_at_1_std": -0.020466,
        "nauc_map_at_1_diff1": 0.358327,
        "nauc_map_at_3_max": 0.374287,
        "nauc_map_at_3_std": 0.024639,
        "nauc_map_at_3_diff1": 0.31148,
        "nauc_map_at_5_max": 0.41009,
        "nauc_map_at_5_std": 0.065941,
        "nauc_map_at_5_diff1": 0.289673,
        "nauc_map_at_10_max": 0.446419,
        "nauc_map_at_10_std": 0.114424,
        "nauc_map_at_10_diff1": 0.265292,
        "nauc_map_at_20_max": 0.468928,
        "nauc_map_at_20_std": 0.158357,
        "nauc_map_at_20_diff1": 0.25202,
        "nauc_map_at_100_max": 0.486718,
        "nauc_map_at_100_std": 0.215846,
        "nauc_map_at_100_diff1": 0.24134,
        "nauc_map_at_1000_max": 0.488402,
        "nauc_map_at_1000_std": 0.247141,
        "nauc_map_at_1000_diff1": 0.235673,
        "nauc_recall_at_1_max": 0.284624,
        "nauc_recall_at_1_std": -0.020466,
        "nauc_recall_at_1_diff1": 0.358327,
        "nauc_recall_at_3_max": 0.346933,
        "nauc_recall_at_3_std": 0.018206,
        "nauc_recall_at_3_diff1": 0.271546,
        "nauc_recall_at_5_max": 0.38183,
        "nauc_recall_at_5_std": 0.055765,
        "nauc_recall_at_5_diff1": 0.251756,
        "nauc_recall_at_10_max": 0.413307,
        "nauc_recall_at_10_std": 0.113572,
        "nauc_recall_at_10_diff1": 0.229061,
        "nauc_recall_at_20_max": 0.420902,
        "nauc_recall_at_20_std": 0.178415,
        "nauc_recall_at_20_diff1": 0.195547,
        "nauc_recall_at_100_max": 0.397637,
        "nauc_recall_at_100_std": 0.254963,
        "nauc_recall_at_100_diff1": 0.183499,
        "nauc_recall_at_1000_max": 0.275069,
        "nauc_recall_at_1000_std": 0.232973,
        "nauc_recall_at_1000_diff1": 0.042055,
        "nauc_precision_at_1_max": 0.577405,
        "nauc_precision_at_1_std": 0.329273,
        "nauc_precision_at_1_diff1": 0.39638,
        "nauc_precision_at_3_max": 0.561251,
        "nauc_precision_at_3_std": 0.388373,
        "nauc_precision_at_3_diff1": 0.220851,
        "nauc_precision_at_5_max": 0.551718,
        "nauc_precision_at_5_std": 0.434452,
        "nauc_precision_at_5_diff1": 0.138744,
        "nauc_precision_at_10_max": 0.489174,
        "nauc_precision_at_10_std": 0.480734,
        "nauc_precision_at_10_diff1": 0.095582,
        "nauc_precision_at_20_max": 0.430737,
        "nauc_precision_at_20_std": 0.530326,
        "nauc_precision_at_20_diff1": 0.05245,
        "nauc_precision_at_100_max": 0.246261,
        "nauc_precision_at_100_std": 0.540503,
        "nauc_precision_at_100_diff1": -0.03691,
        "nauc_precision_at_1000_max": 0.064916,
        "nauc_precision_at_1000_std": 0.40575,
        "nauc_precision_at_1000_diff1": -0.063452,
        "nauc_mrr_at_1_max": 0.577405,
        "nauc_mrr_at_1_std": 0.329273,
        "nauc_mrr_at_1_diff1": 0.39638,
        "nauc_mrr_at_3_max": 0.59847,
        "nauc_mrr_at_3_std": 0.359343,
        "nauc_mrr_at_3_diff1": 0.355454,
        "nauc_mrr_at_5_max": 0.605445,
        "nauc_mrr_at_5_std": 0.361978,
        "nauc_mrr_at_5_diff1": 0.363284,
        "nauc_mrr_at_10_max": 0.609003,
        "nauc_mrr_at_10_std": 0.374522,
        "nauc_mrr_at_10_diff1": 0.366933,
        "nauc_mrr_at_20_max": 0.608778,
        "nauc_mrr_at_20_std": 0.374116,
        "nauc_mrr_at_20_diff1": 0.364281,
        "nauc_mrr_at_100_max": 0.607732,
        "nauc_mrr_at_100_std": 0.373333,
        "nauc_mrr_at_100_diff1": 0.364346,
        "nauc_mrr_at_1000_max": 0.607614,
        "nauc_mrr_at_1000_std": 0.373083,
        "nauc_mrr_at_1000_diff1": 0.364105,
        "main_score": 0.30063,
        "hf_subset": "default",
        "languages": [
          "eng-Latn"
        ]
      }
    ]
  },
  "evaluation_time": 35.04420495033264,
  "kg_co2_emissions": null
}