{
  "dataset_revision": "f8c2fcf00f625baaa80f62ec5bd9e1fff3b8ae88",
  "task_name": "SCIDOCS",
  "mteb_version": "1.34.8",
  "scores": {
    "test": [
      {
        "ndcg_at_1": 0.173,
        "ndcg_at_3": 0.14249,
        "ndcg_at_5": 0.12495,
        "ndcg_at_10": 0.15044,
        "ndcg_at_20": 0.1739,
        "ndcg_at_100": 0.22042,
        "ndcg_at_1000": 0.27371,
        "map_at_1": 0.03528,
        "map_at_3": 0.06244,
        "map_at_5": 0.07463,
        "map_at_10": 0.08691,
        "map_at_20": 0.09487,
        "map_at_100": 0.10312,
        "map_at_1000": 0.10594,
        "recall_at_1": 0.03528,
        "recall_at_3": 0.08123,
        "recall_at_5": 0.11163,
        "recall_at_10": 0.15832,
        "recall_at_20": 0.21332,
        "recall_at_100": 0.36632,
        "recall_at_1000": 0.62618,
        "precision_at_1": 0.173,
        "precision_at_3": 0.13367,
        "precision_at_5": 0.1104,
        "precision_at_10": 0.0781,
        "precision_at_20": 0.05255,
        "precision_at_100": 0.01803,
        "precision_at_1000": 0.00308,
        "mrr_at_1": 0.173,
        "mrr_at_3": 0.236167,
        "mrr_at_5": 0.252017,
        "mrr_at_10": 0.26494,
        "mrr_at_20": 0.272283,
        "mrr_at_100": 0.277087,
        "mrr_at_1000": 0.277815,
        "nauc_ndcg_at_1_max": 0.246149,
        "nauc_ndcg_at_1_std": 0.023304,
        "nauc_ndcg_at_1_diff1": 0.158228,
        "nauc_ndcg_at_3_max": 0.311094,
        "nauc_ndcg_at_3_std": 0.079952,
        "nauc_ndcg_at_3_diff1": 0.111558,
        "nauc_ndcg_at_5_max": 0.342815,
        "nauc_ndcg_at_5_std": 0.112835,
        "nauc_ndcg_at_5_diff1": 0.112641,
        "nauc_ndcg_at_10_max": 0.357275,
        "nauc_ndcg_at_10_std": 0.137359,
        "nauc_ndcg_at_10_diff1": 0.112408,
        "nauc_ndcg_at_20_max": 0.374307,
        "nauc_ndcg_at_20_std": 0.156452,
        "nauc_ndcg_at_20_diff1": 0.115541,
        "nauc_ndcg_at_100_max": 0.393099,
        "nauc_ndcg_at_100_std": 0.190622,
        "nauc_ndcg_at_100_diff1": 0.114322,
        "nauc_ndcg_at_1000_max": 0.400877,
        "nauc_ndcg_at_1000_std": 0.203364,
        "nauc_ndcg_at_1000_diff1": 0.122754,
        "nauc_map_at_1_max": 0.243296,
        "nauc_map_at_1_std": 0.021374,
        "nauc_map_at_1_diff1": 0.160103,
        "nauc_map_at_3_max": 0.302887,
        "nauc_map_at_3_std": 0.059145,
        "nauc_map_at_3_diff1": 0.10623,
        "nauc_map_at_5_max": 0.347597,
        "nauc_map_at_5_std": 0.09701,
        "nauc_map_at_5_diff1": 0.112119,
        "nauc_map_at_10_max": 0.367198,
        "nauc_map_at_10_std": 0.124784,
        "nauc_map_at_10_diff1": 0.109113,
        "nauc_map_at_20_max": 0.377687,
        "nauc_map_at_20_std": 0.135922,
        "nauc_map_at_20_diff1": 0.111476,
        "nauc_map_at_100_max": 0.386696,
        "nauc_map_at_100_std": 0.149682,
        "nauc_map_at_100_diff1": 0.111626,
        "nauc_map_at_1000_max": 0.388458,
        "nauc_map_at_1000_std": 0.152063,
        "nauc_map_at_1000_diff1": 0.112955,
        "nauc_recall_at_1_max": 0.243296,
        "nauc_recall_at_1_std": 0.021374,
        "nauc_recall_at_1_diff1": 0.160103,
        "nauc_recall_at_3_max": 0.328178,
        "nauc_recall_at_3_std": 0.102226,
        "nauc_recall_at_3_diff1": 0.090558,
        "nauc_recall_at_5_max": 0.369389,
        "nauc_recall_at_5_std": 0.15184,
        "nauc_recall_at_5_diff1": 0.092283,
        "nauc_recall_at_10_max": 0.371126,
        "nauc_recall_at_10_std": 0.182369,
        "nauc_recall_at_10_diff1": 0.089995,
        "nauc_recall_at_20_max": 0.38758,
        "nauc_recall_at_20_std": 0.209591,
        "nauc_recall_at_20_diff1": 0.094238,
        "nauc_recall_at_100_max": 0.389736,
        "nauc_recall_at_100_std": 0.265343,
        "nauc_recall_at_100_diff1": 0.082782,
        "nauc_recall_at_1000_max": 0.359535,
        "nauc_recall_at_1000_std": 0.284708,
        "nauc_recall_at_1000_diff1": 0.091137,
        "nauc_precision_at_1_max": 0.246149,
        "nauc_precision_at_1_std": 0.023304,
        "nauc_precision_at_1_diff1": 0.158228,
        "nauc_precision_at_3_max": 0.331871,
        "nauc_precision_at_3_std": 0.104863,
        "nauc_precision_at_3_diff1": 0.090888,
        "nauc_precision_at_5_max": 0.372569,
        "nauc_precision_at_5_std": 0.15513,
        "nauc_precision_at_5_diff1": 0.092731,
        "nauc_precision_at_10_max": 0.37495,
        "nauc_precision_at_10_std": 0.186243,
        "nauc_precision_at_10_diff1": 0.090054,
        "nauc_precision_at_20_max": 0.389529,
        "nauc_precision_at_20_std": 0.211318,
        "nauc_precision_at_20_diff1": 0.095602,
        "nauc_precision_at_100_max": 0.393587,
        "nauc_precision_at_100_std": 0.267275,
        "nauc_precision_at_100_diff1": 0.08681,
        "nauc_precision_at_1000_max": 0.360371,
        "nauc_precision_at_1000_std": 0.283457,
        "nauc_precision_at_1000_diff1": 0.09738,
        "nauc_mrr_at_1_max": 0.246149,
        "nauc_mrr_at_1_std": 0.023304,
        "nauc_mrr_at_1_diff1": 0.158228,
        "nauc_mrr_at_3_max": 0.290524,
        "nauc_mrr_at_3_std": 0.075855,
        "nauc_mrr_at_3_diff1": 0.135762,
        "nauc_mrr_at_5_max": 0.291267,
        "nauc_mrr_at_5_std": 0.080822,
        "nauc_mrr_at_5_diff1": 0.133622,
        "nauc_mrr_at_10_max": 0.286948,
        "nauc_mrr_at_10_std": 0.080802,
        "nauc_mrr_at_10_diff1": 0.135319,
        "nauc_mrr_at_20_max": 0.289283,
        "nauc_mrr_at_20_std": 0.083257,
        "nauc_mrr_at_20_diff1": 0.136061,
        "nauc_mrr_at_100_max": 0.288981,
        "nauc_mrr_at_100_std": 0.08368,
        "nauc_mrr_at_100_diff1": 0.136273,
        "nauc_mrr_at_1000_max": 0.288985,
        "nauc_mrr_at_1000_std": 0.083518,
        "nauc_mrr_at_1000_diff1": 0.136214,
        "main_score": 0.15044,
        "hf_subset": "default",
        "languages": [
          "eng-Latn"
        ]
      }
    ]
  },
  "evaluation_time": 175.1252007484436,
  "kg_co2_emissions": null
}