{
  "dataset_revision": "0228b52cf27578f30900b9e5271d331663a030d7",
  "task_name": "SciFact",
  "mteb_version": "1.34.8",
  "scores": {
    "test": [
      {
        "ndcg_at_1": 0.50333,
        "ndcg_at_3": 0.58596,
        "ndcg_at_5": 0.61932,
        "ndcg_at_10": 0.63845,
        "ndcg_at_20": 0.65035,
        "ndcg_at_100": 0.66684,
        "ndcg_at_1000": 0.67466,
        "map_at_1": 0.47511,
        "map_at_3": 0.55444,
        "map_at_5": 0.57562,
        "map_at_10": 0.58561,
        "map_at_20": 0.58919,
        "map_at_100": 0.59167,
        "map_at_1000": 0.59195,
        "recall_at_1": 0.47511,
        "recall_at_3": 0.64517,
        "recall_at_5": 0.72989,
        "recall_at_10": 0.78244,
        "recall_at_20": 0.828,
        "recall_at_100": 0.91433,
        "recall_at_1000": 0.97667,
        "precision_at_1": 0.50333,
        "precision_at_3": 0.23444,
        "precision_at_5": 0.16,
        "precision_at_10": 0.088,
        "precision_at_20": 0.04683,
        "precision_at_100": 0.01037,
        "precision_at_1000": 0.00111,
        "mrr_at_1": 0.503333,
        "mrr_at_3": 0.577222,
        "mrr_at_5": 0.595222,
        "mrr_at_10": 0.601888,
        "mrr_at_20": 0.60454,
        "mrr_at_100": 0.606572,
        "mrr_at_1000": 0.606813,
        "nauc_ndcg_at_1_max": 0.557453,
        "nauc_ndcg_at_1_std": 0.020376,
        "nauc_ndcg_at_1_diff1": 0.741816,
        "nauc_ndcg_at_3_max": 0.534572,
        "nauc_ndcg_at_3_std": -0.035894,
        "nauc_ndcg_at_3_diff1": 0.707482,
        "nauc_ndcg_at_5_max": 0.5479,
        "nauc_ndcg_at_5_std": 0.015643,
        "nauc_ndcg_at_5_diff1": 0.68952,
        "nauc_ndcg_at_10_max": 0.571144,
        "nauc_ndcg_at_10_std": 0.060915,
        "nauc_ndcg_at_10_diff1": 0.680442,
        "nauc_ndcg_at_20_max": 0.576841,
        "nauc_ndcg_at_20_std": 0.062679,
        "nauc_ndcg_at_20_diff1": 0.679583,
        "nauc_ndcg_at_100_max": 0.573251,
        "nauc_ndcg_at_100_std": 0.056238,
        "nauc_ndcg_at_100_diff1": 0.688648,
        "nauc_ndcg_at_1000_max": 0.570103,
        "nauc_ndcg_at_1000_std": 0.046391,
        "nauc_ndcg_at_1000_diff1": 0.692963,
        "nauc_map_at_1_max": 0.504795,
        "nauc_map_at_1_std": -0.048495,
        "nauc_map_at_1_diff1": 0.730013,
        "nauc_map_at_3_max": 0.518709,
        "nauc_map_at_3_std": -0.051976,
        "nauc_map_at_3_diff1": 0.715397,
        "nauc_map_at_5_max": 0.533128,
        "nauc_map_at_5_std": -0.01735,
        "nauc_map_at_5_diff1": 0.707234,
        "nauc_map_at_10_max": 0.548447,
        "nauc_map_at_10_std": 0.007914,
        "nauc_map_at_10_diff1": 0.703093,
        "nauc_map_at_20_max": 0.551316,
        "nauc_map_at_20_std": 0.010355,
        "nauc_map_at_20_diff1": 0.702795,
        "nauc_map_at_100_max": 0.550467,
        "nauc_map_at_100_std": 0.009543,
        "nauc_map_at_100_diff1": 0.703666,
        "nauc_map_at_1000_max": 0.55046,
        "nauc_map_at_1000_std": 0.009265,
        "nauc_map_at_1000_diff1": 0.703899,
        "nauc_recall_at_1_max": 0.504795,
        "nauc_recall_at_1_std": -0.048495,
        "nauc_recall_at_1_diff1": 0.730013,
        "nauc_recall_at_3_max": 0.493455,
        "nauc_recall_at_3_std": -0.094312,
        "nauc_recall_at_3_diff1": 0.667651,
        "nauc_recall_at_5_max": 0.53549,
        "nauc_recall_at_5_std": 0.070004,
        "nauc_recall_at_5_diff1": 0.599561,
        "nauc_recall_at_10_max": 0.615797,
        "nauc_recall_at_10_std": 0.236055,
        "nauc_recall_at_10_diff1": 0.557402,
        "nauc_recall_at_20_max": 0.655091,
        "nauc_recall_at_20_std": 0.268052,
        "nauc_recall_at_20_diff1": 0.531476,
        "nauc_recall_at_100_max": 0.684329,
        "nauc_recall_at_100_std": 0.331464,
        "nauc_recall_at_100_diff1": 0.562838,
        "nauc_recall_at_1000_max": 0.698546,
        "nauc_recall_at_1000_std": 0.236828,
        "nauc_recall_at_1000_diff1": 0.588569,
        "nauc_precision_at_1_max": 0.557453,
        "nauc_precision_at_1_std": 0.020376,
        "nauc_precision_at_1_diff1": 0.741816,
        "nauc_precision_at_3_max": 0.551083,
        "nauc_precision_at_3_std": 0.108657,
        "nauc_precision_at_3_diff1": 0.561849,
        "nauc_precision_at_5_max": 0.580284,
        "nauc_precision_at_5_std": 0.302886,
        "nauc_precision_at_5_diff1": 0.440782,
        "nauc_precision_at_10_max": 0.585579,
        "nauc_precision_at_10_std": 0.475028,
        "nauc_precision_at_10_diff1": 0.286713,
        "nauc_precision_at_20_max": 0.555148,
        "nauc_precision_at_20_std": 0.507122,
        "nauc_precision_at_20_diff1": 0.202556,
        "nauc_precision_at_100_max": 0.45903,
        "nauc_precision_at_100_std": 0.536725,
        "nauc_precision_at_100_diff1": 0.09758,
        "nauc_precision_at_1000_max": 0.360032,
        "nauc_precision_at_1000_std": 0.52924,
        "nauc_precision_at_1000_diff1": -0.025807,
        "nauc_mrr_at_1_max": 0.557453,
        "nauc_mrr_at_1_std": 0.020376,
        "nauc_mrr_at_1_diff1": 0.741816,
        "nauc_mrr_at_3_max": 0.560285,
        "nauc_mrr_at_3_std": 0.008368,
        "nauc_mrr_at_3_diff1": 0.718781,
        "nauc_mrr_at_5_max": 0.566368,
        "nauc_mrr_at_5_std": 0.036189,
        "nauc_mrr_at_5_diff1": 0.706106,
        "nauc_mrr_at_10_max": 0.570058,
        "nauc_mrr_at_10_std": 0.048026,
        "nauc_mrr_at_10_diff1": 0.703657,
        "nauc_mrr_at_20_max": 0.57024,
        "nauc_mrr_at_20_std": 0.045809,
        "nauc_mrr_at_20_diff1": 0.704351,
        "nauc_mrr_at_100_max": 0.569705,
        "nauc_mrr_at_100_std": 0.044878,
        "nauc_mrr_at_100_diff1": 0.705246,
        "nauc_mrr_at_1000_max": 0.569538,
        "nauc_mrr_at_1000_std": 0.044571,
        "nauc_mrr_at_1000_diff1": 0.705238,
        "main_score": 0.63845,
        "hf_subset": "default",
        "languages": [
          "eng-Latn"
        ]
      }
    ]
  },
  "evaluation_time": 47.81403613090515,
  "kg_co2_emissions": null
}