{
  "dataset_revision": "f22508f96b7a36c2415181ed8bb76f76e04ae2d5",
  "task_name": "AppsRetrieval",
  "mteb_version": "1.34.8",
  "scores": {
    "test": [
      {
        "ndcg_at_1": 0.04861,
        "ndcg_at_3": 0.06363,
        "ndcg_at_5": 0.0696,
        "ndcg_at_10": 0.07717,
        "ndcg_at_20": 0.08598,
        "ndcg_at_100": 0.1078,
        "ndcg_at_1000": 0.14446,
        "map_at_1": 0.04861,
        "map_at_3": 0.05976,
        "map_at_5": 0.06311,
        "map_at_10": 0.06619,
        "map_at_20": 0.06858,
        "map_at_100": 0.07137,
        "map_at_1000": 0.0724,
        "recall_at_1": 0.04861,
        "recall_at_3": 0.0749,
        "recall_at_5": 0.08924,
        "recall_at_10": 0.11288,
        "recall_at_20": 0.14794,
        "recall_at_100": 0.26906,
        "recall_at_1000": 0.57795,
        "precision_at_1": 0.04861,
        "precision_at_3": 0.02497,
        "precision_at_5": 0.01785,
        "precision_at_10": 0.01129,
        "precision_at_20": 0.0074,
        "precision_at_100": 0.00269,
        "precision_at_1000": 0.00058,
        "mrr_at_1": 0.048606,
        "mrr_at_3": 0.059761,
        "mrr_at_5": 0.063108,
        "mrr_at_10": 0.066194,
        "mrr_at_20": 0.068583,
        "mrr_at_100": 0.071368,
        "mrr_at_1000": 0.072402,
        "nauc_ndcg_at_1_max": 0.409492,
        "nauc_ndcg_at_1_std": 0.044782,
        "nauc_ndcg_at_1_diff1": 0.31933,
        "nauc_ndcg_at_3_max": 0.418065,
        "nauc_ndcg_at_3_std": 0.077836,
        "nauc_ndcg_at_3_diff1": 0.265004,
        "nauc_ndcg_at_5_max": 0.39911,
        "nauc_ndcg_at_5_std": 0.078311,
        "nauc_ndcg_at_5_diff1": 0.239211,
        "nauc_ndcg_at_10_max": 0.387506,
        "nauc_ndcg_at_10_std": 0.08226,
        "nauc_ndcg_at_10_diff1": 0.221835,
        "nauc_ndcg_at_20_max": 0.37074,
        "nauc_ndcg_at_20_std": 0.078738,
        "nauc_ndcg_at_20_diff1": 0.204135,
        "nauc_ndcg_at_100_max": 0.342899,
        "nauc_ndcg_at_100_std": 0.083428,
        "nauc_ndcg_at_100_diff1": 0.171798,
        "nauc_ndcg_at_1000_max": 0.338893,
        "nauc_ndcg_at_1000_std": 0.092841,
        "nauc_ndcg_at_1000_diff1": 0.156387,
        "nauc_map_at_1_max": 0.409492,
        "nauc_map_at_1_std": 0.044782,
        "nauc_map_at_1_diff1": 0.31933,
        "nauc_map_at_3_max": 0.417275,
        "nauc_map_at_3_std": 0.071295,
        "nauc_map_at_3_diff1": 0.276329,
        "nauc_map_at_5_max": 0.405783,
        "nauc_map_at_5_std": 0.072072,
        "nauc_map_at_5_diff1": 0.259743,
        "nauc_map_at_10_max": 0.39995,
        "nauc_map_at_10_std": 0.07395,
        "nauc_map_at_10_diff1": 0.250872,
        "nauc_map_at_20_max": 0.393846,
        "nauc_map_at_20_std": 0.072916,
        "nauc_map_at_20_diff1": 0.244383,
        "nauc_map_at_100_max": 0.388358,
        "nauc_map_at_100_std": 0.073754,
        "nauc_map_at_100_diff1": 0.237915,
        "nauc_map_at_1000_max": 0.388069,
        "nauc_map_at_1000_std": 0.074371,
        "nauc_map_at_1000_diff1": 0.237048,
        "nauc_recall_at_1_max": 0.409492,
        "nauc_recall_at_1_std": 0.044782,
        "nauc_recall_at_1_diff1": 0.31933,
        "nauc_recall_at_3_max": 0.41959,
        "nauc_recall_at_3_std": 0.092913,
        "nauc_recall_at_3_diff1": 0.238707,
        "nauc_recall_at_5_max": 0.38326,
        "nauc_recall_at_5_std": 0.090983,
        "nauc_recall_at_5_diff1": 0.194684,
        "nauc_recall_at_10_max": 0.361127,
        "nauc_recall_at_10_std": 0.098047,
        "nauc_recall_at_10_diff1": 0.164354,
        "nauc_recall_at_20_max": 0.325577,
        "nauc_recall_at_20_std": 0.086818,
        "nauc_recall_at_20_diff1": 0.13073,
        "nauc_recall_at_100_max": 0.264616,
        "nauc_recall_at_100_std": 0.097517,
        "nauc_recall_at_100_diff1": 0.065329,
        "nauc_recall_at_1000_max": 0.248748,
        "nauc_recall_at_1000_std": 0.131262,
        "nauc_recall_at_1000_diff1": 0.003982,
        "nauc_precision_at_1_max": 0.409492,
        "nauc_precision_at_1_std": 0.044782,
        "nauc_precision_at_1_diff1": 0.31933,
        "nauc_precision_at_3_max": 0.41959,
        "nauc_precision_at_3_std": 0.092913,
        "nauc_precision_at_3_diff1": 0.238707,
        "nauc_precision_at_5_max": 0.38326,
        "nauc_precision_at_5_std": 0.090983,
        "nauc_precision_at_5_diff1": 0.194684,
        "nauc_precision_at_10_max": 0.361127,
        "nauc_precision_at_10_std": 0.098047,
        "nauc_precision_at_10_diff1": 0.164354,
        "nauc_precision_at_20_max": 0.325577,
        "nauc_precision_at_20_std": 0.086818,
        "nauc_precision_at_20_diff1": 0.13073,
        "nauc_precision_at_100_max": 0.264616,
        "nauc_precision_at_100_std": 0.097517,
        "nauc_precision_at_100_diff1": 0.065329,
        "nauc_precision_at_1000_max": 0.248748,
        "nauc_precision_at_1000_std": 0.131262,
        "nauc_precision_at_1000_diff1": 0.003982,
        "nauc_mrr_at_1_max": 0.409492,
        "nauc_mrr_at_1_std": 0.044782,
        "nauc_mrr_at_1_diff1": 0.31933,
        "nauc_mrr_at_3_max": 0.417275,
        "nauc_mrr_at_3_std": 0.071295,
        "nauc_mrr_at_3_diff1": 0.276329,
        "nauc_mrr_at_5_max": 0.405783,
        "nauc_mrr_at_5_std": 0.072072,
        "nauc_mrr_at_5_diff1": 0.259743,
        "nauc_mrr_at_10_max": 0.39995,
        "nauc_mrr_at_10_std": 0.07395,
        "nauc_mrr_at_10_diff1": 0.250872,
        "nauc_mrr_at_20_max": 0.393846,
        "nauc_mrr_at_20_std": 0.072916,
        "nauc_mrr_at_20_diff1": 0.244383,
        "nauc_mrr_at_100_max": 0.388358,
        "nauc_mrr_at_100_std": 0.073754,
        "nauc_mrr_at_100_diff1": 0.237915,
        "nauc_mrr_at_1000_max": 0.388069,
        "nauc_mrr_at_1000_std": 0.074371,
        "nauc_mrr_at_1000_diff1": 0.237048,
        "main_score": 0.07717,
        "hf_subset": "default",
        "languages": [
          "eng-Latn",
          "python-Code"
        ]
      }
    ]
  },
  "evaluation_time": 196.91775369644165,
  "kg_co2_emissions": null
}