{
  "dataset_revision": "c22ab2a51041ffd869aaddef7af8d8215647e41a",
  "task_name": "ArguAna",
  "mteb_version": "1.34.8",
  "scores": {
    "test": [
      {
        "ndcg_at_1": 0.18919,
        "ndcg_at_3": 0.31977,
        "ndcg_at_5": 0.37758,
        "ndcg_at_10": 0.4398,
        "ndcg_at_20": 0.47757,
        "ndcg_at_100": 0.49455,
        "ndcg_at_1000": 0.49611,
        "map_at_1": 0.18919,
        "map_at_3": 0.28663,
        "map_at_5": 0.3186,
        "map_at_10": 0.3438,
        "map_at_20": 0.35445,
        "map_at_100": 0.3572,
        "map_at_1000": 0.35728,
        "recall_at_1": 0.18919,
        "recall_at_3": 0.41607,
        "recall_at_5": 0.5569,
        "recall_at_10": 0.75178,
        "recall_at_20": 0.899,
        "recall_at_100": 0.98506,
        "recall_at_1000": 0.99644,
        "precision_at_1": 0.18919,
        "precision_at_3": 0.13869,
        "precision_at_5": 0.11138,
        "precision_at_10": 0.07518,
        "precision_at_20": 0.04495,
        "precision_at_100": 0.00985,
        "precision_at_1000": 0.001,
        "mrr_at_1": 0.192034,
        "mrr_at_3": 0.287814,
        "mrr_at_5": 0.319606,
        "mrr_at_10": 0.344875,
        "mrr_at_20": 0.355588,
        "mrr_at_100": 0.358336,
        "mrr_at_1000": 0.358411,
        "nauc_ndcg_at_1_max": -0.142216,
        "nauc_ndcg_at_1_std": -0.173332,
        "nauc_ndcg_at_1_diff1": 0.047304,
        "nauc_ndcg_at_3_max": -0.133936,
        "nauc_ndcg_at_3_std": -0.210152,
        "nauc_ndcg_at_3_diff1": 0.017542,
        "nauc_ndcg_at_5_max": -0.130118,
        "nauc_ndcg_at_5_std": -0.211807,
        "nauc_ndcg_at_5_diff1": 0.022582,
        "nauc_ndcg_at_10_max": -0.121402,
        "nauc_ndcg_at_10_std": -0.211645,
        "nauc_ndcg_at_10_diff1": 0.01434,
        "nauc_ndcg_at_20_max": -0.112369,
        "nauc_ndcg_at_20_std": -0.207053,
        "nauc_ndcg_at_20_diff1": 0.013248,
        "nauc_ndcg_at_100_max": -0.121448,
        "nauc_ndcg_at_100_std": -0.197565,
        "nauc_ndcg_at_100_diff1": 0.019731,
        "nauc_ndcg_at_1000_max": -0.124173,
        "nauc_ndcg_at_1000_std": -0.20092,
        "nauc_ndcg_at_1000_diff1": 0.019433,
        "nauc_map_at_1_max": -0.142216,
        "nauc_map_at_1_std": -0.173332,
        "nauc_map_at_1_diff1": 0.047304,
        "nauc_map_at_3_max": -0.136506,
        "nauc_map_at_3_std": -0.202528,
        "nauc_map_at_3_diff1": 0.022732,
        "nauc_map_at_5_max": -0.134069,
        "nauc_map_at_5_std": -0.202975,
        "nauc_map_at_5_diff1": 0.024949,
        "nauc_map_at_10_max": -0.130334,
        "nauc_map_at_10_std": -0.20241,
        "nauc_map_at_10_diff1": 0.022089,
        "nauc_map_at_20_max": -0.128734,
        "nauc_map_at_20_std": -0.201644,
        "nauc_map_at_20_diff1": 0.021799,
        "nauc_map_at_100_max": -0.129982,
        "nauc_map_at_100_std": -0.200261,
        "nauc_map_at_100_diff1": 0.022854,
        "nauc_map_at_1000_max": -0.130071,
        "nauc_map_at_1000_std": -0.200384,
        "nauc_map_at_1000_diff1": 0.022859,
        "nauc_recall_at_1_max": -0.142216,
        "nauc_recall_at_1_std": -0.173332,
        "nauc_recall_at_1_diff1": 0.047304,
        "nauc_recall_at_3_max": -0.12712,
        "nauc_recall_at_3_std": -0.229429,
        "nauc_recall_at_3_diff1": 0.004777,
        "nauc_recall_at_5_max": -0.118918,
        "nauc_recall_at_5_std": -0.236336,
        "nauc_recall_at_5_diff1": 0.018195,
        "nauc_recall_at_10_max": -0.082585,
        "nauc_recall_at_10_std": -0.24804,
        "nauc_recall_at_10_diff1": -0.01821,
        "nauc_recall_at_20_max": 0.05929,
        "nauc_recall_at_20_std": -0.233682,
        "nauc_recall_at_20_diff1": -0.061817,
        "nauc_recall_at_100_max": 0.29339,
        "nauc_recall_at_100_std": 0.353529,
        "nauc_recall_at_100_diff1": -0.009893,
        "nauc_recall_at_1000_max": 0.242175,
        "nauc_recall_at_1000_std": 0.466434,
        "nauc_recall_at_1000_diff1": -0.308343,
        "nauc_precision_at_1_max": -0.142216,
        "nauc_precision_at_1_std": -0.173332,
        "nauc_precision_at_1_diff1": 0.047304,
        "nauc_precision_at_3_max": -0.12712,
        "nauc_precision_at_3_std": -0.229429,
        "nauc_precision_at_3_diff1": 0.004777,
        "nauc_precision_at_5_max": -0.118918,
        "nauc_precision_at_5_std": -0.236336,
        "nauc_precision_at_5_diff1": 0.018195,
        "nauc_precision_at_10_max": -0.082585,
        "nauc_precision_at_10_std": -0.24804,
        "nauc_precision_at_10_diff1": -0.01821,
        "nauc_precision_at_20_max": 0.05929,
        "nauc_precision_at_20_std": -0.233682,
        "nauc_precision_at_20_diff1": -0.061817,
        "nauc_precision_at_100_max": 0.29339,
        "nauc_precision_at_100_std": 0.353529,
        "nauc_precision_at_100_diff1": -0.009893,
        "nauc_precision_at_1000_max": 0.242175,
        "nauc_precision_at_1000_std": 0.466434,
        "nauc_precision_at_1000_diff1": -0.308343,
        "nauc_mrr_at_1_max": -0.142482,
        "nauc_mrr_at_1_std": -0.171909,
        "nauc_mrr_at_1_diff1": 0.036592,
        "nauc_mrr_at_3_max": -0.140715,
        "nauc_mrr_at_3_std": -0.201399,
        "nauc_mrr_at_3_diff1": 0.013124,
        "nauc_mrr_at_5_max": -0.138597,
        "nauc_mrr_at_5_std": -0.201826,
        "nauc_mrr_at_5_diff1": 0.016028,
        "nauc_mrr_at_10_max": -0.134882,
        "nauc_mrr_at_10_std": -0.201698,
        "nauc_mrr_at_10_diff1": 0.012685,
        "nauc_mrr_at_20_max": -0.133137,
        "nauc_mrr_at_20_std": -0.200854,
        "nauc_mrr_at_20_diff1": 0.012792,
        "nauc_mrr_at_100_max": -0.134428,
        "nauc_mrr_at_100_std": -0.199471,
        "nauc_mrr_at_100_diff1": 0.013747,
        "nauc_mrr_at_1000_max": -0.134518,
        "nauc_mrr_at_1000_std": -0.199593,
        "nauc_mrr_at_1000_diff1": 0.013749,
        "main_score": 0.4398,
        "hf_subset": "default",
        "languages": [
          "eng-Latn"
        ]
      }
    ]
  },
  "evaluation_time": 164.34025597572327,
  "kg_co2_emissions": null
}