{
  "dataset_revision": "4adc7bc41202b5c13543c9c886a25f340634dab3",
  "task_name": "COIRCodeSearchNetRetrieval",
  "mteb_version": "1.34.8",
  "scores": {
    "test": [
      {
        "ndcg_at_1": 0.80433,
        "ndcg_at_3": 0.85512,
        "ndcg_at_5": 0.86455,
        "ndcg_at_10": 0.87262,
        "ndcg_at_20": 0.87763,
        "ndcg_at_100": 0.88231,
        "ndcg_at_1000": 0.88402,
        "map_at_1": 0.80433,
        "map_at_3": 0.84302,
        "map_at_5": 0.84825,
        "map_at_10": 0.85164,
        "map_at_20": 0.85304,
        "map_at_100": 0.85371,
        "map_at_1000": 0.85377,
        "recall_at_1": 0.80433,
        "recall_at_3": 0.89,
        "recall_at_5": 0.91286,
        "recall_at_10": 0.93753,
        "recall_at_20": 0.95717,
        "recall_at_100": 0.9821,
        "recall_at_1000": 0.99544,
        "precision_at_1": 0.80433,
        "precision_at_3": 0.29667,
        "precision_at_5": 0.18257,
        "precision_at_10": 0.09375,
        "precision_at_20": 0.04786,
        "precision_at_100": 0.00982,
        "precision_at_1000": 0.001,
        "mrr_at_1": 0.804263,
        "mrr_at_3": 0.842964,
        "mrr_at_5": 0.848212,
        "mrr_at_10": 0.851596,
        "mrr_at_20": 0.852998,
        "mrr_at_100": 0.853667,
        "mrr_at_1000": 0.853734,
        "nauc_ndcg_at_1_max": 0.697479,
        "nauc_ndcg_at_1_std": -0.08722,
        "nauc_ndcg_at_1_diff1": 0.86772,
        "nauc_ndcg_at_3_max": 0.724971,
        "nauc_ndcg_at_3_std": -0.081813,
        "nauc_ndcg_at_3_diff1": 0.849079,
        "nauc_ndcg_at_5_max": 0.725289,
        "nauc_ndcg_at_5_std": -0.075944,
        "nauc_ndcg_at_5_diff1": 0.846637,
        "nauc_ndcg_at_10_max": 0.726016,
        "nauc_ndcg_at_10_std": -0.072811,
        "nauc_ndcg_at_10_diff1": 0.849365,
        "nauc_ndcg_at_20_max": 0.724608,
        "nauc_ndcg_at_20_std": -0.070199,
        "nauc_ndcg_at_20_diff1": 0.850167,
        "nauc_ndcg_at_100_max": 0.723986,
        "nauc_ndcg_at_100_std": -0.068282,
        "nauc_ndcg_at_100_diff1": 0.85158,
        "nauc_ndcg_at_1000_max": 0.722301,
        "nauc_ndcg_at_1000_std": -0.070948,
        "nauc_ndcg_at_1000_diff1": 0.852127,
        "nauc_map_at_1_max": 0.697479,
        "nauc_map_at_1_std": -0.08722,
        "nauc_map_at_1_diff1": 0.86772,
        "nauc_map_at_3_max": 0.718105,
        "nauc_map_at_3_std": -0.083544,
        "nauc_map_at_3_diff1": 0.854381,
        "nauc_map_at_5_max": 0.718035,
        "nauc_map_at_5_std": -0.080521,
        "nauc_map_at_5_diff1": 0.853256,
        "nauc_map_at_10_max": 0.718144,
        "nauc_map_at_10_std": -0.079447,
        "nauc_map_at_10_diff1": 0.854393,
        "nauc_map_at_20_max": 0.717723,
        "nauc_map_at_20_std": -0.078888,
        "nauc_map_at_20_diff1": 0.854637,
        "nauc_map_at_100_max": 0.717669,
        "nauc_map_at_100_std": -0.078556,
        "nauc_map_at_100_diff1": 0.854815,
        "nauc_map_at_1000_max": 0.717616,
        "nauc_map_at_1000_std": -0.078619,
        "nauc_map_at_1000_diff1": 0.854832,
        "nauc_recall_at_1_max": 0.697479,
        "nauc_recall_at_1_std": -0.08722,
        "nauc_recall_at_1_diff1": 0.86772,
        "nauc_recall_at_3_max": 0.751515,
        "nauc_recall_at_3_std": -0.074867,
        "nauc_recall_at_3_diff1": 0.828149,
        "nauc_recall_at_5_max": 0.759203,
        "nauc_recall_at_5_std": -0.052903,
        "nauc_recall_at_5_diff1": 0.814699,
        "nauc_recall_at_10_max": 0.776698,
        "nauc_recall_at_10_std": -0.025747,
        "nauc_recall_at_10_diff1": 0.81849,
        "nauc_recall_at_20_max": 0.78514,
        "nauc_recall_at_20_std": 0.023315,
        "nauc_recall_at_20_diff1": 0.812777,
        "nauc_recall_at_100_max": 0.843101,
        "nauc_recall_at_100_std": 0.201304,
        "nauc_recall_at_100_diff1": 0.808538,
        "nauc_recall_at_1000_max": 0.869809,
        "nauc_recall_at_1000_std": 0.444267,
        "nauc_recall_at_1000_diff1": 0.788685,
        "nauc_precision_at_1_max": 0.697479,
        "nauc_precision_at_1_std": -0.08722,
        "nauc_precision_at_1_diff1": 0.86772,
        "nauc_precision_at_3_max": 0.751515,
        "nauc_precision_at_3_std": -0.074867,
        "nauc_precision_at_3_diff1": 0.828149,
        "nauc_precision_at_5_max": 0.759203,
        "nauc_precision_at_5_std": -0.052903,
        "nauc_precision_at_5_diff1": 0.814699,
        "nauc_precision_at_10_max": 0.776698,
        "nauc_precision_at_10_std": -0.025747,
        "nauc_precision_at_10_diff1": 0.81849,
        "nauc_precision_at_20_max": 0.78514,
        "nauc_precision_at_20_std": 0.023315,
        "nauc_precision_at_20_diff1": 0.812777,
        "nauc_precision_at_100_max": 0.843101,
        "nauc_precision_at_100_std": 0.201304,
        "nauc_precision_at_100_diff1": 0.808538,
        "nauc_precision_at_1000_max": 0.869809,
        "nauc_precision_at_1000_std": 0.444267,
        "nauc_precision_at_1000_diff1": 0.788685,
        "nauc_mrr_at_1_max": 0.696836,
        "nauc_mrr_at_1_std": -0.087828,
        "nauc_mrr_at_1_diff1": 0.86781,
        "nauc_mrr_at_3_max": 0.717529,
        "nauc_mrr_at_3_std": -0.084167,
        "nauc_mrr_at_3_diff1": 0.854477,
        "nauc_mrr_at_5_max": 0.717578,
        "nauc_mrr_at_5_std": -0.080972,
        "nauc_mrr_at_5_diff1": 0.853326,
        "nauc_mrr_at_10_max": 0.717674,
        "nauc_mrr_at_10_std": -0.079915,
        "nauc_mrr_at_10_diff1": 0.854466,
        "nauc_mrr_at_20_max": 0.717249,
        "nauc_mrr_at_20_std": -0.079358,
        "nauc_mrr_at_20_diff1": 0.854711,
        "nauc_mrr_at_100_max": 0.717193,
        "nauc_mrr_at_100_std": -0.079028,
        "nauc_mrr_at_100_diff1": 0.854888,
        "nauc_mrr_at_1000_max": 0.717139,
        "nauc_mrr_at_1000_std": -0.079092,
        "nauc_mrr_at_1000_diff1": 0.854906,
        "main_score": 0.87262,
        "hf_subset": "python",
        "languages": [
          "python-Code"
        ]
      }
    ]
  },
  "evaluation_time": 2162.939520597458,
  "kg_co2_emissions": null
}