{
  "dataset_revision": "27a168819829fe9bcd655c2df245fb19452e8e06",
  "task_name": "FiQA2018",
  "mteb_version": "1.34.8",
  "scores": {
    "test": [
      {
        "ndcg_at_1": 0.43827,
        "ndcg_at_3": 0.40774,
        "ndcg_at_5": 0.41771,
        "ndcg_at_10": 0.44803,
        "ndcg_at_20": 0.47978,
        "ndcg_at_100": 0.52122,
        "ndcg_at_1000": 0.54756,
        "map_at_1": 0.2175,
        "map_at_3": 0.3149,
        "map_at_5": 0.34068,
        "map_at_10": 0.36474,
        "map_at_20": 0.37729,
        "map_at_100": 0.38637,
        "map_at_1000": 0.38804,
        "recall_at_1": 0.2175,
        "recall_at_3": 0.36899,
        "recall_at_5": 0.42944,
        "recall_at_10": 0.52165,
        "recall_at_20": 0.62024,
        "recall_at_100": 0.78837,
        "recall_at_1000": 0.94988,
        "precision_at_1": 0.43827,
        "precision_at_3": 0.27521,
        "precision_at_5": 0.20154,
        "precision_at_10": 0.12747,
        "precision_at_20": 0.07693,
        "precision_at_100": 0.02032,
        "precision_at_1000": 0.00248,
        "mrr_at_1": 0.438272,
        "mrr_at_3": 0.507716,
        "mrr_at_5": 0.519444,
        "mrr_at_10": 0.529251,
        "mrr_at_20": 0.535054,
        "mrr_at_100": 0.53763,
        "mrr_at_1000": 0.537974,
        "nauc_ndcg_at_1_max": 0.429344,
        "nauc_ndcg_at_1_std": -0.097888,
        "nauc_ndcg_at_1_diff1": 0.542269,
        "nauc_ndcg_at_3_max": 0.356937,
        "nauc_ndcg_at_3_std": -0.136443,
        "nauc_ndcg_at_3_diff1": 0.409676,
        "nauc_ndcg_at_5_max": 0.340524,
        "nauc_ndcg_at_5_std": -0.134988,
        "nauc_ndcg_at_5_diff1": 0.406511,
        "nauc_ndcg_at_10_max": 0.342203,
        "nauc_ndcg_at_10_std": -0.131491,
        "nauc_ndcg_at_10_diff1": 0.404432,
        "nauc_ndcg_at_20_max": 0.348054,
        "nauc_ndcg_at_20_std": -0.127962,
        "nauc_ndcg_at_20_diff1": 0.394819,
        "nauc_ndcg_at_100_max": 0.37405,
        "nauc_ndcg_at_100_std": -0.093623,
        "nauc_ndcg_at_100_diff1": 0.408624,
        "nauc_ndcg_at_1000_max": 0.386893,
        "nauc_ndcg_at_1000_std": -0.089772,
        "nauc_ndcg_at_1000_diff1": 0.418551,
        "nauc_map_at_1_max": 0.20648,
        "nauc_map_at_1_std": -0.128062,
        "nauc_map_at_1_diff1": 0.455857,
        "nauc_map_at_3_max": 0.254282,
        "nauc_map_at_3_std": -0.15552,
        "nauc_map_at_3_diff1": 0.403845,
        "nauc_map_at_5_max": 0.284864,
        "nauc_map_at_5_std": -0.149171,
        "nauc_map_at_5_diff1": 0.404471,
        "nauc_map_at_10_max": 0.305909,
        "nauc_map_at_10_std": -0.145309,
        "nauc_map_at_10_diff1": 0.401174,
        "nauc_map_at_20_max": 0.313332,
        "nauc_map_at_20_std": -0.14305,
        "nauc_map_at_20_diff1": 0.397988,
        "nauc_map_at_100_max": 0.321498,
        "nauc_map_at_100_std": -0.135142,
        "nauc_map_at_100_diff1": 0.400763,
        "nauc_map_at_1000_max": 0.322924,
        "nauc_map_at_1000_std": -0.134463,
        "nauc_map_at_1000_diff1": 0.401308,
        "nauc_recall_at_1_max": 0.20648,
        "nauc_recall_at_1_std": -0.128062,
        "nauc_recall_at_1_diff1": 0.455857,
        "nauc_recall_at_3_max": 0.208777,
        "nauc_recall_at_3_std": -0.153587,
        "nauc_recall_at_3_diff1": 0.317061,
        "nauc_recall_at_5_max": 0.230813,
        "nauc_recall_at_5_std": -0.136376,
        "nauc_recall_at_5_diff1": 0.301486,
        "nauc_recall_at_10_max": 0.242125,
        "nauc_recall_at_10_std": -0.133816,
        "nauc_recall_at_10_diff1": 0.280802,
        "nauc_recall_at_20_max": 0.222712,
        "nauc_recall_at_20_std": -0.130984,
        "nauc_recall_at_20_diff1": 0.219429,
        "nauc_recall_at_100_max": 0.277561,
        "nauc_recall_at_100_std": 0.045101,
        "nauc_recall_at_100_diff1": 0.232848,
        "nauc_recall_at_1000_max": 0.412942,
        "nauc_recall_at_1000_std": 0.356776,
        "nauc_recall_at_1000_diff1": 0.260907,
        "nauc_precision_at_1_max": 0.429344,
        "nauc_precision_at_1_std": -0.097888,
        "nauc_precision_at_1_diff1": 0.542269,
        "nauc_precision_at_3_max": 0.407492,
        "nauc_precision_at_3_std": -0.101768,
        "nauc_precision_at_3_diff1": 0.274528,
        "nauc_precision_at_5_max": 0.434567,
        "nauc_precision_at_5_std": -0.058043,
        "nauc_precision_at_5_diff1": 0.237583,
        "nauc_precision_at_10_max": 0.44396,
        "nauc_precision_at_10_std": -0.011961,
        "nauc_precision_at_10_diff1": 0.179989,
        "nauc_precision_at_20_max": 0.431416,
        "nauc_precision_at_20_std": 0.023689,
        "nauc_precision_at_20_diff1": 0.126413,
        "nauc_precision_at_100_max": 0.413502,
        "nauc_precision_at_100_std": 0.123228,
        "nauc_precision_at_100_diff1": 0.082317,
        "nauc_precision_at_1000_max": 0.368937,
        "nauc_precision_at_1000_std": 0.151378,
        "nauc_precision_at_1000_diff1": 0.043439,
        "nauc_mrr_at_1_max": 0.429344,
        "nauc_mrr_at_1_std": -0.097888,
        "nauc_mrr_at_1_diff1": 0.542269,
        "nauc_mrr_at_3_max": 0.440352,
        "nauc_mrr_at_3_std": -0.098076,
        "nauc_mrr_at_3_diff1": 0.498477,
        "nauc_mrr_at_5_max": 0.439177,
        "nauc_mrr_at_5_std": -0.091533,
        "nauc_mrr_at_5_diff1": 0.491906,
        "nauc_mrr_at_10_max": 0.439826,
        "nauc_mrr_at_10_std": -0.093505,
        "nauc_mrr_at_10_diff1": 0.492129,
        "nauc_mrr_at_20_max": 0.438725,
        "nauc_mrr_at_20_std": -0.094145,
        "nauc_mrr_at_20_diff1": 0.490736,
        "nauc_mrr_at_100_max": 0.439613,
        "nauc_mrr_at_100_std": -0.09239,
        "nauc_mrr_at_100_diff1": 0.492696,
        "nauc_mrr_at_1000_max": 0.439589,
        "nauc_mrr_at_1000_std": -0.092456,
        "nauc_mrr_at_1000_diff1": 0.492859,
        "main_score": 0.44803,
        "hf_subset": "default",
        "languages": [
          "eng-Latn"
        ]
      }
    ]
  },
  "evaluation_time": 1362.0073671340942,
  "kg_co2_emissions": null
}