{
  "dataset_revision": "ae763399273d8b20506b80cf6f6f9a31a6a2b238",
  "task_name": "MedicalQARetrieval",
  "mteb_version": "1.34.8",
  "scores": {
    "test": [
      {
        "ndcg_at_1": 0.47607,
        "ndcg_at_3": 0.59311,
        "ndcg_at_5": 0.62342,
        "ndcg_at_10": 0.65075,
        "ndcg_at_20": 0.66647,
        "ndcg_at_100": 0.67893,
        "ndcg_at_1000": 0.68331,
        "map_at_1": 0.47607,
        "map_at_3": 0.56437,
        "map_at_5": 0.58127,
        "map_at_10": 0.59247,
        "map_at_20": 0.5968,
        "map_at_100": 0.59852,
        "map_at_1000": 0.59869,
        "recall_at_1": 0.47607,
        "recall_at_3": 0.67627,
        "recall_at_5": 0.74951,
        "recall_at_10": 0.83447,
        "recall_at_20": 0.89648,
        "recall_at_100": 0.96387,
        "recall_at_1000": 0.99805,
        "precision_at_1": 0.47607,
        "precision_at_3": 0.22542,
        "precision_at_5": 0.1499,
        "precision_at_10": 0.08345,
        "precision_at_20": 0.04482,
        "precision_at_100": 0.00964,
        "precision_at_1000": 0.001,
        "mrr_at_1": 0.475586,
        "mrr_at_3": 0.564046,
        "mrr_at_5": 0.580941,
        "mrr_at_10": 0.592229,
        "mrr_at_20": 0.596559,
        "mrr_at_100": 0.598271,
        "mrr_at_1000": 0.598441,
        "nauc_ndcg_at_1_max": 0.205519,
        "nauc_ndcg_at_1_std": -0.077949,
        "nauc_ndcg_at_1_diff1": 0.589461,
        "nauc_ndcg_at_3_max": 0.210899,
        "nauc_ndcg_at_3_std": -0.096316,
        "nauc_ndcg_at_3_diff1": 0.519425,
        "nauc_ndcg_at_5_max": 0.215551,
        "nauc_ndcg_at_5_std": -0.093487,
        "nauc_ndcg_at_5_diff1": 0.510399,
        "nauc_ndcg_at_10_max": 0.230366,
        "nauc_ndcg_at_10_std": -0.091451,
        "nauc_ndcg_at_10_diff1": 0.516935,
        "nauc_ndcg_at_20_max": 0.237377,
        "nauc_ndcg_at_20_std": -0.084457,
        "nauc_ndcg_at_20_diff1": 0.523685,
        "nauc_ndcg_at_100_max": 0.233128,
        "nauc_ndcg_at_100_std": -0.080306,
        "nauc_ndcg_at_100_diff1": 0.528754,
        "nauc_ndcg_at_1000_max": 0.225311,
        "nauc_ndcg_at_1000_std": -0.084352,
        "nauc_ndcg_at_1000_diff1": 0.529721,
        "nauc_map_at_1_max": 0.205519,
        "nauc_map_at_1_std": -0.077949,
        "nauc_map_at_1_diff1": 0.589461,
        "nauc_map_at_3_max": 0.20924,
        "nauc_map_at_3_std": -0.091356,
        "nauc_map_at_3_diff1": 0.537244,
        "nauc_map_at_5_max": 0.211522,
        "nauc_map_at_5_std": -0.089661,
        "nauc_map_at_5_diff1": 0.533012,
        "nauc_map_at_10_max": 0.216403,
        "nauc_map_at_10_std": -0.089038,
        "nauc_map_at_10_diff1": 0.535996,
        "nauc_map_at_20_max": 0.217922,
        "nauc_map_at_20_std": -0.08739,
        "nauc_map_at_20_diff1": 0.537833,
        "nauc_map_at_100_max": 0.217304,
        "nauc_map_at_100_std": -0.086914,
        "nauc_map_at_100_diff1": 0.53828,
        "nauc_map_at_1000_max": 0.217079,
        "nauc_map_at_1000_std": -0.087023,
        "nauc_map_at_1000_diff1": 0.538284,
        "nauc_recall_at_1_max": 0.205519,
        "nauc_recall_at_1_std": -0.077949,
        "nauc_recall_at_1_diff1": 0.589461,
        "nauc_recall_at_3_max": 0.216621,
        "nauc_recall_at_3_std": -0.113132,
        "nauc_recall_at_3_diff1": 0.459539,
        "nauc_recall_at_5_max": 0.232755,
        "nauc_recall_at_5_std": -0.108273,
        "nauc_recall_at_5_diff1": 0.419484,
        "nauc_recall_at_10_max": 0.321903,
        "nauc_recall_at_10_std": -0.10147,
        "nauc_recall_at_10_diff1": 0.415798,
        "nauc_recall_at_20_max": 0.436581,
        "nauc_recall_at_20_std": -0.038557,
        "nauc_recall_at_20_diff1": 0.427912,
        "nauc_recall_at_100_max": 0.657655,
        "nauc_recall_at_100_std": 0.19043,
        "nauc_recall_at_100_diff1": 0.45779,
        "nauc_recall_at_1000_max": 0.620229,
        "nauc_recall_at_1000_std": 0.934633,
        "nauc_recall_at_1000_diff1": 0.428133,
        "nauc_precision_at_1_max": 0.205519,
        "nauc_precision_at_1_std": -0.077949,
        "nauc_precision_at_1_diff1": 0.589461,
        "nauc_precision_at_3_max": 0.216621,
        "nauc_precision_at_3_std": -0.113132,
        "nauc_precision_at_3_diff1": 0.459539,
        "nauc_precision_at_5_max": 0.232755,
        "nauc_precision_at_5_std": -0.108273,
        "nauc_precision_at_5_diff1": 0.419484,
        "nauc_precision_at_10_max": 0.321903,
        "nauc_precision_at_10_std": -0.10147,
        "nauc_precision_at_10_diff1": 0.415798,
        "nauc_precision_at_20_max": 0.436581,
        "nauc_precision_at_20_std": -0.038557,
        "nauc_precision_at_20_diff1": 0.427912,
        "nauc_precision_at_100_max": 0.657655,
        "nauc_precision_at_100_std": 0.19043,
        "nauc_precision_at_100_diff1": 0.45779,
        "nauc_precision_at_1000_max": 0.620229,
        "nauc_precision_at_1000_std": 0.934633,
        "nauc_precision_at_1000_diff1": 0.428133,
        "nauc_mrr_at_1_max": 0.205979,
        "nauc_mrr_at_1_std": -0.077766,
        "nauc_mrr_at_1_diff1": 0.590743,
        "nauc_mrr_at_3_max": 0.207725,
        "nauc_mrr_at_3_std": -0.091579,
        "nauc_mrr_at_3_diff1": 0.538137,
        "nauc_mrr_at_5_max": 0.21017,
        "nauc_mrr_at_5_std": -0.089887,
        "nauc_mrr_at_5_diff1": 0.533903,
        "nauc_mrr_at_10_max": 0.215525,
        "nauc_mrr_at_10_std": -0.089258,
        "nauc_mrr_at_10_diff1": 0.536745,
        "nauc_mrr_at_20_max": 0.217029,
        "nauc_mrr_at_20_std": -0.087617,
        "nauc_mrr_at_20_diff1": 0.53859,
        "nauc_mrr_at_100_max": 0.216407,
        "nauc_mrr_at_100_std": -0.087143,
        "nauc_mrr_at_100_diff1": 0.539042,
        "nauc_mrr_at_1000_max": 0.216181,
        "nauc_mrr_at_1000_std": -0.087251,
        "nauc_mrr_at_1000_diff1": 0.539046,
        "main_score": 0.65075,
        "hf_subset": "default",
        "languages": [
          "eng-Latn"
        ]
      }
    ]
  },
  "evaluation_time": 36.45001673698425,
  "kg_co2_emissions": null
}