{
  "dataset_revision": "f8c2fcf00f625baaa80f62ec5bd9e1fff3b8ae88",
  "task_name": "SCIDOCS",
  "mteb_version": "1.34.8",
  "scores": {
    "test": [
      {
        "ndcg_at_1": 0.182,
        "ndcg_at_3": 0.15106,
        "ndcg_at_5": 0.13784,
        "ndcg_at_10": 0.16566,
        "ndcg_at_20": 0.19124,
        "ndcg_at_100": 0.24302,
        "ndcg_at_1000": 0.29646,
        "map_at_1": 0.03718,
        "map_at_3": 0.06695,
        "map_at_5": 0.08305,
        "map_at_10": 0.09678,
        "map_at_20": 0.10539,
        "map_at_100": 0.11547,
        "map_at_1000": 0.11842,
        "recall_at_1": 0.03718,
        "recall_at_3": 0.08703,
        "recall_at_5": 0.12647,
        "recall_at_10": 0.17783,
        "recall_at_20": 0.23758,
        "recall_at_100": 0.40553,
        "recall_at_1000": 0.66672,
        "precision_at_1": 0.182,
        "precision_at_3": 0.14267,
        "precision_at_5": 0.1246,
        "precision_at_10": 0.0875,
        "precision_at_20": 0.05855,
        "precision_at_100": 0.01997,
        "precision_at_1000": 0.00328,
        "mrr_at_1": 0.182,
        "mrr_at_3": 0.247167,
        "mrr_at_5": 0.268667,
        "mrr_at_10": 0.28054,
        "mrr_at_20": 0.287856,
        "mrr_at_100": 0.292518,
        "mrr_at_1000": 0.293263,
        "nauc_ndcg_at_1_max": 0.31532,
        "nauc_ndcg_at_1_std": 0.071453,
        "nauc_ndcg_at_1_diff1": 0.249267,
        "nauc_ndcg_at_3_max": 0.299051,
        "nauc_ndcg_at_3_std": 0.071863,
        "nauc_ndcg_at_3_diff1": 0.173742,
        "nauc_ndcg_at_5_max": 0.325374,
        "nauc_ndcg_at_5_std": 0.118466,
        "nauc_ndcg_at_5_diff1": 0.15968,
        "nauc_ndcg_at_10_max": 0.348469,
        "nauc_ndcg_at_10_std": 0.146096,
        "nauc_ndcg_at_10_diff1": 0.161913,
        "nauc_ndcg_at_20_max": 0.365226,
        "nauc_ndcg_at_20_std": 0.174241,
        "nauc_ndcg_at_20_diff1": 0.152383,
        "nauc_ndcg_at_100_max": 0.389227,
        "nauc_ndcg_at_100_std": 0.229399,
        "nauc_ndcg_at_100_diff1": 0.128251,
        "nauc_ndcg_at_1000_max": 0.400376,
        "nauc_ndcg_at_1000_std": 0.242565,
        "nauc_ndcg_at_1000_diff1": 0.129423,
        "nauc_map_at_1_max": 0.311366,
        "nauc_map_at_1_std": 0.070596,
        "nauc_map_at_1_diff1": 0.246385,
        "nauc_map_at_3_max": 0.298766,
        "nauc_map_at_3_std": 0.054338,
        "nauc_map_at_3_diff1": 0.173062,
        "nauc_map_at_5_max": 0.327915,
        "nauc_map_at_5_std": 0.097422,
        "nauc_map_at_5_diff1": 0.157421,
        "nauc_map_at_10_max": 0.351118,
        "nauc_map_at_10_std": 0.12468,
        "nauc_map_at_10_diff1": 0.1598,
        "nauc_map_at_20_max": 0.35846,
        "nauc_map_at_20_std": 0.140585,
        "nauc_map_at_20_diff1": 0.153767,
        "nauc_map_at_100_max": 0.367432,
        "nauc_map_at_100_std": 0.161284,
        "nauc_map_at_100_diff1": 0.14707,
        "nauc_map_at_1000_max": 0.370027,
        "nauc_map_at_1000_std": 0.164562,
        "nauc_map_at_1000_diff1": 0.146468,
        "nauc_recall_at_1_max": 0.311366,
        "nauc_recall_at_1_std": 0.070596,
        "nauc_recall_at_1_diff1": 0.246385,
        "nauc_recall_at_3_max": 0.28824,
        "nauc_recall_at_3_std": 0.07318,
        "nauc_recall_at_3_diff1": 0.140736,
        "nauc_recall_at_5_max": 0.332339,
        "nauc_recall_at_5_std": 0.150539,
        "nauc_recall_at_5_diff1": 0.123675,
        "nauc_recall_at_10_max": 0.350021,
        "nauc_recall_at_10_std": 0.184932,
        "nauc_recall_at_10_diff1": 0.123526,
        "nauc_recall_at_20_max": 0.375209,
        "nauc_recall_at_20_std": 0.23628,
        "nauc_recall_at_20_diff1": 0.104513,
        "nauc_recall_at_100_max": 0.385561,
        "nauc_recall_at_100_std": 0.336559,
        "nauc_recall_at_100_diff1": 0.033294,
        "nauc_recall_at_1000_max": 0.384314,
        "nauc_recall_at_1000_std": 0.371964,
        "nauc_recall_at_1000_diff1": 0.011448,
        "nauc_precision_at_1_max": 0.31532,
        "nauc_precision_at_1_std": 0.071453,
        "nauc_precision_at_1_diff1": 0.249267,
        "nauc_precision_at_3_max": 0.291612,
        "nauc_precision_at_3_std": 0.074486,
        "nauc_precision_at_3_diff1": 0.141572,
        "nauc_precision_at_5_max": 0.33354,
        "nauc_precision_at_5_std": 0.152326,
        "nauc_precision_at_5_diff1": 0.125557,
        "nauc_precision_at_10_max": 0.350794,
        "nauc_precision_at_10_std": 0.186198,
        "nauc_precision_at_10_diff1": 0.125862,
        "nauc_precision_at_20_max": 0.374743,
        "nauc_precision_at_20_std": 0.23726,
        "nauc_precision_at_20_diff1": 0.105056,
        "nauc_precision_at_100_max": 0.383277,
        "nauc_precision_at_100_std": 0.335545,
        "nauc_precision_at_100_diff1": 0.035819,
        "nauc_precision_at_1000_max": 0.371781,
        "nauc_precision_at_1000_std": 0.363046,
        "nauc_precision_at_1000_diff1": 0.012606,
        "nauc_mrr_at_1_max": 0.31532,
        "nauc_mrr_at_1_std": 0.071453,
        "nauc_mrr_at_1_diff1": 0.249267,
        "nauc_mrr_at_3_max": 0.298073,
        "nauc_mrr_at_3_std": 0.088275,
        "nauc_mrr_at_3_diff1": 0.200036,
        "nauc_mrr_at_5_max": 0.303592,
        "nauc_mrr_at_5_std": 0.105667,
        "nauc_mrr_at_5_diff1": 0.19366,
        "nauc_mrr_at_10_max": 0.305732,
        "nauc_mrr_at_10_std": 0.105542,
        "nauc_mrr_at_10_diff1": 0.194761,
        "nauc_mrr_at_20_max": 0.310086,
        "nauc_mrr_at_20_std": 0.109992,
        "nauc_mrr_at_20_diff1": 0.193983,
        "nauc_mrr_at_100_max": 0.310067,
        "nauc_mrr_at_100_std": 0.110301,
        "nauc_mrr_at_100_diff1": 0.193368,
        "nauc_mrr_at_1000_max": 0.309989,
        "nauc_mrr_at_1000_std": 0.110207,
        "nauc_mrr_at_1000_diff1": 0.193708,
        "main_score": 0.16566,
        "hf_subset": "default",
        "languages": [
          "eng-Latn"
        ]
      }
    ]
  },
  "evaluation_time": 450.0106632709503,
  "kg_co2_emissions": null
}