{
  "dataset_revision": "bb9466bac8153a0349341eb1b22e06409e78ef4e",
  "task_name": "TRECCOVID",
  "mteb_version": "1.34.8",
  "scores": {
    "test": [
      {
        "ndcg_at_1": 0.5,
        "ndcg_at_3": 0.4705,
        "ndcg_at_5": 0.45885,
        "ndcg_at_10": 0.42303,
        "ndcg_at_20": 0.39133,
        "ndcg_at_100": 0.31571,
        "ndcg_at_1000": 0.31805,
        "map_at_1": 0.00143,
        "map_at_3": 0.00335,
        "map_at_5": 0.00491,
        "map_at_10": 0.00819,
        "map_at_20": 0.01382,
        "map_at_100": 0.04525,
        "map_at_1000": 0.11372,
        "recall_at_1": 0.00143,
        "recall_at_3": 0.00375,
        "recall_at_5": 0.00577,
        "recall_at_10": 0.01061,
        "recall_at_20": 0.01984,
        "recall_at_100": 0.0773,
        "recall_at_1000": 0.31139,
        "precision_at_1": 0.52,
        "precision_at_3": 0.48667,
        "precision_at_5": 0.476,
        "precision_at_10": 0.438,
        "precision_at_20": 0.402,
        "precision_at_100": 0.322,
        "precision_at_1000": 0.14438,
        "mrr_at_1": 0.52,
        "mrr_at_3": 0.62,
        "mrr_at_5": 0.64,
        "mrr_at_10": 0.650413,
        "mrr_at_20": 0.653769,
        "mrr_at_100": 0.655304,
        "mrr_at_1000": 0.655304,
        "nauc_ndcg_at_1_max": 0.297588,
        "nauc_ndcg_at_1_std": 0.219006,
        "nauc_ndcg_at_1_diff1": 0.277252,
        "nauc_ndcg_at_3_max": 0.348803,
        "nauc_ndcg_at_3_std": 0.217981,
        "nauc_ndcg_at_3_diff1": 0.124936,
        "nauc_ndcg_at_5_max": 0.370688,
        "nauc_ndcg_at_5_std": 0.238268,
        "nauc_ndcg_at_5_diff1": 0.086976,
        "nauc_ndcg_at_10_max": 0.36276,
        "nauc_ndcg_at_10_std": 0.231411,
        "nauc_ndcg_at_10_diff1": -0.022708,
        "nauc_ndcg_at_20_max": 0.392746,
        "nauc_ndcg_at_20_std": 0.262904,
        "nauc_ndcg_at_20_diff1": -0.06114,
        "nauc_ndcg_at_100_max": 0.486531,
        "nauc_ndcg_at_100_std": 0.320867,
        "nauc_ndcg_at_100_diff1": -0.112097,
        "nauc_ndcg_at_1000_max": 0.466868,
        "nauc_ndcg_at_1000_std": 0.32396,
        "nauc_ndcg_at_1000_diff1": -0.067883,
        "nauc_map_at_1_max": -0.014465,
        "nauc_map_at_1_std": 0.086221,
        "nauc_map_at_1_diff1": 0.322668,
        "nauc_map_at_3_max": 0.067588,
        "nauc_map_at_3_std": 0.085864,
        "nauc_map_at_3_diff1": 0.209932,
        "nauc_map_at_5_max": 0.155083,
        "nauc_map_at_5_std": 0.132683,
        "nauc_map_at_5_diff1": 0.147429,
        "nauc_map_at_10_max": 0.197745,
        "nauc_map_at_10_std": 0.169017,
        "nauc_map_at_10_diff1": 0.007697,
        "nauc_map_at_20_max": 0.235279,
        "nauc_map_at_20_std": 0.220071,
        "nauc_map_at_20_diff1": -0.045551,
        "nauc_map_at_100_max": 0.368582,
        "nauc_map_at_100_std": 0.31229,
        "nauc_map_at_100_diff1": -0.117551,
        "nauc_map_at_1000_max": 0.550928,
        "nauc_map_at_1000_std": 0.343855,
        "nauc_map_at_1000_diff1": -0.133391,
        "nauc_recall_at_1_max": -0.014465,
        "nauc_recall_at_1_std": 0.086221,
        "nauc_recall_at_1_diff1": 0.322668,
        "nauc_recall_at_3_max": 0.074052,
        "nauc_recall_at_3_std": 0.053744,
        "nauc_recall_at_3_diff1": 0.152435,
        "nauc_recall_at_5_max": 0.1548,
        "nauc_recall_at_5_std": 0.112057,
        "nauc_recall_at_5_diff1": 0.063686,
        "nauc_recall_at_10_max": 0.142178,
        "nauc_recall_at_10_std": 0.11986,
        "nauc_recall_at_10_diff1": -0.030115,
        "nauc_recall_at_20_max": 0.142601,
        "nauc_recall_at_20_std": 0.168706,
        "nauc_recall_at_20_diff1": -0.025936,
        "nauc_recall_at_100_max": 0.259513,
        "nauc_recall_at_100_std": 0.256985,
        "nauc_recall_at_100_diff1": -0.08581,
        "nauc_recall_at_1000_max": 0.429378,
        "nauc_recall_at_1000_std": 0.291779,
        "nauc_recall_at_1000_diff1": -0.065121,
        "nauc_precision_at_1_max": 0.247293,
        "nauc_precision_at_1_std": 0.216633,
        "nauc_precision_at_1_diff1": 0.30426,
        "nauc_precision_at_3_max": 0.362608,
        "nauc_precision_at_3_std": 0.166622,
        "nauc_precision_at_3_diff1": 0.049443,
        "nauc_precision_at_5_max": 0.401339,
        "nauc_precision_at_5_std": 0.220194,
        "nauc_precision_at_5_diff1": -0.005191,
        "nauc_precision_at_10_max": 0.368446,
        "nauc_precision_at_10_std": 0.193674,
        "nauc_precision_at_10_diff1": -0.134278,
        "nauc_precision_at_20_max": 0.39123,
        "nauc_precision_at_20_std": 0.246234,
        "nauc_precision_at_20_diff1": -0.144853,
        "nauc_precision_at_100_max": 0.514919,
        "nauc_precision_at_100_std": 0.318872,
        "nauc_precision_at_100_diff1": -0.167155,
        "nauc_precision_at_1000_max": 0.627935,
        "nauc_precision_at_1000_std": 0.269429,
        "nauc_precision_at_1000_diff1": -0.113816,
        "nauc_mrr_at_1_max": 0.247293,
        "nauc_mrr_at_1_std": 0.216633,
        "nauc_mrr_at_1_diff1": 0.30426,
        "nauc_mrr_at_3_max": 0.276215,
        "nauc_mrr_at_3_std": 0.167271,
        "nauc_mrr_at_3_diff1": 0.186026,
        "nauc_mrr_at_5_max": 0.281377,
        "nauc_mrr_at_5_std": 0.229238,
        "nauc_mrr_at_5_diff1": 0.165393,
        "nauc_mrr_at_10_max": 0.278277,
        "nauc_mrr_at_10_std": 0.212265,
        "nauc_mrr_at_10_diff1": 0.16855,
        "nauc_mrr_at_20_max": 0.275942,
        "nauc_mrr_at_20_std": 0.208316,
        "nauc_mrr_at_20_diff1": 0.173525,
        "nauc_mrr_at_100_max": 0.273962,
        "nauc_mrr_at_100_std": 0.207674,
        "nauc_mrr_at_100_diff1": 0.176634,
        "nauc_mrr_at_1000_max": 0.273962,
        "nauc_mrr_at_1000_std": 0.207674,
        "nauc_mrr_at_1000_diff1": 0.176634,
        "main_score": 0.42303,
        "hf_subset": "default",
        "languages": [
          "eng-Latn"
        ]
      }
    ]
  },
  "evaluation_time": 2501.9280576705933,
  "kg_co2_emissions": null
}