{
  "dataset_revision": "f22508f96b7a36c2415181ed8bb76f76e04ae2d5",
  "task_name": "AppsRetrieval",
  "mteb_version": "1.34.8",
  "scores": {
    "test": [
      {
        "ndcg_at_1": 0.07304,
        "ndcg_at_3": 0.09072,
        "ndcg_at_5": 0.09934,
        "ndcg_at_10": 0.10809,
        "ndcg_at_20": 0.11734,
        "ndcg_at_100": 0.13964,
        "ndcg_at_1000": 0.18105,
        "map_at_1": 0.07304,
        "map_at_3": 0.08637,
        "map_at_5": 0.09113,
        "map_at_10": 0.09469,
        "map_at_20": 0.09719,
        "map_at_100": 0.09991,
        "map_at_1000": 0.1011,
        "recall_at_1": 0.07304,
        "recall_at_3": 0.10332,
        "recall_at_5": 0.1243,
        "recall_at_10": 0.15166,
        "recall_at_20": 0.18858,
        "recall_at_100": 0.31421,
        "recall_at_1000": 0.66189,
        "precision_at_1": 0.07304,
        "precision_at_3": 0.03444,
        "precision_at_5": 0.02486,
        "precision_at_10": 0.01517,
        "precision_at_20": 0.00943,
        "precision_at_100": 0.00314,
        "precision_at_1000": 0.00066,
        "mrr_at_1": 0.073041,
        "mrr_at_3": 0.086366,
        "mrr_at_5": 0.091133,
        "mrr_at_10": 0.094689,
        "mrr_at_20": 0.097188,
        "mrr_at_100": 0.099909,
        "mrr_at_1000": 0.101099,
        "nauc_ndcg_at_1_max": 0.134454,
        "nauc_ndcg_at_1_std": 0.07471,
        "nauc_ndcg_at_1_diff1": 0.48955,
        "nauc_ndcg_at_3_max": 0.127091,
        "nauc_ndcg_at_3_std": 0.094636,
        "nauc_ndcg_at_3_diff1": 0.396168,
        "nauc_ndcg_at_5_max": 0.124244,
        "nauc_ndcg_at_5_std": 0.102666,
        "nauc_ndcg_at_5_diff1": 0.373714,
        "nauc_ndcg_at_10_max": 0.120408,
        "nauc_ndcg_at_10_std": 0.109961,
        "nauc_ndcg_at_10_diff1": 0.352302,
        "nauc_ndcg_at_20_max": 0.119163,
        "nauc_ndcg_at_20_std": 0.110188,
        "nauc_ndcg_at_20_diff1": 0.334127,
        "nauc_ndcg_at_100_max": 0.111876,
        "nauc_ndcg_at_100_std": 0.122101,
        "nauc_ndcg_at_100_diff1": 0.310096,
        "nauc_ndcg_at_1000_max": 0.120547,
        "nauc_ndcg_at_1000_std": 0.127734,
        "nauc_ndcg_at_1000_diff1": 0.306429,
        "nauc_map_at_1_max": 0.134454,
        "nauc_map_at_1_std": 0.07471,
        "nauc_map_at_1_diff1": 0.48955,
        "nauc_map_at_3_max": 0.128282,
        "nauc_map_at_3_std": 0.090593,
        "nauc_map_at_3_diff1": 0.416154,
        "nauc_map_at_5_max": 0.12667,
        "nauc_map_at_5_std": 0.095421,
        "nauc_map_at_5_diff1": 0.402043,
        "nauc_map_at_10_max": 0.124889,
        "nauc_map_at_10_std": 0.098718,
        "nauc_map_at_10_diff1": 0.392015,
        "nauc_map_at_20_max": 0.124181,
        "nauc_map_at_20_std": 0.09872,
        "nauc_map_at_20_diff1": 0.38552,
        "nauc_map_at_100_max": 0.123078,
        "nauc_map_at_100_std": 0.100742,
        "nauc_map_at_100_diff1": 0.381148,
        "nauc_map_at_1000_max": 0.123291,
        "nauc_map_at_1000_std": 0.10104,
        "nauc_map_at_1000_diff1": 0.380701,
        "nauc_recall_at_1_max": 0.134454,
        "nauc_recall_at_1_std": 0.07471,
        "nauc_recall_at_1_diff1": 0.48955,
        "nauc_recall_at_3_max": 0.124309,
        "nauc_recall_at_3_std": 0.104437,
        "nauc_recall_at_3_diff1": 0.347355,
        "nauc_recall_at_5_max": 0.118527,
        "nauc_recall_at_5_std": 0.119702,
        "nauc_recall_at_5_diff1": 0.308197,
        "nauc_recall_at_10_max": 0.110143,
        "nauc_recall_at_10_std": 0.135398,
        "nauc_recall_at_10_diff1": 0.265019,
        "nauc_recall_at_20_max": 0.109396,
        "nauc_recall_at_20_std": 0.133287,
        "nauc_recall_at_20_diff1": 0.229711,
        "nauc_recall_at_100_max": 0.08754,
        "nauc_recall_at_100_std": 0.166528,
        "nauc_recall_at_100_diff1": 0.174666,
        "nauc_recall_at_1000_max": 0.135418,
        "nauc_recall_at_1000_std": 0.205716,
        "nauc_recall_at_1000_diff1": 0.135202,
        "nauc_precision_at_1_max": 0.134454,
        "nauc_precision_at_1_std": 0.07471,
        "nauc_precision_at_1_diff1": 0.48955,
        "nauc_precision_at_3_max": 0.124309,
        "nauc_precision_at_3_std": 0.104437,
        "nauc_precision_at_3_diff1": 0.347355,
        "nauc_precision_at_5_max": 0.118527,
        "nauc_precision_at_5_std": 0.119702,
        "nauc_precision_at_5_diff1": 0.308197,
        "nauc_precision_at_10_max": 0.110143,
        "nauc_precision_at_10_std": 0.135398,
        "nauc_precision_at_10_diff1": 0.265019,
        "nauc_precision_at_20_max": 0.109396,
        "nauc_precision_at_20_std": 0.133287,
        "nauc_precision_at_20_diff1": 0.229711,
        "nauc_precision_at_100_max": 0.08754,
        "nauc_precision_at_100_std": 0.166528,
        "nauc_precision_at_100_diff1": 0.174666,
        "nauc_precision_at_1000_max": 0.135418,
        "nauc_precision_at_1000_std": 0.205716,
        "nauc_precision_at_1000_diff1": 0.135202,
        "nauc_mrr_at_1_max": 0.134454,
        "nauc_mrr_at_1_std": 0.07471,
        "nauc_mrr_at_1_diff1": 0.48955,
        "nauc_mrr_at_3_max": 0.128282,
        "nauc_mrr_at_3_std": 0.090593,
        "nauc_mrr_at_3_diff1": 0.416154,
        "nauc_mrr_at_5_max": 0.12667,
        "nauc_mrr_at_5_std": 0.095421,
        "nauc_mrr_at_5_diff1": 0.402043,
        "nauc_mrr_at_10_max": 0.124889,
        "nauc_mrr_at_10_std": 0.098718,
        "nauc_mrr_at_10_diff1": 0.392015,
        "nauc_mrr_at_20_max": 0.124181,
        "nauc_mrr_at_20_std": 0.09872,
        "nauc_mrr_at_20_diff1": 0.38552,
        "nauc_mrr_at_100_max": 0.123077,
        "nauc_mrr_at_100_std": 0.100742,
        "nauc_mrr_at_100_diff1": 0.381148,
        "nauc_mrr_at_1000_max": 0.123291,
        "nauc_mrr_at_1000_std": 0.10104,
        "nauc_mrr_at_1000_diff1": 0.380701,
        "main_score": 0.10809,
        "hf_subset": "default",
        "languages": [
          "eng-Latn",
          "python-Code"
        ]
      }
    ]
  },
  "evaluation_time": 110.49842953681946,
  "kg_co2_emissions": null
}