{
  "dataset_revision": "ae763399273d8b20506b80cf6f6f9a31a6a2b238",
  "task_name": "MedicalQARetrieval",
  "mteb_version": "1.34.8",
  "scores": {
    "test": [
      {
        "ndcg_at_1": 0.56934,
        "ndcg_at_3": 0.68252,
        "ndcg_at_5": 0.70879,
        "ndcg_at_10": 0.72827,
        "ndcg_at_20": 0.73769,
        "ndcg_at_100": 0.74676,
        "ndcg_at_1000": 0.75036,
        "map_at_1": 0.56934,
        "map_at_3": 0.65495,
        "map_at_5": 0.6696,
        "map_at_10": 0.67767,
        "map_at_20": 0.68028,
        "map_at_100": 0.68158,
        "map_at_1000": 0.68172,
        "recall_at_1": 0.56934,
        "recall_at_3": 0.76221,
        "recall_at_5": 0.82568,
        "recall_at_10": 0.88574,
        "recall_at_20": 0.92285,
        "recall_at_100": 0.97119,
        "recall_at_1000": 0.99902,
        "precision_at_1": 0.56934,
        "precision_at_3": 0.25407,
        "precision_at_5": 0.16514,
        "precision_at_10": 0.08857,
        "precision_at_20": 0.04614,
        "precision_at_100": 0.00971,
        "precision_at_1000": 0.001,
        "mrr_at_1": 0.568848,
        "mrr_at_3": 0.654541,
        "mrr_at_5": 0.669287,
        "mrr_at_10": 0.677282,
        "mrr_at_20": 0.679889,
        "mrr_at_100": 0.681189,
        "mrr_at_1000": 0.681332,
        "nauc_ndcg_at_1_max": 0.182477,
        "nauc_ndcg_at_1_std": -0.122315,
        "nauc_ndcg_at_1_diff1": 0.550431,
        "nauc_ndcg_at_3_max": 0.168984,
        "nauc_ndcg_at_3_std": -0.161872,
        "nauc_ndcg_at_3_diff1": 0.483588,
        "nauc_ndcg_at_5_max": 0.158183,
        "nauc_ndcg_at_5_std": -0.168234,
        "nauc_ndcg_at_5_diff1": 0.47336,
        "nauc_ndcg_at_10_max": 0.170037,
        "nauc_ndcg_at_10_std": -0.170444,
        "nauc_ndcg_at_10_diff1": 0.471102,
        "nauc_ndcg_at_20_max": 0.179635,
        "nauc_ndcg_at_20_std": -0.156535,
        "nauc_ndcg_at_20_diff1": 0.473038,
        "nauc_ndcg_at_100_max": 0.184022,
        "nauc_ndcg_at_100_std": -0.144572,
        "nauc_ndcg_at_100_diff1": 0.484394,
        "nauc_ndcg_at_1000_max": 0.178211,
        "nauc_ndcg_at_1000_std": -0.149338,
        "nauc_ndcg_at_1000_diff1": 0.488388,
        "nauc_map_at_1_max": 0.182477,
        "nauc_map_at_1_std": -0.122315,
        "nauc_map_at_1_diff1": 0.550431,
        "nauc_map_at_3_max": 0.17326,
        "nauc_map_at_3_std": -0.149912,
        "nauc_map_at_3_diff1": 0.50146,
        "nauc_map_at_5_max": 0.167551,
        "nauc_map_at_5_std": -0.152824,
        "nauc_map_at_5_diff1": 0.497101,
        "nauc_map_at_10_max": 0.172925,
        "nauc_map_at_10_std": -0.152465,
        "nauc_map_at_10_diff1": 0.497047,
        "nauc_map_at_20_max": 0.175319,
        "nauc_map_at_20_std": -0.149149,
        "nauc_map_at_20_diff1": 0.497764,
        "nauc_map_at_100_max": 0.176042,
        "nauc_map_at_100_std": -0.147605,
        "nauc_map_at_100_diff1": 0.499271,
        "nauc_map_at_1000_max": 0.175905,
        "nauc_map_at_1000_std": -0.147728,
        "nauc_map_at_1000_diff1": 0.499418,
        "nauc_recall_at_1_max": 0.182477,
        "nauc_recall_at_1_std": -0.122315,
        "nauc_recall_at_1_diff1": 0.550431,
        "nauc_recall_at_3_max": 0.152751,
        "nauc_recall_at_3_std": -0.207008,
        "nauc_recall_at_3_diff1": 0.417311,
        "nauc_recall_at_5_max": 0.112605,
        "nauc_recall_at_5_std": -0.24171,
        "nauc_recall_at_5_diff1": 0.360873,
        "nauc_recall_at_10_max": 0.153519,
        "nauc_recall_at_10_std": -0.298513,
        "nauc_recall_at_10_diff1": 0.293416,
        "nauc_recall_at_20_max": 0.247857,
        "nauc_recall_at_20_std": -0.2023,
        "nauc_recall_at_20_diff1": 0.233015,
        "nauc_recall_at_100_max": 0.501617,
        "nauc_recall_at_100_std": 0.165104,
        "nauc_recall_at_100_diff1": 0.254117,
        "nauc_recall_at_1000_max": -0.434923,
        "nauc_recall_at_1000_std": 0.869267,
        "nauc_recall_at_1000_diff1": -0.141093,
        "nauc_precision_at_1_max": 0.182477,
        "nauc_precision_at_1_std": -0.122315,
        "nauc_precision_at_1_diff1": 0.550431,
        "nauc_precision_at_3_max": 0.152751,
        "nauc_precision_at_3_std": -0.207008,
        "nauc_precision_at_3_diff1": 0.417311,
        "nauc_precision_at_5_max": 0.112605,
        "nauc_precision_at_5_std": -0.24171,
        "nauc_precision_at_5_diff1": 0.360873,
        "nauc_precision_at_10_max": 0.153519,
        "nauc_precision_at_10_std": -0.298513,
        "nauc_precision_at_10_diff1": 0.293416,
        "nauc_precision_at_20_max": 0.247857,
        "nauc_precision_at_20_std": -0.2023,
        "nauc_precision_at_20_diff1": 0.233015,
        "nauc_precision_at_100_max": 0.501617,
        "nauc_precision_at_100_std": 0.165104,
        "nauc_precision_at_100_diff1": 0.254117,
        "nauc_precision_at_1000_max": -0.434923,
        "nauc_precision_at_1000_std": 0.869267,
        "nauc_precision_at_1000_diff1": -0.141093,
        "nauc_mrr_at_1_max": 0.183462,
        "nauc_mrr_at_1_std": -0.120946,
        "nauc_mrr_at_1_diff1": 0.551635,
        "nauc_mrr_at_3_max": 0.173486,
        "nauc_mrr_at_3_std": -0.148934,
        "nauc_mrr_at_3_diff1": 0.502604,
        "nauc_mrr_at_5_max": 0.168481,
        "nauc_mrr_at_5_std": -0.151788,
        "nauc_mrr_at_5_diff1": 0.498089,
        "nauc_mrr_at_10_max": 0.173285,
        "nauc_mrr_at_10_std": -0.151321,
        "nauc_mrr_at_10_diff1": 0.49824,
        "nauc_mrr_at_20_max": 0.175689,
        "nauc_mrr_at_20_std": -0.147987,
        "nauc_mrr_at_20_diff1": 0.498965,
        "nauc_mrr_at_100_max": 0.176414,
        "nauc_mrr_at_100_std": -0.146439,
        "nauc_mrr_at_100_diff1": 0.500478,
        "nauc_mrr_at_1000_max": 0.176277,
        "nauc_mrr_at_1000_std": -0.146561,
        "nauc_mrr_at_1000_diff1": 0.500625,
        "main_score": 0.72827,
        "hf_subset": "default",
        "languages": [
          "eng-Latn"
        ]
      }
    ]
  },
  "evaluation_time": 23.395068168640137,
  "kg_co2_emissions": null
}