{
  "dataset_revision": "ec0fa4fe99da2ff19ca1214b7966684033a58814",
  "task_name": "NFCorpus",
  "mteb_version": "1.34.8",
  "scores": {
    "test": [
      {
        "ndcg_at_1": 0.52012,
        "ndcg_at_3": 0.468,
        "ndcg_at_5": 0.44234,
        "ndcg_at_10": 0.41242,
        "ndcg_at_20": 0.38977,
        "ndcg_at_100": 0.38525,
        "ndcg_at_1000": 0.47327,
        "map_at_1": 0.07011,
        "map_at_3": 0.11409,
        "map_at_5": 0.13286,
        "map_at_10": 0.15781,
        "map_at_20": 0.17883,
        "map_at_100": 0.20685,
        "map_at_1000": 0.22559,
        "recall_at_1": 0.07011,
        "recall_at_3": 0.12931,
        "recall_at_5": 0.15955,
        "recall_at_10": 0.20771,
        "recall_at_20": 0.25693,
        "recall_at_100": 0.39613,
        "recall_at_1000": 0.7168,
        "precision_at_1": 0.5418,
        "precision_at_3": 0.43344,
        "precision_at_5": 0.37833,
        "precision_at_10": 0.30619,
        "precision_at_20": 0.23111,
        "precision_at_100": 0.1008,
        "precision_at_1000": 0.02362,
        "mrr_at_1": 0.541796,
        "mrr_at_3": 0.607327,
        "mrr_at_5": 0.616925,
        "mrr_at_10": 0.626819,
        "mrr_at_20": 0.629216,
        "mrr_at_100": 0.630985,
        "mrr_at_1000": 0.631284,
        "nauc_ndcg_at_1_max": 0.366093,
        "nauc_ndcg_at_1_std": 0.295199,
        "nauc_ndcg_at_1_diff1": 0.181671,
        "nauc_ndcg_at_3_max": 0.333844,
        "nauc_ndcg_at_3_std": 0.261296,
        "nauc_ndcg_at_3_diff1": 0.113343,
        "nauc_ndcg_at_5_max": 0.343742,
        "nauc_ndcg_at_5_std": 0.239899,
        "nauc_ndcg_at_5_diff1": 0.1217,
        "nauc_ndcg_at_10_max": 0.315652,
        "nauc_ndcg_at_10_std": 0.256377,
        "nauc_ndcg_at_10_diff1": 0.099885,
        "nauc_ndcg_at_20_max": 0.309407,
        "nauc_ndcg_at_20_std": 0.254015,
        "nauc_ndcg_at_20_diff1": 0.119045,
        "nauc_ndcg_at_100_max": 0.357363,
        "nauc_ndcg_at_100_std": 0.271175,
        "nauc_ndcg_at_100_diff1": 0.146874,
        "nauc_ndcg_at_1000_max": 0.414248,
        "nauc_ndcg_at_1000_std": 0.328542,
        "nauc_ndcg_at_1000_diff1": 0.14484,
        "nauc_map_at_1_max": 0.05359,
        "nauc_map_at_1_std": -0.10793,
        "nauc_map_at_1_diff1": 0.386605,
        "nauc_map_at_3_max": 0.09692,
        "nauc_map_at_3_std": -0.076658,
        "nauc_map_at_3_diff1": 0.299362,
        "nauc_map_at_5_max": 0.140527,
        "nauc_map_at_5_std": -0.066184,
        "nauc_map_at_5_diff1": 0.281026,
        "nauc_map_at_10_max": 0.185753,
        "nauc_map_at_10_std": -0.021592,
        "nauc_map_at_10_diff1": 0.243979,
        "nauc_map_at_20_max": 0.221731,
        "nauc_map_at_20_std": 0.017113,
        "nauc_map_at_20_diff1": 0.227007,
        "nauc_map_at_100_max": 0.25268,
        "nauc_map_at_100_std": 0.096191,
        "nauc_map_at_100_diff1": 0.198561,
        "nauc_map_at_1000_max": 0.257281,
        "nauc_map_at_1000_std": 0.140024,
        "nauc_map_at_1000_diff1": 0.183719,
        "nauc_recall_at_1_max": 0.05359,
        "nauc_recall_at_1_std": -0.10793,
        "nauc_recall_at_1_diff1": 0.386605,
        "nauc_recall_at_3_max": 0.076877,
        "nauc_recall_at_3_std": -0.083496,
        "nauc_recall_at_3_diff1": 0.258988,
        "nauc_recall_at_5_max": 0.12336,
        "nauc_recall_at_5_std": -0.076341,
        "nauc_recall_at_5_diff1": 0.240549,
        "nauc_recall_at_10_max": 0.153264,
        "nauc_recall_at_10_std": -0.040422,
        "nauc_recall_at_10_diff1": 0.205778,
        "nauc_recall_at_20_max": 0.197142,
        "nauc_recall_at_20_std": 0.001713,
        "nauc_recall_at_20_diff1": 0.20636,
        "nauc_recall_at_100_max": 0.257569,
        "nauc_recall_at_100_std": 0.144432,
        "nauc_recall_at_100_diff1": 0.129467,
        "nauc_recall_at_1000_max": 0.2151,
        "nauc_recall_at_1000_std": 0.206267,
        "nauc_recall_at_1000_diff1": 0.097784,
        "nauc_precision_at_1_max": 0.38804,
        "nauc_precision_at_1_std": 0.304745,
        "nauc_precision_at_1_diff1": 0.178151,
        "nauc_precision_at_3_max": 0.339424,
        "nauc_precision_at_3_std": 0.28722,
        "nauc_precision_at_3_diff1": 0.031867,
        "nauc_precision_at_5_max": 0.357695,
        "nauc_precision_at_5_std": 0.275326,
        "nauc_precision_at_5_diff1": 0.001056,
        "nauc_precision_at_10_max": 0.309051,
        "nauc_precision_at_10_std": 0.343704,
        "nauc_precision_at_10_diff1": -0.084321,
        "nauc_precision_at_20_max": 0.258608,
        "nauc_precision_at_20_std": 0.371792,
        "nauc_precision_at_20_diff1": -0.097527,
        "nauc_precision_at_100_max": 0.128827,
        "nauc_precision_at_100_std": 0.425123,
        "nauc_precision_at_100_diff1": -0.129555,
        "nauc_precision_at_1000_max": 0.015676,
        "nauc_precision_at_1000_std": 0.363703,
        "nauc_precision_at_1000_diff1": -0.128695,
        "nauc_mrr_at_1_max": 0.38804,
        "nauc_mrr_at_1_std": 0.304745,
        "nauc_mrr_at_1_diff1": 0.178151,
        "nauc_mrr_at_3_max": 0.409813,
        "nauc_mrr_at_3_std": 0.337431,
        "nauc_mrr_at_3_diff1": 0.19142,
        "nauc_mrr_at_5_max": 0.416961,
        "nauc_mrr_at_5_std": 0.33503,
        "nauc_mrr_at_5_diff1": 0.193869,
        "nauc_mrr_at_10_max": 0.416319,
        "nauc_mrr_at_10_std": 0.333061,
        "nauc_mrr_at_10_diff1": 0.195209,
        "nauc_mrr_at_20_max": 0.419645,
        "nauc_mrr_at_20_std": 0.336393,
        "nauc_mrr_at_20_diff1": 0.195767,
        "nauc_mrr_at_100_max": 0.421657,
        "nauc_mrr_at_100_std": 0.339303,
        "nauc_mrr_at_100_diff1": 0.19512,
        "nauc_mrr_at_1000_max": 0.42135,
        "nauc_mrr_at_1000_std": 0.339082,
        "nauc_mrr_at_1000_diff1": 0.195001,
        "main_score": 0.41242,
        "hf_subset": "default",
        "languages": [
          "eng-Latn"
        ]
      }
    ]
  },
  "evaluation_time": 35.42963910102844,
  "kg_co2_emissions": null
}