{
  "dataset_revision": "f8c2fcf00f625baaa80f62ec5bd9e1fff3b8ae88",
  "task_name": "SCIDOCS",
  "mteb_version": "1.34.8",
  "scores": {
    "test": [
      {
        "ndcg_at_1": 0.242,
        "ndcg_at_3": 0.20202,
        "ndcg_at_5": 0.18052,
        "ndcg_at_10": 0.22378,
        "ndcg_at_20": 0.26158,
        "ndcg_at_100": 0.32531,
        "ndcg_at_1000": 0.38245,
        "map_at_1": 0.04923,
        "map_at_3": 0.09066,
        "map_at_5": 0.11144,
        "map_at_10": 0.134,
        "map_at_20": 0.14824,
        "map_at_100": 0.16187,
        "map_at_1000": 0.16555,
        "recall_at_1": 0.04923,
        "recall_at_3": 0.11543,
        "recall_at_5": 0.16353,
        "recall_at_10": 0.24307,
        "recall_at_20": 0.33235,
        "recall_at_100": 0.53955,
        "recall_at_1000": 0.81655,
        "precision_at_1": 0.242,
        "precision_at_3": 0.19,
        "precision_at_5": 0.1614,
        "precision_at_10": 0.1201,
        "precision_at_20": 0.08185,
        "precision_at_100": 0.02657,
        "precision_at_1000": 0.00402,
        "mrr_at_1": 0.242,
        "mrr_at_3": 0.324333,
        "mrr_at_5": 0.345583,
        "mrr_at_10": 0.362237,
        "mrr_at_20": 0.370324,
        "mrr_at_100": 0.374561,
        "mrr_at_1000": 0.374878,
        "nauc_ndcg_at_1_max": 0.197805,
        "nauc_ndcg_at_1_std": 0.109335,
        "nauc_ndcg_at_1_diff1": 0.151594,
        "nauc_ndcg_at_3_max": 0.240913,
        "nauc_ndcg_at_3_std": 0.153623,
        "nauc_ndcg_at_3_diff1": 0.110146,
        "nauc_ndcg_at_5_max": 0.238081,
        "nauc_ndcg_at_5_std": 0.179525,
        "nauc_ndcg_at_5_diff1": 0.086968,
        "nauc_ndcg_at_10_max": 0.256418,
        "nauc_ndcg_at_10_std": 0.211421,
        "nauc_ndcg_at_10_diff1": 0.094776,
        "nauc_ndcg_at_20_max": 0.259435,
        "nauc_ndcg_at_20_std": 0.22923,
        "nauc_ndcg_at_20_diff1": 0.085301,
        "nauc_ndcg_at_100_max": 0.274185,
        "nauc_ndcg_at_100_std": 0.271926,
        "nauc_ndcg_at_100_diff1": 0.088161,
        "nauc_ndcg_at_1000_max": 0.279211,
        "nauc_ndcg_at_1000_std": 0.267398,
        "nauc_ndcg_at_1000_diff1": 0.075102,
        "nauc_map_at_1_max": 0.191828,
        "nauc_map_at_1_std": 0.106149,
        "nauc_map_at_1_diff1": 0.148635,
        "nauc_map_at_3_max": 0.240091,
        "nauc_map_at_3_std": 0.139159,
        "nauc_map_at_3_diff1": 0.113868,
        "nauc_map_at_5_max": 0.236997,
        "nauc_map_at_5_std": 0.166293,
        "nauc_map_at_5_diff1": 0.090693,
        "nauc_map_at_10_max": 0.25337,
        "nauc_map_at_10_std": 0.190907,
        "nauc_map_at_10_diff1": 0.100191,
        "nauc_map_at_20_max": 0.254615,
        "nauc_map_at_20_std": 0.206949,
        "nauc_map_at_20_diff1": 0.091524,
        "nauc_map_at_100_max": 0.258682,
        "nauc_map_at_100_std": 0.224583,
        "nauc_map_at_100_diff1": 0.090581,
        "nauc_map_at_1000_max": 0.259478,
        "nauc_map_at_1000_std": 0.225441,
        "nauc_map_at_1000_diff1": 0.089548,
        "nauc_recall_at_1_max": 0.191828,
        "nauc_recall_at_1_std": 0.106149,
        "nauc_recall_at_1_diff1": 0.148635,
        "nauc_recall_at_3_max": 0.246843,
        "nauc_recall_at_3_std": 0.168087,
        "nauc_recall_at_3_diff1": 0.093724,
        "nauc_recall_at_5_max": 0.23031,
        "nauc_recall_at_5_std": 0.201564,
        "nauc_recall_at_5_diff1": 0.053843,
        "nauc_recall_at_10_max": 0.25028,
        "nauc_recall_at_10_std": 0.245115,
        "nauc_recall_at_10_diff1": 0.071391,
        "nauc_recall_at_20_max": 0.23965,
        "nauc_recall_at_20_std": 0.262822,
        "nauc_recall_at_20_diff1": 0.045709,
        "nauc_recall_at_100_max": 0.253227,
        "nauc_recall_at_100_std": 0.346678,
        "nauc_recall_at_100_diff1": 0.044959,
        "nauc_recall_at_1000_max": 0.257549,
        "nauc_recall_at_1000_std": 0.34552,
        "nauc_recall_at_1000_diff1": -0.061716,
        "nauc_precision_at_1_max": 0.197805,
        "nauc_precision_at_1_std": 0.109335,
        "nauc_precision_at_1_diff1": 0.151594,
        "nauc_precision_at_3_max": 0.251796,
        "nauc_precision_at_3_std": 0.169263,
        "nauc_precision_at_3_diff1": 0.095549,
        "nauc_precision_at_5_max": 0.236529,
        "nauc_precision_at_5_std": 0.201639,
        "nauc_precision_at_5_diff1": 0.055904,
        "nauc_precision_at_10_max": 0.256989,
        "nauc_precision_at_10_std": 0.245287,
        "nauc_precision_at_10_diff1": 0.072366,
        "nauc_precision_at_20_max": 0.246761,
        "nauc_precision_at_20_std": 0.261585,
        "nauc_precision_at_20_diff1": 0.048938,
        "nauc_precision_at_100_max": 0.258044,
        "nauc_precision_at_100_std": 0.342828,
        "nauc_precision_at_100_diff1": 0.050706,
        "nauc_precision_at_1000_max": 0.26585,
        "nauc_precision_at_1000_std": 0.32782,
        "nauc_precision_at_1000_diff1": -0.044947,
        "nauc_mrr_at_1_max": 0.197805,
        "nauc_mrr_at_1_std": 0.109335,
        "nauc_mrr_at_1_diff1": 0.151594,
        "nauc_mrr_at_3_max": 0.221361,
        "nauc_mrr_at_3_std": 0.152345,
        "nauc_mrr_at_3_diff1": 0.119681,
        "nauc_mrr_at_5_max": 0.222351,
        "nauc_mrr_at_5_std": 0.156174,
        "nauc_mrr_at_5_diff1": 0.110903,
        "nauc_mrr_at_10_max": 0.227973,
        "nauc_mrr_at_10_std": 0.163109,
        "nauc_mrr_at_10_diff1": 0.114139,
        "nauc_mrr_at_20_max": 0.227563,
        "nauc_mrr_at_20_std": 0.162064,
        "nauc_mrr_at_20_diff1": 0.116761,
        "nauc_mrr_at_100_max": 0.227292,
        "nauc_mrr_at_100_std": 0.161093,
        "nauc_mrr_at_100_diff1": 0.117414,
        "nauc_mrr_at_1000_max": 0.227133,
        "nauc_mrr_at_1000_std": 0.161,
        "nauc_mrr_at_1000_diff1": 0.117233,
        "main_score": 0.22378,
        "hf_subset": "default",
        "languages": [
          "eng-Latn"
        ]
      }
    ]
  },
  "evaluation_time": 197.2212154865265,
  "kg_co2_emissions": null
}