{
  "dataset_revision": "0228b52cf27578f30900b9e5271d331663a030d7",
  "task_name": "SciFact",
  "mteb_version": "1.34.8",
  "scores": {
    "test": [
      {
        "ndcg_at_1": 0.63667,
        "ndcg_at_3": 0.72522,
        "ndcg_at_5": 0.74792,
        "ndcg_at_10": 0.77456,
        "ndcg_at_20": 0.78095,
        "ndcg_at_100": 0.78679,
        "ndcg_at_1000": 0.79051,
        "map_at_1": 0.60661,
        "map_at_3": 0.69402,
        "map_at_5": 0.71039,
        "map_at_10": 0.72426,
        "map_at_20": 0.72632,
        "map_at_100": 0.72708,
        "map_at_1000": 0.72728,
        "recall_at_1": 0.60661,
        "recall_at_3": 0.78406,
        "recall_at_5": 0.842,
        "recall_at_10": 0.91767,
        "recall_at_20": 0.94167,
        "recall_at_100": 0.97333,
        "recall_at_1000": 1.0,
        "precision_at_1": 0.63667,
        "precision_at_3": 0.28444,
        "precision_at_5": 0.188,
        "precision_at_10": 0.10433,
        "precision_at_20": 0.0535,
        "precision_at_100": 0.01103,
        "precision_at_1000": 0.00113,
        "mrr_at_1": 0.636667,
        "mrr_at_3": 0.713889,
        "mrr_at_5": 0.725222,
        "mrr_at_10": 0.733713,
        "mrr_at_20": 0.735467,
        "mrr_at_100": 0.736192,
        "mrr_at_1000": 0.73639,
        "nauc_ndcg_at_1_max": 0.591238,
        "nauc_ndcg_at_1_std": 0.047466,
        "nauc_ndcg_at_1_diff1": 0.761078,
        "nauc_ndcg_at_3_max": 0.527539,
        "nauc_ndcg_at_3_std": -0.027029,
        "nauc_ndcg_at_3_diff1": 0.715664,
        "nauc_ndcg_at_5_max": 0.542947,
        "nauc_ndcg_at_5_std": 0.010022,
        "nauc_ndcg_at_5_diff1": 0.711345,
        "nauc_ndcg_at_10_max": 0.588636,
        "nauc_ndcg_at_10_std": 0.020654,
        "nauc_ndcg_at_10_diff1": 0.722743,
        "nauc_ndcg_at_20_max": 0.583452,
        "nauc_ndcg_at_20_std": 0.013614,
        "nauc_ndcg_at_20_diff1": 0.726222,
        "nauc_ndcg_at_100_max": 0.577802,
        "nauc_ndcg_at_100_std": 0.012328,
        "nauc_ndcg_at_100_diff1": 0.727574,
        "nauc_ndcg_at_1000_max": 0.574475,
        "nauc_ndcg_at_1000_std": 0.015815,
        "nauc_ndcg_at_1000_diff1": 0.727966,
        "nauc_map_at_1_max": 0.517083,
        "nauc_map_at_1_std": -0.062831,
        "nauc_map_at_1_diff1": 0.751998,
        "nauc_map_at_3_max": 0.517694,
        "nauc_map_at_3_std": -0.053399,
        "nauc_map_at_3_diff1": 0.725106,
        "nauc_map_at_5_max": 0.53728,
        "nauc_map_at_5_std": -0.013207,
        "nauc_map_at_5_diff1": 0.724494,
        "nauc_map_at_10_max": 0.56143,
        "nauc_map_at_10_std": 0.001428,
        "nauc_map_at_10_diff1": 0.728604,
        "nauc_map_at_20_max": 0.560762,
        "nauc_map_at_20_std": 0.000683,
        "nauc_map_at_20_diff1": 0.729393,
        "nauc_map_at_100_max": 0.560109,
        "nauc_map_at_100_std": 0.000624,
        "nauc_map_at_100_diff1": 0.729376,
        "nauc_map_at_1000_max": 0.559922,
        "nauc_map_at_1000_std": 0.000838,
        "nauc_map_at_1000_diff1": 0.7294,
        "nauc_recall_at_1_max": 0.517083,
        "nauc_recall_at_1_std": -0.062831,
        "nauc_recall_at_1_diff1": 0.751998,
        "nauc_recall_at_3_max": 0.449214,
        "nauc_recall_at_3_std": -0.106561,
        "nauc_recall_at_3_diff1": 0.6673,
        "nauc_recall_at_5_max": 0.483019,
        "nauc_recall_at_5_std": 0.020533,
        "nauc_recall_at_5_diff1": 0.62552,
        "nauc_recall_at_10_max": 0.744009,
        "nauc_recall_at_10_std": 0.060721,
        "nauc_recall_at_10_diff1": 0.661191,
        "nauc_recall_at_20_max": 0.739923,
        "nauc_recall_at_20_std": -0.020435,
        "nauc_recall_at_20_diff1": 0.685568,
        "nauc_recall_at_100_max": 0.719655,
        "nauc_recall_at_100_std": -0.11969,
        "nauc_recall_at_100_diff1": 0.710843,
        "nauc_recall_at_1000_max": NaN,
        "nauc_recall_at_1000_std": NaN,
        "nauc_recall_at_1000_diff1": NaN,
        "nauc_precision_at_1_max": 0.591238,
        "nauc_precision_at_1_std": 0.047466,
        "nauc_precision_at_1_diff1": 0.761078,
        "nauc_precision_at_3_max": 0.444345,
        "nauc_precision_at_3_std": 0.180283,
        "nauc_precision_at_3_diff1": 0.39773,
        "nauc_precision_at_5_max": 0.403352,
        "nauc_precision_at_5_std": 0.409601,
        "nauc_precision_at_5_diff1": 0.190353,
        "nauc_precision_at_10_max": 0.36163,
        "nauc_precision_at_10_std": 0.486189,
        "nauc_precision_at_10_diff1": -0.011938,
        "nauc_precision_at_20_max": 0.324629,
        "nauc_precision_at_20_std": 0.505695,
        "nauc_precision_at_20_diff1": -0.068282,
        "nauc_precision_at_100_max": 0.255168,
        "nauc_precision_at_100_std": 0.539593,
        "nauc_precision_at_100_diff1": -0.160368,
        "nauc_precision_at_1000_max": 0.200409,
        "nauc_precision_at_1000_std": 0.617318,
        "nauc_precision_at_1000_diff1": -0.263077,
        "nauc_mrr_at_1_max": 0.591238,
        "nauc_mrr_at_1_std": 0.047466,
        "nauc_mrr_at_1_diff1": 0.761078,
        "nauc_mrr_at_3_max": 0.565959,
        "nauc_mrr_at_3_std": 0.020627,
        "nauc_mrr_at_3_diff1": 0.736444,
        "nauc_mrr_at_5_max": 0.576221,
        "nauc_mrr_at_5_std": 0.041501,
        "nauc_mrr_at_5_diff1": 0.731274,
        "nauc_mrr_at_10_max": 0.584168,
        "nauc_mrr_at_10_std": 0.032079,
        "nauc_mrr_at_10_diff1": 0.737369,
        "nauc_mrr_at_20_max": 0.58248,
        "nauc_mrr_at_20_std": 0.029999,
        "nauc_mrr_at_20_diff1": 0.738184,
        "nauc_mrr_at_100_max": 0.581951,
        "nauc_mrr_at_100_std": 0.030213,
        "nauc_mrr_at_100_diff1": 0.738145,
        "nauc_mrr_at_1000_max": 0.581779,
        "nauc_mrr_at_1000_std": 0.030458,
        "nauc_mrr_at_1000_diff1": 0.738178,
        "main_score": 0.77456,
        "hf_subset": "default",
        "languages": [
          "eng-Latn"
        ]
      }
    ]
  },
  "evaluation_time": 55.21437358856201,
  "kg_co2_emissions": null
}