{
  "dataset_revision": "c22ab2a51041ffd869aaddef7af8d8215647e41a",
  "task_name": "ArguAna",
  "mteb_version": "1.34.8",
  "scores": {
    "test": [
      {
        "ndcg_at_1": 0.22617,
        "ndcg_at_3": 0.36578,
        "ndcg_at_5": 0.42308,
        "ndcg_at_10": 0.4823,
        "ndcg_at_20": 0.51268,
        "ndcg_at_100": 0.52748,
        "ndcg_at_1000": 0.52896,
        "map_at_1": 0.22617,
        "map_at_3": 0.33037,
        "map_at_5": 0.36209,
        "map_at_10": 0.38647,
        "map_at_20": 0.39508,
        "map_at_100": 0.39744,
        "map_at_1000": 0.3975,
        "recall_at_1": 0.22617,
        "recall_at_3": 0.46871,
        "recall_at_5": 0.60811,
        "recall_at_10": 0.79161,
        "recall_at_20": 0.90967,
        "recall_at_100": 0.98506,
        "recall_at_1000": 0.99644,
        "precision_at_1": 0.22617,
        "precision_at_3": 0.15624,
        "precision_at_5": 0.12162,
        "precision_at_10": 0.07916,
        "precision_at_20": 0.04548,
        "precision_at_100": 0.00985,
        "precision_at_1000": 0.001,
        "mrr_at_1": 0.232575,
        "mrr_at_3": 0.332978,
        "mrr_at_5": 0.36413,
        "mrr_at_10": 0.388872,
        "mrr_at_20": 0.397486,
        "mrr_at_100": 0.399852,
        "mrr_at_1000": 0.399912,
        "nauc_ndcg_at_1_max": -0.050517,
        "nauc_ndcg_at_1_std": -0.151852,
        "nauc_ndcg_at_1_diff1": 0.176358,
        "nauc_ndcg_at_3_max": -0.044411,
        "nauc_ndcg_at_3_std": -0.137684,
        "nauc_ndcg_at_3_diff1": 0.107687,
        "nauc_ndcg_at_5_max": -0.048403,
        "nauc_ndcg_at_5_std": -0.147174,
        "nauc_ndcg_at_5_diff1": 0.102772,
        "nauc_ndcg_at_10_max": -0.036319,
        "nauc_ndcg_at_10_std": -0.159603,
        "nauc_ndcg_at_10_diff1": 0.115175,
        "nauc_ndcg_at_20_max": -0.017785,
        "nauc_ndcg_at_20_std": -0.148982,
        "nauc_ndcg_at_20_diff1": 0.119899,
        "nauc_ndcg_at_100_max": -0.029526,
        "nauc_ndcg_at_100_std": -0.138736,
        "nauc_ndcg_at_100_diff1": 0.119041,
        "nauc_ndcg_at_1000_max": -0.033486,
        "nauc_ndcg_at_1000_std": -0.143573,
        "nauc_ndcg_at_1000_diff1": 0.120848,
        "nauc_map_at_1_max": -0.050517,
        "nauc_map_at_1_std": -0.151852,
        "nauc_map_at_1_diff1": 0.176358,
        "nauc_map_at_3_max": -0.044582,
        "nauc_map_at_3_std": -0.139869,
        "nauc_map_at_3_diff1": 0.122256,
        "nauc_map_at_5_max": -0.047266,
        "nauc_map_at_5_std": -0.145736,
        "nauc_map_at_5_diff1": 0.119814,
        "nauc_map_at_10_max": -0.04188,
        "nauc_map_at_10_std": -0.149979,
        "nauc_map_at_10_diff1": 0.126242,
        "nauc_map_at_20_max": -0.037634,
        "nauc_map_at_20_std": -0.147278,
        "nauc_map_at_20_diff1": 0.127237,
        "nauc_map_at_100_max": -0.038972,
        "nauc_map_at_100_std": -0.145672,
        "nauc_map_at_100_diff1": 0.127118,
        "nauc_map_at_1000_max": -0.039114,
        "nauc_map_at_1000_std": -0.145825,
        "nauc_map_at_1000_diff1": 0.127155,
        "nauc_recall_at_1_max": -0.050517,
        "nauc_recall_at_1_std": -0.151852,
        "nauc_recall_at_1_diff1": 0.176358,
        "nauc_recall_at_3_max": -0.044409,
        "nauc_recall_at_3_std": -0.132189,
        "nauc_recall_at_3_diff1": 0.068843,
        "nauc_recall_at_5_max": -0.052323,
        "nauc_recall_at_5_std": -0.152644,
        "nauc_recall_at_5_diff1": 0.05184,
        "nauc_recall_at_10_max": -0.006585,
        "nauc_recall_at_10_std": -0.215266,
        "nauc_recall_at_10_diff1": 0.069392,
        "nauc_recall_at_20_max": 0.232747,
        "nauc_recall_at_20_std": -0.159342,
        "nauc_recall_at_20_diff1": 0.079307,
        "nauc_recall_at_100_max": 0.446441,
        "nauc_recall_at_100_std": 0.552832,
        "nauc_recall_at_100_diff1": -0.17717,
        "nauc_recall_at_1000_max": -0.043346,
        "nauc_recall_at_1000_std": 0.246619,
        "nauc_recall_at_1000_diff1": -0.117578,
        "nauc_precision_at_1_max": -0.050517,
        "nauc_precision_at_1_std": -0.151852,
        "nauc_precision_at_1_diff1": 0.176358,
        "nauc_precision_at_3_max": -0.044409,
        "nauc_precision_at_3_std": -0.132189,
        "nauc_precision_at_3_diff1": 0.068843,
        "nauc_precision_at_5_max": -0.052323,
        "nauc_precision_at_5_std": -0.152644,
        "nauc_precision_at_5_diff1": 0.05184,
        "nauc_precision_at_10_max": -0.006585,
        "nauc_precision_at_10_std": -0.215266,
        "nauc_precision_at_10_diff1": 0.069392,
        "nauc_precision_at_20_max": 0.232747,
        "nauc_precision_at_20_std": -0.159342,
        "nauc_precision_at_20_diff1": 0.079307,
        "nauc_precision_at_100_max": 0.446441,
        "nauc_precision_at_100_std": 0.552832,
        "nauc_precision_at_100_diff1": -0.17717,
        "nauc_precision_at_1000_max": -0.043346,
        "nauc_precision_at_1000_std": 0.246619,
        "nauc_precision_at_1000_diff1": -0.117578,
        "nauc_mrr_at_1_max": -0.055889,
        "nauc_mrr_at_1_std": -0.140642,
        "nauc_mrr_at_1_diff1": 0.153474,
        "nauc_mrr_at_3_max": -0.054209,
        "nauc_mrr_at_3_std": -0.137641,
        "nauc_mrr_at_3_diff1": 0.106142,
        "nauc_mrr_at_5_max": -0.058068,
        "nauc_mrr_at_5_std": -0.142586,
        "nauc_mrr_at_5_diff1": 0.100689,
        "nauc_mrr_at_10_max": -0.051603,
        "nauc_mrr_at_10_std": -0.146452,
        "nauc_mrr_at_10_diff1": 0.10812,
        "nauc_mrr_at_20_max": -0.047754,
        "nauc_mrr_at_20_std": -0.143686,
        "nauc_mrr_at_20_diff1": 0.108549,
        "nauc_mrr_at_100_max": -0.049167,
        "nauc_mrr_at_100_std": -0.14206,
        "nauc_mrr_at_100_diff1": 0.108271,
        "nauc_mrr_at_1000_max": -0.049311,
        "nauc_mrr_at_1000_std": -0.142211,
        "nauc_mrr_at_1000_diff1": 0.108305,
        "main_score": 0.4823,
        "hf_subset": "default",
        "languages": [
          "eng-Latn"
        ]
      }
    ]
  },
  "evaluation_time": 10.582334518432617,
  "kg_co2_emissions": null
}