{
  "dataset_revision": "4adc7bc41202b5c13543c9c886a25f340634dab3",
  "task_name": "COIRCodeSearchNetRetrieval",
  "mteb_version": "1.34.8",
  "scores": {
    "test": [
      {
        "ndcg_at_1": 0.7499,
        "ndcg_at_3": 0.80448,
        "ndcg_at_5": 0.81509,
        "ndcg_at_10": 0.82391,
        "ndcg_at_20": 0.83002,
        "ndcg_at_100": 0.8373,
        "ndcg_at_1000": 0.84102,
        "map_at_1": 0.7499,
        "map_at_3": 0.79146,
        "map_at_5": 0.79734,
        "map_at_10": 0.80101,
        "map_at_20": 0.80271,
        "map_at_100": 0.80372,
        "map_at_1000": 0.80385,
        "recall_at_1": 0.7499,
        "recall_at_3": 0.842,
        "recall_at_5": 0.86781,
        "recall_at_10": 0.89489,
        "recall_at_20": 0.91889,
        "recall_at_100": 0.95804,
        "recall_at_1000": 0.98773,
        "precision_at_1": 0.7499,
        "precision_at_3": 0.28067,
        "precision_at_5": 0.17356,
        "precision_at_10": 0.08949,
        "precision_at_20": 0.04594,
        "precision_at_100": 0.00958,
        "precision_at_1000": 0.00099,
        "mrr_at_1": 0.749899,
        "mrr_at_3": 0.79146,
        "mrr_at_5": 0.797339,
        "mrr_at_10": 0.801007,
        "mrr_at_20": 0.802706,
        "mrr_at_100": 0.803718,
        "mrr_at_1000": 0.803849,
        "nauc_ndcg_at_1_max": 0.717979,
        "nauc_ndcg_at_1_std": 0.043641,
        "nauc_ndcg_at_1_diff1": 0.858751,
        "nauc_ndcg_at_3_max": 0.750346,
        "nauc_ndcg_at_3_std": 0.082363,
        "nauc_ndcg_at_3_diff1": 0.830254,
        "nauc_ndcg_at_5_max": 0.750608,
        "nauc_ndcg_at_5_std": 0.089772,
        "nauc_ndcg_at_5_diff1": 0.828373,
        "nauc_ndcg_at_10_max": 0.75034,
        "nauc_ndcg_at_10_std": 0.101117,
        "nauc_ndcg_at_10_diff1": 0.826725,
        "nauc_ndcg_at_20_max": 0.750251,
        "nauc_ndcg_at_20_std": 0.103929,
        "nauc_ndcg_at_20_diff1": 0.827993,
        "nauc_ndcg_at_100_max": 0.74956,
        "nauc_ndcg_at_100_std": 0.102476,
        "nauc_ndcg_at_100_diff1": 0.830311,
        "nauc_ndcg_at_1000_max": 0.74748,
        "nauc_ndcg_at_1000_std": 0.096447,
        "nauc_ndcg_at_1000_diff1": 0.831602,
        "nauc_map_at_1_max": 0.717979,
        "nauc_map_at_1_std": 0.043641,
        "nauc_map_at_1_diff1": 0.858751,
        "nauc_map_at_3_max": 0.741989,
        "nauc_map_at_3_std": 0.071745,
        "nauc_map_at_3_diff1": 0.837593,
        "nauc_map_at_5_max": 0.741919,
        "nauc_map_at_5_std": 0.075327,
        "nauc_map_at_5_diff1": 0.836831,
        "nauc_map_at_10_max": 0.741686,
        "nauc_map_at_10_std": 0.079366,
        "nauc_map_at_10_diff1": 0.836363,
        "nauc_map_at_20_max": 0.741562,
        "nauc_map_at_20_std": 0.079863,
        "nauc_map_at_20_diff1": 0.836723,
        "nauc_map_at_100_max": 0.741464,
        "nauc_map_at_100_std": 0.079643,
        "nauc_map_at_100_diff1": 0.837015,
        "nauc_map_at_1000_max": 0.741404,
        "nauc_map_at_1000_std": 0.079481,
        "nauc_map_at_1000_diff1": 0.837056,
        "nauc_recall_at_1_max": 0.717979,
        "nauc_recall_at_1_std": 0.043641,
        "nauc_recall_at_1_diff1": 0.858751,
        "nauc_recall_at_3_max": 0.780511,
        "nauc_recall_at_3_std": 0.12104,
        "nauc_recall_at_3_diff1": 0.803777,
        "nauc_recall_at_5_max": 0.786494,
        "nauc_recall_at_5_std": 0.151366,
        "nauc_recall_at_5_diff1": 0.793035,
        "nauc_recall_at_10_max": 0.793139,
        "nauc_recall_at_10_std": 0.219278,
        "nauc_recall_at_10_diff1": 0.777146,
        "nauc_recall_at_20_max": 0.805124,
        "nauc_recall_at_20_std": 0.274462,
        "nauc_recall_at_20_diff1": 0.773131,
        "nauc_recall_at_100_max": 0.840864,
        "nauc_recall_at_100_std": 0.399566,
        "nauc_recall_at_100_diff1": 0.768027,
        "nauc_recall_at_1000_max": 0.861012,
        "nauc_recall_at_1000_std": 0.52556,
        "nauc_recall_at_1000_diff1": 0.741956,
        "nauc_precision_at_1_max": 0.717979,
        "nauc_precision_at_1_std": 0.043641,
        "nauc_precision_at_1_diff1": 0.858751,
        "nauc_precision_at_3_max": 0.780511,
        "nauc_precision_at_3_std": 0.12104,
        "nauc_precision_at_3_diff1": 0.803777,
        "nauc_precision_at_5_max": 0.786494,
        "nauc_precision_at_5_std": 0.151366,
        "nauc_precision_at_5_diff1": 0.793035,
        "nauc_precision_at_10_max": 0.793139,
        "nauc_precision_at_10_std": 0.219278,
        "nauc_precision_at_10_diff1": 0.777146,
        "nauc_precision_at_20_max": 0.805124,
        "nauc_precision_at_20_std": 0.274462,
        "nauc_precision_at_20_diff1": 0.773131,
        "nauc_precision_at_100_max": 0.840864,
        "nauc_precision_at_100_std": 0.399566,
        "nauc_precision_at_100_diff1": 0.768027,
        "nauc_precision_at_1000_max": 0.861012,
        "nauc_precision_at_1000_std": 0.52556,
        "nauc_precision_at_1000_diff1": 0.741956,
        "nauc_mrr_at_1_max": 0.717979,
        "nauc_mrr_at_1_std": 0.043641,
        "nauc_mrr_at_1_diff1": 0.858751,
        "nauc_mrr_at_3_max": 0.741989,
        "nauc_mrr_at_3_std": 0.071745,
        "nauc_mrr_at_3_diff1": 0.837593,
        "nauc_mrr_at_5_max": 0.741919,
        "nauc_mrr_at_5_std": 0.075327,
        "nauc_mrr_at_5_diff1": 0.836831,
        "nauc_mrr_at_10_max": 0.741686,
        "nauc_mrr_at_10_std": 0.079366,
        "nauc_mrr_at_10_diff1": 0.836363,
        "nauc_mrr_at_20_max": 0.741562,
        "nauc_mrr_at_20_std": 0.079863,
        "nauc_mrr_at_20_diff1": 0.836723,
        "nauc_mrr_at_100_max": 0.741464,
        "nauc_mrr_at_100_std": 0.079643,
        "nauc_mrr_at_100_diff1": 0.837015,
        "nauc_mrr_at_1000_max": 0.741404,
        "nauc_mrr_at_1000_std": 0.079481,
        "nauc_mrr_at_1000_diff1": 0.837056,
        "main_score": 0.82391,
        "hf_subset": "python",
        "languages": [
          "python-Code"
        ]
      }
    ]
  },
  "evaluation_time": 216.7944254875183,
  "kg_co2_emissions": null
}