{
  "dataset_revision": "27a168819829fe9bcd655c2df245fb19452e8e06",
  "task_name": "FiQA2018",
  "mteb_version": "1.34.8",
  "scores": {
    "test": [
      {
        "ndcg_at_1": 0.37346,
        "ndcg_at_3": 0.34435,
        "ndcg_at_5": 0.35678,
        "ndcg_at_10": 0.39008,
        "ndcg_at_20": 0.41869,
        "ndcg_at_100": 0.46193,
        "ndcg_at_1000": 0.49338,
        "map_at_1": 0.18309,
        "map_at_3": 0.26186,
        "map_at_5": 0.28528,
        "map_at_10": 0.30734,
        "map_at_20": 0.31849,
        "map_at_100": 0.32749,
        "map_at_1000": 0.32947,
        "recall_at_1": 0.18309,
        "recall_at_3": 0.31239,
        "recall_at_5": 0.37151,
        "recall_at_10": 0.46953,
        "recall_at_20": 0.5581,
        "recall_at_100": 0.7346,
        "recall_at_1000": 0.9224,
        "precision_at_1": 0.37346,
        "precision_at_3": 0.23148,
        "precision_at_5": 0.17222,
        "precision_at_10": 0.11343,
        "precision_at_20": 0.06836,
        "precision_at_100": 0.01858,
        "precision_at_1000": 0.00241,
        "mrr_at_1": 0.373457,
        "mrr_at_3": 0.440329,
        "mrr_at_5": 0.452752,
        "mrr_at_10": 0.466376,
        "mrr_at_20": 0.472076,
        "mrr_at_100": 0.475317,
        "mrr_at_1000": 0.475744,
        "nauc_ndcg_at_1_max": 0.366191,
        "nauc_ndcg_at_1_std": -0.015483,
        "nauc_ndcg_at_1_diff1": 0.396329,
        "nauc_ndcg_at_3_max": 0.347447,
        "nauc_ndcg_at_3_std": 0.000585,
        "nauc_ndcg_at_3_diff1": 0.326946,
        "nauc_ndcg_at_5_max": 0.331453,
        "nauc_ndcg_at_5_std": -0.009748,
        "nauc_ndcg_at_5_diff1": 0.318804,
        "nauc_ndcg_at_10_max": 0.321074,
        "nauc_ndcg_at_10_std": -0.009711,
        "nauc_ndcg_at_10_diff1": 0.305667,
        "nauc_ndcg_at_20_max": 0.333853,
        "nauc_ndcg_at_20_std": 0.008387,
        "nauc_ndcg_at_20_diff1": 0.300848,
        "nauc_ndcg_at_100_max": 0.355066,
        "nauc_ndcg_at_100_std": 0.040055,
        "nauc_ndcg_at_100_diff1": 0.295962,
        "nauc_ndcg_at_1000_max": 0.359791,
        "nauc_ndcg_at_1000_std": 0.031431,
        "nauc_ndcg_at_1000_diff1": 0.307854,
        "nauc_map_at_1_max": 0.245961,
        "nauc_map_at_1_std": -0.053709,
        "nauc_map_at_1_diff1": 0.382182,
        "nauc_map_at_3_max": 0.286127,
        "nauc_map_at_3_std": -0.026554,
        "nauc_map_at_3_diff1": 0.332282,
        "nauc_map_at_5_max": 0.303208,
        "nauc_map_at_5_std": -0.028351,
        "nauc_map_at_5_diff1": 0.328013,
        "nauc_map_at_10_max": 0.310921,
        "nauc_map_at_10_std": -0.027987,
        "nauc_map_at_10_diff1": 0.319601,
        "nauc_map_at_20_max": 0.318433,
        "nauc_map_at_20_std": -0.0198,
        "nauc_map_at_20_diff1": 0.318316,
        "nauc_map_at_100_max": 0.324675,
        "nauc_map_at_100_std": -0.01233,
        "nauc_map_at_100_diff1": 0.317845,
        "nauc_map_at_1000_max": 0.325345,
        "nauc_map_at_1000_std": -0.01217,
        "nauc_map_at_1000_diff1": 0.31826,
        "nauc_recall_at_1_max": 0.245961,
        "nauc_recall_at_1_std": -0.053709,
        "nauc_recall_at_1_diff1": 0.382182,
        "nauc_recall_at_3_max": 0.257305,
        "nauc_recall_at_3_std": 0.013717,
        "nauc_recall_at_3_diff1": 0.264721,
        "nauc_recall_at_5_max": 0.257387,
        "nauc_recall_at_5_std": 0.00071,
        "nauc_recall_at_5_diff1": 0.245542,
        "nauc_recall_at_10_max": 0.231529,
        "nauc_recall_at_10_std": -0.003824,
        "nauc_recall_at_10_diff1": 0.192227,
        "nauc_recall_at_20_max": 0.249453,
        "nauc_recall_at_20_std": 0.042297,
        "nauc_recall_at_20_diff1": 0.161387,
        "nauc_recall_at_100_max": 0.293356,
        "nauc_recall_at_100_std": 0.193636,
        "nauc_recall_at_100_diff1": 0.091355,
        "nauc_recall_at_1000_max": 0.350467,
        "nauc_recall_at_1000_std": 0.23983,
        "nauc_recall_at_1000_diff1": 0.106679,
        "nauc_precision_at_1_max": 0.366191,
        "nauc_precision_at_1_std": -0.015483,
        "nauc_precision_at_1_diff1": 0.396329,
        "nauc_precision_at_3_max": 0.362076,
        "nauc_precision_at_3_std": 0.028531,
        "nauc_precision_at_3_diff1": 0.224217,
        "nauc_precision_at_5_max": 0.360078,
        "nauc_precision_at_5_std": 0.030092,
        "nauc_precision_at_5_diff1": 0.179434,
        "nauc_precision_at_10_max": 0.345094,
        "nauc_precision_at_10_std": 0.053751,
        "nauc_precision_at_10_diff1": 0.120485,
        "nauc_precision_at_20_max": 0.355492,
        "nauc_precision_at_20_std": 0.113021,
        "nauc_precision_at_20_diff1": 0.086897,
        "nauc_precision_at_100_max": 0.335145,
        "nauc_precision_at_100_std": 0.173603,
        "nauc_precision_at_100_diff1": 0.020858,
        "nauc_precision_at_1000_max": 0.257649,
        "nauc_precision_at_1000_std": 0.124855,
        "nauc_precision_at_1000_diff1": -0.009663,
        "nauc_mrr_at_1_max": 0.366191,
        "nauc_mrr_at_1_std": -0.015483,
        "nauc_mrr_at_1_diff1": 0.396329,
        "nauc_mrr_at_3_max": 0.362663,
        "nauc_mrr_at_3_std": 0.007333,
        "nauc_mrr_at_3_diff1": 0.358834,
        "nauc_mrr_at_5_max": 0.360425,
        "nauc_mrr_at_5_std": 0.007511,
        "nauc_mrr_at_5_diff1": 0.351597,
        "nauc_mrr_at_10_max": 0.358329,
        "nauc_mrr_at_10_std": 0.00612,
        "nauc_mrr_at_10_diff1": 0.350885,
        "nauc_mrr_at_20_max": 0.361378,
        "nauc_mrr_at_20_std": 0.009199,
        "nauc_mrr_at_20_diff1": 0.350051,
        "nauc_mrr_at_100_max": 0.362268,
        "nauc_mrr_at_100_std": 0.011202,
        "nauc_mrr_at_100_diff1": 0.349413,
        "nauc_mrr_at_1000_max": 0.362251,
        "nauc_mrr_at_1000_std": 0.010863,
        "nauc_mrr_at_1000_diff1": 0.349841,
        "main_score": 0.39008,
        "hf_subset": "default",
        "languages": [
          "eng-Latn"
        ]
      }
    ]
  },
  "evaluation_time": 44.264897108078,
  "kg_co2_emissions": null
}