{
  "dataset_revision": "ec0fa4fe99da2ff19ca1214b7966684033a58814",
  "task_name": "NFCorpus",
  "mteb_version": "1.34.8",
  "scores": {
    "test": [
      {
        "ndcg_at_1": 0.3483,
        "ndcg_at_3": 0.32891,
        "ndcg_at_5": 0.31014,
        "ndcg_at_10": 0.28426,
        "ndcg_at_20": 0.26581,
        "ndcg_at_100": 0.27403,
        "ndcg_at_1000": 0.36307,
        "map_at_1": 0.04004,
        "map_at_3": 0.06605,
        "map_at_5": 0.07942,
        "map_at_10": 0.09507,
        "map_at_20": 0.10618,
        "map_at_100": 0.12569,
        "map_at_1000": 0.14058,
        "recall_at_1": 0.04004,
        "recall_at_3": 0.07592,
        "recall_at_5": 0.09924,
        "recall_at_10": 0.13556,
        "recall_at_20": 0.16807,
        "recall_at_100": 0.29502,
        "recall_at_1000": 0.61122,
        "precision_at_1": 0.36842,
        "precision_at_3": 0.31682,
        "precision_at_5": 0.27802,
        "precision_at_10": 0.21858,
        "precision_at_20": 0.16269,
        "precision_at_100": 0.07728,
        "precision_at_1000": 0.02067,
        "mrr_at_1": 0.368421,
        "mrr_at_3": 0.445304,
        "mrr_at_5": 0.457688,
        "mrr_at_10": 0.466126,
        "mrr_at_20": 0.469868,
        "mrr_at_100": 0.472571,
        "mrr_at_1000": 0.473047,
        "nauc_ndcg_at_1_max": 0.319166,
        "nauc_ndcg_at_1_std": 0.121375,
        "nauc_ndcg_at_1_diff1": 0.4083,
        "nauc_ndcg_at_3_max": 0.316959,
        "nauc_ndcg_at_3_std": 0.178684,
        "nauc_ndcg_at_3_diff1": 0.251878,
        "nauc_ndcg_at_5_max": 0.348119,
        "nauc_ndcg_at_5_std": 0.222093,
        "nauc_ndcg_at_5_diff1": 0.233036,
        "nauc_ndcg_at_10_max": 0.353205,
        "nauc_ndcg_at_10_std": 0.255674,
        "nauc_ndcg_at_10_diff1": 0.190104,
        "nauc_ndcg_at_20_max": 0.364138,
        "nauc_ndcg_at_20_std": 0.283322,
        "nauc_ndcg_at_20_diff1": 0.169002,
        "nauc_ndcg_at_100_max": 0.421845,
        "nauc_ndcg_at_100_std": 0.341371,
        "nauc_ndcg_at_100_diff1": 0.2043,
        "nauc_ndcg_at_1000_max": 0.49158,
        "nauc_ndcg_at_1000_std": 0.415527,
        "nauc_ndcg_at_1000_diff1": 0.225202,
        "nauc_map_at_1_max": 0.193818,
        "nauc_map_at_1_std": -0.021931,
        "nauc_map_at_1_diff1": 0.374471,
        "nauc_map_at_3_max": 0.173087,
        "nauc_map_at_3_std": -0.012817,
        "nauc_map_at_3_diff1": 0.284331,
        "nauc_map_at_5_max": 0.224461,
        "nauc_map_at_5_std": 0.028792,
        "nauc_map_at_5_diff1": 0.294543,
        "nauc_map_at_10_max": 0.272049,
        "nauc_map_at_10_std": 0.085028,
        "nauc_map_at_10_diff1": 0.266412,
        "nauc_map_at_20_max": 0.314313,
        "nauc_map_at_20_std": 0.139808,
        "nauc_map_at_20_diff1": 0.245313,
        "nauc_map_at_100_max": 0.346766,
        "nauc_map_at_100_std": 0.208303,
        "nauc_map_at_100_diff1": 0.225538,
        "nauc_map_at_1000_max": 0.351049,
        "nauc_map_at_1000_std": 0.246103,
        "nauc_map_at_1000_diff1": 0.207712,
        "nauc_recall_at_1_max": 0.193818,
        "nauc_recall_at_1_std": -0.021931,
        "nauc_recall_at_1_diff1": 0.374471,
        "nauc_recall_at_3_max": 0.135032,
        "nauc_recall_at_3_std": -0.025128,
        "nauc_recall_at_3_diff1": 0.225445,
        "nauc_recall_at_5_max": 0.195885,
        "nauc_recall_at_5_std": 0.0234,
        "nauc_recall_at_5_diff1": 0.233081,
        "nauc_recall_at_10_max": 0.201808,
        "nauc_recall_at_10_std": 0.057681,
        "nauc_recall_at_10_diff1": 0.178117,
        "nauc_recall_at_20_max": 0.272809,
        "nauc_recall_at_20_std": 0.165892,
        "nauc_recall_at_20_diff1": 0.181094,
        "nauc_recall_at_100_max": 0.310136,
        "nauc_recall_at_100_std": 0.305771,
        "nauc_recall_at_100_diff1": 0.126311,
        "nauc_recall_at_1000_max": 0.370168,
        "nauc_recall_at_1000_std": 0.37765,
        "nauc_recall_at_1000_diff1": 0.157752,
        "nauc_precision_at_1_max": 0.345767,
        "nauc_precision_at_1_std": 0.127912,
        "nauc_precision_at_1_diff1": 0.39511,
        "nauc_precision_at_3_max": 0.338548,
        "nauc_precision_at_3_std": 0.226063,
        "nauc_precision_at_3_diff1": 0.174873,
        "nauc_precision_at_5_max": 0.379305,
        "nauc_precision_at_5_std": 0.298864,
        "nauc_precision_at_5_diff1": 0.137787,
        "nauc_precision_at_10_max": 0.36736,
        "nauc_precision_at_10_std": 0.356377,
        "nauc_precision_at_10_diff1": 0.071562,
        "nauc_precision_at_20_max": 0.332021,
        "nauc_precision_at_20_std": 0.387058,
        "nauc_precision_at_20_diff1": -0.004316,
        "nauc_precision_at_100_max": 0.1983,
        "nauc_precision_at_100_std": 0.380598,
        "nauc_precision_at_100_diff1": -0.080462,
        "nauc_precision_at_1000_max": 0.026301,
        "nauc_precision_at_1000_std": 0.25199,
        "nauc_precision_at_1000_diff1": -0.122512,
        "nauc_mrr_at_1_max": 0.345767,
        "nauc_mrr_at_1_std": 0.127912,
        "nauc_mrr_at_1_diff1": 0.39511,
        "nauc_mrr_at_3_max": 0.376146,
        "nauc_mrr_at_3_std": 0.194494,
        "nauc_mrr_at_3_diff1": 0.333457,
        "nauc_mrr_at_5_max": 0.38344,
        "nauc_mrr_at_5_std": 0.203294,
        "nauc_mrr_at_5_diff1": 0.332092,
        "nauc_mrr_at_10_max": 0.387891,
        "nauc_mrr_at_10_std": 0.210824,
        "nauc_mrr_at_10_diff1": 0.330774,
        "nauc_mrr_at_20_max": 0.391493,
        "nauc_mrr_at_20_std": 0.217986,
        "nauc_mrr_at_20_diff1": 0.334151,
        "nauc_mrr_at_100_max": 0.392286,
        "nauc_mrr_at_100_std": 0.218056,
        "nauc_mrr_at_100_diff1": 0.333408,
        "nauc_mrr_at_1000_max": 0.392011,
        "nauc_mrr_at_1000_std": 0.217621,
        "nauc_mrr_at_1000_diff1": 0.333615,
        "main_score": 0.28426,
        "hf_subset": "default",
        "languages": [
          "eng-Latn"
        ]
      }
    ]
  },
  "evaluation_time": 5.591268062591553,
  "kg_co2_emissions": null
}