{
  "dataset_revision": "bb9466bac8153a0349341eb1b22e06409e78ef4e",
  "task_name": "TRECCOVID",
  "mteb_version": "1.34.8",
  "scores": {
    "test": [
      {
        "ndcg_at_1": 0.59,
        "ndcg_at_3": 0.5505,
        "ndcg_at_5": 0.53024,
        "ndcg_at_10": 0.48925,
        "ndcg_at_20": 0.4607,
        "ndcg_at_100": 0.37085,
        "ndcg_at_1000": 0.3678,
        "map_at_1": 0.00178,
        "map_at_3": 0.00455,
        "map_at_5": 0.00697,
        "map_at_10": 0.01199,
        "map_at_20": 0.02055,
        "map_at_100": 0.06126,
        "map_at_1000": 0.15301,
        "recall_at_1": 0.00178,
        "recall_at_3": 0.0048,
        "recall_at_5": 0.00786,
        "recall_at_10": 0.01436,
        "recall_at_20": 0.02613,
        "recall_at_100": 0.09266,
        "recall_at_1000": 0.35558,
        "precision_at_1": 0.64,
        "precision_at_3": 0.6,
        "precision_at_5": 0.568,
        "precision_at_10": 0.52,
        "precision_at_20": 0.49,
        "precision_at_100": 0.3806,
        "precision_at_1000": 0.16468,
        "mrr_at_1": 0.64,
        "mrr_at_3": 0.72,
        "mrr_at_5": 0.744,
        "mrr_at_10": 0.749333,
        "mrr_at_20": 0.751152,
        "mrr_at_100": 0.751152,
        "mrr_at_1000": 0.751298,
        "nauc_ndcg_at_1_max": 0.409779,
        "nauc_ndcg_at_1_std": 0.340336,
        "nauc_ndcg_at_1_diff1": 0.19573,
        "nauc_ndcg_at_3_max": 0.385759,
        "nauc_ndcg_at_3_std": 0.36409,
        "nauc_ndcg_at_3_diff1": 0.142667,
        "nauc_ndcg_at_5_max": 0.341522,
        "nauc_ndcg_at_5_std": 0.347745,
        "nauc_ndcg_at_5_diff1": 0.135911,
        "nauc_ndcg_at_10_max": 0.402945,
        "nauc_ndcg_at_10_std": 0.460364,
        "nauc_ndcg_at_10_diff1": 0.054367,
        "nauc_ndcg_at_20_max": 0.462398,
        "nauc_ndcg_at_20_std": 0.520183,
        "nauc_ndcg_at_20_diff1": -0.00539,
        "nauc_ndcg_at_100_max": 0.530317,
        "nauc_ndcg_at_100_std": 0.589606,
        "nauc_ndcg_at_100_diff1": -0.020623,
        "nauc_ndcg_at_1000_max": 0.560476,
        "nauc_ndcg_at_1000_std": 0.595544,
        "nauc_ndcg_at_1000_diff1": -0.118961,
        "nauc_map_at_1_max": 0.076955,
        "nauc_map_at_1_std": 0.159589,
        "nauc_map_at_1_diff1": 0.05725,
        "nauc_map_at_3_max": 0.139757,
        "nauc_map_at_3_std": 0.235798,
        "nauc_map_at_3_diff1": 0.017179,
        "nauc_map_at_5_max": 0.140755,
        "nauc_map_at_5_std": 0.251203,
        "nauc_map_at_5_diff1": -0.017038,
        "nauc_map_at_10_max": 0.198044,
        "nauc_map_at_10_std": 0.347218,
        "nauc_map_at_10_diff1": -0.115046,
        "nauc_map_at_20_max": 0.288336,
        "nauc_map_at_20_std": 0.42473,
        "nauc_map_at_20_diff1": -0.122469,
        "nauc_map_at_100_max": 0.530624,
        "nauc_map_at_100_std": 0.631803,
        "nauc_map_at_100_diff1": -0.101898,
        "nauc_map_at_1000_max": 0.618781,
        "nauc_map_at_1000_std": 0.643996,
        "nauc_map_at_1000_diff1": -0.123017,
        "nauc_recall_at_1_max": 0.076955,
        "nauc_recall_at_1_std": 0.159589,
        "nauc_recall_at_1_diff1": 0.05725,
        "nauc_recall_at_3_max": 0.107693,
        "nauc_recall_at_3_std": 0.222755,
        "nauc_recall_at_3_diff1": 0.012695,
        "nauc_recall_at_5_max": 0.072008,
        "nauc_recall_at_5_std": 0.204337,
        "nauc_recall_at_5_diff1": -0.03131,
        "nauc_recall_at_10_max": 0.154611,
        "nauc_recall_at_10_std": 0.350545,
        "nauc_recall_at_10_diff1": -0.142598,
        "nauc_recall_at_20_max": 0.237159,
        "nauc_recall_at_20_std": 0.410278,
        "nauc_recall_at_20_diff1": -0.148942,
        "nauc_recall_at_100_max": 0.484863,
        "nauc_recall_at_100_std": 0.629819,
        "nauc_recall_at_100_diff1": -0.133933,
        "nauc_recall_at_1000_max": 0.560452,
        "nauc_recall_at_1000_std": 0.566559,
        "nauc_recall_at_1000_diff1": -0.145652,
        "nauc_precision_at_1_max": 0.405288,
        "nauc_precision_at_1_std": 0.283178,
        "nauc_precision_at_1_diff1": 0.294578,
        "nauc_precision_at_3_max": 0.347062,
        "nauc_precision_at_3_std": 0.299532,
        "nauc_precision_at_3_diff1": 0.19103,
        "nauc_precision_at_5_max": 0.301609,
        "nauc_precision_at_5_std": 0.264155,
        "nauc_precision_at_5_diff1": 0.134358,
        "nauc_precision_at_10_max": 0.378389,
        "nauc_precision_at_10_std": 0.437417,
        "nauc_precision_at_10_diff1": -0.033849,
        "nauc_precision_at_20_max": 0.469185,
        "nauc_precision_at_20_std": 0.492034,
        "nauc_precision_at_20_diff1": -0.08541,
        "nauc_precision_at_100_max": 0.558294,
        "nauc_precision_at_100_std": 0.574571,
        "nauc_precision_at_100_diff1": -0.039786,
        "nauc_precision_at_1000_max": 0.486954,
        "nauc_precision_at_1000_std": 0.309122,
        "nauc_precision_at_1000_diff1": -0.084035,
        "nauc_mrr_at_1_max": 0.405288,
        "nauc_mrr_at_1_std": 0.283178,
        "nauc_mrr_at_1_diff1": 0.294578,
        "nauc_mrr_at_3_max": 0.336978,
        "nauc_mrr_at_3_std": 0.231239,
        "nauc_mrr_at_3_diff1": 0.335413,
        "nauc_mrr_at_5_max": 0.342356,
        "nauc_mrr_at_5_std": 0.223923,
        "nauc_mrr_at_5_diff1": 0.333292,
        "nauc_mrr_at_10_max": 0.350396,
        "nauc_mrr_at_10_std": 0.262236,
        "nauc_mrr_at_10_diff1": 0.329232,
        "nauc_mrr_at_20_max": 0.363392,
        "nauc_mrr_at_20_std": 0.255853,
        "nauc_mrr_at_20_diff1": 0.32456,
        "nauc_mrr_at_100_max": 0.363392,
        "nauc_mrr_at_100_std": 0.255853,
        "nauc_mrr_at_100_diff1": 0.32456,
        "nauc_mrr_at_1000_max": 0.363143,
        "nauc_mrr_at_1000_std": 0.255427,
        "nauc_mrr_at_1000_diff1": 0.3247,
        "main_score": 0.48925,
        "hf_subset": "default",
        "languages": [
          "eng-Latn"
        ]
      }
    ]
  },
  "evaluation_time": 172.17392230033875,
  "kg_co2_emissions": null
}