{
  "dataset_revision": "f22508f96b7a36c2415181ed8bb76f76e04ae2d5",
  "task_name": "AppsRetrieval",
  "mteb_version": "1.34.8",
  "scores": {
    "test": [
      {
        "ndcg_at_1": 0.04861,
        "ndcg_at_3": 0.06376,
        "ndcg_at_5": 0.06942,
        "ndcg_at_10": 0.07718,
        "ndcg_at_20": 0.086,
        "ndcg_at_100": 0.10787,
        "ndcg_at_1000": 0.14445,
        "map_at_1": 0.04861,
        "map_at_3": 0.05985,
        "map_at_5": 0.06304,
        "map_at_10": 0.06621,
        "map_at_20": 0.0686,
        "map_at_100": 0.07139,
        "map_at_1000": 0.07243,
        "recall_at_1": 0.04861,
        "recall_at_3": 0.07517,
        "recall_at_5": 0.08871,
        "recall_at_10": 0.11288,
        "recall_at_20": 0.14794,
        "recall_at_100": 0.26932,
        "recall_at_1000": 0.57742,
        "precision_at_1": 0.04861,
        "precision_at_3": 0.02506,
        "precision_at_5": 0.01774,
        "precision_at_10": 0.01129,
        "precision_at_20": 0.0074,
        "precision_at_100": 0.00269,
        "precision_at_1000": 0.00058,
        "mrr_at_1": 0.048606,
        "mrr_at_3": 0.059849,
        "mrr_at_5": 0.063037,
        "mrr_at_10": 0.066208,
        "mrr_at_20": 0.068598,
        "mrr_at_100": 0.071393,
        "mrr_at_1000": 0.072426,
        "nauc_ndcg_at_1_max": 0.411649,
        "nauc_ndcg_at_1_std": 0.041087,
        "nauc_ndcg_at_1_diff1": 0.322975,
        "nauc_ndcg_at_3_max": 0.419472,
        "nauc_ndcg_at_3_std": 0.073162,
        "nauc_ndcg_at_3_diff1": 0.262691,
        "nauc_ndcg_at_5_max": 0.401752,
        "nauc_ndcg_at_5_std": 0.074259,
        "nauc_ndcg_at_5_diff1": 0.240538,
        "nauc_ndcg_at_10_max": 0.389629,
        "nauc_ndcg_at_10_std": 0.079626,
        "nauc_ndcg_at_10_diff1": 0.223905,
        "nauc_ndcg_at_20_max": 0.371699,
        "nauc_ndcg_at_20_std": 0.075804,
        "nauc_ndcg_at_20_diff1": 0.204824,
        "nauc_ndcg_at_100_max": 0.344558,
        "nauc_ndcg_at_100_std": 0.080839,
        "nauc_ndcg_at_100_diff1": 0.171947,
        "nauc_ndcg_at_1000_max": 0.339903,
        "nauc_ndcg_at_1000_std": 0.090089,
        "nauc_ndcg_at_1000_diff1": 0.156898,
        "nauc_map_at_1_max": 0.411649,
        "nauc_map_at_1_std": 0.041087,
        "nauc_map_at_1_diff1": 0.322975,
        "nauc_map_at_3_max": 0.419097,
        "nauc_map_at_3_std": 0.066866,
        "nauc_map_at_3_diff1": 0.275369,
        "nauc_map_at_5_max": 0.408258,
        "nauc_map_at_5_std": 0.067984,
        "nauc_map_at_5_diff1": 0.261031,
        "nauc_map_at_10_max": 0.402183,
        "nauc_map_at_10_std": 0.070481,
        "nauc_map_at_10_diff1": 0.252399,
        "nauc_map_at_20_max": 0.395721,
        "nauc_map_at_20_std": 0.069314,
        "nauc_map_at_20_diff1": 0.245389,
        "nauc_map_at_100_max": 0.390371,
        "nauc_map_at_100_std": 0.070209,
        "nauc_map_at_100_diff1": 0.238802,
        "nauc_map_at_1000_max": 0.390084,
        "nauc_map_at_1000_std": 0.07084,
        "nauc_map_at_1000_diff1": 0.237966,
        "nauc_recall_at_1_max": 0.411649,
        "nauc_recall_at_1_std": 0.041087,
        "nauc_recall_at_1_diff1": 0.322975,
        "nauc_recall_at_3_max": 0.419951,
        "nauc_recall_at_3_std": 0.087633,
        "nauc_recall_at_3_diff1": 0.233275,
        "nauc_recall_at_5_max": 0.386298,
        "nauc_recall_at_5_std": 0.087125,
        "nauc_recall_at_5_diff1": 0.196141,
        "nauc_recall_at_10_max": 0.363042,
        "nauc_recall_at_10_std": 0.097374,
        "nauc_recall_at_10_diff1": 0.167917,
        "nauc_recall_at_20_max": 0.324535,
        "nauc_recall_at_20_std": 0.085277,
        "nauc_recall_at_20_diff1": 0.130888,
        "nauc_recall_at_100_max": 0.265879,
        "nauc_recall_at_100_std": 0.096561,
        "nauc_recall_at_100_diff1": 0.064167,
        "nauc_recall_at_1000_max": 0.246651,
        "nauc_recall_at_1000_std": 0.129167,
        "nauc_recall_at_1000_diff1": 0.003871,
        "nauc_precision_at_1_max": 0.411649,
        "nauc_precision_at_1_std": 0.041087,
        "nauc_precision_at_1_diff1": 0.322975,
        "nauc_precision_at_3_max": 0.419951,
        "nauc_precision_at_3_std": 0.087633,
        "nauc_precision_at_3_diff1": 0.233275,
        "nauc_precision_at_5_max": 0.386298,
        "nauc_precision_at_5_std": 0.087125,
        "nauc_precision_at_5_diff1": 0.196141,
        "nauc_precision_at_10_max": 0.363042,
        "nauc_precision_at_10_std": 0.097374,
        "nauc_precision_at_10_diff1": 0.167917,
        "nauc_precision_at_20_max": 0.324535,
        "nauc_precision_at_20_std": 0.085277,
        "nauc_precision_at_20_diff1": 0.130888,
        "nauc_precision_at_100_max": 0.265879,
        "nauc_precision_at_100_std": 0.096561,
        "nauc_precision_at_100_diff1": 0.064167,
        "nauc_precision_at_1000_max": 0.246651,
        "nauc_precision_at_1000_std": 0.129167,
        "nauc_precision_at_1000_diff1": 0.003871,
        "nauc_mrr_at_1_max": 0.411649,
        "nauc_mrr_at_1_std": 0.041087,
        "nauc_mrr_at_1_diff1": 0.322975,
        "nauc_mrr_at_3_max": 0.419097,
        "nauc_mrr_at_3_std": 0.066866,
        "nauc_mrr_at_3_diff1": 0.275369,
        "nauc_mrr_at_5_max": 0.408258,
        "nauc_mrr_at_5_std": 0.067984,
        "nauc_mrr_at_5_diff1": 0.261031,
        "nauc_mrr_at_10_max": 0.402183,
        "nauc_mrr_at_10_std": 0.070481,
        "nauc_mrr_at_10_diff1": 0.252399,
        "nauc_mrr_at_20_max": 0.395721,
        "nauc_mrr_at_20_std": 0.069314,
        "nauc_mrr_at_20_diff1": 0.245389,
        "nauc_mrr_at_100_max": 0.390371,
        "nauc_mrr_at_100_std": 0.070209,
        "nauc_mrr_at_100_diff1": 0.238802,
        "nauc_mrr_at_1000_max": 0.390084,
        "nauc_mrr_at_1000_std": 0.07084,
        "nauc_mrr_at_1000_diff1": 0.237966,
        "main_score": 0.07718,
        "hf_subset": "default",
        "languages": [
          "eng-Latn",
          "python-Code"
        ]
      }
    ]
  },
  "evaluation_time": 197.1211507320404,
  "kg_co2_emissions": null
}