{
  "dataset_revision": "c22ab2a51041ffd869aaddef7af8d8215647e41a",
  "task_name": "ArguAna",
  "mteb_version": "1.34.8",
  "scores": {
    "test": [
      {
        "ndcg_at_1": 0.18777,
        "ndcg_at_3": 0.31842,
        "ndcg_at_5": 0.37571,
        "ndcg_at_10": 0.43811,
        "ndcg_at_20": 0.47608,
        "ndcg_at_100": 0.4932,
        "ndcg_at_1000": 0.49475,
        "map_at_1": 0.18777,
        "map_at_3": 0.28509,
        "map_at_5": 0.31681,
        "map_at_10": 0.34206,
        "map_at_20": 0.35277,
        "map_at_100": 0.35554,
        "map_at_1000": 0.35562,
        "recall_at_1": 0.18777,
        "recall_at_3": 0.41536,
        "recall_at_5": 0.55477,
        "recall_at_10": 0.75036,
        "recall_at_20": 0.89829,
        "recall_at_100": 0.98506,
        "recall_at_1000": 0.99644,
        "precision_at_1": 0.18777,
        "precision_at_3": 0.13845,
        "precision_at_5": 0.11095,
        "precision_at_10": 0.07504,
        "precision_at_20": 0.04491,
        "precision_at_100": 0.00985,
        "precision_at_1000": 0.001,
        "mrr_at_1": 0.190612,
        "mrr_at_3": 0.286036,
        "mrr_at_5": 0.317793,
        "mrr_at_10": 0.342969,
        "mrr_at_20": 0.353879,
        "mrr_at_100": 0.356649,
        "mrr_at_1000": 0.356724,
        "nauc_ndcg_at_1_max": -0.143551,
        "nauc_ndcg_at_1_std": -0.183766,
        "nauc_ndcg_at_1_diff1": 0.047428,
        "nauc_ndcg_at_3_max": -0.131516,
        "nauc_ndcg_at_3_std": -0.213199,
        "nauc_ndcg_at_3_diff1": 0.019321,
        "nauc_ndcg_at_5_max": -0.127164,
        "nauc_ndcg_at_5_std": -0.214552,
        "nauc_ndcg_at_5_diff1": 0.023354,
        "nauc_ndcg_at_10_max": -0.12055,
        "nauc_ndcg_at_10_std": -0.218152,
        "nauc_ndcg_at_10_diff1": 0.01442,
        "nauc_ndcg_at_20_max": -0.112352,
        "nauc_ndcg_at_20_std": -0.212706,
        "nauc_ndcg_at_20_diff1": 0.01282,
        "nauc_ndcg_at_100_max": -0.120181,
        "nauc_ndcg_at_100_std": -0.202652,
        "nauc_ndcg_at_100_diff1": 0.020887,
        "nauc_ndcg_at_1000_max": -0.122897,
        "nauc_ndcg_at_1000_std": -0.206037,
        "nauc_ndcg_at_1000_diff1": 0.020526,
        "nauc_map_at_1_max": -0.143551,
        "nauc_map_at_1_std": -0.183766,
        "nauc_map_at_1_diff1": 0.047428,
        "nauc_map_at_3_max": -0.134746,
        "nauc_map_at_3_std": -0.207117,
        "nauc_map_at_3_diff1": 0.024347,
        "nauc_map_at_5_max": -0.132021,
        "nauc_map_at_5_std": -0.207662,
        "nauc_map_at_5_diff1": 0.026039,
        "nauc_map_at_10_max": -0.129261,
        "nauc_map_at_10_std": -0.208561,
        "nauc_map_at_10_diff1": 0.02296,
        "nauc_map_at_20_max": -0.127788,
        "nauc_map_at_20_std": -0.207406,
        "nauc_map_at_20_diff1": 0.022629,
        "nauc_map_at_100_max": -0.128808,
        "nauc_map_at_100_std": -0.205891,
        "nauc_map_at_100_diff1": 0.023994,
        "nauc_map_at_1000_max": -0.128896,
        "nauc_map_at_1000_std": -0.206014,
        "nauc_map_at_1000_diff1": 0.023996,
        "nauc_recall_at_1_max": -0.143551,
        "nauc_recall_at_1_std": -0.183766,
        "nauc_recall_at_1_diff1": 0.047428,
        "nauc_recall_at_3_max": -0.123098,
        "nauc_recall_at_3_std": -0.22853,
        "nauc_recall_at_3_diff1": 0.00694,
        "nauc_recall_at_5_max": -0.113535,
        "nauc_recall_at_5_std": -0.233419,
        "nauc_recall_at_5_diff1": 0.017847,
        "nauc_recall_at_10_max": -0.083716,
        "nauc_recall_at_10_std": -0.257756,
        "nauc_recall_at_10_diff1": -0.02192,
        "nauc_recall_at_20_max": 0.045375,
        "nauc_recall_at_20_std": -0.242791,
        "nauc_recall_at_20_diff1": -0.075963,
        "nauc_recall_at_100_max": 0.29339,
        "nauc_recall_at_100_std": 0.353529,
        "nauc_recall_at_100_diff1": -0.002116,
        "nauc_recall_at_1000_max": 0.242175,
        "nauc_recall_at_1000_std": 0.466434,
        "nauc_recall_at_1000_diff1": -0.308343,
        "nauc_precision_at_1_max": -0.143551,
        "nauc_precision_at_1_std": -0.183766,
        "nauc_precision_at_1_diff1": 0.047428,
        "nauc_precision_at_3_max": -0.123098,
        "nauc_precision_at_3_std": -0.22853,
        "nauc_precision_at_3_diff1": 0.00694,
        "nauc_precision_at_5_max": -0.113535,
        "nauc_precision_at_5_std": -0.233419,
        "nauc_precision_at_5_diff1": 0.017847,
        "nauc_precision_at_10_max": -0.083716,
        "nauc_precision_at_10_std": -0.257756,
        "nauc_precision_at_10_diff1": -0.02192,
        "nauc_precision_at_20_max": 0.045375,
        "nauc_precision_at_20_std": -0.242791,
        "nauc_precision_at_20_diff1": -0.075963,
        "nauc_precision_at_100_max": 0.29339,
        "nauc_precision_at_100_std": 0.353529,
        "nauc_precision_at_100_diff1": -0.002116,
        "nauc_precision_at_1000_max": 0.242175,
        "nauc_precision_at_1000_std": 0.466434,
        "nauc_precision_at_1000_diff1": -0.308343,
        "nauc_mrr_at_1_max": -0.142367,
        "nauc_mrr_at_1_std": -0.177451,
        "nauc_mrr_at_1_diff1": 0.036651,
        "nauc_mrr_at_3_max": -0.138242,
        "nauc_mrr_at_3_std": -0.204551,
        "nauc_mrr_at_3_diff1": 0.015449,
        "nauc_mrr_at_5_max": -0.135705,
        "nauc_mrr_at_5_std": -0.205113,
        "nauc_mrr_at_5_diff1": 0.017547,
        "nauc_mrr_at_10_max": -0.133063,
        "nauc_mrr_at_10_std": -0.206057,
        "nauc_mrr_at_10_diff1": 0.013894,
        "nauc_mrr_at_20_max": -0.131174,
        "nauc_mrr_at_20_std": -0.205103,
        "nauc_mrr_at_20_diff1": 0.01421,
        "nauc_mrr_at_100_max": -0.132227,
        "nauc_mrr_at_100_std": -0.203575,
        "nauc_mrr_at_100_diff1": 0.015479,
        "nauc_mrr_at_1000_max": -0.132316,
        "nauc_mrr_at_1000_std": -0.203696,
        "nauc_mrr_at_1000_diff1": 0.015479,
        "main_score": 0.43811,
        "hf_subset": "default",
        "languages": [
          "eng-Latn"
        ]
      }
    ]
  },
  "evaluation_time": 163.80531477928162,
  "kg_co2_emissions": null
}