{
  "dataset_revision": "5d958fb6b31055495347724d46431ba41309b03a",
  "task_name": "ChemNQRetrieval",
  "mteb_version": "1.34.8",
  "scores": {
    "test": [
      {
        "ndcg_at_1": 0.18519,
        "ndcg_at_3": 0.29167,
        "ndcg_at_5": 0.36038,
        "ndcg_at_10": 0.40158,
        "ndcg_at_20": 0.45219,
        "ndcg_at_100": 0.4807,
        "ndcg_at_1000": 0.48567,
        "map_at_1": 0.16667,
        "map_at_3": 0.25926,
        "map_at_5": 0.29537,
        "map_at_10": 0.3183,
        "map_at_20": 0.33365,
        "map_at_100": 0.33913,
        "map_at_1000": 0.33934,
        "recall_at_1": 0.16667,
        "recall_at_3": 0.37037,
        "recall_at_5": 0.53704,
        "recall_at_10": 0.64815,
        "recall_at_20": 0.82099,
        "recall_at_100": 0.96296,
        "recall_at_1000": 1.0,
        "precision_at_1": 0.18519,
        "precision_at_3": 0.14815,
        "precision_at_5": 0.12593,
        "precision_at_10": 0.07778,
        "precision_at_20": 0.0537,
        "precision_at_100": 0.01259,
        "precision_at_1000": 0.0013,
        "mrr_at_1": 0.185185,
        "mrr_at_3": 0.271605,
        "mrr_at_5": 0.312346,
        "mrr_at_10": 0.32381,
        "mrr_at_20": 0.337266,
        "mrr_at_100": 0.340004,
        "mrr_at_1000": 0.340217,
        "nauc_ndcg_at_1_max": 0.164135,
        "nauc_ndcg_at_1_std": -0.231492,
        "nauc_ndcg_at_1_diff1": -0.04252,
        "nauc_ndcg_at_3_max": 0.177468,
        "nauc_ndcg_at_3_std": -0.399258,
        "nauc_ndcg_at_3_diff1": -0.021715,
        "nauc_ndcg_at_5_max": 0.341276,
        "nauc_ndcg_at_5_std": -0.457836,
        "nauc_ndcg_at_5_diff1": -0.033746,
        "nauc_ndcg_at_10_max": 0.317505,
        "nauc_ndcg_at_10_std": -0.448868,
        "nauc_ndcg_at_10_diff1": -0.015621,
        "nauc_ndcg_at_20_max": 0.339543,
        "nauc_ndcg_at_20_std": -0.366175,
        "nauc_ndcg_at_20_diff1": 0.019537,
        "nauc_ndcg_at_100_max": 0.264603,
        "nauc_ndcg_at_100_std": -0.333592,
        "nauc_ndcg_at_100_diff1": 0.002093,
        "nauc_ndcg_at_1000_max": 0.254925,
        "nauc_ndcg_at_1000_std": -0.352363,
        "nauc_ndcg_at_1000_diff1": -0.016169,
        "nauc_map_at_1_max": 0.16575,
        "nauc_map_at_1_std": -0.243339,
        "nauc_map_at_1_diff1": 0.015588,
        "nauc_map_at_3_max": 0.170093,
        "nauc_map_at_3_std": -0.35987,
        "nauc_map_at_3_diff1": -0.014342,
        "nauc_map_at_5_max": 0.257194,
        "nauc_map_at_5_std": -0.388008,
        "nauc_map_at_5_diff1": -0.019415,
        "nauc_map_at_10_max": 0.243271,
        "nauc_map_at_10_std": -0.386098,
        "nauc_map_at_10_diff1": -0.022496,
        "nauc_map_at_20_max": 0.246918,
        "nauc_map_at_20_std": -0.366658,
        "nauc_map_at_20_diff1": -0.007699,
        "nauc_map_at_100_max": 0.232828,
        "nauc_map_at_100_std": -0.358867,
        "nauc_map_at_100_diff1": -0.015184,
        "nauc_map_at_1000_max": 0.232465,
        "nauc_map_at_1000_std": -0.359544,
        "nauc_map_at_1000_diff1": -0.015838,
        "nauc_recall_at_1_max": 0.16575,
        "nauc_recall_at_1_std": -0.243339,
        "nauc_recall_at_1_diff1": 0.015588,
        "nauc_recall_at_3_max": 0.198894,
        "nauc_recall_at_3_std": -0.494235,
        "nauc_recall_at_3_diff1": -0.009436,
        "nauc_recall_at_5_max": 0.568271,
        "nauc_recall_at_5_std": -0.610227,
        "nauc_recall_at_5_diff1": -0.055297,
        "nauc_recall_at_10_max": 0.551916,
        "nauc_recall_at_10_std": -0.611839,
        "nauc_recall_at_10_diff1": 0.020219,
        "nauc_recall_at_20_max": 0.944818,
        "nauc_recall_at_20_std": -0.363874,
        "nauc_recall_at_20_diff1": 0.248291,
        "nauc_recall_at_100_max": 0.723262,
        "nauc_recall_at_100_std": 0.556079,
        "nauc_recall_at_100_diff1": 0.867647,
        "nauc_recall_at_1000_max": NaN,
        "nauc_recall_at_1000_std": NaN,
        "nauc_recall_at_1000_diff1": NaN,
        "nauc_precision_at_1_max": 0.164135,
        "nauc_precision_at_1_std": -0.231492,
        "nauc_precision_at_1_diff1": -0.04252,
        "nauc_precision_at_3_max": 0.181958,
        "nauc_precision_at_3_std": -0.43894,
        "nauc_precision_at_3_diff1": -0.144914,
        "nauc_precision_at_5_max": 0.547676,
        "nauc_precision_at_5_std": -0.610654,
        "nauc_precision_at_5_diff1": -0.175385,
        "nauc_precision_at_10_max": 0.374793,
        "nauc_precision_at_10_std": -0.446826,
        "nauc_precision_at_10_diff1": -0.147665,
        "nauc_precision_at_20_max": 0.257711,
        "nauc_precision_at_20_std": 0.13618,
        "nauc_precision_at_20_diff1": -0.118964,
        "nauc_precision_at_100_max": -0.141195,
        "nauc_precision_at_100_std": 0.487786,
        "nauc_precision_at_100_diff1": -0.180607,
        "nauc_precision_at_1000_max": -0.223443,
        "nauc_precision_at_1000_std": 0.481289,
        "nauc_precision_at_1000_diff1": -0.280342,
        "nauc_mrr_at_1_max": 0.164135,
        "nauc_mrr_at_1_std": -0.231492,
        "nauc_mrr_at_1_diff1": -0.04252,
        "nauc_mrr_at_3_max": 0.169252,
        "nauc_mrr_at_3_std": -0.364814,
        "nauc_mrr_at_3_diff1": -0.042386,
        "nauc_mrr_at_5_max": 0.266897,
        "nauc_mrr_at_5_std": -0.409846,
        "nauc_mrr_at_5_diff1": -0.039904,
        "nauc_mrr_at_10_max": 0.254856,
        "nauc_mrr_at_10_std": -0.402816,
        "nauc_mrr_at_10_diff1": -0.015906,
        "nauc_mrr_at_20_max": 0.246504,
        "nauc_mrr_at_20_std": -0.369632,
        "nauc_mrr_at_20_diff1": -0.010337,
        "nauc_mrr_at_100_max": 0.240194,
        "nauc_mrr_at_100_std": -0.372686,
        "nauc_mrr_at_100_diff1": -0.012578,
        "nauc_mrr_at_1000_max": 0.239838,
        "nauc_mrr_at_1000_std": -0.373371,
        "nauc_mrr_at_1000_diff1": -0.013227,
        "main_score": 0.40158,
        "hf_subset": "default",
        "languages": [
          "eng-Latn"
        ]
      }
    ]
  },
  "evaluation_time": 237.86326098442078,
  "kg_co2_emissions": null
}