{
  "dataset_revision": "4adc7bc41202b5c13543c9c886a25f340634dab3",
  "task_name": "COIRCodeSearchNetRetrieval",
  "mteb_version": "1.34.8",
  "scores": {
    "test": [
      {
        "ndcg_at_1": 0.80567,
        "ndcg_at_3": 0.85599,
        "ndcg_at_5": 0.8654,
        "ndcg_at_10": 0.87341,
        "ndcg_at_20": 0.87846,
        "ndcg_at_100": 0.88306,
        "ndcg_at_1000": 0.88478,
        "map_at_1": 0.80567,
        "map_at_3": 0.84398,
        "map_at_5": 0.84921,
        "map_at_10": 0.85259,
        "map_at_20": 0.854,
        "map_at_100": 0.85466,
        "map_at_1000": 0.85473,
        "recall_at_1": 0.80567,
        "recall_at_3": 0.8906,
        "recall_at_5": 0.91339,
        "recall_at_10": 0.93779,
        "recall_at_20": 0.95757,
        "recall_at_100": 0.9821,
        "recall_at_1000": 0.99551,
        "precision_at_1": 0.80567,
        "precision_at_3": 0.29687,
        "precision_at_5": 0.18268,
        "precision_at_10": 0.09378,
        "precision_at_20": 0.04788,
        "precision_at_100": 0.00982,
        "precision_at_1000": 0.001,
        "mrr_at_1": 0.805537,
        "mrr_at_3": 0.843913,
        "mrr_at_5": 0.849145,
        "mrr_at_10": 0.852523,
        "mrr_at_20": 0.853936,
        "mrr_at_100": 0.854593,
        "mrr_at_1000": 0.854661,
        "nauc_ndcg_at_1_max": 0.697095,
        "nauc_ndcg_at_1_std": -0.082956,
        "nauc_ndcg_at_1_diff1": 0.867425,
        "nauc_ndcg_at_3_max": 0.725202,
        "nauc_ndcg_at_3_std": -0.079254,
        "nauc_ndcg_at_3_diff1": 0.849015,
        "nauc_ndcg_at_5_max": 0.725509,
        "nauc_ndcg_at_5_std": -0.074116,
        "nauc_ndcg_at_5_diff1": 0.846835,
        "nauc_ndcg_at_10_max": 0.7264,
        "nauc_ndcg_at_10_std": -0.069959,
        "nauc_ndcg_at_10_diff1": 0.84952,
        "nauc_ndcg_at_20_max": 0.724866,
        "nauc_ndcg_at_20_std": -0.066897,
        "nauc_ndcg_at_20_diff1": 0.850322,
        "nauc_ndcg_at_100_max": 0.72424,
        "nauc_ndcg_at_100_std": -0.065102,
        "nauc_ndcg_at_100_diff1": 0.851788,
        "nauc_ndcg_at_1000_max": 0.722484,
        "nauc_ndcg_at_1000_std": -0.067971,
        "nauc_ndcg_at_1000_diff1": 0.852285,
        "nauc_map_at_1_max": 0.697095,
        "nauc_map_at_1_std": -0.082956,
        "nauc_map_at_1_diff1": 0.867425,
        "nauc_map_at_3_max": 0.718165,
        "nauc_map_at_3_std": -0.080606,
        "nauc_map_at_3_diff1": 0.854325,
        "nauc_map_at_5_max": 0.718089,
        "nauc_map_at_5_std": -0.077887,
        "nauc_map_at_5_diff1": 0.853322,
        "nauc_map_at_10_max": 0.71829,
        "nauc_map_at_10_std": -0.076354,
        "nauc_map_at_10_diff1": 0.854472,
        "nauc_map_at_20_max": 0.717819,
        "nauc_map_at_20_std": -0.075724,
        "nauc_map_at_20_diff1": 0.854717,
        "nauc_map_at_100_max": 0.717756,
        "nauc_map_at_100_std": -0.075446,
        "nauc_map_at_100_diff1": 0.854899,
        "nauc_map_at_1000_max": 0.7177,
        "nauc_map_at_1000_std": -0.075517,
        "nauc_map_at_1000_diff1": 0.854915,
        "nauc_recall_at_1_max": 0.697095,
        "nauc_recall_at_1_std": -0.082956,
        "nauc_recall_at_1_diff1": 0.867425,
        "nauc_recall_at_3_max": 0.752403,
        "nauc_recall_at_3_std": -0.073744,
        "nauc_recall_at_3_diff1": 0.828021,
        "nauc_recall_at_5_max": 0.760209,
        "nauc_recall_at_5_std": -0.055104,
        "nauc_recall_at_5_diff1": 0.815549,
        "nauc_recall_at_10_max": 0.778476,
        "nauc_recall_at_10_std": -0.024245,
        "nauc_recall_at_10_diff1": 0.819017,
        "nauc_recall_at_20_max": 0.786985,
        "nauc_recall_at_20_std": 0.030341,
        "nauc_recall_at_20_diff1": 0.813254,
        "nauc_recall_at_100_max": 0.846614,
        "nauc_recall_at_100_std": 0.2112,
        "nauc_recall_at_100_diff1": 0.811963,
        "nauc_recall_at_1000_max": 0.874206,
        "nauc_recall_at_1000_std": 0.44726,
        "nauc_recall_at_1000_diff1": 0.788946,
        "nauc_precision_at_1_max": 0.697095,
        "nauc_precision_at_1_std": -0.082956,
        "nauc_precision_at_1_diff1": 0.867425,
        "nauc_precision_at_3_max": 0.752403,
        "nauc_precision_at_3_std": -0.073744,
        "nauc_precision_at_3_diff1": 0.828021,
        "nauc_precision_at_5_max": 0.760209,
        "nauc_precision_at_5_std": -0.055104,
        "nauc_precision_at_5_diff1": 0.815549,
        "nauc_precision_at_10_max": 0.778476,
        "nauc_precision_at_10_std": -0.024245,
        "nauc_precision_at_10_diff1": 0.819017,
        "nauc_precision_at_20_max": 0.786985,
        "nauc_precision_at_20_std": 0.030341,
        "nauc_precision_at_20_diff1": 0.813254,
        "nauc_precision_at_100_max": 0.846614,
        "nauc_precision_at_100_std": 0.2112,
        "nauc_precision_at_100_diff1": 0.811963,
        "nauc_precision_at_1000_max": 0.874206,
        "nauc_precision_at_1000_std": 0.44726,
        "nauc_precision_at_1000_diff1": 0.788946,
        "nauc_mrr_at_1_max": 0.696593,
        "nauc_mrr_at_1_std": -0.083498,
        "nauc_mrr_at_1_diff1": 0.867606,
        "nauc_mrr_at_3_max": 0.71785,
        "nauc_mrr_at_3_std": -0.080939,
        "nauc_mrr_at_3_diff1": 0.854441,
        "nauc_mrr_at_5_max": 0.717762,
        "nauc_mrr_at_5_std": -0.078233,
        "nauc_mrr_at_5_diff1": 0.853442,
        "nauc_mrr_at_10_max": 0.717956,
        "nauc_mrr_at_10_std": -0.076709,
        "nauc_mrr_at_10_diff1": 0.854595,
        "nauc_mrr_at_20_max": 0.717482,
        "nauc_mrr_at_20_std": -0.076079,
        "nauc_mrr_at_20_diff1": 0.85484,
        "nauc_mrr_at_100_max": 0.717418,
        "nauc_mrr_at_100_std": -0.075803,
        "nauc_mrr_at_100_diff1": 0.855023,
        "nauc_mrr_at_1000_max": 0.717361,
        "nauc_mrr_at_1000_std": -0.075875,
        "nauc_mrr_at_1000_diff1": 0.85504,
        "main_score": 0.87341,
        "hf_subset": "python",
        "languages": [
          "python-Code"
        ]
      }
    ]
  },
  "evaluation_time": 2150.183425426483,
  "kg_co2_emissions": null
}