{
  "dataset_revision": "27a168819829fe9bcd655c2df245fb19452e8e06",
  "task_name": "FiQA2018",
  "mteb_version": "1.34.8",
  "scores": {
    "test": [
      {
        "ndcg_at_1": 0.43827,
        "ndcg_at_3": 0.40724,
        "ndcg_at_5": 0.41708,
        "ndcg_at_10": 0.44841,
        "ndcg_at_20": 0.47902,
        "ndcg_at_100": 0.52015,
        "ndcg_at_1000": 0.54679,
        "map_at_1": 0.21698,
        "map_at_3": 0.31361,
        "map_at_5": 0.33952,
        "map_at_10": 0.36395,
        "map_at_20": 0.37604,
        "map_at_100": 0.38501,
        "map_at_1000": 0.38671,
        "recall_at_1": 0.21698,
        "recall_at_3": 0.36925,
        "recall_at_5": 0.42939,
        "recall_at_10": 0.52435,
        "recall_at_20": 0.61972,
        "recall_at_100": 0.78644,
        "recall_at_1000": 0.94988,
        "precision_at_1": 0.43827,
        "precision_at_3": 0.27469,
        "precision_at_5": 0.20123,
        "precision_at_10": 0.12824,
        "precision_at_20": 0.07701,
        "precision_at_100": 0.02029,
        "precision_at_1000": 0.00248,
        "mrr_at_1": 0.438272,
        "mrr_at_3": 0.50823,
        "mrr_at_5": 0.519573,
        "mrr_at_10": 0.529662,
        "mrr_at_20": 0.535104,
        "mrr_at_100": 0.537702,
        "mrr_at_1000": 0.53806,
        "nauc_ndcg_at_1_max": 0.430363,
        "nauc_ndcg_at_1_std": -0.094796,
        "nauc_ndcg_at_1_diff1": 0.538253,
        "nauc_ndcg_at_3_max": 0.358857,
        "nauc_ndcg_at_3_std": -0.136092,
        "nauc_ndcg_at_3_diff1": 0.407323,
        "nauc_ndcg_at_5_max": 0.338328,
        "nauc_ndcg_at_5_std": -0.134457,
        "nauc_ndcg_at_5_diff1": 0.400476,
        "nauc_ndcg_at_10_max": 0.340992,
        "nauc_ndcg_at_10_std": -0.130636,
        "nauc_ndcg_at_10_diff1": 0.399583,
        "nauc_ndcg_at_20_max": 0.346926,
        "nauc_ndcg_at_20_std": -0.12613,
        "nauc_ndcg_at_20_diff1": 0.391125,
        "nauc_ndcg_at_100_max": 0.372857,
        "nauc_ndcg_at_100_std": -0.090439,
        "nauc_ndcg_at_100_diff1": 0.404055,
        "nauc_ndcg_at_1000_max": 0.386304,
        "nauc_ndcg_at_1000_std": -0.086846,
        "nauc_ndcg_at_1000_diff1": 0.414146,
        "nauc_map_at_1_max": 0.207278,
        "nauc_map_at_1_std": -0.125096,
        "nauc_map_at_1_diff1": 0.450362,
        "nauc_map_at_3_max": 0.257456,
        "nauc_map_at_3_std": -0.155403,
        "nauc_map_at_3_diff1": 0.400072,
        "nauc_map_at_5_max": 0.284751,
        "nauc_map_at_5_std": -0.148436,
        "nauc_map_at_5_diff1": 0.398337,
        "nauc_map_at_10_max": 0.306815,
        "nauc_map_at_10_std": -0.143765,
        "nauc_map_at_10_diff1": 0.396717,
        "nauc_map_at_20_max": 0.314121,
        "nauc_map_at_20_std": -0.140613,
        "nauc_map_at_20_diff1": 0.393939,
        "nauc_map_at_100_max": 0.322062,
        "nauc_map_at_100_std": -0.132337,
        "nauc_map_at_100_diff1": 0.396308,
        "nauc_map_at_1000_max": 0.323564,
        "nauc_map_at_1000_std": -0.131678,
        "nauc_map_at_1000_diff1": 0.396926,
        "nauc_recall_at_1_max": 0.207278,
        "nauc_recall_at_1_std": -0.125096,
        "nauc_recall_at_1_diff1": 0.450362,
        "nauc_recall_at_3_max": 0.208088,
        "nauc_recall_at_3_std": -0.157439,
        "nauc_recall_at_3_diff1": 0.308592,
        "nauc_recall_at_5_max": 0.225133,
        "nauc_recall_at_5_std": -0.13811,
        "nauc_recall_at_5_diff1": 0.290902,
        "nauc_recall_at_10_max": 0.236764,
        "nauc_recall_at_10_std": -0.136268,
        "nauc_recall_at_10_diff1": 0.275292,
        "nauc_recall_at_20_max": 0.216691,
        "nauc_recall_at_20_std": -0.131534,
        "nauc_recall_at_20_diff1": 0.216844,
        "nauc_recall_at_100_max": 0.272104,
        "nauc_recall_at_100_std": 0.048591,
        "nauc_recall_at_100_diff1": 0.229825,
        "nauc_recall_at_1000_max": 0.41381,
        "nauc_recall_at_1000_std": 0.356776,
        "nauc_recall_at_1000_diff1": 0.249169,
        "nauc_precision_at_1_max": 0.430363,
        "nauc_precision_at_1_std": -0.094796,
        "nauc_precision_at_1_diff1": 0.538253,
        "nauc_precision_at_3_max": 0.413029,
        "nauc_precision_at_3_std": -0.102169,
        "nauc_precision_at_3_diff1": 0.278415,
        "nauc_precision_at_5_max": 0.428609,
        "nauc_precision_at_5_std": -0.062105,
        "nauc_precision_at_5_diff1": 0.235923,
        "nauc_precision_at_10_max": 0.439202,
        "nauc_precision_at_10_std": -0.012191,
        "nauc_precision_at_10_diff1": 0.181911,
        "nauc_precision_at_20_max": 0.429028,
        "nauc_precision_at_20_std": 0.026283,
        "nauc_precision_at_20_diff1": 0.137409,
        "nauc_precision_at_100_max": 0.410279,
        "nauc_precision_at_100_std": 0.128352,
        "nauc_precision_at_100_diff1": 0.089369,
        "nauc_precision_at_1000_max": 0.369196,
        "nauc_precision_at_1000_std": 0.155525,
        "nauc_precision_at_1000_diff1": 0.053811,
        "nauc_mrr_at_1_max": 0.430363,
        "nauc_mrr_at_1_std": -0.094796,
        "nauc_mrr_at_1_diff1": 0.538253,
        "nauc_mrr_at_3_max": 0.439972,
        "nauc_mrr_at_3_std": -0.097341,
        "nauc_mrr_at_3_diff1": 0.493515,
        "nauc_mrr_at_5_max": 0.438987,
        "nauc_mrr_at_5_std": -0.088919,
        "nauc_mrr_at_5_diff1": 0.487013,
        "nauc_mrr_at_10_max": 0.439013,
        "nauc_mrr_at_10_std": -0.091105,
        "nauc_mrr_at_10_diff1": 0.487767,
        "nauc_mrr_at_20_max": 0.437959,
        "nauc_mrr_at_20_std": -0.091895,
        "nauc_mrr_at_20_diff1": 0.48624,
        "nauc_mrr_at_100_max": 0.439003,
        "nauc_mrr_at_100_std": -0.089777,
        "nauc_mrr_at_100_diff1": 0.488062,
        "nauc_mrr_at_1000_max": 0.438974,
        "nauc_mrr_at_1000_std": -0.089852,
        "nauc_mrr_at_1000_diff1": 0.488206,
        "main_score": 0.44841,
        "hf_subset": "default",
        "languages": [
          "eng-Latn"
        ]
      }
    ]
  },
  "evaluation_time": 731.0433392524719,
  "kg_co2_emissions": null
}