{
  "dataset_revision": "ae763399273d8b20506b80cf6f6f9a31a6a2b238",
  "task_name": "MedicalQARetrieval",
  "mteb_version": "1.34.8",
  "scores": {
    "test": [
      {
        "ndcg_at_1": 0.47461,
        "ndcg_at_3": 0.59251,
        "ndcg_at_5": 0.6222,
        "ndcg_at_10": 0.64963,
        "ndcg_at_20": 0.66535,
        "ndcg_at_100": 0.67805,
        "ndcg_at_1000": 0.6825,
        "map_at_1": 0.47461,
        "map_at_3": 0.56356,
        "map_at_5": 0.58011,
        "map_at_10": 0.5914,
        "map_at_20": 0.59574,
        "map_at_100": 0.59751,
        "map_at_1000": 0.59768,
        "recall_at_1": 0.47461,
        "recall_at_3": 0.67627,
        "recall_at_5": 0.74805,
        "recall_at_10": 0.83301,
        "recall_at_20": 0.89502,
        "recall_at_100": 0.96338,
        "recall_at_1000": 0.99805,
        "precision_at_1": 0.47461,
        "precision_at_3": 0.22542,
        "precision_at_5": 0.14961,
        "precision_at_10": 0.0833,
        "precision_at_20": 0.04475,
        "precision_at_100": 0.00963,
        "precision_at_1000": 0.001,
        "mrr_at_1": 0.474609,
        "mrr_at_3": 0.563477,
        "mrr_at_5": 0.579932,
        "mrr_at_10": 0.591303,
        "mrr_at_20": 0.595643,
        "mrr_at_100": 0.597412,
        "mrr_at_1000": 0.597586,
        "nauc_ndcg_at_1_max": 0.207559,
        "nauc_ndcg_at_1_std": -0.073541,
        "nauc_ndcg_at_1_diff1": 0.588735,
        "nauc_ndcg_at_3_max": 0.208011,
        "nauc_ndcg_at_3_std": -0.095477,
        "nauc_ndcg_at_3_diff1": 0.519083,
        "nauc_ndcg_at_5_max": 0.214852,
        "nauc_ndcg_at_5_std": -0.089839,
        "nauc_ndcg_at_5_diff1": 0.511645,
        "nauc_ndcg_at_10_max": 0.232108,
        "nauc_ndcg_at_10_std": -0.089229,
        "nauc_ndcg_at_10_diff1": 0.518036,
        "nauc_ndcg_at_20_max": 0.237551,
        "nauc_ndcg_at_20_std": -0.080979,
        "nauc_ndcg_at_20_diff1": 0.5243,
        "nauc_ndcg_at_100_max": 0.233033,
        "nauc_ndcg_at_100_std": -0.077462,
        "nauc_ndcg_at_100_diff1": 0.529132,
        "nauc_ndcg_at_1000_max": 0.225659,
        "nauc_ndcg_at_1000_std": -0.08142,
        "nauc_ndcg_at_1000_diff1": 0.530234,
        "nauc_map_at_1_max": 0.207559,
        "nauc_map_at_1_std": -0.073541,
        "nauc_map_at_1_diff1": 0.588735,
        "nauc_map_at_3_max": 0.207742,
        "nauc_map_at_3_std": -0.089249,
        "nauc_map_at_3_diff1": 0.536727,
        "nauc_map_at_5_max": 0.211216,
        "nauc_map_at_5_std": -0.086127,
        "nauc_map_at_5_diff1": 0.533406,
        "nauc_map_at_10_max": 0.216995,
        "nauc_map_at_10_std": -0.086083,
        "nauc_map_at_10_diff1": 0.536407,
        "nauc_map_at_20_max": 0.218154,
        "nauc_map_at_20_std": -0.084134,
        "nauc_map_at_20_diff1": 0.538127,
        "nauc_map_at_100_max": 0.217558,
        "nauc_map_at_100_std": -0.083774,
        "nauc_map_at_100_diff1": 0.538568,
        "nauc_map_at_1000_max": 0.217357,
        "nauc_map_at_1000_std": -0.083878,
        "nauc_map_at_1000_diff1": 0.538575,
        "nauc_recall_at_1_max": 0.207559,
        "nauc_recall_at_1_std": -0.073541,
        "nauc_recall_at_1_diff1": 0.588735,
        "nauc_recall_at_3_max": 0.208997,
        "nauc_recall_at_3_std": -0.116747,
        "nauc_recall_at_3_diff1": 0.459801,
        "nauc_recall_at_5_max": 0.230813,
        "nauc_recall_at_5_std": -0.103639,
        "nauc_recall_at_5_diff1": 0.424584,
        "nauc_recall_at_10_max": 0.331763,
        "nauc_recall_at_10_std": -0.103364,
        "nauc_recall_at_10_diff1": 0.421059,
        "nauc_recall_at_20_max": 0.433747,
        "nauc_recall_at_20_std": -0.03108,
        "nauc_recall_at_20_diff1": 0.430576,
        "nauc_recall_at_100_max": 0.633534,
        "nauc_recall_at_100_std": 0.185606,
        "nauc_recall_at_100_diff1": 0.451726,
        "nauc_recall_at_1000_max": 0.620229,
        "nauc_recall_at_1000_std": 0.934633,
        "nauc_recall_at_1000_diff1": 0.428133,
        "nauc_precision_at_1_max": 0.207559,
        "nauc_precision_at_1_std": -0.073541,
        "nauc_precision_at_1_diff1": 0.588735,
        "nauc_precision_at_3_max": 0.208997,
        "nauc_precision_at_3_std": -0.116747,
        "nauc_precision_at_3_diff1": 0.459801,
        "nauc_precision_at_5_max": 0.230813,
        "nauc_precision_at_5_std": -0.103639,
        "nauc_precision_at_5_diff1": 0.424584,
        "nauc_precision_at_10_max": 0.331763,
        "nauc_precision_at_10_std": -0.103364,
        "nauc_precision_at_10_diff1": 0.421059,
        "nauc_precision_at_20_max": 0.433747,
        "nauc_precision_at_20_std": -0.03108,
        "nauc_precision_at_20_diff1": 0.430576,
        "nauc_precision_at_100_max": 0.633534,
        "nauc_precision_at_100_std": 0.185606,
        "nauc_precision_at_100_diff1": 0.451726,
        "nauc_precision_at_1000_max": 0.620229,
        "nauc_precision_at_1000_std": 0.934633,
        "nauc_precision_at_1000_diff1": 0.428133,
        "nauc_mrr_at_1_max": 0.20829,
        "nauc_mrr_at_1_std": -0.072593,
        "nauc_mrr_at_1_diff1": 0.588735,
        "nauc_mrr_at_3_max": 0.205882,
        "nauc_mrr_at_3_std": -0.08911,
        "nauc_mrr_at_3_diff1": 0.536906,
        "nauc_mrr_at_5_max": 0.20991,
        "nauc_mrr_at_5_std": -0.085851,
        "nauc_mrr_at_5_diff1": 0.533787,
        "nauc_mrr_at_10_max": 0.216067,
        "nauc_mrr_at_10_std": -0.085786,
        "nauc_mrr_at_10_diff1": 0.536631,
        "nauc_mrr_at_20_max": 0.217299,
        "nauc_mrr_at_20_std": -0.083837,
        "nauc_mrr_at_20_diff1": 0.53835,
        "nauc_mrr_at_100_max": 0.216698,
        "nauc_mrr_at_100_std": -0.083476,
        "nauc_mrr_at_100_diff1": 0.538793,
        "nauc_mrr_at_1000_max": 0.216496,
        "nauc_mrr_at_1000_std": -0.08358,
        "nauc_mrr_at_1000_diff1": 0.5388,
        "main_score": 0.64963,
        "hf_subset": "default",
        "languages": [
          "eng-Latn"
        ]
      }
    ]
  },
  "evaluation_time": 36.37234878540039,
  "kg_co2_emissions": null
}