{
  "dataset_revision": "0228b52cf27578f30900b9e5271d331663a030d7",
  "task_name": "SciFact",
  "mteb_version": "1.34.8",
  "scores": {
    "test": [
      {
        "ndcg_at_1": 0.4,
        "ndcg_at_3": 0.46592,
        "ndcg_at_5": 0.49441,
        "ndcg_at_10": 0.51999,
        "ndcg_at_20": 0.53906,
        "ndcg_at_100": 0.56536,
        "ndcg_at_1000": 0.57665,
        "map_at_1": 0.37483,
        "map_at_3": 0.43885,
        "map_at_5": 0.45688,
        "map_at_10": 0.46883,
        "map_at_20": 0.47426,
        "map_at_100": 0.47822,
        "map_at_1000": 0.47866,
        "recall_at_1": 0.37483,
        "recall_at_3": 0.51644,
        "recall_at_5": 0.58922,
        "recall_at_10": 0.66433,
        "recall_at_20": 0.73778,
        "recall_at_100": 0.87533,
        "recall_at_1000": 0.96333,
        "precision_at_1": 0.4,
        "precision_at_3": 0.19111,
        "precision_at_5": 0.132,
        "precision_at_10": 0.07533,
        "precision_at_20": 0.04167,
        "precision_at_100": 0.00997,
        "precision_at_1000": 0.00109,
        "mrr_at_1": 0.4,
        "mrr_at_3": 0.459444,
        "mrr_at_5": 0.474944,
        "mrr_at_10": 0.484417,
        "mrr_at_20": 0.489647,
        "mrr_at_100": 0.492612,
        "mrr_at_1000": 0.493003,
        "nauc_ndcg_at_1_max": 0.443096,
        "nauc_ndcg_at_1_std": 0.036839,
        "nauc_ndcg_at_1_diff1": 0.598193,
        "nauc_ndcg_at_3_max": 0.485203,
        "nauc_ndcg_at_3_std": 0.026208,
        "nauc_ndcg_at_3_diff1": 0.556464,
        "nauc_ndcg_at_5_max": 0.487795,
        "nauc_ndcg_at_5_std": 0.040267,
        "nauc_ndcg_at_5_diff1": 0.546004,
        "nauc_ndcg_at_10_max": 0.506541,
        "nauc_ndcg_at_10_std": 0.056659,
        "nauc_ndcg_at_10_diff1": 0.542281,
        "nauc_ndcg_at_20_max": 0.497322,
        "nauc_ndcg_at_20_std": 0.072974,
        "nauc_ndcg_at_20_diff1": 0.538354,
        "nauc_ndcg_at_100_max": 0.493201,
        "nauc_ndcg_at_100_std": 0.075375,
        "nauc_ndcg_at_100_diff1": 0.536859,
        "nauc_ndcg_at_1000_max": 0.489754,
        "nauc_ndcg_at_1000_std": 0.071877,
        "nauc_ndcg_at_1000_diff1": 0.539632,
        "nauc_map_at_1_max": 0.389084,
        "nauc_map_at_1_std": -0.031682,
        "nauc_map_at_1_diff1": 0.58056,
        "nauc_map_at_3_max": 0.450883,
        "nauc_map_at_3_std": -0.001435,
        "nauc_map_at_3_diff1": 0.561306,
        "nauc_map_at_5_max": 0.459416,
        "nauc_map_at_5_std": 0.015415,
        "nauc_map_at_5_diff1": 0.558146,
        "nauc_map_at_10_max": 0.472407,
        "nauc_map_at_10_std": 0.027082,
        "nauc_map_at_10_diff1": 0.557399,
        "nauc_map_at_20_max": 0.46999,
        "nauc_map_at_20_std": 0.032175,
        "nauc_map_at_20_diff1": 0.556684,
        "nauc_map_at_100_max": 0.469535,
        "nauc_map_at_100_std": 0.03348,
        "nauc_map_at_100_diff1": 0.555667,
        "nauc_map_at_1000_max": 0.469334,
        "nauc_map_at_1000_std": 0.033269,
        "nauc_map_at_1000_diff1": 0.555725,
        "nauc_recall_at_1_max": 0.389084,
        "nauc_recall_at_1_std": -0.031682,
        "nauc_recall_at_1_diff1": 0.58056,
        "nauc_recall_at_3_max": 0.516577,
        "nauc_recall_at_3_std": 0.015785,
        "nauc_recall_at_3_diff1": 0.520572,
        "nauc_recall_at_5_max": 0.531146,
        "nauc_recall_at_5_std": 0.057119,
        "nauc_recall_at_5_diff1": 0.492221,
        "nauc_recall_at_10_max": 0.587617,
        "nauc_recall_at_10_std": 0.101585,
        "nauc_recall_at_10_diff1": 0.473849,
        "nauc_recall_at_20_max": 0.548477,
        "nauc_recall_at_20_std": 0.185408,
        "nauc_recall_at_20_diff1": 0.434218,
        "nauc_recall_at_100_max": 0.55884,
        "nauc_recall_at_100_std": 0.284822,
        "nauc_recall_at_100_diff1": 0.37426,
        "nauc_recall_at_1000_max": 0.550887,
        "nauc_recall_at_1000_std": 0.554876,
        "nauc_recall_at_1000_diff1": 0.208429,
        "nauc_precision_at_1_max": 0.443096,
        "nauc_precision_at_1_std": 0.036839,
        "nauc_precision_at_1_diff1": 0.598193,
        "nauc_precision_at_3_max": 0.573961,
        "nauc_precision_at_3_std": 0.161447,
        "nauc_precision_at_3_diff1": 0.485613,
        "nauc_precision_at_5_max": 0.5941,
        "nauc_precision_at_5_std": 0.250071,
        "nauc_precision_at_5_diff1": 0.434133,
        "nauc_precision_at_10_max": 0.622145,
        "nauc_precision_at_10_std": 0.323369,
        "nauc_precision_at_10_diff1": 0.363084,
        "nauc_precision_at_20_max": 0.58499,
        "nauc_precision_at_20_std": 0.414188,
        "nauc_precision_at_20_diff1": 0.315302,
        "nauc_precision_at_100_max": 0.452891,
        "nauc_precision_at_100_std": 0.471376,
        "nauc_precision_at_100_diff1": 0.143323,
        "nauc_precision_at_1000_max": 0.372122,
        "nauc_precision_at_1000_std": 0.540586,
        "nauc_precision_at_1000_diff1": 0.015647,
        "nauc_mrr_at_1_max": 0.443096,
        "nauc_mrr_at_1_std": 0.036839,
        "nauc_mrr_at_1_diff1": 0.598193,
        "nauc_mrr_at_3_max": 0.491949,
        "nauc_mrr_at_3_std": 0.062219,
        "nauc_mrr_at_3_diff1": 0.570087,
        "nauc_mrr_at_5_max": 0.490214,
        "nauc_mrr_at_5_std": 0.068265,
        "nauc_mrr_at_5_diff1": 0.56304,
        "nauc_mrr_at_10_max": 0.49367,
        "nauc_mrr_at_10_std": 0.071043,
        "nauc_mrr_at_10_diff1": 0.560832,
        "nauc_mrr_at_20_max": 0.491103,
        "nauc_mrr_at_20_std": 0.075034,
        "nauc_mrr_at_20_diff1": 0.559408,
        "nauc_mrr_at_100_max": 0.490249,
        "nauc_mrr_at_100_std": 0.074268,
        "nauc_mrr_at_100_diff1": 0.559618,
        "nauc_mrr_at_1000_max": 0.490071,
        "nauc_mrr_at_1000_std": 0.074109,
        "nauc_mrr_at_1000_diff1": 0.559707,
        "main_score": 0.51999,
        "hf_subset": "default",
        "languages": [
          "eng-Latn"
        ]
      }
    ]
  },
  "evaluation_time": 99.86336135864258,
  "kg_co2_emissions": null
}