{
  "dataset_revision": "f22508f96b7a36c2415181ed8bb76f76e04ae2d5",
  "task_name": "AppsRetrieval",
  "mteb_version": "1.34.8",
  "scores": {
    "test": [
      {
        "ndcg_at_1": 0.02576,
        "ndcg_at_3": 0.03649,
        "ndcg_at_5": 0.04125,
        "ndcg_at_10": 0.04772,
        "ndcg_at_20": 0.05334,
        "ndcg_at_100": 0.06929,
        "ndcg_at_1000": 0.10248,
        "map_at_1": 0.02576,
        "map_at_3": 0.03378,
        "map_at_5": 0.03639,
        "map_at_10": 0.03908,
        "map_at_20": 0.04061,
        "map_at_100": 0.04254,
        "map_at_1000": 0.04348,
        "recall_at_1": 0.02576,
        "recall_at_3": 0.04436,
        "recall_at_5": 0.05604,
        "recall_at_10": 0.07596,
        "recall_at_20": 0.09827,
        "recall_at_100": 0.18858,
        "recall_at_1000": 0.46799,
        "precision_at_1": 0.02576,
        "precision_at_3": 0.01479,
        "precision_at_5": 0.01121,
        "precision_at_10": 0.0076,
        "precision_at_20": 0.00491,
        "precision_at_100": 0.00189,
        "precision_at_1000": 0.00047,
        "mrr_at_1": 0.025764,
        "mrr_at_3": 0.033776,
        "mrr_at_5": 0.036392,
        "mrr_at_10": 0.03908,
        "mrr_at_20": 0.04061,
        "mrr_at_100": 0.042538,
        "mrr_at_1000": 0.043485,
        "nauc_ndcg_at_1_max": 0.370974,
        "nauc_ndcg_at_1_std": 0.10409,
        "nauc_ndcg_at_1_diff1": 0.409044,
        "nauc_ndcg_at_3_max": 0.348593,
        "nauc_ndcg_at_3_std": 0.091976,
        "nauc_ndcg_at_3_diff1": 0.285218,
        "nauc_ndcg_at_5_max": 0.33555,
        "nauc_ndcg_at_5_std": 0.095926,
        "nauc_ndcg_at_5_diff1": 0.260061,
        "nauc_ndcg_at_10_max": 0.306328,
        "nauc_ndcg_at_10_std": 0.096798,
        "nauc_ndcg_at_10_diff1": 0.220762,
        "nauc_ndcg_at_20_max": 0.295164,
        "nauc_ndcg_at_20_std": 0.107957,
        "nauc_ndcg_at_20_diff1": 0.201044,
        "nauc_ndcg_at_100_max": 0.278022,
        "nauc_ndcg_at_100_std": 0.129892,
        "nauc_ndcg_at_100_diff1": 0.164679,
        "nauc_ndcg_at_1000_max": 0.264782,
        "nauc_ndcg_at_1000_std": 0.152098,
        "nauc_ndcg_at_1000_diff1": 0.134109,
        "nauc_map_at_1_max": 0.370974,
        "nauc_map_at_1_std": 0.10409,
        "nauc_map_at_1_diff1": 0.409044,
        "nauc_map_at_3_max": 0.353274,
        "nauc_map_at_3_std": 0.094419,
        "nauc_map_at_3_diff1": 0.308958,
        "nauc_map_at_5_max": 0.344814,
        "nauc_map_at_5_std": 0.096647,
        "nauc_map_at_5_diff1": 0.29142,
        "nauc_map_at_10_max": 0.330565,
        "nauc_map_at_10_std": 0.097961,
        "nauc_map_at_10_diff1": 0.269747,
        "nauc_map_at_20_max": 0.325369,
        "nauc_map_at_20_std": 0.101593,
        "nauc_map_at_20_diff1": 0.260978,
        "nauc_map_at_100_max": 0.321035,
        "nauc_map_at_100_std": 0.106696,
        "nauc_map_at_100_diff1": 0.251622,
        "nauc_map_at_1000_max": 0.319756,
        "nauc_map_at_1000_std": 0.108143,
        "nauc_map_at_1000_diff1": 0.24919,
        "nauc_recall_at_1_max": 0.370974,
        "nauc_recall_at_1_std": 0.10409,
        "nauc_recall_at_1_diff1": 0.409044,
        "nauc_recall_at_3_max": 0.338129,
        "nauc_recall_at_3_std": 0.086539,
        "nauc_recall_at_3_diff1": 0.232747,
        "nauc_recall_at_5_max": 0.316784,
        "nauc_recall_at_5_std": 0.094951,
        "nauc_recall_at_5_diff1": 0.198752,
        "nauc_recall_at_10_max": 0.261825,
        "nauc_recall_at_10_std": 0.094372,
        "nauc_recall_at_10_diff1": 0.137659,
        "nauc_recall_at_20_max": 0.248808,
        "nauc_recall_at_20_std": 0.119991,
        "nauc_recall_at_20_diff1": 0.113581,
        "nauc_recall_at_100_max": 0.228464,
        "nauc_recall_at_100_std": 0.162816,
        "nauc_recall_at_100_diff1": 0.066587,
        "nauc_recall_at_1000_max": 0.20558,
        "nauc_recall_at_1000_std": 0.21736,
        "nauc_recall_at_1000_diff1": 0.005195,
        "nauc_precision_at_1_max": 0.370974,
        "nauc_precision_at_1_std": 0.10409,
        "nauc_precision_at_1_diff1": 0.409044,
        "nauc_precision_at_3_max": 0.338129,
        "nauc_precision_at_3_std": 0.086539,
        "nauc_precision_at_3_diff1": 0.232747,
        "nauc_precision_at_5_max": 0.316784,
        "nauc_precision_at_5_std": 0.094951,
        "nauc_precision_at_5_diff1": 0.198752,
        "nauc_precision_at_10_max": 0.261825,
        "nauc_precision_at_10_std": 0.094372,
        "nauc_precision_at_10_diff1": 0.137659,
        "nauc_precision_at_20_max": 0.248808,
        "nauc_precision_at_20_std": 0.119991,
        "nauc_precision_at_20_diff1": 0.113581,
        "nauc_precision_at_100_max": 0.228464,
        "nauc_precision_at_100_std": 0.162816,
        "nauc_precision_at_100_diff1": 0.066587,
        "nauc_precision_at_1000_max": 0.20558,
        "nauc_precision_at_1000_std": 0.21736,
        "nauc_precision_at_1000_diff1": 0.005195,
        "nauc_mrr_at_1_max": 0.370974,
        "nauc_mrr_at_1_std": 0.10409,
        "nauc_mrr_at_1_diff1": 0.409044,
        "nauc_mrr_at_3_max": 0.353274,
        "nauc_mrr_at_3_std": 0.094419,
        "nauc_mrr_at_3_diff1": 0.308958,
        "nauc_mrr_at_5_max": 0.344814,
        "nauc_mrr_at_5_std": 0.096647,
        "nauc_mrr_at_5_diff1": 0.29142,
        "nauc_mrr_at_10_max": 0.330565,
        "nauc_mrr_at_10_std": 0.097961,
        "nauc_mrr_at_10_diff1": 0.269747,
        "nauc_mrr_at_20_max": 0.325369,
        "nauc_mrr_at_20_std": 0.101593,
        "nauc_mrr_at_20_diff1": 0.260978,
        "nauc_mrr_at_100_max": 0.321035,
        "nauc_mrr_at_100_std": 0.106696,
        "nauc_mrr_at_100_diff1": 0.251622,
        "nauc_mrr_at_1000_max": 0.319756,
        "nauc_mrr_at_1000_std": 0.108143,
        "nauc_mrr_at_1000_diff1": 0.24919,
        "main_score": 0.04772,
        "hf_subset": "default",
        "languages": [
          "eng-Latn",
          "python-Code"
        ]
      }
    ]
  },
  "evaluation_time": 14.433412551879883,
  "kg_co2_emissions": null
}