{
  "dataset_revision": "c22ab2a51041ffd869aaddef7af8d8215647e41a",
  "task_name": "ArguAna",
  "mteb_version": "1.34.8",
  "scores": {
    "test": [
      {
        "ndcg_at_1": 0.25605,
        "ndcg_at_3": 0.38933,
        "ndcg_at_5": 0.44516,
        "ndcg_at_10": 0.49852,
        "ndcg_at_20": 0.52793,
        "ndcg_at_100": 0.54243,
        "ndcg_at_1000": 0.54502,
        "map_at_1": 0.25605,
        "map_at_3": 0.35586,
        "map_at_5": 0.38676,
        "map_at_10": 0.40879,
        "map_at_20": 0.41699,
        "map_at_100": 0.41935,
        "map_at_1000": 0.41947,
        "recall_at_1": 0.25605,
        "recall_at_3": 0.48649,
        "recall_at_5": 0.62233,
        "recall_at_10": 0.78734,
        "recall_at_20": 0.90256,
        "recall_at_100": 0.97582,
        "recall_at_1000": 0.99502,
        "precision_at_1": 0.25605,
        "precision_at_3": 0.16216,
        "precision_at_5": 0.12447,
        "precision_at_10": 0.07873,
        "precision_at_20": 0.04513,
        "precision_at_100": 0.00976,
        "precision_at_1000": 0.001,
        "mrr_at_1": 0.261024,
        "mrr_at_3": 0.357871,
        "mrr_at_5": 0.388454,
        "mrr_at_10": 0.41068,
        "mrr_at_20": 0.418955,
        "mrr_at_100": 0.421313,
        "mrr_at_1000": 0.421431,
        "nauc_ndcg_at_1_max": -0.027634,
        "nauc_ndcg_at_1_std": -0.108033,
        "nauc_ndcg_at_1_diff1": 0.141033,
        "nauc_ndcg_at_3_max": -0.011482,
        "nauc_ndcg_at_3_std": -0.091746,
        "nauc_ndcg_at_3_diff1": 0.096068,
        "nauc_ndcg_at_5_max": -0.013596,
        "nauc_ndcg_at_5_std": -0.087579,
        "nauc_ndcg_at_5_diff1": 0.086908,
        "nauc_ndcg_at_10_max": -0.004095,
        "nauc_ndcg_at_10_std": -0.088425,
        "nauc_ndcg_at_10_diff1": 0.091151,
        "nauc_ndcg_at_20_max": 0.004263,
        "nauc_ndcg_at_20_std": -0.087578,
        "nauc_ndcg_at_20_diff1": 0.09829,
        "nauc_ndcg_at_100_max": 0.001396,
        "nauc_ndcg_at_100_std": -0.082227,
        "nauc_ndcg_at_100_diff1": 0.101168,
        "nauc_ndcg_at_1000_max": -0.004982,
        "nauc_ndcg_at_1000_std": -0.086502,
        "nauc_ndcg_at_1000_diff1": 0.100859,
        "nauc_map_at_1_max": -0.027634,
        "nauc_map_at_1_std": -0.108033,
        "nauc_map_at_1_diff1": 0.141033,
        "nauc_map_at_3_max": -0.016663,
        "nauc_map_at_3_std": -0.096209,
        "nauc_map_at_3_diff1": 0.10567,
        "nauc_map_at_5_max": -0.018206,
        "nauc_map_at_5_std": -0.093836,
        "nauc_map_at_5_diff1": 0.100758,
        "nauc_map_at_10_max": -0.01437,
        "nauc_map_at_10_std": -0.094134,
        "nauc_map_at_10_diff1": 0.103379,
        "nauc_map_at_20_max": -0.012448,
        "nauc_map_at_20_std": -0.093733,
        "nauc_map_at_20_diff1": 0.105024,
        "nauc_map_at_100_max": -0.012691,
        "nauc_map_at_100_std": -0.093111,
        "nauc_map_at_100_diff1": 0.105616,
        "nauc_map_at_1000_max": -0.012922,
        "nauc_map_at_1000_std": -0.093252,
        "nauc_map_at_1000_diff1": 0.105612,
        "nauc_recall_at_1_max": -0.027634,
        "nauc_recall_at_1_std": -0.108033,
        "nauc_recall_at_1_diff1": 0.141033,
        "nauc_recall_at_3_max": 0.003461,
        "nauc_recall_at_3_std": -0.079089,
        "nauc_recall_at_3_diff1": 0.069734,
        "nauc_recall_at_5_max": 0.001419,
        "nauc_recall_at_5_std": -0.067366,
        "nauc_recall_at_5_diff1": 0.042823,
        "nauc_recall_at_10_max": 0.049111,
        "nauc_recall_at_10_std": -0.062911,
        "nauc_recall_at_10_diff1": 0.034916,
        "nauc_recall_at_20_max": 0.187526,
        "nauc_recall_at_20_std": -0.035394,
        "nauc_recall_at_20_diff1": 0.06115,
        "nauc_recall_at_100_max": 0.542283,
        "nauc_recall_at_100_std": 0.405079,
        "nauc_recall_at_100_diff1": 0.065949,
        "nauc_recall_at_1000_max": 0.267126,
        "nauc_recall_at_1000_std": 0.658566,
        "nauc_recall_at_1000_diff1": -0.196934,
        "nauc_precision_at_1_max": -0.027634,
        "nauc_precision_at_1_std": -0.108033,
        "nauc_precision_at_1_diff1": 0.141033,
        "nauc_precision_at_3_max": 0.003461,
        "nauc_precision_at_3_std": -0.079089,
        "nauc_precision_at_3_diff1": 0.069734,
        "nauc_precision_at_5_max": 0.001419,
        "nauc_precision_at_5_std": -0.067366,
        "nauc_precision_at_5_diff1": 0.042823,
        "nauc_precision_at_10_max": 0.049111,
        "nauc_precision_at_10_std": -0.062911,
        "nauc_precision_at_10_diff1": 0.034916,
        "nauc_precision_at_20_max": 0.187526,
        "nauc_precision_at_20_std": -0.035394,
        "nauc_precision_at_20_diff1": 0.06115,
        "nauc_precision_at_100_max": 0.542283,
        "nauc_precision_at_100_std": 0.405079,
        "nauc_precision_at_100_diff1": 0.065949,
        "nauc_precision_at_1000_max": 0.267126,
        "nauc_precision_at_1000_std": 0.658566,
        "nauc_precision_at_1000_diff1": -0.196934,
        "nauc_mrr_at_1_max": -0.032271,
        "nauc_mrr_at_1_std": -0.107205,
        "nauc_mrr_at_1_diff1": 0.124423,
        "nauc_mrr_at_3_max": -0.02755,
        "nauc_mrr_at_3_std": -0.096348,
        "nauc_mrr_at_3_diff1": 0.088695,
        "nauc_mrr_at_5_max": -0.027593,
        "nauc_mrr_at_5_std": -0.094236,
        "nauc_mrr_at_5_diff1": 0.085576,
        "nauc_mrr_at_10_max": -0.02371,
        "nauc_mrr_at_10_std": -0.094146,
        "nauc_mrr_at_10_diff1": 0.08726,
        "nauc_mrr_at_20_max": -0.02175,
        "nauc_mrr_at_20_std": -0.093794,
        "nauc_mrr_at_20_diff1": 0.088814,
        "nauc_mrr_at_100_max": -0.022073,
        "nauc_mrr_at_100_std": -0.093175,
        "nauc_mrr_at_100_diff1": 0.089264,
        "nauc_mrr_at_1000_max": -0.022307,
        "nauc_mrr_at_1000_std": -0.093315,
        "nauc_mrr_at_1000_diff1": 0.089254,
        "main_score": 0.49852,
        "hf_subset": "default",
        "languages": [
          "eng-Latn"
        ]
      }
    ]
  },
  "evaluation_time": 7.76665997505188,
  "kg_co2_emissions": null
}