{
  "dataset_revision": "5d958fb6b31055495347724d46431ba41309b03a",
  "task_name": "ChemNQRetrieval",
  "mteb_version": "1.34.8",
  "scores": {
    "test": [
      {
        "ndcg_at_1": 0.37037,
        "ndcg_at_3": 0.43824,
        "ndcg_at_5": 0.47893,
        "ndcg_at_10": 0.54771,
        "ndcg_at_20": 0.57344,
        "ndcg_at_100": 0.58917,
        "ndcg_at_1000": 0.59319,
        "map_at_1": 0.29012,
        "map_at_3": 0.39198,
        "map_at_5": 0.4179,
        "map_at_10": 0.44963,
        "map_at_20": 0.45977,
        "map_at_100": 0.46214,
        "map_at_1000": 0.4622,
        "recall_at_1": 0.29012,
        "recall_at_3": 0.49383,
        "recall_at_5": 0.58642,
        "recall_at_10": 0.79012,
        "recall_at_20": 0.87654,
        "recall_at_100": 0.96296,
        "recall_at_1000": 1.0,
        "precision_at_1": 0.37037,
        "precision_at_3": 0.20988,
        "precision_at_5": 0.14815,
        "precision_at_10": 0.1,
        "precision_at_20": 0.05741,
        "precision_at_100": 0.01259,
        "precision_at_1000": 0.0013,
        "mrr_at_1": 0.37037,
        "mrr_at_3": 0.475309,
        "mrr_at_5": 0.493827,
        "mrr_at_10": 0.516152,
        "mrr_at_20": 0.518621,
        "mrr_at_100": 0.519758,
        "mrr_at_1000": 0.51982,
        "nauc_ndcg_at_1_max": 0.206688,
        "nauc_ndcg_at_1_std": 0.068367,
        "nauc_ndcg_at_1_diff1": 0.306218,
        "nauc_ndcg_at_3_max": 0.300578,
        "nauc_ndcg_at_3_std": 0.091827,
        "nauc_ndcg_at_3_diff1": 0.104364,
        "nauc_ndcg_at_5_max": 0.210712,
        "nauc_ndcg_at_5_std": -0.011981,
        "nauc_ndcg_at_5_diff1": 0.129463,
        "nauc_ndcg_at_10_max": 0.258186,
        "nauc_ndcg_at_10_std": 0.009878,
        "nauc_ndcg_at_10_diff1": 0.181281,
        "nauc_ndcg_at_20_max": 0.324931,
        "nauc_ndcg_at_20_std": 0.064847,
        "nauc_ndcg_at_20_diff1": 0.222487,
        "nauc_ndcg_at_100_max": 0.286962,
        "nauc_ndcg_at_100_std": 0.060977,
        "nauc_ndcg_at_100_diff1": 0.183258,
        "nauc_ndcg_at_1000_max": 0.289859,
        "nauc_ndcg_at_1000_std": 0.060107,
        "nauc_ndcg_at_1000_diff1": 0.189239,
        "nauc_map_at_1_max": 0.220092,
        "nauc_map_at_1_std": -0.032643,
        "nauc_map_at_1_diff1": 0.265427,
        "nauc_map_at_3_max": 0.282655,
        "nauc_map_at_3_std": 0.050015,
        "nauc_map_at_3_diff1": 0.127904,
        "nauc_map_at_5_max": 0.226553,
        "nauc_map_at_5_std": -0.015658,
        "nauc_map_at_5_diff1": 0.138156,
        "nauc_map_at_10_max": 0.248408,
        "nauc_map_at_10_std": -0.007323,
        "nauc_map_at_10_diff1": 0.159488,
        "nauc_map_at_20_max": 0.275972,
        "nauc_map_at_20_std": 0.008876,
        "nauc_map_at_20_diff1": 0.176828,
        "nauc_map_at_100_max": 0.271491,
        "nauc_map_at_100_std": 0.013667,
        "nauc_map_at_100_diff1": 0.172225,
        "nauc_map_at_1000_max": 0.271525,
        "nauc_map_at_1000_std": 0.013646,
        "nauc_map_at_1000_diff1": 0.172299,
        "nauc_recall_at_1_max": 0.220092,
        "nauc_recall_at_1_std": -0.032643,
        "nauc_recall_at_1_diff1": 0.265427,
        "nauc_recall_at_3_max": 0.324241,
        "nauc_recall_at_3_std": 0.129285,
        "nauc_recall_at_3_diff1": -0.006298,
        "nauc_recall_at_5_max": 0.109224,
        "nauc_recall_at_5_std": -0.104496,
        "nauc_recall_at_5_diff1": 0.038748,
        "nauc_recall_at_10_max": 0.197517,
        "nauc_recall_at_10_std": -0.086245,
        "nauc_recall_at_10_diff1": 0.203694,
        "nauc_recall_at_20_max": 0.65858,
        "nauc_recall_at_20_std": 0.247305,
        "nauc_recall_at_20_diff1": 0.526891,
        "nauc_recall_at_100_max": 0.113206,
        "nauc_recall_at_100_std": 0.113206,
        "nauc_recall_at_100_diff1": -0.175564,
        "nauc_recall_at_1000_max": NaN,
        "nauc_recall_at_1000_std": NaN,
        "nauc_recall_at_1000_diff1": NaN,
        "nauc_precision_at_1_max": 0.206688,
        "nauc_precision_at_1_std": 0.068367,
        "nauc_precision_at_1_diff1": 0.306218,
        "nauc_precision_at_3_max": 0.24237,
        "nauc_precision_at_3_std": 0.104813,
        "nauc_precision_at_3_diff1": -0.079354,
        "nauc_precision_at_5_max": 0.004797,
        "nauc_precision_at_5_std": -0.124896,
        "nauc_precision_at_5_diff1": -0.072538,
        "nauc_precision_at_10_max": 0.033435,
        "nauc_precision_at_10_std": -0.140001,
        "nauc_precision_at_10_diff1": -0.013921,
        "nauc_precision_at_20_max": 0.193102,
        "nauc_precision_at_20_std": 0.092139,
        "nauc_precision_at_20_diff1": 0.072713,
        "nauc_precision_at_100_max": -0.01306,
        "nauc_precision_at_100_std": 0.13403,
        "nauc_precision_at_100_diff1": -0.123653,
        "nauc_precision_at_1000_max": -0.025074,
        "nauc_precision_at_1000_std": 0.136012,
        "nauc_precision_at_1000_diff1": -0.118713,
        "nauc_mrr_at_1_max": 0.206688,
        "nauc_mrr_at_1_std": 0.068367,
        "nauc_mrr_at_1_diff1": 0.306218,
        "nauc_mrr_at_3_max": 0.288231,
        "nauc_mrr_at_3_std": 0.15511,
        "nauc_mrr_at_3_diff1": 0.184468,
        "nauc_mrr_at_5_max": 0.248902,
        "nauc_mrr_at_5_std": 0.111631,
        "nauc_mrr_at_5_diff1": 0.211197,
        "nauc_mrr_at_10_max": 0.279114,
        "nauc_mrr_at_10_std": 0.136303,
        "nauc_mrr_at_10_diff1": 0.233368,
        "nauc_mrr_at_20_max": 0.282415,
        "nauc_mrr_at_20_std": 0.141762,
        "nauc_mrr_at_20_diff1": 0.236355,
        "nauc_mrr_at_100_max": 0.279998,
        "nauc_mrr_at_100_std": 0.139895,
        "nauc_mrr_at_100_diff1": 0.234156,
        "nauc_mrr_at_1000_max": 0.280032,
        "nauc_mrr_at_1000_std": 0.1399,
        "nauc_mrr_at_1000_diff1": 0.234238,
        "main_score": 0.54771,
        "hf_subset": "default",
        "languages": [
          "eng-Latn"
        ]
      }
    ]
  },
  "evaluation_time": 7.854464054107666,
  "kg_co2_emissions": null
}