{
  "dataset_revision": "27a168819829fe9bcd655c2df245fb19452e8e06",
  "task_name": "FiQA2018",
  "mteb_version": "1.34.8",
  "scores": {
    "test": [
      {
        "ndcg_at_1": 0.34414,
        "ndcg_at_3": 0.32497,
        "ndcg_at_5": 0.33656,
        "ndcg_at_10": 0.36289,
        "ndcg_at_20": 0.39032,
        "ndcg_at_100": 0.43573,
        "ndcg_at_1000": 0.46874,
        "map_at_1": 0.17651,
        "map_at_3": 0.24891,
        "map_at_5": 0.26921,
        "map_at_10": 0.2862,
        "map_at_20": 0.29619,
        "map_at_100": 0.30503,
        "map_at_1000": 0.30698,
        "recall_at_1": 0.17651,
        "recall_at_3": 0.29632,
        "recall_at_5": 0.3524,
        "recall_at_10": 0.43401,
        "recall_at_20": 0.522,
        "recall_at_100": 0.70971,
        "recall_at_1000": 0.90868,
        "precision_at_1": 0.34414,
        "precision_at_3": 0.21656,
        "precision_at_5": 0.16173,
        "precision_at_10": 0.10262,
        "precision_at_20": 0.06219,
        "precision_at_100": 0.01775,
        "precision_at_1000": 0.00235,
        "mrr_at_1": 0.344136,
        "mrr_at_3": 0.41178,
        "mrr_at_5": 0.427135,
        "mrr_at_10": 0.438477,
        "mrr_at_20": 0.444155,
        "mrr_at_100": 0.447415,
        "mrr_at_1000": 0.447866,
        "nauc_ndcg_at_1_max": 0.34278,
        "nauc_ndcg_at_1_std": -0.050598,
        "nauc_ndcg_at_1_diff1": 0.429844,
        "nauc_ndcg_at_3_max": 0.304982,
        "nauc_ndcg_at_3_std": -0.065109,
        "nauc_ndcg_at_3_diff1": 0.342046,
        "nauc_ndcg_at_5_max": 0.299638,
        "nauc_ndcg_at_5_std": -0.06487,
        "nauc_ndcg_at_5_diff1": 0.319768,
        "nauc_ndcg_at_10_max": 0.291291,
        "nauc_ndcg_at_10_std": -0.052259,
        "nauc_ndcg_at_10_diff1": 0.307111,
        "nauc_ndcg_at_20_max": 0.295911,
        "nauc_ndcg_at_20_std": -0.035406,
        "nauc_ndcg_at_20_diff1": 0.302845,
        "nauc_ndcg_at_100_max": 0.312224,
        "nauc_ndcg_at_100_std": -0.01585,
        "nauc_ndcg_at_100_diff1": 0.305971,
        "nauc_ndcg_at_1000_max": 0.326743,
        "nauc_ndcg_at_1000_std": -0.009248,
        "nauc_ndcg_at_1000_diff1": 0.314023,
        "nauc_map_at_1_max": 0.219133,
        "nauc_map_at_1_std": -0.087568,
        "nauc_map_at_1_diff1": 0.365643,
        "nauc_map_at_3_max": 0.258783,
        "nauc_map_at_3_std": -0.086983,
        "nauc_map_at_3_diff1": 0.3387,
        "nauc_map_at_5_max": 0.27325,
        "nauc_map_at_5_std": -0.082633,
        "nauc_map_at_5_diff1": 0.324653,
        "nauc_map_at_10_max": 0.275243,
        "nauc_map_at_10_std": -0.072387,
        "nauc_map_at_10_diff1": 0.31132,
        "nauc_map_at_20_max": 0.278667,
        "nauc_map_at_20_std": -0.065443,
        "nauc_map_at_20_diff1": 0.310738,
        "nauc_map_at_100_max": 0.282804,
        "nauc_map_at_100_std": -0.060992,
        "nauc_map_at_100_diff1": 0.310396,
        "nauc_map_at_1000_max": 0.284031,
        "nauc_map_at_1000_std": -0.05995,
        "nauc_map_at_1000_diff1": 0.310469,
        "nauc_recall_at_1_max": 0.219133,
        "nauc_recall_at_1_std": -0.087568,
        "nauc_recall_at_1_diff1": 0.365643,
        "nauc_recall_at_3_max": 0.234709,
        "nauc_recall_at_3_std": -0.079894,
        "nauc_recall_at_3_diff1": 0.288552,
        "nauc_recall_at_5_max": 0.24477,
        "nauc_recall_at_5_std": -0.064948,
        "nauc_recall_at_5_diff1": 0.246728,
        "nauc_recall_at_10_max": 0.209914,
        "nauc_recall_at_10_std": -0.037265,
        "nauc_recall_at_10_diff1": 0.184704,
        "nauc_recall_at_20_max": 0.202888,
        "nauc_recall_at_20_std": 0.011482,
        "nauc_recall_at_20_diff1": 0.149669,
        "nauc_recall_at_100_max": 0.238639,
        "nauc_recall_at_100_std": 0.112981,
        "nauc_recall_at_100_diff1": 0.131276,
        "nauc_recall_at_1000_max": 0.435611,
        "nauc_recall_at_1000_std": 0.355863,
        "nauc_recall_at_1000_diff1": 0.158042,
        "nauc_precision_at_1_max": 0.34278,
        "nauc_precision_at_1_std": -0.050598,
        "nauc_precision_at_1_diff1": 0.429844,
        "nauc_precision_at_3_max": 0.339613,
        "nauc_precision_at_3_std": -0.03343,
        "nauc_precision_at_3_diff1": 0.28385,
        "nauc_precision_at_5_max": 0.335475,
        "nauc_precision_at_5_std": -0.015301,
        "nauc_precision_at_5_diff1": 0.206255,
        "nauc_precision_at_10_max": 0.313357,
        "nauc_precision_at_10_std": 0.04391,
        "nauc_precision_at_10_diff1": 0.135065,
        "nauc_precision_at_20_max": 0.302047,
        "nauc_precision_at_20_std": 0.095467,
        "nauc_precision_at_20_diff1": 0.102214,
        "nauc_precision_at_100_max": 0.266078,
        "nauc_precision_at_100_std": 0.139271,
        "nauc_precision_at_100_diff1": 0.044467,
        "nauc_precision_at_1000_max": 0.22664,
        "nauc_precision_at_1000_std": 0.151546,
        "nauc_precision_at_1000_diff1": -0.003442,
        "nauc_mrr_at_1_max": 0.34278,
        "nauc_mrr_at_1_std": -0.050598,
        "nauc_mrr_at_1_diff1": 0.429844,
        "nauc_mrr_at_3_max": 0.343453,
        "nauc_mrr_at_3_std": -0.041547,
        "nauc_mrr_at_3_diff1": 0.396525,
        "nauc_mrr_at_5_max": 0.35244,
        "nauc_mrr_at_5_std": -0.032361,
        "nauc_mrr_at_5_diff1": 0.39112,
        "nauc_mrr_at_10_max": 0.346399,
        "nauc_mrr_at_10_std": -0.032503,
        "nauc_mrr_at_10_diff1": 0.384821,
        "nauc_mrr_at_20_max": 0.34646,
        "nauc_mrr_at_20_std": -0.028836,
        "nauc_mrr_at_20_diff1": 0.382957,
        "nauc_mrr_at_100_max": 0.346919,
        "nauc_mrr_at_100_std": -0.028454,
        "nauc_mrr_at_100_diff1": 0.383644,
        "nauc_mrr_at_1000_max": 0.347093,
        "nauc_mrr_at_1000_std": -0.028472,
        "nauc_mrr_at_1000_diff1": 0.383962,
        "main_score": 0.36289,
        "hf_subset": "default",
        "languages": [
          "eng-Latn"
        ]
      }
    ]
  },
  "evaluation_time": 27.876705408096313,
  "kg_co2_emissions": null
}