{
  "dataset_revision": "ae763399273d8b20506b80cf6f6f9a31a6a2b238",
  "task_name": "MedicalQARetrieval",
  "mteb_version": "1.34.8",
  "scores": {
    "test": [
      {
        "ndcg_at_1": 0.41943,
        "ndcg_at_3": 0.55764,
        "ndcg_at_5": 0.59233,
        "ndcg_at_10": 0.61587,
        "ndcg_at_20": 0.62912,
        "ndcg_at_100": 0.64228,
        "ndcg_at_1000": 0.65003,
        "map_at_1": 0.41943,
        "map_at_3": 0.52327,
        "map_at_5": 0.54271,
        "map_at_10": 0.55261,
        "map_at_20": 0.55633,
        "map_at_100": 0.55814,
        "map_at_1000": 0.55842,
        "recall_at_1": 0.41943,
        "recall_at_3": 0.65723,
        "recall_at_5": 0.74072,
        "recall_at_10": 0.8125,
        "recall_at_20": 0.86426,
        "recall_at_100": 0.93555,
        "recall_at_1000": 0.99707,
        "precision_at_1": 0.41943,
        "precision_at_3": 0.21908,
        "precision_at_5": 0.14814,
        "precision_at_10": 0.08125,
        "precision_at_20": 0.04321,
        "precision_at_100": 0.00936,
        "precision_at_1000": 0.001,
        "mrr_at_1": 0.419434,
        "mrr_at_3": 0.523112,
        "mrr_at_5": 0.542546,
        "mrr_at_10": 0.552528,
        "mrr_at_20": 0.556249,
        "mrr_at_100": 0.558064,
        "mrr_at_1000": 0.558343,
        "nauc_ndcg_at_1_max": 0.262591,
        "nauc_ndcg_at_1_std": -0.070059,
        "nauc_ndcg_at_1_diff1": 0.370199,
        "nauc_ndcg_at_3_max": 0.269396,
        "nauc_ndcg_at_3_std": -0.085699,
        "nauc_ndcg_at_3_diff1": 0.309999,
        "nauc_ndcg_at_5_max": 0.279637,
        "nauc_ndcg_at_5_std": -0.079599,
        "nauc_ndcg_at_5_diff1": 0.306074,
        "nauc_ndcg_at_10_max": 0.304637,
        "nauc_ndcg_at_10_std": -0.061361,
        "nauc_ndcg_at_10_diff1": 0.306042,
        "nauc_ndcg_at_20_max": 0.311451,
        "nauc_ndcg_at_20_std": -0.044503,
        "nauc_ndcg_at_20_diff1": 0.302262,
        "nauc_ndcg_at_100_max": 0.306498,
        "nauc_ndcg_at_100_std": -0.03979,
        "nauc_ndcg_at_100_diff1": 0.304349,
        "nauc_ndcg_at_1000_max": 0.295026,
        "nauc_ndcg_at_1000_std": -0.053493,
        "nauc_ndcg_at_1000_diff1": 0.311323,
        "nauc_map_at_1_max": 0.262591,
        "nauc_map_at_1_std": -0.070059,
        "nauc_map_at_1_diff1": 0.370199,
        "nauc_map_at_3_max": 0.26824,
        "nauc_map_at_3_std": -0.081511,
        "nauc_map_at_3_diff1": 0.324178,
        "nauc_map_at_5_max": 0.27351,
        "nauc_map_at_5_std": -0.078219,
        "nauc_map_at_5_diff1": 0.322458,
        "nauc_map_at_10_max": 0.28249,
        "nauc_map_at_10_std": -0.071246,
        "nauc_map_at_10_diff1": 0.322786,
        "nauc_map_at_20_max": 0.28383,
        "nauc_map_at_20_std": -0.06747,
        "nauc_map_at_20_diff1": 0.322103,
        "nauc_map_at_100_max": 0.283235,
        "nauc_map_at_100_std": -0.066344,
        "nauc_map_at_100_diff1": 0.322259,
        "nauc_map_at_1000_max": 0.282856,
        "nauc_map_at_1000_std": -0.066696,
        "nauc_map_at_1000_diff1": 0.322458,
        "nauc_recall_at_1_max": 0.262591,
        "nauc_recall_at_1_std": -0.070059,
        "nauc_recall_at_1_diff1": 0.370199,
        "nauc_recall_at_3_max": 0.272967,
        "nauc_recall_at_3_std": -0.099774,
        "nauc_recall_at_3_diff1": 0.263263,
        "nauc_recall_at_5_max": 0.305641,
        "nauc_recall_at_5_std": -0.083857,
        "nauc_recall_at_5_diff1": 0.241576,
        "nauc_recall_at_10_max": 0.43673,
        "nauc_recall_at_10_std": 0.002028,
        "nauc_recall_at_10_diff1": 0.22217,
        "nauc_recall_at_20_max": 0.537665,
        "nauc_recall_at_20_std": 0.161401,
        "nauc_recall_at_20_diff1": 0.162312,
        "nauc_recall_at_100_max": 0.656967,
        "nauc_recall_at_100_std": 0.428368,
        "nauc_recall_at_100_diff1": 0.073358,
        "nauc_recall_at_1000_max": 0.534442,
        "nauc_recall_at_1000_std": 0.730462,
        "nauc_recall_at_1000_diff1": 0.044042,
        "nauc_precision_at_1_max": 0.262591,
        "nauc_precision_at_1_std": -0.070059,
        "nauc_precision_at_1_diff1": 0.370199,
        "nauc_precision_at_3_max": 0.272967,
        "nauc_precision_at_3_std": -0.099774,
        "nauc_precision_at_3_diff1": 0.263263,
        "nauc_precision_at_5_max": 0.305641,
        "nauc_precision_at_5_std": -0.083857,
        "nauc_precision_at_5_diff1": 0.241576,
        "nauc_precision_at_10_max": 0.43673,
        "nauc_precision_at_10_std": 0.002028,
        "nauc_precision_at_10_diff1": 0.22217,
        "nauc_precision_at_20_max": 0.537665,
        "nauc_precision_at_20_std": 0.161401,
        "nauc_precision_at_20_diff1": 0.162312,
        "nauc_precision_at_100_max": 0.656967,
        "nauc_precision_at_100_std": 0.428368,
        "nauc_precision_at_100_diff1": 0.073358,
        "nauc_precision_at_1000_max": 0.534442,
        "nauc_precision_at_1000_std": 0.730462,
        "nauc_precision_at_1000_diff1": 0.044042,
        "nauc_mrr_at_1_max": 0.264106,
        "nauc_mrr_at_1_std": -0.070059,
        "nauc_mrr_at_1_diff1": 0.370199,
        "nauc_mrr_at_3_max": 0.268802,
        "nauc_mrr_at_3_std": -0.080957,
        "nauc_mrr_at_3_diff1": 0.324584,
        "nauc_mrr_at_5_max": 0.274633,
        "nauc_mrr_at_5_std": -0.077586,
        "nauc_mrr_at_5_diff1": 0.322859,
        "nauc_mrr_at_10_max": 0.283367,
        "nauc_mrr_at_10_std": -0.070951,
        "nauc_mrr_at_10_diff1": 0.322995,
        "nauc_mrr_at_20_max": 0.284736,
        "nauc_mrr_at_20_std": -0.067159,
        "nauc_mrr_at_20_diff1": 0.322333,
        "nauc_mrr_at_100_max": 0.284146,
        "nauc_mrr_at_100_std": -0.066032,
        "nauc_mrr_at_100_diff1": 0.322489,
        "nauc_mrr_at_1000_max": 0.283768,
        "nauc_mrr_at_1000_std": -0.066383,
        "nauc_mrr_at_1000_diff1": 0.322689,
        "main_score": 0.61587,
        "hf_subset": "default",
        "languages": [
          "eng-Latn"
        ]
      }
    ]
  },
  "evaluation_time": 4.738309383392334,
  "kg_co2_emissions": null
}