{
  "dataset_revision": "f8c2fcf00f625baaa80f62ec5bd9e1fff3b8ae88",
  "task_name": "SCIDOCS",
  "mteb_version": "1.34.8",
  "scores": {
    "test": [
      {
        "ndcg_at_1": 0.236,
        "ndcg_at_3": 0.19802,
        "ndcg_at_5": 0.17541,
        "ndcg_at_10": 0.21367,
        "ndcg_at_20": 0.24831,
        "ndcg_at_100": 0.3082,
        "ndcg_at_1000": 0.36372,
        "map_at_1": 0.04773,
        "map_at_3": 0.08968,
        "map_at_5": 0.10817,
        "map_at_10": 0.12749,
        "map_at_20": 0.14076,
        "map_at_100": 0.15313,
        "map_at_1000": 0.15667,
        "recall_at_1": 0.04773,
        "recall_at_3": 0.11353,
        "recall_at_5": 0.15863,
        "recall_at_10": 0.22908,
        "recall_at_20": 0.31062,
        "recall_at_100": 0.50612,
        "recall_at_1000": 0.77558,
        "precision_at_1": 0.236,
        "precision_at_3": 0.18667,
        "precision_at_5": 0.1566,
        "precision_at_10": 0.1131,
        "precision_at_20": 0.0766,
        "precision_at_100": 0.02496,
        "precision_at_1000": 0.00382,
        "mrr_at_1": 0.236,
        "mrr_at_3": 0.314167,
        "mrr_at_5": 0.337267,
        "mrr_at_10": 0.353041,
        "mrr_at_20": 0.360013,
        "mrr_at_100": 0.364124,
        "mrr_at_1000": 0.364506,
        "nauc_ndcg_at_1_max": 0.269481,
        "nauc_ndcg_at_1_std": 0.059347,
        "nauc_ndcg_at_1_diff1": 0.203913,
        "nauc_ndcg_at_3_max": 0.313322,
        "nauc_ndcg_at_3_std": 0.08876,
        "nauc_ndcg_at_3_diff1": 0.166026,
        "nauc_ndcg_at_5_max": 0.322999,
        "nauc_ndcg_at_5_std": 0.107541,
        "nauc_ndcg_at_5_diff1": 0.140246,
        "nauc_ndcg_at_10_max": 0.355696,
        "nauc_ndcg_at_10_std": 0.149665,
        "nauc_ndcg_at_10_diff1": 0.137769,
        "nauc_ndcg_at_20_max": 0.378691,
        "nauc_ndcg_at_20_std": 0.188761,
        "nauc_ndcg_at_20_diff1": 0.124452,
        "nauc_ndcg_at_100_max": 0.398812,
        "nauc_ndcg_at_100_std": 0.239491,
        "nauc_ndcg_at_100_diff1": 0.122653,
        "nauc_ndcg_at_1000_max": 0.39626,
        "nauc_ndcg_at_1000_std": 0.241181,
        "nauc_ndcg_at_1000_diff1": 0.119147,
        "nauc_map_at_1_max": 0.26949,
        "nauc_map_at_1_std": 0.057243,
        "nauc_map_at_1_diff1": 0.206074,
        "nauc_map_at_3_max": 0.308427,
        "nauc_map_at_3_std": 0.075219,
        "nauc_map_at_3_diff1": 0.17005,
        "nauc_map_at_5_max": 0.315056,
        "nauc_map_at_5_std": 0.095411,
        "nauc_map_at_5_diff1": 0.140647,
        "nauc_map_at_10_max": 0.342422,
        "nauc_map_at_10_std": 0.130233,
        "nauc_map_at_10_diff1": 0.138287,
        "nauc_map_at_20_max": 0.360157,
        "nauc_map_at_20_std": 0.154085,
        "nauc_map_at_20_diff1": 0.131267,
        "nauc_map_at_100_max": 0.37023,
        "nauc_map_at_100_std": 0.174139,
        "nauc_map_at_100_diff1": 0.129208,
        "nauc_map_at_1000_max": 0.370985,
        "nauc_map_at_1000_std": 0.176467,
        "nauc_map_at_1000_diff1": 0.128974,
        "nauc_recall_at_1_max": 0.26949,
        "nauc_recall_at_1_std": 0.057243,
        "nauc_recall_at_1_diff1": 0.206074,
        "nauc_recall_at_3_max": 0.327663,
        "nauc_recall_at_3_std": 0.094767,
        "nauc_recall_at_3_diff1": 0.152295,
        "nauc_recall_at_5_max": 0.323678,
        "nauc_recall_at_5_std": 0.12307,
        "nauc_recall_at_5_diff1": 0.100916,
        "nauc_recall_at_10_max": 0.366474,
        "nauc_recall_at_10_std": 0.191205,
        "nauc_recall_at_10_diff1": 0.09667,
        "nauc_recall_at_20_max": 0.389906,
        "nauc_recall_at_20_std": 0.258635,
        "nauc_recall_at_20_diff1": 0.064641,
        "nauc_recall_at_100_max": 0.388537,
        "nauc_recall_at_100_std": 0.358132,
        "nauc_recall_at_100_diff1": 0.050434,
        "nauc_recall_at_1000_max": 0.362854,
        "nauc_recall_at_1000_std": 0.39893,
        "nauc_recall_at_1000_diff1": 0.003036,
        "nauc_precision_at_1_max": 0.269481,
        "nauc_precision_at_1_std": 0.059347,
        "nauc_precision_at_1_diff1": 0.203913,
        "nauc_precision_at_3_max": 0.327572,
        "nauc_precision_at_3_std": 0.098138,
        "nauc_precision_at_3_diff1": 0.148981,
        "nauc_precision_at_5_max": 0.323784,
        "nauc_precision_at_5_std": 0.126844,
        "nauc_precision_at_5_diff1": 0.096057,
        "nauc_precision_at_10_max": 0.367172,
        "nauc_precision_at_10_std": 0.195154,
        "nauc_precision_at_10_diff1": 0.09286,
        "nauc_precision_at_20_max": 0.390188,
        "nauc_precision_at_20_std": 0.260888,
        "nauc_precision_at_20_diff1": 0.061771,
        "nauc_precision_at_100_max": 0.384689,
        "nauc_precision_at_100_std": 0.355827,
        "nauc_precision_at_100_diff1": 0.043451,
        "nauc_precision_at_1000_max": 0.348863,
        "nauc_precision_at_1000_std": 0.384606,
        "nauc_precision_at_1000_diff1": -0.009811,
        "nauc_mrr_at_1_max": 0.269481,
        "nauc_mrr_at_1_std": 0.059347,
        "nauc_mrr_at_1_diff1": 0.203913,
        "nauc_mrr_at_3_max": 0.30066,
        "nauc_mrr_at_3_std": 0.088221,
        "nauc_mrr_at_3_diff1": 0.18587,
        "nauc_mrr_at_5_max": 0.306331,
        "nauc_mrr_at_5_std": 0.094714,
        "nauc_mrr_at_5_diff1": 0.180976,
        "nauc_mrr_at_10_max": 0.310358,
        "nauc_mrr_at_10_std": 0.101095,
        "nauc_mrr_at_10_diff1": 0.18178,
        "nauc_mrr_at_20_max": 0.311379,
        "nauc_mrr_at_20_std": 0.105533,
        "nauc_mrr_at_20_diff1": 0.179679,
        "nauc_mrr_at_100_max": 0.31122,
        "nauc_mrr_at_100_std": 0.105281,
        "nauc_mrr_at_100_diff1": 0.180553,
        "nauc_mrr_at_1000_max": 0.311065,
        "nauc_mrr_at_1000_std": 0.104962,
        "nauc_mrr_at_1000_diff1": 0.180654,
        "main_score": 0.21367,
        "hf_subset": "default",
        "languages": [
          "eng-Latn"
        ]
      }
    ]
  },
  "evaluation_time": 18.069012880325317,
  "kg_co2_emissions": null
}