{
  "dataset_revision": "0228b52cf27578f30900b9e5271d331663a030d7",
  "task_name": "SciFact",
  "mteb_version": "1.34.8",
  "scores": {
    "test": [
      {
        "ndcg_at_1": 0.47667,
        "ndcg_at_3": 0.57231,
        "ndcg_at_5": 0.60595,
        "ndcg_at_10": 0.62941,
        "ndcg_at_20": 0.64537,
        "ndcg_at_100": 0.65619,
        "ndcg_at_1000": 0.66832,
        "map_at_1": 0.45789,
        "map_at_3": 0.54008,
        "map_at_5": 0.56272,
        "map_at_10": 0.57445,
        "map_at_20": 0.57903,
        "map_at_100": 0.58078,
        "map_at_1000": 0.58131,
        "recall_at_1": 0.45789,
        "recall_at_3": 0.63756,
        "recall_at_5": 0.7195,
        "recall_at_10": 0.786,
        "recall_at_20": 0.84667,
        "recall_at_100": 0.90167,
        "recall_at_1000": 0.99333,
        "precision_at_1": 0.47667,
        "precision_at_3": 0.23,
        "precision_at_5": 0.15933,
        "precision_at_10": 0.08833,
        "precision_at_20": 0.04767,
        "precision_at_100": 0.0103,
        "precision_at_1000": 0.00112,
        "mrr_at_1": 0.476667,
        "mrr_at_3": 0.558889,
        "mrr_at_5": 0.575722,
        "mrr_at_10": 0.584202,
        "mrr_at_20": 0.588446,
        "mrr_at_100": 0.589548,
        "mrr_at_1000": 0.590056,
        "nauc_ndcg_at_1_max": 0.398646,
        "nauc_ndcg_at_1_std": -0.022155,
        "nauc_ndcg_at_1_diff1": 0.698957,
        "nauc_ndcg_at_3_max": 0.44385,
        "nauc_ndcg_at_3_std": -0.008819,
        "nauc_ndcg_at_3_diff1": 0.626648,
        "nauc_ndcg_at_5_max": 0.45376,
        "nauc_ndcg_at_5_std": 0.015546,
        "nauc_ndcg_at_5_diff1": 0.608987,
        "nauc_ndcg_at_10_max": 0.461009,
        "nauc_ndcg_at_10_std": 0.017024,
        "nauc_ndcg_at_10_diff1": 0.607315,
        "nauc_ndcg_at_20_max": 0.474937,
        "nauc_ndcg_at_20_std": 0.020932,
        "nauc_ndcg_at_20_diff1": 0.618767,
        "nauc_ndcg_at_100_max": 0.477885,
        "nauc_ndcg_at_100_std": 0.031604,
        "nauc_ndcg_at_100_diff1": 0.624624,
        "nauc_ndcg_at_1000_max": 0.463245,
        "nauc_ndcg_at_1000_std": 0.021821,
        "nauc_ndcg_at_1000_diff1": 0.626235,
        "nauc_map_at_1_max": 0.364583,
        "nauc_map_at_1_std": -0.064519,
        "nauc_map_at_1_diff1": 0.700689,
        "nauc_map_at_3_max": 0.420342,
        "nauc_map_at_3_std": -0.028511,
        "nauc_map_at_3_diff1": 0.646829,
        "nauc_map_at_5_max": 0.432972,
        "nauc_map_at_5_std": -0.007542,
        "nauc_map_at_5_diff1": 0.63694,
        "nauc_map_at_10_max": 0.44112,
        "nauc_map_at_10_std": -0.00208,
        "nauc_map_at_10_diff1": 0.635845,
        "nauc_map_at_20_max": 0.444779,
        "nauc_map_at_20_std": -0.00038,
        "nauc_map_at_20_diff1": 0.638951,
        "nauc_map_at_100_max": 0.4453,
        "nauc_map_at_100_std": 0.001477,
        "nauc_map_at_100_diff1": 0.639512,
        "nauc_map_at_1000_max": 0.444736,
        "nauc_map_at_1000_std": 0.001118,
        "nauc_map_at_1000_diff1": 0.639528,
        "nauc_recall_at_1_max": 0.364583,
        "nauc_recall_at_1_std": -0.064519,
        "nauc_recall_at_1_diff1": 0.700689,
        "nauc_recall_at_3_max": 0.451791,
        "nauc_recall_at_3_std": -0.022688,
        "nauc_recall_at_3_diff1": 0.563305,
        "nauc_recall_at_5_max": 0.491266,
        "nauc_recall_at_5_std": 0.056924,
        "nauc_recall_at_5_diff1": 0.499466,
        "nauc_recall_at_10_max": 0.520054,
        "nauc_recall_at_10_std": 0.059666,
        "nauc_recall_at_10_diff1": 0.477639,
        "nauc_recall_at_20_max": 0.624447,
        "nauc_recall_at_20_std": 0.082413,
        "nauc_recall_at_20_diff1": 0.514375,
        "nauc_recall_at_100_max": 0.745953,
        "nauc_recall_at_100_std": 0.240849,
        "nauc_recall_at_100_diff1": 0.567116,
        "nauc_recall_at_1000_max": 0.348973,
        "nauc_recall_at_1000_std": 0.338469,
        "nauc_recall_at_1000_diff1": 0.358077,
        "nauc_precision_at_1_max": 0.398646,
        "nauc_precision_at_1_std": -0.022155,
        "nauc_precision_at_1_diff1": 0.698957,
        "nauc_precision_at_3_max": 0.51409,
        "nauc_precision_at_3_std": 0.13188,
        "nauc_precision_at_3_diff1": 0.457033,
        "nauc_precision_at_5_max": 0.504296,
        "nauc_precision_at_5_std": 0.263002,
        "nauc_precision_at_5_diff1": 0.287947,
        "nauc_precision_at_10_max": 0.471119,
        "nauc_precision_at_10_std": 0.298675,
        "nauc_precision_at_10_diff1": 0.178593,
        "nauc_precision_at_20_max": 0.49578,
        "nauc_precision_at_20_std": 0.360801,
        "nauc_precision_at_20_diff1": 0.124366,
        "nauc_precision_at_100_max": 0.398898,
        "nauc_precision_at_100_std": 0.416832,
        "nauc_precision_at_100_diff1": 0.012751,
        "nauc_precision_at_1000_max": 0.231901,
        "nauc_precision_at_1000_std": 0.469316,
        "nauc_precision_at_1000_diff1": -0.215836,
        "nauc_mrr_at_1_max": 0.398646,
        "nauc_mrr_at_1_std": -0.022155,
        "nauc_mrr_at_1_diff1": 0.698957,
        "nauc_mrr_at_3_max": 0.449177,
        "nauc_mrr_at_3_std": 0.008883,
        "nauc_mrr_at_3_diff1": 0.645067,
        "nauc_mrr_at_5_max": 0.449894,
        "nauc_mrr_at_5_std": 0.020594,
        "nauc_mrr_at_5_diff1": 0.633451,
        "nauc_mrr_at_10_max": 0.448396,
        "nauc_mrr_at_10_std": 0.015539,
        "nauc_mrr_at_10_diff1": 0.634192,
        "nauc_mrr_at_20_max": 0.452633,
        "nauc_mrr_at_20_std": 0.016312,
        "nauc_mrr_at_20_diff1": 0.637568,
        "nauc_mrr_at_100_max": 0.45236,
        "nauc_mrr_at_100_std": 0.016529,
        "nauc_mrr_at_100_diff1": 0.638447,
        "nauc_mrr_at_1000_max": 0.451838,
        "nauc_mrr_at_1000_std": 0.016253,
        "nauc_mrr_at_1000_diff1": 0.638462,
        "main_score": 0.62941,
        "hf_subset": "default",
        "languages": [
          "eng-Latn"
        ]
      }
    ]
  },
  "evaluation_time": 5.289101839065552,
  "kg_co2_emissions": null
}