{
  "dataset_revision": "bb9466bac8153a0349341eb1b22e06409e78ef4e",
  "task_name": "TRECCOVID",
  "mteb_version": "1.34.8",
  "scores": {
    "test": [
      {
        "ndcg_at_1": 0.53,
        "ndcg_at_3": 0.50765,
        "ndcg_at_5": 0.4959,
        "ndcg_at_10": 0.456,
        "ndcg_at_20": 0.41958,
        "ndcg_at_100": 0.33207,
        "ndcg_at_1000": 0.3271,
        "map_at_1": 0.00146,
        "map_at_3": 0.00383,
        "map_at_5": 0.006,
        "map_at_10": 0.01032,
        "map_at_20": 0.01694,
        "map_at_100": 0.04991,
        "map_at_1000": 0.12551,
        "recall_at_1": 0.00146,
        "recall_at_3": 0.00436,
        "recall_at_5": 0.0071,
        "recall_at_10": 0.01286,
        "recall_at_20": 0.02272,
        "recall_at_100": 0.08107,
        "recall_at_1000": 0.31771,
        "precision_at_1": 0.58,
        "precision_at_3": 0.54667,
        "precision_at_5": 0.54,
        "precision_at_10": 0.49,
        "precision_at_20": 0.443,
        "precision_at_100": 0.34,
        "precision_at_1000": 0.14736,
        "mrr_at_1": 0.58,
        "mrr_at_3": 0.67,
        "mrr_at_5": 0.697,
        "mrr_at_10": 0.699857,
        "mrr_at_20": 0.701396,
        "mrr_at_100": 0.702657,
        "mrr_at_1000": 0.702785,
        "nauc_ndcg_at_1_max": 0.382393,
        "nauc_ndcg_at_1_std": 0.338072,
        "nauc_ndcg_at_1_diff1": -0.113959,
        "nauc_ndcg_at_3_max": 0.336779,
        "nauc_ndcg_at_3_std": 0.450793,
        "nauc_ndcg_at_3_diff1": -0.230797,
        "nauc_ndcg_at_5_max": 0.344293,
        "nauc_ndcg_at_5_std": 0.495237,
        "nauc_ndcg_at_5_diff1": -0.268798,
        "nauc_ndcg_at_10_max": 0.350646,
        "nauc_ndcg_at_10_std": 0.594473,
        "nauc_ndcg_at_10_diff1": -0.299495,
        "nauc_ndcg_at_20_max": 0.347499,
        "nauc_ndcg_at_20_std": 0.686461,
        "nauc_ndcg_at_20_diff1": -0.306197,
        "nauc_ndcg_at_100_max": 0.356217,
        "nauc_ndcg_at_100_std": 0.778252,
        "nauc_ndcg_at_100_diff1": -0.317787,
        "nauc_ndcg_at_1000_max": 0.392653,
        "nauc_ndcg_at_1000_std": 0.788768,
        "nauc_ndcg_at_1000_diff1": -0.264065,
        "nauc_map_at_1_max": 0.359728,
        "nauc_map_at_1_std": 0.08292,
        "nauc_map_at_1_diff1": -0.098184,
        "nauc_map_at_3_max": 0.295446,
        "nauc_map_at_3_std": 0.221522,
        "nauc_map_at_3_diff1": -0.243534,
        "nauc_map_at_5_max": 0.245596,
        "nauc_map_at_5_std": 0.279995,
        "nauc_map_at_5_diff1": -0.304504,
        "nauc_map_at_10_max": 0.205244,
        "nauc_map_at_10_std": 0.366298,
        "nauc_map_at_10_diff1": -0.331554,
        "nauc_map_at_20_max": 0.209265,
        "nauc_map_at_20_std": 0.487308,
        "nauc_map_at_20_diff1": -0.33727,
        "nauc_map_at_100_max": 0.343092,
        "nauc_map_at_100_std": 0.744579,
        "nauc_map_at_100_diff1": -0.344309,
        "nauc_map_at_1000_max": 0.42208,
        "nauc_map_at_1000_std": 0.834582,
        "nauc_map_at_1000_diff1": -0.294342,
        "nauc_recall_at_1_max": 0.359728,
        "nauc_recall_at_1_std": 0.08292,
        "nauc_recall_at_1_diff1": -0.098184,
        "nauc_recall_at_3_max": 0.19855,
        "nauc_recall_at_3_std": 0.226948,
        "nauc_recall_at_3_diff1": -0.247368,
        "nauc_recall_at_5_max": 0.162557,
        "nauc_recall_at_5_std": 0.271803,
        "nauc_recall_at_5_diff1": -0.313004,
        "nauc_recall_at_10_max": 0.166516,
        "nauc_recall_at_10_std": 0.351075,
        "nauc_recall_at_10_diff1": -0.298848,
        "nauc_recall_at_20_max": 0.154373,
        "nauc_recall_at_20_std": 0.441898,
        "nauc_recall_at_20_diff1": -0.293682,
        "nauc_recall_at_100_max": 0.305737,
        "nauc_recall_at_100_std": 0.676232,
        "nauc_recall_at_100_diff1": -0.326654,
        "nauc_recall_at_1000_max": 0.382604,
        "nauc_recall_at_1000_std": 0.75991,
        "nauc_recall_at_1000_diff1": -0.226308,
        "nauc_precision_at_1_max": 0.424268,
        "nauc_precision_at_1_std": 0.327974,
        "nauc_precision_at_1_diff1": -0.0709,
        "nauc_precision_at_3_max": 0.302155,
        "nauc_precision_at_3_std": 0.502905,
        "nauc_precision_at_3_diff1": -0.271581,
        "nauc_precision_at_5_max": 0.322779,
        "nauc_precision_at_5_std": 0.551862,
        "nauc_precision_at_5_diff1": -0.33137,
        "nauc_precision_at_10_max": 0.334428,
        "nauc_precision_at_10_std": 0.655074,
        "nauc_precision_at_10_diff1": -0.317669,
        "nauc_precision_at_20_max": 0.332065,
        "nauc_precision_at_20_std": 0.721043,
        "nauc_precision_at_20_diff1": -0.315682,
        "nauc_precision_at_100_max": 0.367116,
        "nauc_precision_at_100_std": 0.796843,
        "nauc_precision_at_100_diff1": -0.315457,
        "nauc_precision_at_1000_max": 0.391405,
        "nauc_precision_at_1000_std": 0.720133,
        "nauc_precision_at_1000_diff1": -0.208644,
        "nauc_mrr_at_1_max": 0.424268,
        "nauc_mrr_at_1_std": 0.327974,
        "nauc_mrr_at_1_diff1": -0.0709,
        "nauc_mrr_at_3_max": 0.394904,
        "nauc_mrr_at_3_std": 0.455629,
        "nauc_mrr_at_3_diff1": -0.130361,
        "nauc_mrr_at_5_max": 0.439871,
        "nauc_mrr_at_5_std": 0.438609,
        "nauc_mrr_at_5_diff1": -0.092922,
        "nauc_mrr_at_10_max": 0.43329,
        "nauc_mrr_at_10_std": 0.432014,
        "nauc_mrr_at_10_diff1": -0.105763,
        "nauc_mrr_at_20_max": 0.430514,
        "nauc_mrr_at_20_std": 0.428397,
        "nauc_mrr_at_20_diff1": -0.109965,
        "nauc_mrr_at_100_max": 0.429351,
        "nauc_mrr_at_100_std": 0.427719,
        "nauc_mrr_at_100_diff1": -0.105426,
        "nauc_mrr_at_1000_max": 0.429196,
        "nauc_mrr_at_1000_std": 0.427652,
        "nauc_mrr_at_1000_diff1": -0.105391,
        "main_score": 0.456,
        "hf_subset": "default",
        "languages": [
          "eng-Latn"
        ]
      }
    ]
  },
  "evaluation_time": 99.83787488937378,
  "kg_co2_emissions": null
}