{
  "dataset_revision": "f22508f96b7a36c2415181ed8bb76f76e04ae2d5",
  "task_name": "AppsRetrieval",
  "mteb_version": "1.34.8",
  "scores": {
    "test": [
      {
        "ndcg_at_1": 0.366,
        "ndcg_at_3": 0.44234,
        "ndcg_at_5": 0.46614,
        "ndcg_at_10": 0.49473,
        "ndcg_at_20": 0.51319,
        "ndcg_at_100": 0.53868,
        "ndcg_at_1000": 0.55393,
        "map_at_1": 0.366,
        "map_at_3": 0.42373,
        "map_at_5": 0.43697,
        "map_at_10": 0.44886,
        "map_at_20": 0.45397,
        "map_at_100": 0.45751,
        "map_at_1000": 0.45806,
        "recall_at_1": 0.366,
        "recall_at_3": 0.49615,
        "recall_at_5": 0.55378,
        "recall_at_10": 0.6417,
        "recall_at_20": 0.71448,
        "recall_at_100": 0.85153,
        "recall_at_1000": 0.97264,
        "precision_at_1": 0.366,
        "precision_at_3": 0.16538,
        "precision_at_5": 0.11076,
        "precision_at_10": 0.06417,
        "precision_at_20": 0.03572,
        "precision_at_100": 0.00852,
        "precision_at_1000": 0.00097,
        "mrr_at_1": 0.366003,
        "mrr_at_3": 0.423904,
        "mrr_at_5": 0.437012,
        "mrr_at_10": 0.448903,
        "mrr_at_20": 0.454008,
        "mrr_at_100": 0.457548,
        "mrr_at_1000": 0.4581,
        "nauc_ndcg_at_1_max": 0.521277,
        "nauc_ndcg_at_1_std": 0.065609,
        "nauc_ndcg_at_1_diff1": 0.635207,
        "nauc_ndcg_at_3_max": 0.535454,
        "nauc_ndcg_at_3_std": 0.110842,
        "nauc_ndcg_at_3_diff1": 0.562367,
        "nauc_ndcg_at_5_max": 0.537311,
        "nauc_ndcg_at_5_std": 0.122485,
        "nauc_ndcg_at_5_diff1": 0.552915,
        "nauc_ndcg_at_10_max": 0.534053,
        "nauc_ndcg_at_10_std": 0.125249,
        "nauc_ndcg_at_10_diff1": 0.545565,
        "nauc_ndcg_at_20_max": 0.539483,
        "nauc_ndcg_at_20_std": 0.135508,
        "nauc_ndcg_at_20_diff1": 0.547803,
        "nauc_ndcg_at_100_max": 0.54102,
        "nauc_ndcg_at_100_std": 0.140948,
        "nauc_ndcg_at_100_diff1": 0.552746,
        "nauc_ndcg_at_1000_max": 0.537819,
        "nauc_ndcg_at_1000_std": 0.130057,
        "nauc_ndcg_at_1000_diff1": 0.558057,
        "nauc_map_at_1_max": 0.521277,
        "nauc_map_at_1_std": 0.065609,
        "nauc_map_at_1_diff1": 0.635207,
        "nauc_map_at_3_max": 0.533273,
        "nauc_map_at_3_std": 0.100834,
        "nauc_map_at_3_diff1": 0.579884,
        "nauc_map_at_5_max": 0.534242,
        "nauc_map_at_5_std": 0.107132,
        "nauc_map_at_5_diff1": 0.57472,
        "nauc_map_at_10_max": 0.532482,
        "nauc_map_at_10_std": 0.107646,
        "nauc_map_at_10_diff1": 0.571843,
        "nauc_map_at_20_max": 0.533908,
        "nauc_map_at_20_std": 0.110246,
        "nauc_map_at_20_diff1": 0.572573,
        "nauc_map_at_100_max": 0.534138,
        "nauc_map_at_100_std": 0.11101,
        "nauc_map_at_100_diff1": 0.573403,
        "nauc_map_at_1000_max": 0.53401,
        "nauc_map_at_1000_std": 0.11068,
        "nauc_map_at_1000_diff1": 0.573548,
        "nauc_recall_at_1_max": 0.521277,
        "nauc_recall_at_1_std": 0.065609,
        "nauc_recall_at_1_diff1": 0.635207,
        "nauc_recall_at_3_max": 0.541291,
        "nauc_recall_at_3_std": 0.139642,
        "nauc_recall_at_3_diff1": 0.511319,
        "nauc_recall_at_5_max": 0.546431,
        "nauc_recall_at_5_std": 0.170638,
        "nauc_recall_at_5_diff1": 0.485264,
        "nauc_recall_at_10_max": 0.538731,
        "nauc_recall_at_10_std": 0.189087,
        "nauc_recall_at_10_diff1": 0.451869,
        "nauc_recall_at_20_max": 0.567045,
        "nauc_recall_at_20_std": 0.251676,
        "nauc_recall_at_20_diff1": 0.448106,
        "nauc_recall_at_100_max": 0.60347,
        "nauc_recall_at_100_std": 0.391924,
        "nauc_recall_at_100_diff1": 0.429845,
        "nauc_recall_at_1000_max": 0.611562,
        "nauc_recall_at_1000_std": 0.499777,
        "nauc_recall_at_1000_diff1": 0.388591,
        "nauc_precision_at_1_max": 0.521277,
        "nauc_precision_at_1_std": 0.065609,
        "nauc_precision_at_1_diff1": 0.635207,
        "nauc_precision_at_3_max": 0.541291,
        "nauc_precision_at_3_std": 0.139642,
        "nauc_precision_at_3_diff1": 0.511319,
        "nauc_precision_at_5_max": 0.546431,
        "nauc_precision_at_5_std": 0.170638,
        "nauc_precision_at_5_diff1": 0.485264,
        "nauc_precision_at_10_max": 0.538731,
        "nauc_precision_at_10_std": 0.189087,
        "nauc_precision_at_10_diff1": 0.451869,
        "nauc_precision_at_20_max": 0.567045,
        "nauc_precision_at_20_std": 0.251676,
        "nauc_precision_at_20_diff1": 0.448106,
        "nauc_precision_at_100_max": 0.60347,
        "nauc_precision_at_100_std": 0.391924,
        "nauc_precision_at_100_diff1": 0.429845,
        "nauc_precision_at_1000_max": 0.611562,
        "nauc_precision_at_1000_std": 0.499777,
        "nauc_precision_at_1000_diff1": 0.388591,
        "nauc_mrr_at_1_max": 0.520985,
        "nauc_mrr_at_1_std": 0.065463,
        "nauc_mrr_at_1_diff1": 0.635207,
        "nauc_mrr_at_3_max": 0.53284,
        "nauc_mrr_at_3_std": 0.10072,
        "nauc_mrr_at_3_diff1": 0.57965,
        "nauc_mrr_at_5_max": 0.534021,
        "nauc_mrr_at_5_std": 0.107048,
        "nauc_mrr_at_5_diff1": 0.574661,
        "nauc_mrr_at_10_max": 0.532257,
        "nauc_mrr_at_10_std": 0.10756,
        "nauc_mrr_at_10_diff1": 0.571782,
        "nauc_mrr_at_20_max": 0.533686,
        "nauc_mrr_at_20_std": 0.110165,
        "nauc_mrr_at_20_diff1": 0.572509,
        "nauc_mrr_at_100_max": 0.533914,
        "nauc_mrr_at_100_std": 0.110928,
        "nauc_mrr_at_100_diff1": 0.573339,
        "nauc_mrr_at_1000_max": 0.533785,
        "nauc_mrr_at_1000_std": 0.110598,
        "nauc_mrr_at_1000_diff1": 0.573483,
        "main_score": 0.49473,
        "hf_subset": "default",
        "languages": [
          "eng-Latn",
          "python-Code"
        ]
      }
    ]
  },
  "evaluation_time": 543.8419449329376,
  "kg_co2_emissions": null
}