{
  "dataset_revision": "4adc7bc41202b5c13543c9c886a25f340634dab3",
  "task_name": "COIRCodeSearchNetRetrieval",
  "mteb_version": "1.34.8",
  "scores": {
    "test": [
      {
        "ndcg_at_1": 0.94751,
        "ndcg_at_3": 0.96929,
        "ndcg_at_5": 0.97175,
        "ndcg_at_10": 0.97292,
        "ndcg_at_20": 0.97338,
        "ndcg_at_100": 0.9739,
        "ndcg_at_1000": 0.97411,
        "map_at_1": 0.94751,
        "map_at_3": 0.96428,
        "map_at_5": 0.96565,
        "map_at_10": 0.96614,
        "map_at_20": 0.96627,
        "map_at_100": 0.96635,
        "map_at_1000": 0.96636,
        "recall_at_1": 0.94751,
        "recall_at_3": 0.98364,
        "recall_at_5": 0.98961,
        "recall_at_10": 0.99316,
        "recall_at_20": 0.99497,
        "recall_at_100": 0.99765,
        "recall_at_1000": 0.9994,
        "precision_at_1": 0.94751,
        "precision_at_3": 0.32788,
        "precision_at_5": 0.19792,
        "precision_at_10": 0.09932,
        "precision_at_20": 0.04975,
        "precision_at_100": 0.00998,
        "precision_at_1000": 0.001,
        "mrr_at_1": 0.947312,
        "mrr_at_3": 0.964227,
        "mrr_at_5": 0.965561,
        "mrr_at_10": 0.966052,
        "mrr_at_20": 0.966185,
        "mrr_at_100": 0.966259,
        "mrr_at_1000": 0.966265,
        "nauc_ndcg_at_1_max": 0.762785,
        "nauc_ndcg_at_1_std": -0.185976,
        "nauc_ndcg_at_1_diff1": 0.938198,
        "nauc_ndcg_at_3_max": 0.817628,
        "nauc_ndcg_at_3_std": -0.16319,
        "nauc_ndcg_at_3_diff1": 0.940494,
        "nauc_ndcg_at_5_max": 0.811689,
        "nauc_ndcg_at_5_std": -0.157015,
        "nauc_ndcg_at_5_diff1": 0.940591,
        "nauc_ndcg_at_10_max": 0.808319,
        "nauc_ndcg_at_10_std": -0.144009,
        "nauc_ndcg_at_10_diff1": 0.940453,
        "nauc_ndcg_at_20_max": 0.806701,
        "nauc_ndcg_at_20_std": -0.139004,
        "nauc_ndcg_at_20_diff1": 0.941113,
        "nauc_ndcg_at_100_max": 0.803451,
        "nauc_ndcg_at_100_std": -0.146536,
        "nauc_ndcg_at_100_diff1": 0.940434,
        "nauc_ndcg_at_1000_max": 0.801849,
        "nauc_ndcg_at_1000_std": -0.150924,
        "nauc_ndcg_at_1000_diff1": 0.940121,
        "nauc_map_at_1_max": 0.762785,
        "nauc_map_at_1_std": -0.185976,
        "nauc_map_at_1_diff1": 0.938198,
        "nauc_map_at_3_max": 0.801117,
        "nauc_map_at_3_std": -0.171005,
        "nauc_map_at_3_diff1": 0.939482,
        "nauc_map_at_5_max": 0.797703,
        "nauc_map_at_5_std": -0.168511,
        "nauc_map_at_5_diff1": 0.939483,
        "nauc_map_at_10_max": 0.796413,
        "nauc_map_at_10_std": -0.16393,
        "nauc_map_at_10_diff1": 0.939425,
        "nauc_map_at_20_max": 0.795988,
        "nauc_map_at_20_std": -0.163093,
        "nauc_map_at_20_diff1": 0.939587,
        "nauc_map_at_100_max": 0.795592,
        "nauc_map_at_100_std": -0.163905,
        "nauc_map_at_100_diff1": 0.939493,
        "nauc_map_at_1000_max": 0.795552,
        "nauc_map_at_1000_std": -0.164004,
        "nauc_map_at_1000_diff1": 0.939485,
        "nauc_recall_at_1_max": 0.762785,
        "nauc_recall_at_1_std": -0.185976,
        "nauc_recall_at_1_diff1": 0.938198,
        "nauc_recall_at_3_max": 0.919038,
        "nauc_recall_at_3_std": -0.114173,
        "nauc_recall_at_3_diff1": 0.947048,
        "nauc_recall_at_5_max": 0.938679,
        "nauc_recall_at_5_std": -0.045114,
        "nauc_recall_at_5_diff1": 0.951492,
        "nauc_recall_at_10_max": 0.962697,
        "nauc_recall_at_10_std": 0.160191,
        "nauc_recall_at_10_diff1": 0.955374,
        "nauc_recall_at_20_max": 0.985839,
        "nauc_recall_at_20_std": 0.383157,
        "nauc_recall_at_20_diff1": 0.97342,
        "nauc_recall_at_100_max": 1.0,
        "nauc_recall_at_100_std": 0.51633,
        "nauc_recall_at_100_diff1": 0.973389,
        "nauc_recall_at_1000_max": 1.0,
        "nauc_recall_at_1000_std": 0.840802,
        "nauc_recall_at_1000_diff1": 0.956426,
        "nauc_precision_at_1_max": 0.762785,
        "nauc_precision_at_1_std": -0.185976,
        "nauc_precision_at_1_diff1": 0.938198,
        "nauc_precision_at_3_max": 0.919038,
        "nauc_precision_at_3_std": -0.114173,
        "nauc_precision_at_3_diff1": 0.947048,
        "nauc_precision_at_5_max": 0.938679,
        "nauc_precision_at_5_std": -0.045114,
        "nauc_precision_at_5_diff1": 0.951492,
        "nauc_precision_at_10_max": 0.962697,
        "nauc_precision_at_10_std": 0.160191,
        "nauc_precision_at_10_diff1": 0.955374,
        "nauc_precision_at_20_max": 0.985839,
        "nauc_precision_at_20_std": 0.383157,
        "nauc_precision_at_20_diff1": 0.97342,
        "nauc_precision_at_100_max": 1.0,
        "nauc_precision_at_100_std": 0.51633,
        "nauc_precision_at_100_diff1": 0.973389,
        "nauc_precision_at_1000_max": 1.0,
        "nauc_precision_at_1000_std": 0.840802,
        "nauc_precision_at_1000_diff1": 0.956426,
        "nauc_mrr_at_1_max": 0.759519,
        "nauc_mrr_at_1_std": -0.189274,
        "nauc_mrr_at_1_diff1": 0.938434,
        "nauc_mrr_at_3_max": 0.798529,
        "nauc_mrr_at_3_std": -0.171883,
        "nauc_mrr_at_3_diff1": 0.93975,
        "nauc_mrr_at_5_max": 0.795102,
        "nauc_mrr_at_5_std": -0.170556,
        "nauc_mrr_at_5_diff1": 0.939664,
        "nauc_mrr_at_10_max": 0.793777,
        "nauc_mrr_at_10_std": -0.166017,
        "nauc_mrr_at_10_diff1": 0.939609,
        "nauc_mrr_at_20_max": 0.793323,
        "nauc_mrr_at_20_std": -0.165243,
        "nauc_mrr_at_20_diff1": 0.939765,
        "nauc_mrr_at_100_max": 0.792942,
        "nauc_mrr_at_100_std": -0.166007,
        "nauc_mrr_at_100_diff1": 0.939678,
        "nauc_mrr_at_1000_max": 0.792901,
        "nauc_mrr_at_1000_std": -0.166107,
        "nauc_mrr_at_1000_diff1": 0.93967,
        "main_score": 0.97292,
        "hf_subset": "python",
        "languages": [
          "python-Code"
        ]
      }
    ]
  },
  "evaluation_time": 1278.7348673343658,
  "kg_co2_emissions": null
}