{
  "dataset_revision": "ae763399273d8b20506b80cf6f6f9a31a6a2b238",
  "task_name": "MedicalQARetrieval",
  "mteb_version": "1.34.8",
  "scores": {
    "test": [
      {
        "ndcg_at_1": 0.60742,
        "ndcg_at_3": 0.70516,
        "ndcg_at_5": 0.73096,
        "ndcg_at_10": 0.75061,
        "ndcg_at_20": 0.76035,
        "ndcg_at_100": 0.7683,
        "ndcg_at_1000": 0.77131,
        "map_at_1": 0.60742,
        "map_at_3": 0.6818,
        "map_at_5": 0.69616,
        "map_at_10": 0.7043,
        "map_at_20": 0.70703,
        "map_at_100": 0.70816,
        "map_at_1000": 0.70828,
        "recall_at_1": 0.60742,
        "recall_at_3": 0.77246,
        "recall_at_5": 0.83496,
        "recall_at_10": 0.89551,
        "recall_at_20": 0.93359,
        "recall_at_100": 0.97607,
        "recall_at_1000": 0.99951,
        "precision_at_1": 0.60742,
        "precision_at_3": 0.25749,
        "precision_at_5": 0.16699,
        "precision_at_10": 0.08955,
        "precision_at_20": 0.04668,
        "precision_at_100": 0.00976,
        "precision_at_1000": 0.001,
        "mrr_at_1": 0.606934,
        "mrr_at_3": 0.681315,
        "mrr_at_5": 0.695768,
        "mrr_at_10": 0.703914,
        "mrr_at_20": 0.706644,
        "mrr_at_100": 0.707773,
        "mrr_at_1000": 0.707889,
        "nauc_ndcg_at_1_max": 0.357545,
        "nauc_ndcg_at_1_std": -0.064218,
        "nauc_ndcg_at_1_diff1": 0.624146,
        "nauc_ndcg_at_3_max": 0.352229,
        "nauc_ndcg_at_3_std": -0.085529,
        "nauc_ndcg_at_3_diff1": 0.568739,
        "nauc_ndcg_at_5_max": 0.342456,
        "nauc_ndcg_at_5_std": -0.087791,
        "nauc_ndcg_at_5_diff1": 0.562305,
        "nauc_ndcg_at_10_max": 0.346529,
        "nauc_ndcg_at_10_std": -0.0906,
        "nauc_ndcg_at_10_diff1": 0.561009,
        "nauc_ndcg_at_20_max": 0.35655,
        "nauc_ndcg_at_20_std": -0.075704,
        "nauc_ndcg_at_20_diff1": 0.562252,
        "nauc_ndcg_at_100_max": 0.360107,
        "nauc_ndcg_at_100_std": -0.065704,
        "nauc_ndcg_at_100_diff1": 0.571846,
        "nauc_ndcg_at_1000_max": 0.354213,
        "nauc_ndcg_at_1000_std": -0.073563,
        "nauc_ndcg_at_1000_diff1": 0.573718,
        "nauc_map_at_1_max": 0.357545,
        "nauc_map_at_1_std": -0.064218,
        "nauc_map_at_1_diff1": 0.624146,
        "nauc_map_at_3_max": 0.3524,
        "nauc_map_at_3_std": -0.079627,
        "nauc_map_at_3_diff1": 0.582829,
        "nauc_map_at_5_max": 0.347308,
        "nauc_map_at_5_std": -0.080138,
        "nauc_map_at_5_diff1": 0.580182,
        "nauc_map_at_10_max": 0.348501,
        "nauc_map_at_10_std": -0.080891,
        "nauc_map_at_10_diff1": 0.580041,
        "nauc_map_at_20_max": 0.351005,
        "nauc_map_at_20_std": -0.077195,
        "nauc_map_at_20_diff1": 0.58058,
        "nauc_map_at_100_max": 0.351666,
        "nauc_map_at_100_std": -0.075691,
        "nauc_map_at_100_diff1": 0.58169,
        "nauc_map_at_1000_max": 0.351478,
        "nauc_map_at_1000_std": -0.075927,
        "nauc_map_at_1000_diff1": 0.581757,
        "nauc_recall_at_1_max": 0.357545,
        "nauc_recall_at_1_std": -0.064218,
        "nauc_recall_at_1_diff1": 0.624146,
        "nauc_recall_at_3_max": 0.352301,
        "nauc_recall_at_3_std": -0.107241,
        "nauc_recall_at_3_diff1": 0.517585,
        "nauc_recall_at_5_max": 0.318901,
        "nauc_recall_at_5_std": -0.124644,
        "nauc_recall_at_5_diff1": 0.478659,
        "nauc_recall_at_10_max": 0.337701,
        "nauc_recall_at_10_std": -0.161178,
        "nauc_recall_at_10_diff1": 0.430394,
        "nauc_recall_at_20_max": 0.448301,
        "nauc_recall_at_20_std": -0.026474,
        "nauc_recall_at_20_diff1": 0.370448,
        "nauc_recall_at_100_max": 0.728178,
        "nauc_recall_at_100_std": 0.443958,
        "nauc_recall_at_100_diff1": 0.458344,
        "nauc_recall_at_1000_max": 0.554152,
        "nauc_recall_at_1000_std": 0.722172,
        "nauc_recall_at_1000_diff1": 0.554152,
        "nauc_precision_at_1_max": 0.357545,
        "nauc_precision_at_1_std": -0.064218,
        "nauc_precision_at_1_diff1": 0.624146,
        "nauc_precision_at_3_max": 0.352301,
        "nauc_precision_at_3_std": -0.107241,
        "nauc_precision_at_3_diff1": 0.517585,
        "nauc_precision_at_5_max": 0.318901,
        "nauc_precision_at_5_std": -0.124644,
        "nauc_precision_at_5_diff1": 0.478659,
        "nauc_precision_at_10_max": 0.337701,
        "nauc_precision_at_10_std": -0.161178,
        "nauc_precision_at_10_diff1": 0.430394,
        "nauc_precision_at_20_max": 0.448301,
        "nauc_precision_at_20_std": -0.026474,
        "nauc_precision_at_20_diff1": 0.370448,
        "nauc_precision_at_100_max": 0.728178,
        "nauc_precision_at_100_std": 0.443958,
        "nauc_precision_at_100_diff1": 0.458344,
        "nauc_precision_at_1000_max": 0.554152,
        "nauc_precision_at_1000_std": 0.722172,
        "nauc_precision_at_1000_diff1": 0.554152,
        "nauc_mrr_at_1_max": 0.358805,
        "nauc_mrr_at_1_std": -0.062591,
        "nauc_mrr_at_1_diff1": 0.625174,
        "nauc_mrr_at_3_max": 0.352413,
        "nauc_mrr_at_3_std": -0.078084,
        "nauc_mrr_at_3_diff1": 0.583987,
        "nauc_mrr_at_5_max": 0.347946,
        "nauc_mrr_at_5_std": -0.078606,
        "nauc_mrr_at_5_diff1": 0.581164,
        "nauc_mrr_at_10_max": 0.349157,
        "nauc_mrr_at_10_std": -0.079358,
        "nauc_mrr_at_10_diff1": 0.581051,
        "nauc_mrr_at_20_max": 0.351666,
        "nauc_mrr_at_20_std": -0.075649,
        "nauc_mrr_at_20_diff1": 0.5816,
        "nauc_mrr_at_100_max": 0.352329,
        "nauc_mrr_at_100_std": -0.074138,
        "nauc_mrr_at_100_diff1": 0.582714,
        "nauc_mrr_at_1000_max": 0.352142,
        "nauc_mrr_at_1000_std": -0.074374,
        "nauc_mrr_at_1000_diff1": 0.582782,
        "main_score": 0.75061,
        "hf_subset": "default",
        "languages": [
          "eng-Latn"
        ]
      }
    ]
  },
  "evaluation_time": 24.341896533966064,
  "kg_co2_emissions": null
}