{
  "dataset_revision": "ec0fa4fe99da2ff19ca1214b7966684033a58814",
  "task_name": "NFCorpus",
  "mteb_version": "1.34.8",
  "scores": {
    "test": [
      {
        "ndcg_at_1": 0.44582,
        "ndcg_at_3": 0.41514,
        "ndcg_at_5": 0.39322,
        "ndcg_at_10": 0.3689,
        "ndcg_at_20": 0.34379,
        "ndcg_at_100": 0.34201,
        "ndcg_at_1000": 0.43145,
        "map_at_1": 0.0543,
        "map_at_3": 0.09375,
        "map_at_5": 0.11199,
        "map_at_10": 0.13406,
        "map_at_20": 0.15056,
        "map_at_100": 0.17527,
        "map_at_1000": 0.19194,
        "recall_at_1": 0.0543,
        "recall_at_3": 0.10903,
        "recall_at_5": 0.13898,
        "recall_at_10": 0.18745,
        "recall_at_20": 0.22102,
        "recall_at_100": 0.34873,
        "recall_at_1000": 0.67271,
        "precision_at_1": 0.4644,
        "precision_at_3": 0.39525,
        "precision_at_5": 0.34551,
        "precision_at_10": 0.27833,
        "precision_at_20": 0.2065,
        "precision_at_100": 0.08988,
        "precision_at_1000": 0.02215,
        "mrr_at_1": 0.464396,
        "mrr_at_3": 0.54128,
        "mrr_at_5": 0.553818,
        "mrr_at_10": 0.563788,
        "mrr_at_20": 0.56583,
        "mrr_at_100": 0.56784,
        "mrr_at_1000": 0.568226,
        "nauc_ndcg_at_1_max": 0.37814,
        "nauc_ndcg_at_1_std": 0.282806,
        "nauc_ndcg_at_1_diff1": 0.257651,
        "nauc_ndcg_at_3_max": 0.382425,
        "nauc_ndcg_at_3_std": 0.281904,
        "nauc_ndcg_at_3_diff1": 0.203837,
        "nauc_ndcg_at_5_max": 0.389702,
        "nauc_ndcg_at_5_std": 0.326716,
        "nauc_ndcg_at_5_diff1": 0.16004,
        "nauc_ndcg_at_10_max": 0.39381,
        "nauc_ndcg_at_10_std": 0.328127,
        "nauc_ndcg_at_10_diff1": 0.164823,
        "nauc_ndcg_at_20_max": 0.392961,
        "nauc_ndcg_at_20_std": 0.319357,
        "nauc_ndcg_at_20_diff1": 0.171743,
        "nauc_ndcg_at_100_max": 0.425103,
        "nauc_ndcg_at_100_std": 0.331609,
        "nauc_ndcg_at_100_diff1": 0.217016,
        "nauc_ndcg_at_1000_max": 0.487017,
        "nauc_ndcg_at_1000_std": 0.397457,
        "nauc_ndcg_at_1000_diff1": 0.199944,
        "nauc_map_at_1_max": 0.142476,
        "nauc_map_at_1_std": -0.151714,
        "nauc_map_at_1_diff1": 0.472548,
        "nauc_map_at_3_max": 0.170833,
        "nauc_map_at_3_std": -0.068151,
        "nauc_map_at_3_diff1": 0.377819,
        "nauc_map_at_5_max": 0.200122,
        "nauc_map_at_5_std": -0.013069,
        "nauc_map_at_5_diff1": 0.323161,
        "nauc_map_at_10_max": 0.240673,
        "nauc_map_at_10_std": 0.030344,
        "nauc_map_at_10_diff1": 0.309957,
        "nauc_map_at_20_max": 0.280529,
        "nauc_map_at_20_std": 0.08753,
        "nauc_map_at_20_diff1": 0.289126,
        "nauc_map_at_100_max": 0.319584,
        "nauc_map_at_100_std": 0.175919,
        "nauc_map_at_100_diff1": 0.262473,
        "nauc_map_at_1000_max": 0.327779,
        "nauc_map_at_1000_std": 0.213296,
        "nauc_map_at_1000_diff1": 0.242262,
        "nauc_recall_at_1_max": 0.142476,
        "nauc_recall_at_1_std": -0.151714,
        "nauc_recall_at_1_diff1": 0.472548,
        "nauc_recall_at_3_max": 0.146735,
        "nauc_recall_at_3_std": -0.046879,
        "nauc_recall_at_3_diff1": 0.313987,
        "nauc_recall_at_5_max": 0.157659,
        "nauc_recall_at_5_std": 0.007906,
        "nauc_recall_at_5_diff1": 0.241537,
        "nauc_recall_at_10_max": 0.187743,
        "nauc_recall_at_10_std": 0.034609,
        "nauc_recall_at_10_diff1": 0.242401,
        "nauc_recall_at_20_max": 0.240833,
        "nauc_recall_at_20_std": 0.099505,
        "nauc_recall_at_20_diff1": 0.230258,
        "nauc_recall_at_100_max": 0.280583,
        "nauc_recall_at_100_std": 0.226848,
        "nauc_recall_at_100_diff1": 0.172076,
        "nauc_recall_at_1000_max": 0.277849,
        "nauc_recall_at_1000_std": 0.285735,
        "nauc_recall_at_1000_diff1": 0.115189,
        "nauc_precision_at_1_max": 0.409712,
        "nauc_precision_at_1_std": 0.266206,
        "nauc_precision_at_1_diff1": 0.261394,
        "nauc_precision_at_3_max": 0.375938,
        "nauc_precision_at_3_std": 0.305036,
        "nauc_precision_at_3_diff1": 0.118905,
        "nauc_precision_at_5_max": 0.385776,
        "nauc_precision_at_5_std": 0.395927,
        "nauc_precision_at_5_diff1": 0.026043,
        "nauc_precision_at_10_max": 0.370314,
        "nauc_precision_at_10_std": 0.423816,
        "nauc_precision_at_10_diff1": -0.011021,
        "nauc_precision_at_20_max": 0.322378,
        "nauc_precision_at_20_std": 0.436181,
        "nauc_precision_at_20_diff1": -0.05572,
        "nauc_precision_at_100_max": 0.188767,
        "nauc_precision_at_100_std": 0.448309,
        "nauc_precision_at_100_diff1": -0.122846,
        "nauc_precision_at_1000_max": 0.032429,
        "nauc_precision_at_1000_std": 0.323762,
        "nauc_precision_at_1000_diff1": -0.15034,
        "nauc_mrr_at_1_max": 0.409712,
        "nauc_mrr_at_1_std": 0.266206,
        "nauc_mrr_at_1_diff1": 0.261394,
        "nauc_mrr_at_3_max": 0.46755,
        "nauc_mrr_at_3_std": 0.318446,
        "nauc_mrr_at_3_diff1": 0.250508,
        "nauc_mrr_at_5_max": 0.465118,
        "nauc_mrr_at_5_std": 0.329318,
        "nauc_mrr_at_5_diff1": 0.239181,
        "nauc_mrr_at_10_max": 0.469628,
        "nauc_mrr_at_10_std": 0.330499,
        "nauc_mrr_at_10_diff1": 0.245507,
        "nauc_mrr_at_20_max": 0.474843,
        "nauc_mrr_at_20_std": 0.3341,
        "nauc_mrr_at_20_diff1": 0.245402,
        "nauc_mrr_at_100_max": 0.474213,
        "nauc_mrr_at_100_std": 0.333937,
        "nauc_mrr_at_100_diff1": 0.245256,
        "nauc_mrr_at_1000_max": 0.473843,
        "nauc_mrr_at_1000_std": 0.333613,
        "nauc_mrr_at_1000_diff1": 0.245395,
        "main_score": 0.3689,
        "hf_subset": "default",
        "languages": [
          "eng-Latn"
        ]
      }
    ]
  },
  "evaluation_time": 42.69390034675598,
  "kg_co2_emissions": null
}