{
  "dataset_revision": "f8c2fcf00f625baaa80f62ec5bd9e1fff3b8ae88",
  "task_name": "SCIDOCS",
  "mteb_version": "1.34.8",
  "scores": {
    "test": [
      {
        "ndcg_at_1": 0.292,
        "ndcg_at_3": 0.24242,
        "ndcg_at_5": 0.21352,
        "ndcg_at_10": 0.25866,
        "ndcg_at_20": 0.29566,
        "ndcg_at_100": 0.3578,
        "ndcg_at_1000": 0.41009,
        "map_at_1": 0.05927,
        "map_at_3": 0.10936,
        "map_at_5": 0.13375,
        "map_at_10": 0.15847,
        "map_at_20": 0.17302,
        "map_at_100": 0.18673,
        "map_at_1000": 0.19034,
        "recall_at_1": 0.05927,
        "recall_at_3": 0.13937,
        "recall_at_5": 0.19267,
        "recall_at_10": 0.27553,
        "recall_at_20": 0.36232,
        "recall_at_100": 0.56443,
        "recall_at_1000": 0.81538,
        "precision_at_1": 0.292,
        "precision_at_3": 0.22933,
        "precision_at_5": 0.1902,
        "precision_at_10": 0.1359,
        "precision_at_20": 0.0893,
        "precision_at_100": 0.02779,
        "precision_at_1000": 0.00402,
        "mrr_at_1": 0.292,
        "mrr_at_3": 0.384667,
        "mrr_at_5": 0.403967,
        "mrr_at_10": 0.419617,
        "mrr_at_20": 0.427172,
        "mrr_at_100": 0.430685,
        "mrr_at_1000": 0.430933,
        "nauc_ndcg_at_1_max": 0.307653,
        "nauc_ndcg_at_1_std": 0.040352,
        "nauc_ndcg_at_1_diff1": 0.228414,
        "nauc_ndcg_at_3_max": 0.357943,
        "nauc_ndcg_at_3_std": 0.095031,
        "nauc_ndcg_at_3_diff1": 0.153037,
        "nauc_ndcg_at_5_max": 0.368658,
        "nauc_ndcg_at_5_std": 0.108792,
        "nauc_ndcg_at_5_diff1": 0.130411,
        "nauc_ndcg_at_10_max": 0.404181,
        "nauc_ndcg_at_10_std": 0.152045,
        "nauc_ndcg_at_10_diff1": 0.113783,
        "nauc_ndcg_at_20_max": 0.42438,
        "nauc_ndcg_at_20_std": 0.191742,
        "nauc_ndcg_at_20_diff1": 0.104576,
        "nauc_ndcg_at_100_max": 0.445837,
        "nauc_ndcg_at_100_std": 0.243365,
        "nauc_ndcg_at_100_diff1": 0.098339,
        "nauc_ndcg_at_1000_max": 0.444161,
        "nauc_ndcg_at_1000_std": 0.233189,
        "nauc_ndcg_at_1000_diff1": 0.104751,
        "nauc_map_at_1_max": 0.301661,
        "nauc_map_at_1_std": 0.038151,
        "nauc_map_at_1_diff1": 0.224172,
        "nauc_map_at_3_max": 0.346333,
        "nauc_map_at_3_std": 0.080023,
        "nauc_map_at_3_diff1": 0.149454,
        "nauc_map_at_5_max": 0.362364,
        "nauc_map_at_5_std": 0.097919,
        "nauc_map_at_5_diff1": 0.122666,
        "nauc_map_at_10_max": 0.389102,
        "nauc_map_at_10_std": 0.128772,
        "nauc_map_at_10_diff1": 0.107561,
        "nauc_map_at_20_max": 0.404248,
        "nauc_map_at_20_std": 0.156036,
        "nauc_map_at_20_diff1": 0.099495,
        "nauc_map_at_100_max": 0.414014,
        "nauc_map_at_100_std": 0.174409,
        "nauc_map_at_100_diff1": 0.09675,
        "nauc_map_at_1000_max": 0.414494,
        "nauc_map_at_1000_std": 0.17494,
        "nauc_map_at_1000_diff1": 0.096932,
        "nauc_recall_at_1_max": 0.301661,
        "nauc_recall_at_1_std": 0.038151,
        "nauc_recall_at_1_diff1": 0.224172,
        "nauc_recall_at_3_max": 0.366199,
        "nauc_recall_at_3_std": 0.112967,
        "nauc_recall_at_3_diff1": 0.114933,
        "nauc_recall_at_5_max": 0.368256,
        "nauc_recall_at_5_std": 0.131326,
        "nauc_recall_at_5_diff1": 0.081506,
        "nauc_recall_at_10_max": 0.406914,
        "nauc_recall_at_10_std": 0.200153,
        "nauc_recall_at_10_diff1": 0.04822,
        "nauc_recall_at_20_max": 0.426512,
        "nauc_recall_at_20_std": 0.271183,
        "nauc_recall_at_20_diff1": 0.028513,
        "nauc_recall_at_100_max": 0.434795,
        "nauc_recall_at_100_std": 0.388749,
        "nauc_recall_at_100_diff1": 0.002538,
        "nauc_recall_at_1000_max": 0.415698,
        "nauc_recall_at_1000_std": 0.401722,
        "nauc_recall_at_1000_diff1": -0.012439,
        "nauc_precision_at_1_max": 0.307653,
        "nauc_precision_at_1_std": 0.040352,
        "nauc_precision_at_1_diff1": 0.228414,
        "nauc_precision_at_3_max": 0.372923,
        "nauc_precision_at_3_std": 0.118673,
        "nauc_precision_at_3_diff1": 0.119534,
        "nauc_precision_at_5_max": 0.375272,
        "nauc_precision_at_5_std": 0.135778,
        "nauc_precision_at_5_diff1": 0.086572,
        "nauc_precision_at_10_max": 0.412766,
        "nauc_precision_at_10_std": 0.203971,
        "nauc_precision_at_10_diff1": 0.053877,
        "nauc_precision_at_20_max": 0.429655,
        "nauc_precision_at_20_std": 0.273597,
        "nauc_precision_at_20_diff1": 0.034526,
        "nauc_precision_at_100_max": 0.434347,
        "nauc_precision_at_100_std": 0.387696,
        "nauc_precision_at_100_diff1": 0.01034,
        "nauc_precision_at_1000_max": 0.397279,
        "nauc_precision_at_1000_std": 0.384132,
        "nauc_precision_at_1000_diff1": 0.00216,
        "nauc_mrr_at_1_max": 0.307653,
        "nauc_mrr_at_1_std": 0.040352,
        "nauc_mrr_at_1_diff1": 0.228414,
        "nauc_mrr_at_3_max": 0.344744,
        "nauc_mrr_at_3_std": 0.082238,
        "nauc_mrr_at_3_diff1": 0.190602,
        "nauc_mrr_at_5_max": 0.341713,
        "nauc_mrr_at_5_std": 0.083485,
        "nauc_mrr_at_5_diff1": 0.189382,
        "nauc_mrr_at_10_max": 0.349177,
        "nauc_mrr_at_10_std": 0.092698,
        "nauc_mrr_at_10_diff1": 0.190129,
        "nauc_mrr_at_20_max": 0.34732,
        "nauc_mrr_at_20_std": 0.091031,
        "nauc_mrr_at_20_diff1": 0.191105,
        "nauc_mrr_at_100_max": 0.346853,
        "nauc_mrr_at_100_std": 0.090855,
        "nauc_mrr_at_100_diff1": 0.192259,
        "nauc_mrr_at_1000_max": 0.346596,
        "nauc_mrr_at_1000_std": 0.090497,
        "nauc_mrr_at_1000_diff1": 0.192183,
        "main_score": 0.25866,
        "hf_subset": "default",
        "languages": [
          "eng-Latn"
        ]
      }
    ]
  },
  "evaluation_time": 204.59932494163513,
  "kg_co2_emissions": null
}