{
  "dataset_revision": "0228b52cf27578f30900b9e5271d331663a030d7",
  "task_name": "SciFact",
  "mteb_version": "1.34.8",
  "scores": {
    "test": [
      {
        "ndcg_at_1": 0.72667,
        "ndcg_at_3": 0.81779,
        "ndcg_at_5": 0.84027,
        "ndcg_at_10": 0.85263,
        "ndcg_at_20": 0.85848,
        "ndcg_at_100": 0.8604,
        "ndcg_at_1000": 0.86115,
        "map_at_1": 0.69861,
        "map_at_3": 0.78778,
        "map_at_5": 0.8033,
        "map_at_10": 0.81137,
        "map_at_20": 0.81361,
        "map_at_100": 0.81389,
        "map_at_1000": 0.81393,
        "recall_at_1": 0.69861,
        "recall_at_3": 0.87811,
        "recall_at_5": 0.93317,
        "recall_at_10": 0.96422,
        "recall_at_20": 0.985,
        "recall_at_100": 0.995,
        "recall_at_1000": 1.0,
        "precision_at_1": 0.72667,
        "precision_at_3": 0.31778,
        "precision_at_5": 0.206,
        "precision_at_10": 0.10833,
        "precision_at_20": 0.05567,
        "precision_at_100": 0.01123,
        "precision_at_1000": 0.00113,
        "mrr_at_1": 0.726667,
        "mrr_at_3": 0.804444,
        "mrr_at_5": 0.816278,
        "mrr_at_10": 0.819532,
        "mrr_at_20": 0.820778,
        "mrr_at_100": 0.821058,
        "mrr_at_1000": 0.821089,
        "nauc_ndcg_at_1_max": 0.482329,
        "nauc_ndcg_at_1_std": -0.242459,
        "nauc_ndcg_at_1_diff1": 0.811941,
        "nauc_ndcg_at_3_max": 0.497023,
        "nauc_ndcg_at_3_std": -0.213457,
        "nauc_ndcg_at_3_diff1": 0.765833,
        "nauc_ndcg_at_5_max": 0.496117,
        "nauc_ndcg_at_5_std": -0.224369,
        "nauc_ndcg_at_5_diff1": 0.791423,
        "nauc_ndcg_at_10_max": 0.537637,
        "nauc_ndcg_at_10_std": -0.1946,
        "nauc_ndcg_at_10_diff1": 0.786919,
        "nauc_ndcg_at_20_max": 0.532632,
        "nauc_ndcg_at_20_std": -0.1849,
        "nauc_ndcg_at_20_diff1": 0.793455,
        "nauc_ndcg_at_100_max": 0.528197,
        "nauc_ndcg_at_100_std": -0.184194,
        "nauc_ndcg_at_100_diff1": 0.794002,
        "nauc_ndcg_at_1000_max": 0.525104,
        "nauc_ndcg_at_1000_std": -0.187176,
        "nauc_ndcg_at_1000_diff1": 0.793287,
        "nauc_map_at_1_max": 0.400155,
        "nauc_map_at_1_std": -0.305,
        "nauc_map_at_1_diff1": 0.810962,
        "nauc_map_at_3_max": 0.451291,
        "nauc_map_at_3_std": -0.260601,
        "nauc_map_at_3_diff1": 0.780618,
        "nauc_map_at_5_max": 0.466436,
        "nauc_map_at_5_std": -0.24883,
        "nauc_map_at_5_diff1": 0.794315,
        "nauc_map_at_10_max": 0.499579,
        "nauc_map_at_10_std": -0.21984,
        "nauc_map_at_10_diff1": 0.792811,
        "nauc_map_at_20_max": 0.500001,
        "nauc_map_at_20_std": -0.21314,
        "nauc_map_at_20_diff1": 0.79447,
        "nauc_map_at_100_max": 0.49942,
        "nauc_map_at_100_std": -0.213194,
        "nauc_map_at_100_diff1": 0.794538,
        "nauc_map_at_1000_max": 0.499277,
        "nauc_map_at_1000_std": -0.213327,
        "nauc_map_at_1000_diff1": 0.794502,
        "nauc_recall_at_1_max": 0.400155,
        "nauc_recall_at_1_std": -0.305,
        "nauc_recall_at_1_diff1": 0.810962,
        "nauc_recall_at_3_max": 0.449658,
        "nauc_recall_at_3_std": -0.256696,
        "nauc_recall_at_3_diff1": 0.693978,
        "nauc_recall_at_5_max": 0.466671,
        "nauc_recall_at_5_std": -0.286663,
        "nauc_recall_at_5_diff1": 0.738015,
        "nauc_recall_at_10_max": 0.758102,
        "nauc_recall_at_10_std": -0.191561,
        "nauc_recall_at_10_diff1": 0.676291,
        "nauc_recall_at_20_max": 0.876543,
        "nauc_recall_at_20_std": -0.058668,
        "nauc_recall_at_20_diff1": 0.789657,
        "nauc_recall_at_100_max": 1.0,
        "nauc_recall_at_100_std": 0.322596,
        "nauc_recall_at_100_diff1": 0.851385,
        "nauc_recall_at_1000_max": NaN,
        "nauc_recall_at_1000_std": NaN,
        "nauc_recall_at_1000_diff1": NaN,
        "nauc_precision_at_1_max": 0.482329,
        "nauc_precision_at_1_std": -0.242459,
        "nauc_precision_at_1_diff1": 0.811941,
        "nauc_precision_at_3_max": 0.476189,
        "nauc_precision_at_3_std": 0.189649,
        "nauc_precision_at_3_diff1": 0.212185,
        "nauc_precision_at_5_max": 0.416769,
        "nauc_precision_at_5_std": 0.41533,
        "nauc_precision_at_5_diff1": -0.031297,
        "nauc_precision_at_10_max": 0.412183,
        "nauc_precision_at_10_std": 0.555296,
        "nauc_precision_at_10_diff1": -0.194882,
        "nauc_precision_at_20_max": 0.346652,
        "nauc_precision_at_20_std": 0.625598,
        "nauc_precision_at_20_diff1": -0.26316,
        "nauc_precision_at_100_max": 0.325726,
        "nauc_precision_at_100_std": 0.664703,
        "nauc_precision_at_100_diff1": -0.308838,
        "nauc_precision_at_1000_max": 0.292701,
        "nauc_precision_at_1000_std": 0.645002,
        "nauc_precision_at_1000_diff1": -0.328373,
        "nauc_mrr_at_1_max": 0.482329,
        "nauc_mrr_at_1_std": -0.242459,
        "nauc_mrr_at_1_diff1": 0.811941,
        "nauc_mrr_at_3_max": 0.53026,
        "nauc_mrr_at_3_std": -0.176197,
        "nauc_mrr_at_3_diff1": 0.782277,
        "nauc_mrr_at_5_max": 0.534357,
        "nauc_mrr_at_5_std": -0.178025,
        "nauc_mrr_at_5_diff1": 0.794826,
        "nauc_mrr_at_10_max": 0.531337,
        "nauc_mrr_at_10_std": -0.186731,
        "nauc_mrr_at_10_diff1": 0.79336,
        "nauc_mrr_at_20_max": 0.528737,
        "nauc_mrr_at_20_std": -0.187537,
        "nauc_mrr_at_20_diff1": 0.794791,
        "nauc_mrr_at_100_max": 0.528188,
        "nauc_mrr_at_100_std": -0.187548,
        "nauc_mrr_at_100_diff1": 0.794862,
        "nauc_mrr_at_1000_max": 0.528099,
        "nauc_mrr_at_1000_std": -0.187607,
        "nauc_mrr_at_1000_diff1": 0.794823,
        "main_score": 0.85263,
        "hf_subset": "default",
        "languages": [
          "eng-Latn"
        ]
      }
    ]
  },
  "evaluation_time": 56.65544152259827,
  "kg_co2_emissions": null
}