{
  "dataset_revision": "f22508f96b7a36c2415181ed8bb76f76e04ae2d5",
  "task_name": "AppsRetrieval",
  "mteb_version": "1.34.8",
  "scores": {
    "test": [
      {
        "ndcg_at_1": 0.0417,
        "ndcg_at_3": 0.06267,
        "ndcg_at_5": 0.06944,
        "ndcg_at_10": 0.07814,
        "ndcg_at_20": 0.08743,
        "ndcg_at_100": 0.10837,
        "ndcg_at_1000": 0.15059,
        "map_at_1": 0.0417,
        "map_at_3": 0.05728,
        "map_at_5": 0.06103,
        "map_at_10": 0.06464,
        "map_at_20": 0.06716,
        "map_at_100": 0.06979,
        "map_at_1000": 0.071,
        "recall_at_1": 0.0417,
        "recall_at_3": 0.07835,
        "recall_at_5": 0.09482,
        "recall_at_10": 0.12165,
        "recall_at_20": 0.15857,
        "recall_at_100": 0.27543,
        "recall_at_1000": 0.62948,
        "precision_at_1": 0.0417,
        "precision_at_3": 0.02612,
        "precision_at_5": 0.01896,
        "precision_at_10": 0.01216,
        "precision_at_20": 0.00793,
        "precision_at_100": 0.00275,
        "precision_at_1000": 0.00063,
        "mrr_at_1": 0.0417,
        "mrr_at_3": 0.057371,
        "mrr_at_5": 0.061049,
        "mrr_at_10": 0.064658,
        "mrr_at_20": 0.067184,
        "mrr_at_100": 0.069809,
        "mrr_at_1000": 0.071027,
        "nauc_ndcg_at_1_max": 0.351075,
        "nauc_ndcg_at_1_std": -0.021418,
        "nauc_ndcg_at_1_diff1": 0.304305,
        "nauc_ndcg_at_3_max": 0.302244,
        "nauc_ndcg_at_3_std": -0.00756,
        "nauc_ndcg_at_3_diff1": 0.202659,
        "nauc_ndcg_at_5_max": 0.292218,
        "nauc_ndcg_at_5_std": -0.000148,
        "nauc_ndcg_at_5_diff1": 0.178243,
        "nauc_ndcg_at_10_max": 0.289907,
        "nauc_ndcg_at_10_std": 0.004678,
        "nauc_ndcg_at_10_diff1": 0.162888,
        "nauc_ndcg_at_20_max": 0.2865,
        "nauc_ndcg_at_20_std": 0.014963,
        "nauc_ndcg_at_20_diff1": 0.151397,
        "nauc_ndcg_at_100_max": 0.274394,
        "nauc_ndcg_at_100_std": 0.031323,
        "nauc_ndcg_at_100_diff1": 0.13538,
        "nauc_ndcg_at_1000_max": 0.270507,
        "nauc_ndcg_at_1000_std": 0.040279,
        "nauc_ndcg_at_1000_diff1": 0.119318,
        "nauc_map_at_1_max": 0.351075,
        "nauc_map_at_1_std": -0.021418,
        "nauc_map_at_1_diff1": 0.304305,
        "nauc_map_at_3_max": 0.312775,
        "nauc_map_at_3_std": -0.010713,
        "nauc_map_at_3_diff1": 0.22134,
        "nauc_map_at_5_max": 0.306077,
        "nauc_map_at_5_std": -0.005878,
        "nauc_map_at_5_diff1": 0.204984,
        "nauc_map_at_10_max": 0.303948,
        "nauc_map_at_10_std": -0.003422,
        "nauc_map_at_10_diff1": 0.19617,
        "nauc_map_at_20_max": 0.302239,
        "nauc_map_at_20_std": 0.00019,
        "nauc_map_at_20_diff1": 0.191586,
        "nauc_map_at_100_max": 0.29931,
        "nauc_map_at_100_std": 0.003174,
        "nauc_map_at_100_diff1": 0.188112,
        "nauc_map_at_1000_max": 0.298994,
        "nauc_map_at_1000_std": 0.003578,
        "nauc_map_at_1000_diff1": 0.187347,
        "nauc_recall_at_1_max": 0.351075,
        "nauc_recall_at_1_std": -0.021418,
        "nauc_recall_at_1_diff1": 0.304305,
        "nauc_recall_at_3_max": 0.279434,
        "nauc_recall_at_3_std": -0.000691,
        "nauc_recall_at_3_diff1": 0.162997,
        "nauc_recall_at_5_max": 0.264828,
        "nauc_recall_at_5_std": 0.011396,
        "nauc_recall_at_5_diff1": 0.125923,
        "nauc_recall_at_10_max": 0.265924,
        "nauc_recall_at_10_std": 0.019753,
        "nauc_recall_at_10_diff1": 0.103782,
        "nauc_recall_at_20_max": 0.262771,
        "nauc_recall_at_20_std": 0.041596,
        "nauc_recall_at_20_diff1": 0.086576,
        "nauc_recall_at_100_max": 0.239769,
        "nauc_recall_at_100_std": 0.079105,
        "nauc_recall_at_100_diff1": 0.060867,
        "nauc_recall_at_1000_max": 0.222221,
        "nauc_recall_at_1000_std": 0.123855,
        "nauc_recall_at_1000_diff1": -0.015722,
        "nauc_precision_at_1_max": 0.351075,
        "nauc_precision_at_1_std": -0.021418,
        "nauc_precision_at_1_diff1": 0.304305,
        "nauc_precision_at_3_max": 0.279434,
        "nauc_precision_at_3_std": -0.000691,
        "nauc_precision_at_3_diff1": 0.162997,
        "nauc_precision_at_5_max": 0.264828,
        "nauc_precision_at_5_std": 0.011396,
        "nauc_precision_at_5_diff1": 0.125923,
        "nauc_precision_at_10_max": 0.265924,
        "nauc_precision_at_10_std": 0.019753,
        "nauc_precision_at_10_diff1": 0.103782,
        "nauc_precision_at_20_max": 0.262771,
        "nauc_precision_at_20_std": 0.041596,
        "nauc_precision_at_20_diff1": 0.086576,
        "nauc_precision_at_100_max": 0.239769,
        "nauc_precision_at_100_std": 0.079105,
        "nauc_precision_at_100_diff1": 0.060867,
        "nauc_precision_at_1000_max": 0.222221,
        "nauc_precision_at_1000_std": 0.123855,
        "nauc_precision_at_1000_diff1": -0.015722,
        "nauc_mrr_at_1_max": 0.351075,
        "nauc_mrr_at_1_std": -0.021418,
        "nauc_mrr_at_1_diff1": 0.304305,
        "nauc_mrr_at_3_max": 0.311801,
        "nauc_mrr_at_3_std": -0.009153,
        "nauc_mrr_at_3_diff1": 0.22115,
        "nauc_mrr_at_5_max": 0.305851,
        "nauc_mrr_at_5_std": -0.005513,
        "nauc_mrr_at_5_diff1": 0.204946,
        "nauc_mrr_at_10_max": 0.303731,
        "nauc_mrr_at_10_std": -0.003074,
        "nauc_mrr_at_10_diff1": 0.196136,
        "nauc_mrr_at_20_max": 0.302029,
        "nauc_mrr_at_20_std": 0.000528,
        "nauc_mrr_at_20_diff1": 0.191554,
        "nauc_mrr_at_100_max": 0.299105,
        "nauc_mrr_at_100_std": 0.003504,
        "nauc_mrr_at_100_diff1": 0.188083,
        "nauc_mrr_at_1000_max": 0.298789,
        "nauc_mrr_at_1000_std": 0.003908,
        "nauc_mrr_at_1000_diff1": 0.187318,
        "main_score": 0.07814,
        "hf_subset": "default",
        "languages": [
          "eng-Latn",
          "python-Code"
        ]
      }
    ]
  },
  "evaluation_time": 98.6091697216034,
  "kg_co2_emissions": null
}