{
  "dataset_revision": "c22ab2a51041ffd869aaddef7af8d8215647e41a",
  "task_name": "ArguAna",
  "mteb_version": "1.34.8",
  "scores": {
    "test": [
      {
        "ndcg_at_1": 0.31366,
        "ndcg_at_3": 0.47055,
        "ndcg_at_5": 0.52267,
        "ndcg_at_10": 0.57238,
        "ndcg_at_20": 0.59549,
        "ndcg_at_100": 0.60277,
        "ndcg_at_1000": 0.60372,
        "map_at_1": 0.31366,
        "map_at_3": 0.43101,
        "map_at_5": 0.45992,
        "map_at_10": 0.48086,
        "map_at_20": 0.48753,
        "map_at_100": 0.48869,
        "map_at_1000": 0.48873,
        "recall_at_1": 0.31366,
        "recall_at_3": 0.58535,
        "recall_at_5": 0.71195,
        "recall_at_10": 0.86344,
        "recall_at_20": 0.95235,
        "recall_at_100": 0.98933,
        "recall_at_1000": 0.99644,
        "precision_at_1": 0.31366,
        "precision_at_3": 0.19512,
        "precision_at_5": 0.14239,
        "precision_at_10": 0.08634,
        "precision_at_20": 0.04762,
        "precision_at_100": 0.00989,
        "precision_at_1000": 0.001,
        "mrr_at_1": 0.317923,
        "mrr_at_3": 0.432077,
        "mrr_at_5": 0.461415,
        "mrr_at_10": 0.482596,
        "mrr_at_20": 0.489268,
        "mrr_at_100": 0.490427,
        "mrr_at_1000": 0.49047,
        "nauc_ndcg_at_1_max": -0.12888,
        "nauc_ndcg_at_1_std": -0.208623,
        "nauc_ndcg_at_1_diff1": 0.101242,
        "nauc_ndcg_at_3_max": -0.129971,
        "nauc_ndcg_at_3_std": -0.203251,
        "nauc_ndcg_at_3_diff1": 0.060449,
        "nauc_ndcg_at_5_max": -0.115036,
        "nauc_ndcg_at_5_std": -0.202827,
        "nauc_ndcg_at_5_diff1": 0.067146,
        "nauc_ndcg_at_10_max": -0.118701,
        "nauc_ndcg_at_10_std": -0.206072,
        "nauc_ndcg_at_10_diff1": 0.05841,
        "nauc_ndcg_at_20_max": -0.111108,
        "nauc_ndcg_at_20_std": -0.201643,
        "nauc_ndcg_at_20_diff1": 0.066716,
        "nauc_ndcg_at_100_max": -0.117393,
        "nauc_ndcg_at_100_std": -0.200426,
        "nauc_ndcg_at_100_diff1": 0.068619,
        "nauc_ndcg_at_1000_max": -0.120237,
        "nauc_ndcg_at_1000_std": -0.20228,
        "nauc_ndcg_at_1000_diff1": 0.068469,
        "nauc_map_at_1_max": -0.12888,
        "nauc_map_at_1_std": -0.208623,
        "nauc_map_at_1_diff1": 0.101242,
        "nauc_map_at_3_max": -0.130453,
        "nauc_map_at_3_std": -0.204301,
        "nauc_map_at_3_diff1": 0.068841,
        "nauc_map_at_5_max": -0.12307,
        "nauc_map_at_5_std": -0.204073,
        "nauc_map_at_5_diff1": 0.072269,
        "nauc_map_at_10_max": -0.125346,
        "nauc_map_at_10_std": -0.205244,
        "nauc_map_at_10_diff1": 0.068851,
        "nauc_map_at_20_max": -0.123574,
        "nauc_map_at_20_std": -0.204318,
        "nauc_map_at_20_diff1": 0.070832,
        "nauc_map_at_100_max": -0.124209,
        "nauc_map_at_100_std": -0.204373,
        "nauc_map_at_100_diff1": 0.071199,
        "nauc_map_at_1000_max": -0.12433,
        "nauc_map_at_1000_std": -0.204425,
        "nauc_map_at_1000_diff1": 0.071183,
        "nauc_recall_at_1_max": -0.12888,
        "nauc_recall_at_1_std": -0.208623,
        "nauc_recall_at_1_diff1": 0.101242,
        "nauc_recall_at_3_max": -0.128166,
        "nauc_recall_at_3_std": -0.200158,
        "nauc_recall_at_3_diff1": 0.035484,
        "nauc_recall_at_5_max": -0.081051,
        "nauc_recall_at_5_std": -0.19834,
        "nauc_recall_at_5_diff1": 0.051088,
        "nauc_recall_at_10_max": -0.066743,
        "nauc_recall_at_10_std": -0.215661,
        "nauc_recall_at_10_diff1": -0.011543,
        "nauc_recall_at_20_max": 0.169496,
        "nauc_recall_at_20_std": -0.13874,
        "nauc_recall_at_20_diff1": 0.037941,
        "nauc_recall_at_100_max": 0.355241,
        "nauc_recall_at_100_std": 0.286952,
        "nauc_recall_at_100_diff1": 0.113931,
        "nauc_recall_at_1000_max": -0.039184,
        "nauc_recall_at_1000_std": 0.259434,
        "nauc_recall_at_1000_diff1": 0.184725,
        "nauc_precision_at_1_max": -0.12888,
        "nauc_precision_at_1_std": -0.208623,
        "nauc_precision_at_1_diff1": 0.101242,
        "nauc_precision_at_3_max": -0.128166,
        "nauc_precision_at_3_std": -0.200158,
        "nauc_precision_at_3_diff1": 0.035484,
        "nauc_precision_at_5_max": -0.081051,
        "nauc_precision_at_5_std": -0.19834,
        "nauc_precision_at_5_diff1": 0.051088,
        "nauc_precision_at_10_max": -0.066743,
        "nauc_precision_at_10_std": -0.215661,
        "nauc_precision_at_10_diff1": -0.011543,
        "nauc_precision_at_20_max": 0.169496,
        "nauc_precision_at_20_std": -0.13874,
        "nauc_precision_at_20_diff1": 0.037941,
        "nauc_precision_at_100_max": 0.355241,
        "nauc_precision_at_100_std": 0.286952,
        "nauc_precision_at_100_diff1": 0.113931,
        "nauc_precision_at_1000_max": -0.039184,
        "nauc_precision_at_1000_std": 0.259434,
        "nauc_precision_at_1000_diff1": 0.184725,
        "nauc_mrr_at_1_max": -0.127123,
        "nauc_mrr_at_1_std": -0.204279,
        "nauc_mrr_at_1_diff1": 0.088789,
        "nauc_mrr_at_3_max": -0.13949,
        "nauc_mrr_at_3_std": -0.206256,
        "nauc_mrr_at_3_diff1": 0.052479,
        "nauc_mrr_at_5_max": -0.128503,
        "nauc_mrr_at_5_std": -0.20194,
        "nauc_mrr_at_5_diff1": 0.058929,
        "nauc_mrr_at_10_max": -0.129986,
        "nauc_mrr_at_10_std": -0.203737,
        "nauc_mrr_at_10_diff1": 0.055963,
        "nauc_mrr_at_20_max": -0.128388,
        "nauc_mrr_at_20_std": -0.202788,
        "nauc_mrr_at_20_diff1": 0.057589,
        "nauc_mrr_at_100_max": -0.129066,
        "nauc_mrr_at_100_std": -0.202843,
        "nauc_mrr_at_100_diff1": 0.057877,
        "nauc_mrr_at_1000_max": -0.129187,
        "nauc_mrr_at_1000_std": -0.202895,
        "nauc_mrr_at_1000_diff1": 0.057858,
        "main_score": 0.57238,
        "hf_subset": "default",
        "languages": [
          "eng-Latn"
        ]
      }
    ]
  },
  "evaluation_time": 62.285035133361816,
  "kg_co2_emissions": null
}