{
  "dataset_revision": "4adc7bc41202b5c13543c9c886a25f340634dab3",
  "task_name": "COIRCodeSearchNetRetrieval",
  "mteb_version": "1.34.8",
  "scores": {
    "test": [
      {
        "ndcg_at_1": 0.85259,
        "ndcg_at_3": 0.89448,
        "ndcg_at_5": 0.902,
        "ndcg_at_10": 0.90765,
        "ndcg_at_20": 0.91039,
        "ndcg_at_100": 0.91352,
        "ndcg_at_1000": 0.91469,
        "map_at_1": 0.85259,
        "map_at_3": 0.8847,
        "map_at_5": 0.88888,
        "map_at_10": 0.89125,
        "map_at_20": 0.892,
        "map_at_100": 0.89245,
        "map_at_1000": 0.8925,
        "recall_at_1": 0.85259,
        "recall_at_3": 0.92258,
        "recall_at_5": 0.94081,
        "recall_at_10": 0.95804,
        "recall_at_20": 0.9689,
        "recall_at_100": 0.98552,
        "recall_at_1000": 0.9947,
        "precision_at_1": 0.85259,
        "precision_at_3": 0.30753,
        "precision_at_5": 0.18816,
        "precision_at_10": 0.0958,
        "precision_at_20": 0.04844,
        "precision_at_100": 0.00986,
        "precision_at_1000": 0.00099,
        "mrr_at_1": 0.852527,
        "mrr_at_3": 0.88467,
        "mrr_at_5": 0.888832,
        "mrr_at_10": 0.891217,
        "mrr_at_20": 0.891968,
        "mrr_at_100": 0.892418,
        "mrr_at_1000": 0.892462,
        "nauc_ndcg_at_1_max": 0.761582,
        "nauc_ndcg_at_1_std": -0.087579,
        "nauc_ndcg_at_1_diff1": 0.893865,
        "nauc_ndcg_at_3_max": 0.786952,
        "nauc_ndcg_at_3_std": -0.078679,
        "nauc_ndcg_at_3_diff1": 0.876281,
        "nauc_ndcg_at_5_max": 0.790427,
        "nauc_ndcg_at_5_std": -0.062993,
        "nauc_ndcg_at_5_diff1": 0.878482,
        "nauc_ndcg_at_10_max": 0.791484,
        "nauc_ndcg_at_10_std": -0.054384,
        "nauc_ndcg_at_10_diff1": 0.879421,
        "nauc_ndcg_at_20_max": 0.791076,
        "nauc_ndcg_at_20_std": -0.050316,
        "nauc_ndcg_at_20_diff1": 0.880338,
        "nauc_ndcg_at_100_max": 0.788228,
        "nauc_ndcg_at_100_std": -0.054407,
        "nauc_ndcg_at_100_diff1": 0.88049,
        "nauc_ndcg_at_1000_max": 0.786625,
        "nauc_ndcg_at_1000_std": -0.057692,
        "nauc_ndcg_at_1000_diff1": 0.880852,
        "nauc_map_at_1_max": 0.761582,
        "nauc_map_at_1_std": -0.087579,
        "nauc_map_at_1_diff1": 0.893865,
        "nauc_map_at_3_max": 0.779647,
        "nauc_map_at_3_std": -0.081863,
        "nauc_map_at_3_diff1": 0.880446,
        "nauc_map_at_5_max": 0.781001,
        "nauc_map_at_5_std": -0.074366,
        "nauc_map_at_5_diff1": 0.881656,
        "nauc_map_at_10_max": 0.781239,
        "nauc_map_at_10_std": -0.071525,
        "nauc_map_at_10_diff1": 0.882107,
        "nauc_map_at_20_max": 0.781065,
        "nauc_map_at_20_std": -0.070781,
        "nauc_map_at_20_diff1": 0.882329,
        "nauc_map_at_100_max": 0.780707,
        "nauc_map_at_100_std": -0.071395,
        "nauc_map_at_100_diff1": 0.882377,
        "nauc_map_at_1000_max": 0.780653,
        "nauc_map_at_1000_std": -0.071482,
        "nauc_map_at_1000_diff1": 0.882386,
        "nauc_recall_at_1_max": 0.761582,
        "nauc_recall_at_1_std": -0.087579,
        "nauc_recall_at_1_diff1": 0.893865,
        "nauc_recall_at_3_max": 0.817264,
        "nauc_recall_at_3_std": -0.065076,
        "nauc_recall_at_3_diff1": 0.859564,
        "nauc_recall_at_5_max": 0.84079,
        "nauc_recall_at_5_std": 0.001402,
        "nauc_recall_at_5_diff1": 0.863305,
        "nauc_recall_at_10_max": 0.867472,
        "nauc_recall_at_10_std": 0.084129,
        "nauc_recall_at_10_diff1": 0.862647,
        "nauc_recall_at_20_max": 0.889651,
        "nauc_recall_at_20_std": 0.179299,
        "nauc_recall_at_20_diff1": 0.867122,
        "nauc_recall_at_100_max": 0.913236,
        "nauc_recall_at_100_std": 0.321693,
        "nauc_recall_at_100_diff1": 0.854355,
        "nauc_recall_at_1000_max": 0.934882,
        "nauc_recall_at_1000_std": 0.550298,
        "nauc_recall_at_1000_diff1": 0.854807,
        "nauc_precision_at_1_max": 0.761582,
        "nauc_precision_at_1_std": -0.087579,
        "nauc_precision_at_1_diff1": 0.893865,
        "nauc_precision_at_3_max": 0.817264,
        "nauc_precision_at_3_std": -0.065076,
        "nauc_precision_at_3_diff1": 0.859564,
        "nauc_precision_at_5_max": 0.84079,
        "nauc_precision_at_5_std": 0.001402,
        "nauc_precision_at_5_diff1": 0.863305,
        "nauc_precision_at_10_max": 0.867472,
        "nauc_precision_at_10_std": 0.084129,
        "nauc_precision_at_10_diff1": 0.862647,
        "nauc_precision_at_20_max": 0.889651,
        "nauc_precision_at_20_std": 0.179299,
        "nauc_precision_at_20_diff1": 0.867122,
        "nauc_precision_at_100_max": 0.913236,
        "nauc_precision_at_100_std": 0.321693,
        "nauc_precision_at_100_diff1": 0.854355,
        "nauc_precision_at_1000_max": 0.934882,
        "nauc_precision_at_1000_std": 0.550298,
        "nauc_precision_at_1000_diff1": 0.854807,
        "nauc_mrr_at_1_max": 0.760861,
        "nauc_mrr_at_1_std": -0.087345,
        "nauc_mrr_at_1_diff1": 0.893971,
        "nauc_mrr_at_3_max": 0.779189,
        "nauc_mrr_at_3_std": -0.081717,
        "nauc_mrr_at_3_diff1": 0.880516,
        "nauc_mrr_at_5_max": 0.780472,
        "nauc_mrr_at_5_std": -0.074424,
        "nauc_mrr_at_5_diff1": 0.881743,
        "nauc_mrr_at_10_max": 0.780742,
        "nauc_mrr_at_10_std": -0.071408,
        "nauc_mrr_at_10_diff1": 0.882183,
        "nauc_mrr_at_20_max": 0.780565,
        "nauc_mrr_at_20_std": -0.070664,
        "nauc_mrr_at_20_diff1": 0.882406,
        "nauc_mrr_at_100_max": 0.780205,
        "nauc_mrr_at_100_std": -0.071277,
        "nauc_mrr_at_100_diff1": 0.882454,
        "nauc_mrr_at_1000_max": 0.780151,
        "nauc_mrr_at_1000_std": -0.071364,
        "nauc_mrr_at_1000_diff1": 0.882464,
        "main_score": 0.90765,
        "hf_subset": "python",
        "languages": [
          "python-Code"
        ]
      }
    ]
  },
  "evaluation_time": 802.0461883544922,
  "kg_co2_emissions": null
}