{
  "dataset_revision": "27a168819829fe9bcd655c2df245fb19452e8e06",
  "task_name": "FiQA2018",
  "mteb_version": "1.34.8",
  "scores": {
    "test": [
      {
        "ndcg_at_1": 0.45216,
        "ndcg_at_3": 0.42119,
        "ndcg_at_5": 0.43726,
        "ndcg_at_10": 0.46444,
        "ndcg_at_20": 0.49074,
        "ndcg_at_100": 0.53446,
        "ndcg_at_1000": 0.55947,
        "map_at_1": 0.22824,
        "map_at_3": 0.33013,
        "map_at_5": 0.36033,
        "map_at_10": 0.38222,
        "map_at_20": 0.39347,
        "map_at_100": 0.40277,
        "map_at_1000": 0.4045,
        "recall_at_1": 0.22824,
        "recall_at_3": 0.38145,
        "recall_at_5": 0.45322,
        "recall_at_10": 0.54037,
        "recall_at_20": 0.61993,
        "recall_at_100": 0.79914,
        "recall_at_1000": 0.94544,
        "precision_at_1": 0.45216,
        "precision_at_3": 0.28292,
        "precision_at_5": 0.21235,
        "precision_at_10": 0.13148,
        "precision_at_20": 0.07762,
        "precision_at_100": 0.0204,
        "precision_at_1000": 0.00248,
        "mrr_at_1": 0.45216,
        "mrr_at_3": 0.513374,
        "mrr_at_5": 0.528575,
        "mrr_at_10": 0.539126,
        "mrr_at_20": 0.543757,
        "mrr_at_100": 0.547037,
        "mrr_at_1000": 0.547338,
        "nauc_ndcg_at_1_max": 0.506434,
        "nauc_ndcg_at_1_std": -0.077543,
        "nauc_ndcg_at_1_diff1": 0.603338,
        "nauc_ndcg_at_3_max": 0.435435,
        "nauc_ndcg_at_3_std": -0.0917,
        "nauc_ndcg_at_3_diff1": 0.458657,
        "nauc_ndcg_at_5_max": 0.424109,
        "nauc_ndcg_at_5_std": -0.094596,
        "nauc_ndcg_at_5_diff1": 0.465924,
        "nauc_ndcg_at_10_max": 0.420798,
        "nauc_ndcg_at_10_std": -0.09441,
        "nauc_ndcg_at_10_diff1": 0.475669,
        "nauc_ndcg_at_20_max": 0.426007,
        "nauc_ndcg_at_20_std": -0.083835,
        "nauc_ndcg_at_20_diff1": 0.469093,
        "nauc_ndcg_at_100_max": 0.459989,
        "nauc_ndcg_at_100_std": -0.049749,
        "nauc_ndcg_at_100_diff1": 0.475842,
        "nauc_ndcg_at_1000_max": 0.462222,
        "nauc_ndcg_at_1000_std": -0.049445,
        "nauc_ndcg_at_1000_diff1": 0.478858,
        "nauc_map_at_1_max": 0.262924,
        "nauc_map_at_1_std": -0.113251,
        "nauc_map_at_1_diff1": 0.517433,
        "nauc_map_at_3_max": 0.335431,
        "nauc_map_at_3_std": -0.115369,
        "nauc_map_at_3_diff1": 0.456689,
        "nauc_map_at_5_max": 0.368958,
        "nauc_map_at_5_std": -0.10435,
        "nauc_map_at_5_diff1": 0.452627,
        "nauc_map_at_10_max": 0.390084,
        "nauc_map_at_10_std": -0.103419,
        "nauc_map_at_10_diff1": 0.458282,
        "nauc_map_at_20_max": 0.398105,
        "nauc_map_at_20_std": -0.098415,
        "nauc_map_at_20_diff1": 0.45727,
        "nauc_map_at_100_max": 0.407497,
        "nauc_map_at_100_std": -0.091177,
        "nauc_map_at_100_diff1": 0.460123,
        "nauc_map_at_1000_max": 0.408262,
        "nauc_map_at_1000_std": -0.090734,
        "nauc_map_at_1000_diff1": 0.460293,
        "nauc_recall_at_1_max": 0.262924,
        "nauc_recall_at_1_std": -0.113251,
        "nauc_recall_at_1_diff1": 0.517433,
        "nauc_recall_at_3_max": 0.279852,
        "nauc_recall_at_3_std": -0.119132,
        "nauc_recall_at_3_diff1": 0.379902,
        "nauc_recall_at_5_max": 0.300913,
        "nauc_recall_at_5_std": -0.106804,
        "nauc_recall_at_5_diff1": 0.374932,
        "nauc_recall_at_10_max": 0.314615,
        "nauc_recall_at_10_std": -0.099474,
        "nauc_recall_at_10_diff1": 0.374307,
        "nauc_recall_at_20_max": 0.304633,
        "nauc_recall_at_20_std": -0.075863,
        "nauc_recall_at_20_diff1": 0.334419,
        "nauc_recall_at_100_max": 0.42225,
        "nauc_recall_at_100_std": 0.131405,
        "nauc_recall_at_100_diff1": 0.306839,
        "nauc_recall_at_1000_max": 0.48292,
        "nauc_recall_at_1000_std": 0.420619,
        "nauc_recall_at_1000_diff1": 0.23542,
        "nauc_precision_at_1_max": 0.506434,
        "nauc_precision_at_1_std": -0.077543,
        "nauc_precision_at_1_diff1": 0.603338,
        "nauc_precision_at_3_max": 0.462025,
        "nauc_precision_at_3_std": -0.043855,
        "nauc_precision_at_3_diff1": 0.288705,
        "nauc_precision_at_5_max": 0.482842,
        "nauc_precision_at_5_std": -0.010458,
        "nauc_precision_at_5_diff1": 0.245862,
        "nauc_precision_at_10_max": 0.484411,
        "nauc_precision_at_10_std": 0.015321,
        "nauc_precision_at_10_diff1": 0.217744,
        "nauc_precision_at_20_max": 0.456742,
        "nauc_precision_at_20_std": 0.057645,
        "nauc_precision_at_20_diff1": 0.16434,
        "nauc_precision_at_100_max": 0.435005,
        "nauc_precision_at_100_std": 0.14465,
        "nauc_precision_at_100_diff1": 0.08695,
        "nauc_precision_at_1000_max": 0.33788,
        "nauc_precision_at_1000_std": 0.14753,
        "nauc_precision_at_1000_diff1": 0.010232,
        "nauc_mrr_at_1_max": 0.506434,
        "nauc_mrr_at_1_std": -0.077543,
        "nauc_mrr_at_1_diff1": 0.603338,
        "nauc_mrr_at_3_max": 0.493633,
        "nauc_mrr_at_3_std": -0.076859,
        "nauc_mrr_at_3_diff1": 0.551392,
        "nauc_mrr_at_5_max": 0.49757,
        "nauc_mrr_at_5_std": -0.076448,
        "nauc_mrr_at_5_diff1": 0.556832,
        "nauc_mrr_at_10_max": 0.498074,
        "nauc_mrr_at_10_std": -0.073344,
        "nauc_mrr_at_10_diff1": 0.557302,
        "nauc_mrr_at_20_max": 0.499137,
        "nauc_mrr_at_20_std": -0.07028,
        "nauc_mrr_at_20_diff1": 0.557246,
        "nauc_mrr_at_100_max": 0.500488,
        "nauc_mrr_at_100_std": -0.068993,
        "nauc_mrr_at_100_diff1": 0.557846,
        "nauc_mrr_at_1000_max": 0.50037,
        "nauc_mrr_at_1000_std": -0.06914,
        "nauc_mrr_at_1000_diff1": 0.558,
        "main_score": 0.46444,
        "hf_subset": "default",
        "languages": [
          "eng-Latn"
        ]
      }
    ]
  },
  "evaluation_time": 299.2737410068512,
  "kg_co2_emissions": null
}