{
  "dataset_revision": "ae763399273d8b20506b80cf6f6f9a31a6a2b238",
  "task_name": "MedicalQARetrieval",
  "mteb_version": "1.34.8",
  "scores": {
    "test": [
      {
        "ndcg_at_1": 0.52734,
        "ndcg_at_3": 0.6361,
        "ndcg_at_5": 0.66704,
        "ndcg_at_10": 0.68832,
        "ndcg_at_20": 0.70177,
        "ndcg_at_100": 0.71295,
        "ndcg_at_1000": 0.71711,
        "map_at_1": 0.52734,
        "map_at_3": 0.60954,
        "map_at_5": 0.62692,
        "map_at_10": 0.63578,
        "map_at_20": 0.63947,
        "map_at_100": 0.64104,
        "map_at_1000": 0.64118,
        "recall_at_1": 0.52734,
        "recall_at_3": 0.71289,
        "recall_at_5": 0.78711,
        "recall_at_10": 0.85254,
        "recall_at_20": 0.90576,
        "recall_at_100": 0.96582,
        "recall_at_1000": 0.99902,
        "precision_at_1": 0.52734,
        "precision_at_3": 0.23763,
        "precision_at_5": 0.15742,
        "precision_at_10": 0.08525,
        "precision_at_20": 0.04529,
        "precision_at_100": 0.00966,
        "precision_at_1000": 0.001,
        "mrr_at_1": 0.527344,
        "mrr_at_3": 0.609619,
        "mrr_at_5": 0.627002,
        "mrr_at_10": 0.635861,
        "mrr_at_20": 0.639551,
        "mrr_at_100": 0.641116,
        "mrr_at_1000": 0.641263,
        "nauc_ndcg_at_1_max": 0.255665,
        "nauc_ndcg_at_1_std": -0.121469,
        "nauc_ndcg_at_1_diff1": 0.523589,
        "nauc_ndcg_at_3_max": 0.266207,
        "nauc_ndcg_at_3_std": -0.127936,
        "nauc_ndcg_at_3_diff1": 0.449997,
        "nauc_ndcg_at_5_max": 0.269092,
        "nauc_ndcg_at_5_std": -0.127986,
        "nauc_ndcg_at_5_diff1": 0.437193,
        "nauc_ndcg_at_10_max": 0.282293,
        "nauc_ndcg_at_10_std": -0.122582,
        "nauc_ndcg_at_10_diff1": 0.435937,
        "nauc_ndcg_at_20_max": 0.284308,
        "nauc_ndcg_at_20_std": -0.111559,
        "nauc_ndcg_at_20_diff1": 0.440428,
        "nauc_ndcg_at_100_max": 0.280787,
        "nauc_ndcg_at_100_std": -0.106157,
        "nauc_ndcg_at_100_diff1": 0.447379,
        "nauc_ndcg_at_1000_max": 0.275369,
        "nauc_ndcg_at_1000_std": -0.114231,
        "nauc_ndcg_at_1000_diff1": 0.45246,
        "nauc_map_at_1_max": 0.255665,
        "nauc_map_at_1_std": -0.121469,
        "nauc_map_at_1_diff1": 0.523589,
        "nauc_map_at_3_max": 0.263071,
        "nauc_map_at_3_std": -0.125577,
        "nauc_map_at_3_diff1": 0.468772,
        "nauc_map_at_5_max": 0.26413,
        "nauc_map_at_5_std": -0.125794,
        "nauc_map_at_5_diff1": 0.462948,
        "nauc_map_at_10_max": 0.268684,
        "nauc_map_at_10_std": -0.12378,
        "nauc_map_at_10_diff1": 0.463367,
        "nauc_map_at_20_max": 0.269084,
        "nauc_map_at_20_std": -0.121015,
        "nauc_map_at_20_diff1": 0.46432,
        "nauc_map_at_100_max": 0.268595,
        "nauc_map_at_100_std": -0.120151,
        "nauc_map_at_100_diff1": 0.465055,
        "nauc_map_at_1000_max": 0.268458,
        "nauc_map_at_1000_std": -0.120373,
        "nauc_map_at_1000_diff1": 0.465215,
        "nauc_recall_at_1_max": 0.255665,
        "nauc_recall_at_1_std": -0.121469,
        "nauc_recall_at_1_diff1": 0.523589,
        "nauc_recall_at_3_max": 0.277256,
        "nauc_recall_at_3_std": -0.136445,
        "nauc_recall_at_3_diff1": 0.385275,
        "nauc_recall_at_5_max": 0.291457,
        "nauc_recall_at_5_std": -0.137142,
        "nauc_recall_at_5_diff1": 0.326094,
        "nauc_recall_at_10_max": 0.373057,
        "nauc_recall_at_10_std": -0.111241,
        "nauc_recall_at_10_diff1": 0.273961,
        "nauc_recall_at_20_max": 0.436299,
        "nauc_recall_at_20_std": -0.001137,
        "nauc_recall_at_20_diff1": 0.247009,
        "nauc_recall_at_100_max": 0.579102,
        "nauc_recall_at_100_std": 0.34697,
        "nauc_recall_at_100_diff1": 0.173507,
        "nauc_recall_at_1000_max": 0.711709,
        "nauc_recall_at_1000_std": 0.934633,
        "nauc_recall_at_1000_diff1": -0.075726,
        "nauc_precision_at_1_max": 0.255665,
        "nauc_precision_at_1_std": -0.121469,
        "nauc_precision_at_1_diff1": 0.523589,
        "nauc_precision_at_3_max": 0.277256,
        "nauc_precision_at_3_std": -0.136445,
        "nauc_precision_at_3_diff1": 0.385275,
        "nauc_precision_at_5_max": 0.291457,
        "nauc_precision_at_5_std": -0.137142,
        "nauc_precision_at_5_diff1": 0.326094,
        "nauc_precision_at_10_max": 0.373057,
        "nauc_precision_at_10_std": -0.111241,
        "nauc_precision_at_10_diff1": 0.273961,
        "nauc_precision_at_20_max": 0.436299,
        "nauc_precision_at_20_std": -0.001137,
        "nauc_precision_at_20_diff1": 0.247009,
        "nauc_precision_at_100_max": 0.579102,
        "nauc_precision_at_100_std": 0.34697,
        "nauc_precision_at_100_diff1": 0.173507,
        "nauc_precision_at_1000_max": 0.711709,
        "nauc_precision_at_1000_std": 0.934633,
        "nauc_precision_at_1000_diff1": -0.075726,
        "nauc_mrr_at_1_max": 0.256524,
        "nauc_mrr_at_1_std": -0.120188,
        "nauc_mrr_at_1_diff1": 0.523589,
        "nauc_mrr_at_3_max": 0.262768,
        "nauc_mrr_at_3_std": -0.124164,
        "nauc_mrr_at_3_diff1": 0.468572,
        "nauc_mrr_at_5_max": 0.264177,
        "nauc_mrr_at_5_std": -0.124482,
        "nauc_mrr_at_5_diff1": 0.462739,
        "nauc_mrr_at_10_max": 0.268732,
        "nauc_mrr_at_10_std": -0.122547,
        "nauc_mrr_at_10_diff1": 0.463153,
        "nauc_mrr_at_20_max": 0.269133,
        "nauc_mrr_at_20_std": -0.119767,
        "nauc_mrr_at_20_diff1": 0.464103,
        "nauc_mrr_at_100_max": 0.268646,
        "nauc_mrr_at_100_std": -0.1189,
        "nauc_mrr_at_100_diff1": 0.464838,
        "nauc_mrr_at_1000_max": 0.268508,
        "nauc_mrr_at_1000_std": -0.119122,
        "nauc_mrr_at_1000_diff1": 0.464997,
        "main_score": 0.68832,
        "hf_subset": "default",
        "languages": [
          "eng-Latn"
        ]
      }
    ]
  },
  "evaluation_time": 15.743643283843994,
  "kg_co2_emissions": null
}