{
  "dataset_revision": "ec0fa4fe99da2ff19ca1214b7966684033a58814",
  "task_name": "NFCorpus",
  "mteb_version": "1.34.8",
  "scores": {
    "test": [
      {
        "ndcg_at_1": 0.41331,
        "ndcg_at_3": 0.38687,
        "ndcg_at_5": 0.36507,
        "ndcg_at_10": 0.33873,
        "ndcg_at_20": 0.31807,
        "ndcg_at_100": 0.3196,
        "ndcg_at_1000": 0.40798,
        "map_at_1": 0.05639,
        "map_at_3": 0.09363,
        "map_at_5": 0.10613,
        "map_at_10": 0.12537,
        "map_at_20": 0.13962,
        "map_at_100": 0.16101,
        "map_at_1000": 0.17726,
        "recall_at_1": 0.05639,
        "recall_at_3": 0.10867,
        "recall_at_5": 0.12814,
        "recall_at_10": 0.16604,
        "recall_at_20": 0.20271,
        "recall_at_100": 0.33433,
        "recall_at_1000": 0.65175,
        "precision_at_1": 0.42724,
        "precision_at_3": 0.36326,
        "precision_at_5": 0.31517,
        "precision_at_10": 0.25294,
        "precision_at_20": 0.19009,
        "precision_at_100": 0.08452,
        "precision_at_1000": 0.02165,
        "mrr_at_1": 0.427245,
        "mrr_at_3": 0.495872,
        "mrr_at_5": 0.510268,
        "mrr_at_10": 0.521026,
        "mrr_at_20": 0.52336,
        "mrr_at_100": 0.525749,
        "mrr_at_1000": 0.526224,
        "nauc_ndcg_at_1_max": 0.305789,
        "nauc_ndcg_at_1_std": 0.099594,
        "nauc_ndcg_at_1_diff1": 0.352233,
        "nauc_ndcg_at_3_max": 0.319726,
        "nauc_ndcg_at_3_std": 0.131182,
        "nauc_ndcg_at_3_diff1": 0.264033,
        "nauc_ndcg_at_5_max": 0.310092,
        "nauc_ndcg_at_5_std": 0.15048,
        "nauc_ndcg_at_5_diff1": 0.21409,
        "nauc_ndcg_at_10_max": 0.292869,
        "nauc_ndcg_at_10_std": 0.171318,
        "nauc_ndcg_at_10_diff1": 0.182192,
        "nauc_ndcg_at_20_max": 0.292762,
        "nauc_ndcg_at_20_std": 0.175803,
        "nauc_ndcg_at_20_diff1": 0.176141,
        "nauc_ndcg_at_100_max": 0.342723,
        "nauc_ndcg_at_100_std": 0.21531,
        "nauc_ndcg_at_100_diff1": 0.187578,
        "nauc_ndcg_at_1000_max": 0.410292,
        "nauc_ndcg_at_1000_std": 0.298544,
        "nauc_ndcg_at_1000_diff1": 0.201699,
        "nauc_map_at_1_max": 0.057588,
        "nauc_map_at_1_std": -0.126628,
        "nauc_map_at_1_diff1": 0.380696,
        "nauc_map_at_3_max": 0.132145,
        "nauc_map_at_3_std": -0.065175,
        "nauc_map_at_3_diff1": 0.335508,
        "nauc_map_at_5_max": 0.157431,
        "nauc_map_at_5_std": -0.046947,
        "nauc_map_at_5_diff1": 0.321651,
        "nauc_map_at_10_max": 0.182784,
        "nauc_map_at_10_std": -0.011831,
        "nauc_map_at_10_diff1": 0.281446,
        "nauc_map_at_20_max": 0.212384,
        "nauc_map_at_20_std": 0.020945,
        "nauc_map_at_20_diff1": 0.261298,
        "nauc_map_at_100_max": 0.244424,
        "nauc_map_at_100_std": 0.084458,
        "nauc_map_at_100_diff1": 0.237044,
        "nauc_map_at_1000_max": 0.25218,
        "nauc_map_at_1000_std": 0.119143,
        "nauc_map_at_1000_diff1": 0.22372,
        "nauc_recall_at_1_max": 0.057588,
        "nauc_recall_at_1_std": -0.126628,
        "nauc_recall_at_1_diff1": 0.380696,
        "nauc_recall_at_3_max": 0.129387,
        "nauc_recall_at_3_std": -0.06362,
        "nauc_recall_at_3_diff1": 0.285334,
        "nauc_recall_at_5_max": 0.150284,
        "nauc_recall_at_5_std": -0.042736,
        "nauc_recall_at_5_diff1": 0.266141,
        "nauc_recall_at_10_max": 0.162511,
        "nauc_recall_at_10_std": -0.007299,
        "nauc_recall_at_10_diff1": 0.206788,
        "nauc_recall_at_20_max": 0.194917,
        "nauc_recall_at_20_std": 0.04418,
        "nauc_recall_at_20_diff1": 0.17924,
        "nauc_recall_at_100_max": 0.229691,
        "nauc_recall_at_100_std": 0.149039,
        "nauc_recall_at_100_diff1": 0.081311,
        "nauc_recall_at_1000_max": 0.236899,
        "nauc_recall_at_1000_std": 0.272117,
        "nauc_recall_at_1000_diff1": 0.025486,
        "nauc_precision_at_1_max": 0.3199,
        "nauc_precision_at_1_std": 0.088723,
        "nauc_precision_at_1_diff1": 0.355889,
        "nauc_precision_at_3_max": 0.342421,
        "nauc_precision_at_3_std": 0.161529,
        "nauc_precision_at_3_diff1": 0.177226,
        "nauc_precision_at_5_max": 0.32696,
        "nauc_precision_at_5_std": 0.213408,
        "nauc_precision_at_5_diff1": 0.083468,
        "nauc_precision_at_10_max": 0.293175,
        "nauc_precision_at_10_std": 0.276822,
        "nauc_precision_at_10_diff1": 0.005819,
        "nauc_precision_at_20_max": 0.25284,
        "nauc_precision_at_20_std": 0.291809,
        "nauc_precision_at_20_diff1": -0.034023,
        "nauc_precision_at_100_max": 0.153305,
        "nauc_precision_at_100_std": 0.337774,
        "nauc_precision_at_100_diff1": -0.095558,
        "nauc_precision_at_1000_max": 0.005009,
        "nauc_precision_at_1000_std": 0.235717,
        "nauc_precision_at_1000_diff1": -0.104971,
        "nauc_mrr_at_1_max": 0.307557,
        "nauc_mrr_at_1_std": 0.071347,
        "nauc_mrr_at_1_diff1": 0.355889,
        "nauc_mrr_at_3_max": 0.356341,
        "nauc_mrr_at_3_std": 0.117519,
        "nauc_mrr_at_3_diff1": 0.336218,
        "nauc_mrr_at_5_max": 0.359454,
        "nauc_mrr_at_5_std": 0.128687,
        "nauc_mrr_at_5_diff1": 0.323946,
        "nauc_mrr_at_10_max": 0.364909,
        "nauc_mrr_at_10_std": 0.137088,
        "nauc_mrr_at_10_diff1": 0.325121,
        "nauc_mrr_at_20_max": 0.366128,
        "nauc_mrr_at_20_std": 0.140906,
        "nauc_mrr_at_20_diff1": 0.325285,
        "nauc_mrr_at_100_max": 0.365964,
        "nauc_mrr_at_100_std": 0.140045,
        "nauc_mrr_at_100_diff1": 0.325281,
        "nauc_mrr_at_1000_max": 0.3655,
        "nauc_mrr_at_1000_std": 0.139572,
        "nauc_mrr_at_1000_diff1": 0.325189,
        "main_score": 0.33873,
        "hf_subset": "default",
        "languages": [
          "eng-Latn"
        ]
      }
    ]
  },
  "evaluation_time": 37.26856732368469,
  "kg_co2_emissions": null
}