{
  "dataset_revision": "f8c2fcf00f625baaa80f62ec5bd9e1fff3b8ae88",
  "task_name": "SCIDOCS",
  "mteb_version": "1.34.8",
  "scores": {
    "test": [
      {
        "ndcg_at_1": 0.207,
        "ndcg_at_3": 0.17499,
        "ndcg_at_5": 0.1552,
        "ndcg_at_10": 0.19101,
        "ndcg_at_20": 0.21771,
        "ndcg_at_100": 0.2697,
        "ndcg_at_1000": 0.32254,
        "map_at_1": 0.04203,
        "map_at_3": 0.07759,
        "map_at_5": 0.09391,
        "map_at_10": 0.11234,
        "map_at_20": 0.12246,
        "map_at_100": 0.13257,
        "map_at_1000": 0.13566,
        "recall_at_1": 0.04203,
        "recall_at_3": 0.09993,
        "recall_at_5": 0.13988,
        "recall_at_10": 0.20557,
        "recall_at_20": 0.26818,
        "recall_at_100": 0.4377,
        "recall_at_1000": 0.69442,
        "precision_at_1": 0.207,
        "precision_at_3": 0.16467,
        "precision_at_5": 0.1382,
        "precision_at_10": 0.1015,
        "precision_at_20": 0.0662,
        "precision_at_100": 0.02158,
        "precision_at_1000": 0.00342,
        "mrr_at_1": 0.207,
        "mrr_at_3": 0.285,
        "mrr_at_5": 0.305,
        "mrr_at_10": 0.317803,
        "mrr_at_20": 0.323812,
        "mrr_at_100": 0.328642,
        "mrr_at_1000": 0.32923,
        "nauc_ndcg_at_1_max": 0.242657,
        "nauc_ndcg_at_1_std": -0.021876,
        "nauc_ndcg_at_1_diff1": 0.271224,
        "nauc_ndcg_at_3_max": 0.280046,
        "nauc_ndcg_at_3_std": 0.02088,
        "nauc_ndcg_at_3_diff1": 0.176241,
        "nauc_ndcg_at_5_max": 0.307339,
        "nauc_ndcg_at_5_std": 0.040775,
        "nauc_ndcg_at_5_diff1": 0.160618,
        "nauc_ndcg_at_10_max": 0.332635,
        "nauc_ndcg_at_10_std": 0.075547,
        "nauc_ndcg_at_10_diff1": 0.129508,
        "nauc_ndcg_at_20_max": 0.351267,
        "nauc_ndcg_at_20_std": 0.102542,
        "nauc_ndcg_at_20_diff1": 0.123705,
        "nauc_ndcg_at_100_max": 0.381526,
        "nauc_ndcg_at_100_std": 0.151911,
        "nauc_ndcg_at_100_diff1": 0.123723,
        "nauc_ndcg_at_1000_max": 0.385839,
        "nauc_ndcg_at_1000_std": 0.163945,
        "nauc_ndcg_at_1000_diff1": 0.122626,
        "nauc_map_at_1_max": 0.240414,
        "nauc_map_at_1_std": -0.023647,
        "nauc_map_at_1_diff1": 0.273145,
        "nauc_map_at_3_max": 0.271713,
        "nauc_map_at_3_std": 0.003767,
        "nauc_map_at_3_diff1": 0.18641,
        "nauc_map_at_5_max": 0.304178,
        "nauc_map_at_5_std": 0.025625,
        "nauc_map_at_5_diff1": 0.169872,
        "nauc_map_at_10_max": 0.323501,
        "nauc_map_at_10_std": 0.050402,
        "nauc_map_at_10_diff1": 0.138605,
        "nauc_map_at_20_max": 0.33524,
        "nauc_map_at_20_std": 0.066095,
        "nauc_map_at_20_diff1": 0.131653,
        "nauc_map_at_100_max": 0.349162,
        "nauc_map_at_100_std": 0.085947,
        "nauc_map_at_100_diff1": 0.128591,
        "nauc_map_at_1000_max": 0.350496,
        "nauc_map_at_1000_std": 0.088764,
        "nauc_map_at_1000_diff1": 0.128897,
        "nauc_recall_at_1_max": 0.240414,
        "nauc_recall_at_1_std": -0.023647,
        "nauc_recall_at_1_diff1": 0.273145,
        "nauc_recall_at_3_max": 0.284511,
        "nauc_recall_at_3_std": 0.034614,
        "nauc_recall_at_3_diff1": 0.136645,
        "nauc_recall_at_5_max": 0.318468,
        "nauc_recall_at_5_std": 0.067299,
        "nauc_recall_at_5_diff1": 0.108829,
        "nauc_recall_at_10_max": 0.343875,
        "nauc_recall_at_10_std": 0.120461,
        "nauc_recall_at_10_diff1": 0.057641,
        "nauc_recall_at_20_max": 0.360236,
        "nauc_recall_at_20_std": 0.164928,
        "nauc_recall_at_20_diff1": 0.047663,
        "nauc_recall_at_100_max": 0.395681,
        "nauc_recall_at_100_std": 0.269665,
        "nauc_recall_at_100_diff1": 0.047111,
        "nauc_recall_at_1000_max": 0.379433,
        "nauc_recall_at_1000_std": 0.31592,
        "nauc_recall_at_1000_diff1": 0.016437,
        "nauc_precision_at_1_max": 0.242657,
        "nauc_precision_at_1_std": -0.021876,
        "nauc_precision_at_1_diff1": 0.271224,
        "nauc_precision_at_3_max": 0.286996,
        "nauc_precision_at_3_std": 0.038091,
        "nauc_precision_at_3_diff1": 0.134263,
        "nauc_precision_at_5_max": 0.321045,
        "nauc_precision_at_5_std": 0.070153,
        "nauc_precision_at_5_diff1": 0.108533,
        "nauc_precision_at_10_max": 0.344354,
        "nauc_precision_at_10_std": 0.123245,
        "nauc_precision_at_10_diff1": 0.056983,
        "nauc_precision_at_20_max": 0.36196,
        "nauc_precision_at_20_std": 0.16729,
        "nauc_precision_at_20_diff1": 0.047063,
        "nauc_precision_at_100_max": 0.393078,
        "nauc_precision_at_100_std": 0.270186,
        "nauc_precision_at_100_diff1": 0.043314,
        "nauc_precision_at_1000_max": 0.370204,
        "nauc_precision_at_1000_std": 0.314654,
        "nauc_precision_at_1000_diff1": 0.008779,
        "nauc_mrr_at_1_max": 0.242657,
        "nauc_mrr_at_1_std": -0.021876,
        "nauc_mrr_at_1_diff1": 0.271224,
        "nauc_mrr_at_3_max": 0.275146,
        "nauc_mrr_at_3_std": 0.020769,
        "nauc_mrr_at_3_diff1": 0.211084,
        "nauc_mrr_at_5_max": 0.278373,
        "nauc_mrr_at_5_std": 0.027217,
        "nauc_mrr_at_5_diff1": 0.203549,
        "nauc_mrr_at_10_max": 0.28409,
        "nauc_mrr_at_10_std": 0.036323,
        "nauc_mrr_at_10_diff1": 0.202179,
        "nauc_mrr_at_20_max": 0.285385,
        "nauc_mrr_at_20_std": 0.039076,
        "nauc_mrr_at_20_diff1": 0.203618,
        "nauc_mrr_at_100_max": 0.284614,
        "nauc_mrr_at_100_std": 0.038357,
        "nauc_mrr_at_100_diff1": 0.205056,
        "nauc_mrr_at_1000_max": 0.284371,
        "nauc_mrr_at_1000_std": 0.038063,
        "nauc_mrr_at_1000_diff1": 0.205077,
        "main_score": 0.19101,
        "hf_subset": "default",
        "languages": [
          "eng-Latn"
        ]
      }
    ]
  },
  "evaluation_time": 179.86796879768372,
  "kg_co2_emissions": null
}