{
  "dataset_revision": "f22508f96b7a36c2415181ed8bb76f76e04ae2d5",
  "task_name": "AppsRetrieval",
  "mteb_version": "1.34.8",
  "scores": {
    "test": [
      {
        "ndcg_at_1": 0.42842,
        "ndcg_at_3": 0.51362,
        "ndcg_at_5": 0.53984,
        "ndcg_at_10": 0.56666,
        "ndcg_at_20": 0.58313,
        "ndcg_at_100": 0.60696,
        "ndcg_at_1000": 0.61678,
        "map_at_1": 0.42842,
        "map_at_3": 0.49292,
        "map_at_5": 0.50751,
        "map_at_10": 0.51864,
        "map_at_20": 0.52321,
        "map_at_100": 0.52654,
        "map_at_1000": 0.52693,
        "recall_at_1": 0.42842,
        "recall_at_3": 0.57344,
        "recall_at_5": 0.63692,
        "recall_at_10": 0.71952,
        "recall_at_20": 0.78433,
        "recall_at_100": 0.91208,
        "recall_at_1000": 0.98858,
        "precision_at_1": 0.42842,
        "precision_at_3": 0.19115,
        "precision_at_5": 0.12738,
        "precision_at_10": 0.07195,
        "precision_at_20": 0.03922,
        "precision_at_100": 0.00912,
        "precision_at_1000": 0.00099,
        "mrr_at_1": 0.42842,
        "mrr_at_3": 0.492873,
        "mrr_at_5": 0.507481,
        "mrr_at_10": 0.518605,
        "mrr_at_20": 0.523177,
        "mrr_at_100": 0.526511,
        "mrr_at_1000": 0.526898,
        "nauc_ndcg_at_1_max": 0.420494,
        "nauc_ndcg_at_1_std": -0.173404,
        "nauc_ndcg_at_1_diff1": 0.663437,
        "nauc_ndcg_at_3_max": 0.429917,
        "nauc_ndcg_at_3_std": -0.15951,
        "nauc_ndcg_at_3_diff1": 0.590312,
        "nauc_ndcg_at_5_max": 0.432221,
        "nauc_ndcg_at_5_std": -0.149536,
        "nauc_ndcg_at_5_diff1": 0.577411,
        "nauc_ndcg_at_10_max": 0.435938,
        "nauc_ndcg_at_10_std": -0.138872,
        "nauc_ndcg_at_10_diff1": 0.574201,
        "nauc_ndcg_at_20_max": 0.439759,
        "nauc_ndcg_at_20_std": -0.132472,
        "nauc_ndcg_at_20_diff1": 0.576745,
        "nauc_ndcg_at_100_max": 0.439534,
        "nauc_ndcg_at_100_std": -0.129968,
        "nauc_ndcg_at_100_diff1": 0.583814,
        "nauc_ndcg_at_1000_max": 0.43658,
        "nauc_ndcg_at_1000_std": -0.137669,
        "nauc_ndcg_at_1000_diff1": 0.588936,
        "nauc_map_at_1_max": 0.420494,
        "nauc_map_at_1_std": -0.173404,
        "nauc_map_at_1_diff1": 0.663437,
        "nauc_map_at_3_max": 0.427626,
        "nauc_map_at_3_std": -0.163332,
        "nauc_map_at_3_diff1": 0.608104,
        "nauc_map_at_5_max": 0.428959,
        "nauc_map_at_5_std": -0.157843,
        "nauc_map_at_5_diff1": 0.60136,
        "nauc_map_at_10_max": 0.430033,
        "nauc_map_at_10_std": -0.153693,
        "nauc_map_at_10_diff1": 0.600279,
        "nauc_map_at_20_max": 0.431029,
        "nauc_map_at_20_std": -0.152109,
        "nauc_map_at_20_diff1": 0.601112,
        "nauc_map_at_100_max": 0.430872,
        "nauc_map_at_100_std": -0.152039,
        "nauc_map_at_100_diff1": 0.602159,
        "nauc_map_at_1000_max": 0.430818,
        "nauc_map_at_1000_std": -0.152244,
        "nauc_map_at_1000_diff1": 0.602372,
        "nauc_recall_at_1_max": 0.420494,
        "nauc_recall_at_1_std": -0.173404,
        "nauc_recall_at_1_diff1": 0.663437,
        "nauc_recall_at_3_max": 0.436912,
        "nauc_recall_at_3_std": -0.147641,
        "nauc_recall_at_3_diff1": 0.535995,
        "nauc_recall_at_5_max": 0.44317,
        "nauc_recall_at_5_std": -0.120492,
        "nauc_recall_at_5_diff1": 0.496449,
        "nauc_recall_at_10_max": 0.4622,
        "nauc_recall_at_10_std": -0.074035,
        "nauc_recall_at_10_diff1": 0.469805,
        "nauc_recall_at_20_max": 0.490107,
        "nauc_recall_at_20_std": -0.022025,
        "nauc_recall_at_20_diff1": 0.46121,
        "nauc_recall_at_100_max": 0.55272,
        "nauc_recall_at_100_std": 0.161294,
        "nauc_recall_at_100_diff1": 0.43785,
        "nauc_recall_at_1000_max": 0.695466,
        "nauc_recall_at_1000_std": 0.589852,
        "nauc_recall_at_1000_diff1": 0.375124,
        "nauc_precision_at_1_max": 0.420494,
        "nauc_precision_at_1_std": -0.173404,
        "nauc_precision_at_1_diff1": 0.663437,
        "nauc_precision_at_3_max": 0.436912,
        "nauc_precision_at_3_std": -0.147641,
        "nauc_precision_at_3_diff1": 0.535995,
        "nauc_precision_at_5_max": 0.44317,
        "nauc_precision_at_5_std": -0.120492,
        "nauc_precision_at_5_diff1": 0.496449,
        "nauc_precision_at_10_max": 0.4622,
        "nauc_precision_at_10_std": -0.074035,
        "nauc_precision_at_10_diff1": 0.469805,
        "nauc_precision_at_20_max": 0.490107,
        "nauc_precision_at_20_std": -0.022025,
        "nauc_precision_at_20_diff1": 0.46121,
        "nauc_precision_at_100_max": 0.55272,
        "nauc_precision_at_100_std": 0.161294,
        "nauc_precision_at_100_diff1": 0.43785,
        "nauc_precision_at_1000_max": 0.695466,
        "nauc_precision_at_1000_std": 0.589852,
        "nauc_precision_at_1000_diff1": 0.375124,
        "nauc_mrr_at_1_max": 0.420494,
        "nauc_mrr_at_1_std": -0.173404,
        "nauc_mrr_at_1_diff1": 0.663437,
        "nauc_mrr_at_3_max": 0.427669,
        "nauc_mrr_at_3_std": -0.163309,
        "nauc_mrr_at_3_diff1": 0.608226,
        "nauc_mrr_at_5_max": 0.428983,
        "nauc_mrr_at_5_std": -0.157828,
        "nauc_mrr_at_5_diff1": 0.601463,
        "nauc_mrr_at_10_max": 0.430058,
        "nauc_mrr_at_10_std": -0.153678,
        "nauc_mrr_at_10_diff1": 0.600384,
        "nauc_mrr_at_20_max": 0.431054,
        "nauc_mrr_at_20_std": -0.152094,
        "nauc_mrr_at_20_diff1": 0.601219,
        "nauc_mrr_at_100_max": 0.430898,
        "nauc_mrr_at_100_std": -0.152023,
        "nauc_mrr_at_100_diff1": 0.602267,
        "nauc_mrr_at_1000_max": 0.430843,
        "nauc_mrr_at_1000_std": -0.152229,
        "nauc_mrr_at_1000_diff1": 0.60248,
        "main_score": 0.56666,
        "hf_subset": "default",
        "languages": [
          "eng-Latn",
          "python-Code"
        ]
      }
    ]
  },
  "evaluation_time": 72.16310405731201,
  "kg_co2_emissions": null
}