{
  "dataset_revision": "5d958fb6b31055495347724d46431ba41309b03a",
  "task_name": "ChemNQRetrieval",
  "mteb_version": "1.34.8",
  "scores": {
    "test": [
      {
        "ndcg_at_1": 0.44444,
        "ndcg_at_3": 0.57997,
        "ndcg_at_5": 0.61187,
        "ndcg_at_10": 0.6388,
        "ndcg_at_20": 0.65945,
        "ndcg_at_100": 0.67458,
        "ndcg_at_1000": 0.67904,
        "map_at_1": 0.37037,
        "map_at_3": 0.52778,
        "map_at_5": 0.5463,
        "map_at_10": 0.55895,
        "map_at_20": 0.56662,
        "map_at_100": 0.57037,
        "map_at_1000": 0.57048,
        "recall_at_1": 0.37037,
        "recall_at_3": 0.67901,
        "recall_at_5": 0.75309,
        "recall_at_10": 0.82716,
        "recall_at_20": 0.90123,
        "recall_at_100": 0.96296,
        "recall_at_1000": 1.0,
        "precision_at_1": 0.44444,
        "precision_at_3": 0.28395,
        "precision_at_5": 0.18519,
        "precision_at_10": 0.1037,
        "precision_at_20": 0.05741,
        "precision_at_100": 0.01259,
        "precision_at_1000": 0.0013,
        "mrr_at_1": 0.444444,
        "mrr_at_3": 0.580247,
        "mrr_at_5": 0.598765,
        "mrr_at_10": 0.608642,
        "mrr_at_20": 0.610821,
        "mrr_at_100": 0.612302,
        "mrr_at_1000": 0.612418,
        "nauc_ndcg_at_1_max": 0.202283,
        "nauc_ndcg_at_1_std": -0.122589,
        "nauc_ndcg_at_1_diff1": 0.041497,
        "nauc_ndcg_at_3_max": 0.178552,
        "nauc_ndcg_at_3_std": -0.144345,
        "nauc_ndcg_at_3_diff1": -0.119027,
        "nauc_ndcg_at_5_max": 0.144953,
        "nauc_ndcg_at_5_std": -0.127974,
        "nauc_ndcg_at_5_diff1": -0.178172,
        "nauc_ndcg_at_10_max": 0.182964,
        "nauc_ndcg_at_10_std": -0.146695,
        "nauc_ndcg_at_10_diff1": -0.196394,
        "nauc_ndcg_at_20_max": 0.234709,
        "nauc_ndcg_at_20_std": -0.073953,
        "nauc_ndcg_at_20_diff1": -0.140386,
        "nauc_ndcg_at_100_max": 0.211209,
        "nauc_ndcg_at_100_std": -0.085299,
        "nauc_ndcg_at_100_diff1": -0.161064,
        "nauc_ndcg_at_1000_max": 0.200817,
        "nauc_ndcg_at_1000_std": -0.098315,
        "nauc_ndcg_at_1000_diff1": -0.152712,
        "nauc_map_at_1_max": 0.101194,
        "nauc_map_at_1_std": -0.153681,
        "nauc_map_at_1_diff1": -0.102242,
        "nauc_map_at_3_max": 0.136237,
        "nauc_map_at_3_std": -0.167117,
        "nauc_map_at_3_diff1": -0.149668,
        "nauc_map_at_5_max": 0.116606,
        "nauc_map_at_5_std": -0.159515,
        "nauc_map_at_5_diff1": -0.18224,
        "nauc_map_at_10_max": 0.133666,
        "nauc_map_at_10_std": -0.17545,
        "nauc_map_at_10_diff1": -0.184738,
        "nauc_map_at_20_max": 0.152585,
        "nauc_map_at_20_std": -0.145755,
        "nauc_map_at_20_diff1": -0.165615,
        "nauc_map_at_100_max": 0.146863,
        "nauc_map_at_100_std": -0.147845,
        "nauc_map_at_100_diff1": -0.172494,
        "nauc_map_at_1000_max": 0.146625,
        "nauc_map_at_1000_std": -0.148137,
        "nauc_map_at_1000_diff1": -0.172328,
        "nauc_recall_at_1_max": 0.101194,
        "nauc_recall_at_1_std": -0.153681,
        "nauc_recall_at_1_diff1": -0.102242,
        "nauc_recall_at_3_max": 0.16964,
        "nauc_recall_at_3_std": -0.155712,
        "nauc_recall_at_3_diff1": -0.139515,
        "nauc_recall_at_5_max": 0.067395,
        "nauc_recall_at_5_std": -0.107663,
        "nauc_recall_at_5_diff1": -0.308336,
        "nauc_recall_at_10_max": 0.199593,
        "nauc_recall_at_10_std": -0.189199,
        "nauc_recall_at_10_diff1": -0.459008,
        "nauc_recall_at_20_max": 0.618773,
        "nauc_recall_at_20_std": 0.29872,
        "nauc_recall_at_20_diff1": -0.179467,
        "nauc_recall_at_100_max": 0.723262,
        "nauc_recall_at_100_std": 0.556079,
        "nauc_recall_at_100_diff1": -0.572623,
        "nauc_recall_at_1000_max": NaN,
        "nauc_recall_at_1000_std": NaN,
        "nauc_recall_at_1000_diff1": NaN,
        "nauc_precision_at_1_max": 0.202283,
        "nauc_precision_at_1_std": -0.122589,
        "nauc_precision_at_1_diff1": 0.041497,
        "nauc_precision_at_3_max": 0.200694,
        "nauc_precision_at_3_std": -0.06173,
        "nauc_precision_at_3_diff1": -0.097123,
        "nauc_precision_at_5_max": 0.146998,
        "nauc_precision_at_5_std": -0.021984,
        "nauc_precision_at_5_diff1": -0.194127,
        "nauc_precision_at_10_max": 0.361731,
        "nauc_precision_at_10_std": 0.043041,
        "nauc_precision_at_10_diff1": -0.150235,
        "nauc_precision_at_20_max": 0.497509,
        "nauc_precision_at_20_std": 0.369287,
        "nauc_precision_at_20_diff1": 0.104928,
        "nauc_precision_at_100_max": 0.295956,
        "nauc_precision_at_100_std": 0.326702,
        "nauc_precision_at_100_diff1": -0.031021,
        "nauc_precision_at_1000_max": 0.2553,
        "nauc_precision_at_1000_std": 0.304878,
        "nauc_precision_at_1000_diff1": 0.020509,
        "nauc_mrr_at_1_max": 0.202283,
        "nauc_mrr_at_1_std": -0.122589,
        "nauc_mrr_at_1_diff1": 0.041497,
        "nauc_mrr_at_3_max": 0.263336,
        "nauc_mrr_at_3_std": -0.077268,
        "nauc_mrr_at_3_diff1": -0.002575,
        "nauc_mrr_at_5_max": 0.249161,
        "nauc_mrr_at_5_std": -0.06535,
        "nauc_mrr_at_5_diff1": -0.029044,
        "nauc_mrr_at_10_max": 0.250712,
        "nauc_mrr_at_10_std": -0.066411,
        "nauc_mrr_at_10_diff1": -0.046667,
        "nauc_mrr_at_20_max": 0.251786,
        "nauc_mrr_at_20_std": -0.067814,
        "nauc_mrr_at_20_diff1": -0.042559,
        "nauc_mrr_at_100_max": 0.250161,
        "nauc_mrr_at_100_std": -0.070085,
        "nauc_mrr_at_100_diff1": -0.039729,
        "nauc_mrr_at_1000_max": 0.249963,
        "nauc_mrr_at_1000_std": -0.070347,
        "nauc_mrr_at_1000_diff1": -0.039506,
        "main_score": 0.6388,
        "hf_subset": "default",
        "languages": [
          "eng-Latn"
        ]
      }
    ]
  },
  "evaluation_time": 78.28350782394409,
  "kg_co2_emissions": null
}