{
  "dataset_revision": "4adc7bc41202b5c13543c9c886a25f340634dab3",
  "task_name": "COIRCodeSearchNetRetrieval",
  "mteb_version": "1.34.8",
  "scores": {
    "test": [
      {
        "ndcg_at_1": 0.82692,
        "ndcg_at_3": 0.87613,
        "ndcg_at_5": 0.88388,
        "ndcg_at_10": 0.89009,
        "ndcg_at_20": 0.89365,
        "ndcg_at_100": 0.89741,
        "ndcg_at_1000": 0.89886,
        "map_at_1": 0.82692,
        "map_at_3": 0.86445,
        "map_at_5": 0.86875,
        "map_at_10": 0.87135,
        "map_at_20": 0.87235,
        "map_at_100": 0.87289,
        "map_at_1000": 0.87294,
        "recall_at_1": 0.82692,
        "recall_at_3": 0.90977,
        "recall_at_5": 0.92854,
        "recall_at_10": 0.94758,
        "recall_at_20": 0.96152,
        "recall_at_100": 0.9815,
        "recall_at_1000": 0.99323,
        "precision_at_1": 0.82692,
        "precision_at_3": 0.30326,
        "precision_at_5": 0.18571,
        "precision_at_10": 0.09476,
        "precision_at_20": 0.04808,
        "precision_at_100": 0.00981,
        "precision_at_1000": 0.00099,
        "mrr_at_1": 0.82692,
        "mrr_at_3": 0.864448,
        "mrr_at_5": 0.868755,
        "mrr_at_10": 0.871354,
        "mrr_at_20": 0.872345,
        "mrr_at_100": 0.872887,
        "mrr_at_1000": 0.872937,
        "nauc_ndcg_at_1_max": 0.717155,
        "nauc_ndcg_at_1_std": 0.053055,
        "nauc_ndcg_at_1_diff1": 0.866556,
        "nauc_ndcg_at_3_max": 0.759801,
        "nauc_ndcg_at_3_std": 0.099872,
        "nauc_ndcg_at_3_diff1": 0.845854,
        "nauc_ndcg_at_5_max": 0.76282,
        "nauc_ndcg_at_5_std": 0.10952,
        "nauc_ndcg_at_5_diff1": 0.847373,
        "nauc_ndcg_at_10_max": 0.761943,
        "nauc_ndcg_at_10_std": 0.111255,
        "nauc_ndcg_at_10_diff1": 0.849527,
        "nauc_ndcg_at_20_max": 0.761213,
        "nauc_ndcg_at_20_std": 0.112991,
        "nauc_ndcg_at_20_diff1": 0.850942,
        "nauc_ndcg_at_100_max": 0.757534,
        "nauc_ndcg_at_100_std": 0.109479,
        "nauc_ndcg_at_100_diff1": 0.851297,
        "nauc_ndcg_at_1000_max": 0.755582,
        "nauc_ndcg_at_1000_std": 0.1053,
        "nauc_ndcg_at_1000_diff1": 0.851438,
        "nauc_map_at_1_max": 0.717155,
        "nauc_map_at_1_std": 0.053055,
        "nauc_map_at_1_diff1": 0.866556,
        "nauc_map_at_3_max": 0.748074,
        "nauc_map_at_3_std": 0.085396,
        "nauc_map_at_3_diff1": 0.85159,
        "nauc_map_at_5_max": 0.749162,
        "nauc_map_at_5_std": 0.089663,
        "nauc_map_at_5_diff1": 0.852561,
        "nauc_map_at_10_max": 0.748615,
        "nauc_map_at_10_std": 0.089956,
        "nauc_map_at_10_diff1": 0.853449,
        "nauc_map_at_20_max": 0.748309,
        "nauc_map_at_20_std": 0.090212,
        "nauc_map_at_20_diff1": 0.85382,
        "nauc_map_at_100_max": 0.747849,
        "nauc_map_at_100_std": 0.089861,
        "nauc_map_at_100_diff1": 0.853882,
        "nauc_map_at_1000_max": 0.747797,
        "nauc_map_at_1000_std": 0.089772,
        "nauc_map_at_1000_diff1": 0.853885,
        "nauc_recall_at_1_max": 0.717155,
        "nauc_recall_at_1_std": 0.053055,
        "nauc_recall_at_1_diff1": 0.866556,
        "nauc_recall_at_3_max": 0.808047,
        "nauc_recall_at_3_std": 0.16048,
        "nauc_recall_at_3_diff1": 0.822225,
        "nauc_recall_at_5_max": 0.832265,
        "nauc_recall_at_5_std": 0.213279,
        "nauc_recall_at_5_diff1": 0.821636,
        "nauc_recall_at_10_max": 0.851403,
        "nauc_recall_at_10_std": 0.26062,
        "nauc_recall_at_10_diff1": 0.825574,
        "nauc_recall_at_20_max": 0.876837,
        "nauc_recall_at_20_std": 0.332334,
        "nauc_recall_at_20_diff1": 0.831476,
        "nauc_recall_at_100_max": 0.894732,
        "nauc_recall_at_100_std": 0.453957,
        "nauc_recall_at_100_diff1": 0.819739,
        "nauc_recall_at_1000_max": 0.900425,
        "nauc_recall_at_1000_std": 0.531026,
        "nauc_recall_at_1000_diff1": 0.784137,
        "nauc_precision_at_1_max": 0.717155,
        "nauc_precision_at_1_std": 0.053055,
        "nauc_precision_at_1_diff1": 0.866556,
        "nauc_precision_at_3_max": 0.808047,
        "nauc_precision_at_3_std": 0.16048,
        "nauc_precision_at_3_diff1": 0.822225,
        "nauc_precision_at_5_max": 0.832265,
        "nauc_precision_at_5_std": 0.213279,
        "nauc_precision_at_5_diff1": 0.821636,
        "nauc_precision_at_10_max": 0.851403,
        "nauc_precision_at_10_std": 0.26062,
        "nauc_precision_at_10_diff1": 0.825574,
        "nauc_precision_at_20_max": 0.876837,
        "nauc_precision_at_20_std": 0.332334,
        "nauc_precision_at_20_diff1": 0.831476,
        "nauc_precision_at_100_max": 0.894732,
        "nauc_precision_at_100_std": 0.453957,
        "nauc_precision_at_100_diff1": 0.819739,
        "nauc_precision_at_1000_max": 0.900425,
        "nauc_precision_at_1000_std": 0.531026,
        "nauc_precision_at_1000_diff1": 0.784137,
        "nauc_mrr_at_1_max": 0.717155,
        "nauc_mrr_at_1_std": 0.053055,
        "nauc_mrr_at_1_diff1": 0.866556,
        "nauc_mrr_at_3_max": 0.748074,
        "nauc_mrr_at_3_std": 0.085396,
        "nauc_mrr_at_3_diff1": 0.85159,
        "nauc_mrr_at_5_max": 0.749162,
        "nauc_mrr_at_5_std": 0.089663,
        "nauc_mrr_at_5_diff1": 0.852561,
        "nauc_mrr_at_10_max": 0.748615,
        "nauc_mrr_at_10_std": 0.089956,
        "nauc_mrr_at_10_diff1": 0.853449,
        "nauc_mrr_at_20_max": 0.748309,
        "nauc_mrr_at_20_std": 0.090212,
        "nauc_mrr_at_20_diff1": 0.85382,
        "nauc_mrr_at_100_max": 0.747849,
        "nauc_mrr_at_100_std": 0.089861,
        "nauc_mrr_at_100_diff1": 0.853882,
        "nauc_mrr_at_1000_max": 0.747797,
        "nauc_mrr_at_1000_std": 0.089772,
        "nauc_mrr_at_1000_diff1": 0.853885,
        "main_score": 0.89009,
        "hf_subset": "python",
        "languages": [
          "python-Code"
        ]
      }
    ]
  },
  "evaluation_time": 1137.4046306610107,
  "kg_co2_emissions": null
}