{
  "dataset_revision": "27a168819829fe9bcd655c2df245fb19452e8e06",
  "task_name": "FiQA2018",
  "mteb_version": "1.34.8",
  "scores": {
    "test": [
      {
        "ndcg_at_1": 0.52315,
        "ndcg_at_3": 0.47442,
        "ndcg_at_5": 0.4977,
        "ndcg_at_10": 0.52601,
        "ndcg_at_20": 0.5522,
        "ndcg_at_100": 0.59022,
        "ndcg_at_1000": 0.61109,
        "map_at_1": 0.26533,
        "map_at_3": 0.37478,
        "map_at_5": 0.41058,
        "map_at_10": 0.43503,
        "map_at_20": 0.44591,
        "map_at_100": 0.45482,
        "map_at_1000": 0.45627,
        "recall_at_1": 0.26533,
        "recall_at_3": 0.42858,
        "recall_at_5": 0.51999,
        "recall_at_10": 0.60692,
        "recall_at_20": 0.68861,
        "recall_at_100": 0.83996,
        "recall_at_1000": 0.96164,
        "precision_at_1": 0.52315,
        "precision_at_3": 0.31173,
        "precision_at_5": 0.2358,
        "precision_at_10": 0.14475,
        "precision_at_20": 0.08356,
        "precision_at_100": 0.0212,
        "precision_at_1000": 0.0025,
        "mrr_at_1": 0.523148,
        "mrr_at_3": 0.586677,
        "mrr_at_5": 0.606662,
        "mrr_at_10": 0.615585,
        "mrr_at_20": 0.619412,
        "mrr_at_100": 0.62145,
        "mrr_at_1000": 0.621681,
        "nauc_ndcg_at_1_max": 0.451702,
        "nauc_ndcg_at_1_std": -0.093344,
        "nauc_ndcg_at_1_diff1": 0.545551,
        "nauc_ndcg_at_3_max": 0.380336,
        "nauc_ndcg_at_3_std": -0.107893,
        "nauc_ndcg_at_3_diff1": 0.410276,
        "nauc_ndcg_at_5_max": 0.345658,
        "nauc_ndcg_at_5_std": -0.117373,
        "nauc_ndcg_at_5_diff1": 0.386375,
        "nauc_ndcg_at_10_max": 0.362784,
        "nauc_ndcg_at_10_std": -0.099558,
        "nauc_ndcg_at_10_diff1": 0.38958,
        "nauc_ndcg_at_20_max": 0.376415,
        "nauc_ndcg_at_20_std": -0.073056,
        "nauc_ndcg_at_20_diff1": 0.387152,
        "nauc_ndcg_at_100_max": 0.398019,
        "nauc_ndcg_at_100_std": -0.066153,
        "nauc_ndcg_at_100_diff1": 0.396799,
        "nauc_ndcg_at_1000_max": 0.40239,
        "nauc_ndcg_at_1000_std": -0.063534,
        "nauc_ndcg_at_1000_diff1": 0.408294,
        "nauc_map_at_1_max": 0.2155,
        "nauc_map_at_1_std": -0.155147,
        "nauc_map_at_1_diff1": 0.434689,
        "nauc_map_at_3_max": 0.284139,
        "nauc_map_at_3_std": -0.152991,
        "nauc_map_at_3_diff1": 0.395727,
        "nauc_map_at_5_max": 0.304747,
        "nauc_map_at_5_std": -0.141031,
        "nauc_map_at_5_diff1": 0.383071,
        "nauc_map_at_10_max": 0.328209,
        "nauc_map_at_10_std": -0.127913,
        "nauc_map_at_10_diff1": 0.379579,
        "nauc_map_at_20_max": 0.337102,
        "nauc_map_at_20_std": -0.117698,
        "nauc_map_at_20_diff1": 0.379676,
        "nauc_map_at_100_max": 0.344394,
        "nauc_map_at_100_std": -0.113733,
        "nauc_map_at_100_diff1": 0.381948,
        "nauc_map_at_1000_max": 0.345127,
        "nauc_map_at_1000_std": -0.113097,
        "nauc_map_at_1000_diff1": 0.38258,
        "nauc_recall_at_1_max": 0.2155,
        "nauc_recall_at_1_std": -0.155147,
        "nauc_recall_at_1_diff1": 0.434689,
        "nauc_recall_at_3_max": 0.235755,
        "nauc_recall_at_3_std": -0.145069,
        "nauc_recall_at_3_diff1": 0.327315,
        "nauc_recall_at_5_max": 0.207413,
        "nauc_recall_at_5_std": -0.143497,
        "nauc_recall_at_5_diff1": 0.264623,
        "nauc_recall_at_10_max": 0.266113,
        "nauc_recall_at_10_std": -0.087008,
        "nauc_recall_at_10_diff1": 0.260798,
        "nauc_recall_at_20_max": 0.27804,
        "nauc_recall_at_20_std": 0.013895,
        "nauc_recall_at_20_diff1": 0.208076,
        "nauc_recall_at_100_max": 0.34788,
        "nauc_recall_at_100_std": 0.066687,
        "nauc_recall_at_100_diff1": 0.169845,
        "nauc_recall_at_1000_max": 0.444312,
        "nauc_recall_at_1000_std": 0.301968,
        "nauc_recall_at_1000_diff1": 0.204822,
        "nauc_precision_at_1_max": 0.451702,
        "nauc_precision_at_1_std": -0.093344,
        "nauc_precision_at_1_diff1": 0.545551,
        "nauc_precision_at_3_max": 0.418675,
        "nauc_precision_at_3_std": -0.006671,
        "nauc_precision_at_3_diff1": 0.261758,
        "nauc_precision_at_5_max": 0.394646,
        "nauc_precision_at_5_std": 0.040902,
        "nauc_precision_at_5_diff1": 0.171398,
        "nauc_precision_at_10_max": 0.412662,
        "nauc_precision_at_10_std": 0.114638,
        "nauc_precision_at_10_diff1": 0.109773,
        "nauc_precision_at_20_max": 0.392996,
        "nauc_precision_at_20_std": 0.162471,
        "nauc_precision_at_20_diff1": 0.084403,
        "nauc_precision_at_100_max": 0.34498,
        "nauc_precision_at_100_std": 0.189591,
        "nauc_precision_at_100_diff1": 0.045649,
        "nauc_precision_at_1000_max": 0.262024,
        "nauc_precision_at_1000_std": 0.200924,
        "nauc_precision_at_1000_diff1": 0.008569,
        "nauc_mrr_at_1_max": 0.451702,
        "nauc_mrr_at_1_std": -0.093344,
        "nauc_mrr_at_1_diff1": 0.545551,
        "nauc_mrr_at_3_max": 0.447278,
        "nauc_mrr_at_3_std": -0.068241,
        "nauc_mrr_at_3_diff1": 0.503401,
        "nauc_mrr_at_5_max": 0.439455,
        "nauc_mrr_at_5_std": -0.072919,
        "nauc_mrr_at_5_diff1": 0.495813,
        "nauc_mrr_at_10_max": 0.448772,
        "nauc_mrr_at_10_std": -0.064448,
        "nauc_mrr_at_10_diff1": 0.499165,
        "nauc_mrr_at_20_max": 0.449116,
        "nauc_mrr_at_20_std": -0.061212,
        "nauc_mrr_at_20_diff1": 0.498678,
        "nauc_mrr_at_100_max": 0.449021,
        "nauc_mrr_at_100_std": -0.062073,
        "nauc_mrr_at_100_diff1": 0.498476,
        "nauc_mrr_at_1000_max": 0.449022,
        "nauc_mrr_at_1000_std": -0.062049,
        "nauc_mrr_at_1000_diff1": 0.498702,
        "main_score": 0.52601,
        "hf_subset": "default",
        "languages": [
          "eng-Latn"
        ]
      }
    ]
  },
  "evaluation_time": 235.78352856636047,
  "kg_co2_emissions": null
}