{
  "dataset_revision": "ae763399273d8b20506b80cf6f6f9a31a6a2b238",
  "task_name": "MedicalQARetrieval",
  "mteb_version": "1.34.8",
  "scores": {
    "test": [
      {
        "ndcg_at_1": 0.56201,
        "ndcg_at_3": 0.67757,
        "ndcg_at_5": 0.70645,
        "ndcg_at_10": 0.72573,
        "ndcg_at_20": 0.73695,
        "ndcg_at_100": 0.74507,
        "ndcg_at_1000": 0.74811,
        "map_at_1": 0.56201,
        "map_at_3": 0.64917,
        "map_at_5": 0.66526,
        "map_at_10": 0.67332,
        "map_at_20": 0.67646,
        "map_at_100": 0.67761,
        "map_at_1000": 0.67772,
        "recall_at_1": 0.56201,
        "recall_at_3": 0.75977,
        "recall_at_5": 0.82959,
        "recall_at_10": 0.88867,
        "recall_at_20": 0.93262,
        "recall_at_100": 0.97607,
        "recall_at_1000": 1.0,
        "precision_at_1": 0.56201,
        "precision_at_3": 0.25326,
        "precision_at_5": 0.16592,
        "precision_at_10": 0.08887,
        "precision_at_20": 0.04663,
        "precision_at_100": 0.00976,
        "precision_at_1000": 0.001,
        "mrr_at_1": 0.5625,
        "mrr_at_3": 0.649658,
        "mrr_at_5": 0.665723,
        "mrr_at_10": 0.673703,
        "mrr_at_20": 0.676841,
        "mrr_at_100": 0.677991,
        "mrr_at_1000": 0.678105,
        "nauc_ndcg_at_1_max": 0.237411,
        "nauc_ndcg_at_1_std": -0.064057,
        "nauc_ndcg_at_1_diff1": 0.524383,
        "nauc_ndcg_at_3_max": 0.244574,
        "nauc_ndcg_at_3_std": -0.069136,
        "nauc_ndcg_at_3_diff1": 0.449571,
        "nauc_ndcg_at_5_max": 0.243174,
        "nauc_ndcg_at_5_std": -0.070744,
        "nauc_ndcg_at_5_diff1": 0.445452,
        "nauc_ndcg_at_10_max": 0.245694,
        "nauc_ndcg_at_10_std": -0.076688,
        "nauc_ndcg_at_10_diff1": 0.441138,
        "nauc_ndcg_at_20_max": 0.255865,
        "nauc_ndcg_at_20_std": -0.059601,
        "nauc_ndcg_at_20_diff1": 0.4435,
        "nauc_ndcg_at_100_max": 0.251012,
        "nauc_ndcg_at_100_std": -0.054108,
        "nauc_ndcg_at_100_diff1": 0.453211,
        "nauc_ndcg_at_1000_max": 0.247962,
        "nauc_ndcg_at_1000_std": -0.060576,
        "nauc_ndcg_at_1000_diff1": 0.457419,
        "nauc_map_at_1_max": 0.237411,
        "nauc_map_at_1_std": -0.064057,
        "nauc_map_at_1_diff1": 0.524383,
        "nauc_map_at_3_max": 0.242643,
        "nauc_map_at_3_std": -0.066993,
        "nauc_map_at_3_diff1": 0.468927,
        "nauc_map_at_5_max": 0.241584,
        "nauc_map_at_5_std": -0.067679,
        "nauc_map_at_5_diff1": 0.467516,
        "nauc_map_at_10_max": 0.242724,
        "nauc_map_at_10_std": -0.06927,
        "nauc_map_at_10_diff1": 0.466455,
        "nauc_map_at_20_max": 0.244865,
        "nauc_map_at_20_std": -0.065197,
        "nauc_map_at_20_diff1": 0.467217,
        "nauc_map_at_100_max": 0.244395,
        "nauc_map_at_100_std": -0.064202,
        "nauc_map_at_100_diff1": 0.468412,
        "nauc_map_at_1000_max": 0.244301,
        "nauc_map_at_1000_std": -0.064356,
        "nauc_map_at_1000_diff1": 0.468536,
        "nauc_recall_at_1_max": 0.237411,
        "nauc_recall_at_1_std": -0.064057,
        "nauc_recall_at_1_diff1": 0.524383,
        "nauc_recall_at_3_max": 0.251756,
        "nauc_recall_at_3_std": -0.077539,
        "nauc_recall_at_3_diff1": 0.378051,
        "nauc_recall_at_5_max": 0.250957,
        "nauc_recall_at_5_std": -0.08636,
        "nauc_recall_at_5_diff1": 0.340543,
        "nauc_recall_at_10_max": 0.266943,
        "nauc_recall_at_10_std": -0.136802,
        "nauc_recall_at_10_diff1": 0.265767,
        "nauc_recall_at_20_max": 0.411962,
        "nauc_recall_at_20_std": 0.036982,
        "nauc_recall_at_20_diff1": 0.186808,
        "nauc_recall_at_100_max": 0.447859,
        "nauc_recall_at_100_std": 0.399975,
        "nauc_recall_at_100_diff1": 0.167316,
        "nauc_recall_at_1000_max": NaN,
        "nauc_recall_at_1000_std": NaN,
        "nauc_recall_at_1000_diff1": NaN,
        "nauc_precision_at_1_max": 0.237411,
        "nauc_precision_at_1_std": -0.064057,
        "nauc_precision_at_1_diff1": 0.524383,
        "nauc_precision_at_3_max": 0.251756,
        "nauc_precision_at_3_std": -0.077539,
        "nauc_precision_at_3_diff1": 0.378051,
        "nauc_precision_at_5_max": 0.250957,
        "nauc_precision_at_5_std": -0.08636,
        "nauc_precision_at_5_diff1": 0.340543,
        "nauc_precision_at_10_max": 0.266943,
        "nauc_precision_at_10_std": -0.136802,
        "nauc_precision_at_10_diff1": 0.265767,
        "nauc_precision_at_20_max": 0.411962,
        "nauc_precision_at_20_std": 0.036982,
        "nauc_precision_at_20_diff1": 0.186808,
        "nauc_precision_at_100_max": 0.447859,
        "nauc_precision_at_100_std": 0.399975,
        "nauc_precision_at_100_diff1": 0.167316,
        "nauc_precision_at_1000_max": NaN,
        "nauc_precision_at_1000_std": NaN,
        "nauc_precision_at_1000_diff1": NaN,
        "nauc_mrr_at_1_max": 0.240126,
        "nauc_mrr_at_1_std": -0.063057,
        "nauc_mrr_at_1_diff1": 0.523174,
        "nauc_mrr_at_3_max": 0.244436,
        "nauc_mrr_at_3_std": -0.065614,
        "nauc_mrr_at_3_diff1": 0.467602,
        "nauc_mrr_at_5_max": 0.243576,
        "nauc_mrr_at_5_std": -0.066963,
        "nauc_mrr_at_5_diff1": 0.466213,
        "nauc_mrr_at_10_max": 0.244651,
        "nauc_mrr_at_10_std": -0.068345,
        "nauc_mrr_at_10_diff1": 0.465302,
        "nauc_mrr_at_20_max": 0.24684,
        "nauc_mrr_at_20_std": -0.064245,
        "nauc_mrr_at_20_diff1": 0.466055,
        "nauc_mrr_at_100_max": 0.246378,
        "nauc_mrr_at_100_std": -0.063249,
        "nauc_mrr_at_100_diff1": 0.467247,
        "nauc_mrr_at_1000_max": 0.246284,
        "nauc_mrr_at_1000_std": -0.063403,
        "nauc_mrr_at_1000_diff1": 0.46737,
        "main_score": 0.72573,
        "hf_subset": "default",
        "languages": [
          "eng-Latn"
        ]
      }
    ]
  },
  "evaluation_time": 19.080084562301636,
  "kg_co2_emissions": null
}