{
  "dataset_revision": "ec0fa4fe99da2ff19ca1214b7966684033a58814",
  "task_name": "NFCorpus",
  "mteb_version": "1.34.8",
  "scores": {
    "test": [
      {
        "ndcg_at_1": 0.4613,
        "ndcg_at_3": 0.39905,
        "ndcg_at_5": 0.37885,
        "ndcg_at_10": 0.34289,
        "ndcg_at_20": 0.3202,
        "ndcg_at_100": 0.31644,
        "ndcg_at_1000": 0.40301,
        "map_at_1": 0.05513,
        "map_at_3": 0.09007,
        "map_at_5": 0.10692,
        "map_at_10": 0.12381,
        "map_at_20": 0.13955,
        "map_at_100": 0.16013,
        "map_at_1000": 0.17544,
        "recall_at_1": 0.05513,
        "recall_at_3": 0.10013,
        "recall_at_5": 0.12646,
        "recall_at_10": 0.1562,
        "recall_at_20": 0.1997,
        "recall_at_100": 0.32183,
        "recall_at_1000": 0.6333,
        "precision_at_1": 0.47988,
        "precision_at_3": 0.37255,
        "precision_at_5": 0.33127,
        "precision_at_10": 0.25851,
        "precision_at_20": 0.1904,
        "precision_at_100": 0.08257,
        "precision_at_1000": 0.02117,
        "mrr_at_1": 0.479876,
        "mrr_at_3": 0.533024,
        "mrr_at_5": 0.540918,
        "mrr_at_10": 0.550002,
        "mrr_at_20": 0.554177,
        "mrr_at_100": 0.556484,
        "mrr_at_1000": 0.556894,
        "nauc_ndcg_at_1_max": 0.549435,
        "nauc_ndcg_at_1_std": 0.288119,
        "nauc_ndcg_at_1_diff1": 0.335319,
        "nauc_ndcg_at_3_max": 0.533517,
        "nauc_ndcg_at_3_std": 0.282676,
        "nauc_ndcg_at_3_diff1": 0.242063,
        "nauc_ndcg_at_5_max": 0.535029,
        "nauc_ndcg_at_5_std": 0.294033,
        "nauc_ndcg_at_5_diff1": 0.214597,
        "nauc_ndcg_at_10_max": 0.502576,
        "nauc_ndcg_at_10_std": 0.294374,
        "nauc_ndcg_at_10_diff1": 0.182197,
        "nauc_ndcg_at_20_max": 0.492388,
        "nauc_ndcg_at_20_std": 0.280016,
        "nauc_ndcg_at_20_diff1": 0.179583,
        "nauc_ndcg_at_100_max": 0.520957,
        "nauc_ndcg_at_100_std": 0.295709,
        "nauc_ndcg_at_100_diff1": 0.223188,
        "nauc_ndcg_at_1000_max": 0.571217,
        "nauc_ndcg_at_1000_std": 0.360425,
        "nauc_ndcg_at_1000_diff1": 0.23015,
        "nauc_map_at_1_max": 0.227553,
        "nauc_map_at_1_std": -0.168463,
        "nauc_map_at_1_diff1": 0.390982,
        "nauc_map_at_3_max": 0.274006,
        "nauc_map_at_3_std": -0.136082,
        "nauc_map_at_3_diff1": 0.335821,
        "nauc_map_at_5_max": 0.315571,
        "nauc_map_at_5_std": -0.094146,
        "nauc_map_at_5_diff1": 0.321123,
        "nauc_map_at_10_max": 0.360376,
        "nauc_map_at_10_std": -0.028624,
        "nauc_map_at_10_diff1": 0.297672,
        "nauc_map_at_20_max": 0.391999,
        "nauc_map_at_20_std": 0.030527,
        "nauc_map_at_20_diff1": 0.275127,
        "nauc_map_at_100_max": 0.428026,
        "nauc_map_at_100_std": 0.111027,
        "nauc_map_at_100_diff1": 0.252413,
        "nauc_map_at_1000_max": 0.436973,
        "nauc_map_at_1000_std": 0.148355,
        "nauc_map_at_1000_diff1": 0.237701,
        "nauc_recall_at_1_max": 0.227553,
        "nauc_recall_at_1_std": -0.168463,
        "nauc_recall_at_1_diff1": 0.390982,
        "nauc_recall_at_3_max": 0.236336,
        "nauc_recall_at_3_std": -0.137211,
        "nauc_recall_at_3_diff1": 0.282647,
        "nauc_recall_at_5_max": 0.265092,
        "nauc_recall_at_5_std": -0.099507,
        "nauc_recall_at_5_diff1": 0.264448,
        "nauc_recall_at_10_max": 0.299708,
        "nauc_recall_at_10_std": -0.035718,
        "nauc_recall_at_10_diff1": 0.248087,
        "nauc_recall_at_20_max": 0.316368,
        "nauc_recall_at_20_std": 0.040643,
        "nauc_recall_at_20_diff1": 0.216751,
        "nauc_recall_at_100_max": 0.319796,
        "nauc_recall_at_100_std": 0.173983,
        "nauc_recall_at_100_diff1": 0.169456,
        "nauc_recall_at_1000_max": 0.310492,
        "nauc_recall_at_1000_std": 0.233953,
        "nauc_recall_at_1000_diff1": 0.117805,
        "nauc_precision_at_1_max": 0.555741,
        "nauc_precision_at_1_std": 0.305807,
        "nauc_precision_at_1_diff1": 0.331918,
        "nauc_precision_at_3_max": 0.518088,
        "nauc_precision_at_3_std": 0.332657,
        "nauc_precision_at_3_diff1": 0.167184,
        "nauc_precision_at_5_max": 0.51109,
        "nauc_precision_at_5_std": 0.38429,
        "nauc_precision_at_5_diff1": 0.101124,
        "nauc_precision_at_10_max": 0.445589,
        "nauc_precision_at_10_std": 0.427378,
        "nauc_precision_at_10_diff1": 0.010078,
        "nauc_precision_at_20_max": 0.399638,
        "nauc_precision_at_20_std": 0.446104,
        "nauc_precision_at_20_diff1": -0.039663,
        "nauc_precision_at_100_max": 0.260219,
        "nauc_precision_at_100_std": 0.453982,
        "nauc_precision_at_100_diff1": -0.106938,
        "nauc_precision_at_1000_max": 0.108327,
        "nauc_precision_at_1000_std": 0.33082,
        "nauc_precision_at_1000_diff1": -0.124167,
        "nauc_mrr_at_1_max": 0.555741,
        "nauc_mrr_at_1_std": 0.305807,
        "nauc_mrr_at_1_diff1": 0.331918,
        "nauc_mrr_at_3_max": 0.579297,
        "nauc_mrr_at_3_std": 0.343073,
        "nauc_mrr_at_3_diff1": 0.305219,
        "nauc_mrr_at_5_max": 0.582115,
        "nauc_mrr_at_5_std": 0.34173,
        "nauc_mrr_at_5_diff1": 0.308805,
        "nauc_mrr_at_10_max": 0.585835,
        "nauc_mrr_at_10_std": 0.34944,
        "nauc_mrr_at_10_diff1": 0.31628,
        "nauc_mrr_at_20_max": 0.588414,
        "nauc_mrr_at_20_std": 0.352767,
        "nauc_mrr_at_20_diff1": 0.315387,
        "nauc_mrr_at_100_max": 0.588239,
        "nauc_mrr_at_100_std": 0.353381,
        "nauc_mrr_at_100_diff1": 0.317015,
        "nauc_mrr_at_1000_max": 0.588067,
        "nauc_mrr_at_1000_std": 0.353046,
        "nauc_mrr_at_1000_diff1": 0.317045,
        "main_score": 0.34289,
        "hf_subset": "default",
        "languages": [
          "eng-Latn"
        ]
      }
    ]
  },
  "evaluation_time": 18.97916007041931,
  "kg_co2_emissions": null
}