{
  "dataset_revision": "f8c2fcf00f625baaa80f62ec5bd9e1fff3b8ae88",
  "task_name": "SCIDOCS",
  "mteb_version": "1.34.8",
  "scores": {
    "test": [
      {
        "ndcg_at_1": 0.261,
        "ndcg_at_3": 0.20893,
        "ndcg_at_5": 0.18002,
        "ndcg_at_10": 0.21889,
        "ndcg_at_20": 0.24985,
        "ndcg_at_100": 0.30838,
        "ndcg_at_1000": 0.36679,
        "map_at_1": 0.05303,
        "map_at_3": 0.09481,
        "map_at_5": 0.11255,
        "map_at_10": 0.13263,
        "map_at_20": 0.14388,
        "map_at_100": 0.15597,
        "map_at_1000": 0.15945,
        "recall_at_1": 0.05303,
        "recall_at_3": 0.11763,
        "recall_at_5": 0.15783,
        "recall_at_10": 0.22892,
        "recall_at_20": 0.302,
        "recall_at_100": 0.49142,
        "recall_at_1000": 0.7775,
        "precision_at_1": 0.261,
        "precision_at_3": 0.19367,
        "precision_at_5": 0.1556,
        "precision_at_10": 0.1129,
        "precision_at_20": 0.0745,
        "precision_at_100": 0.02419,
        "precision_at_1000": 0.00383,
        "mrr_at_1": 0.261,
        "mrr_at_3": 0.336333,
        "mrr_at_5": 0.353933,
        "mrr_at_10": 0.369642,
        "mrr_at_20": 0.376828,
        "mrr_at_100": 0.381552,
        "mrr_at_1000": 0.381936,
        "nauc_ndcg_at_1_max": 0.343525,
        "nauc_ndcg_at_1_std": 0.102944,
        "nauc_ndcg_at_1_diff1": 0.195435,
        "nauc_ndcg_at_3_max": 0.38385,
        "nauc_ndcg_at_3_std": 0.119817,
        "nauc_ndcg_at_3_diff1": 0.162616,
        "nauc_ndcg_at_5_max": 0.393058,
        "nauc_ndcg_at_5_std": 0.151326,
        "nauc_ndcg_at_5_diff1": 0.135244,
        "nauc_ndcg_at_10_max": 0.415691,
        "nauc_ndcg_at_10_std": 0.177304,
        "nauc_ndcg_at_10_diff1": 0.119856,
        "nauc_ndcg_at_20_max": 0.439589,
        "nauc_ndcg_at_20_std": 0.214009,
        "nauc_ndcg_at_20_diff1": 0.118092,
        "nauc_ndcg_at_100_max": 0.457079,
        "nauc_ndcg_at_100_std": 0.275218,
        "nauc_ndcg_at_100_diff1": 0.101619,
        "nauc_ndcg_at_1000_max": 0.448213,
        "nauc_ndcg_at_1000_std": 0.268981,
        "nauc_ndcg_at_1000_diff1": 0.100751,
        "nauc_map_at_1_max": 0.334484,
        "nauc_map_at_1_std": 0.09943,
        "nauc_map_at_1_diff1": 0.188344,
        "nauc_map_at_3_max": 0.379527,
        "nauc_map_at_3_std": 0.110533,
        "nauc_map_at_3_diff1": 0.150712,
        "nauc_map_at_5_max": 0.392626,
        "nauc_map_at_5_std": 0.141443,
        "nauc_map_at_5_diff1": 0.130939,
        "nauc_map_at_10_max": 0.408643,
        "nauc_map_at_10_std": 0.161417,
        "nauc_map_at_10_diff1": 0.118012,
        "nauc_map_at_20_max": 0.425665,
        "nauc_map_at_20_std": 0.185945,
        "nauc_map_at_20_diff1": 0.113543,
        "nauc_map_at_100_max": 0.435677,
        "nauc_map_at_100_std": 0.208624,
        "nauc_map_at_100_diff1": 0.109928,
        "nauc_map_at_1000_max": 0.435824,
        "nauc_map_at_1000_std": 0.209868,
        "nauc_map_at_1000_diff1": 0.109659,
        "nauc_recall_at_1_max": 0.334484,
        "nauc_recall_at_1_std": 0.09943,
        "nauc_recall_at_1_diff1": 0.188344,
        "nauc_recall_at_3_max": 0.391539,
        "nauc_recall_at_3_std": 0.126465,
        "nauc_recall_at_3_diff1": 0.145064,
        "nauc_recall_at_5_max": 0.392003,
        "nauc_recall_at_5_std": 0.175735,
        "nauc_recall_at_5_diff1": 0.09723,
        "nauc_recall_at_10_max": 0.413938,
        "nauc_recall_at_10_std": 0.210356,
        "nauc_recall_at_10_diff1": 0.070826,
        "nauc_recall_at_20_max": 0.434527,
        "nauc_recall_at_20_std": 0.272662,
        "nauc_recall_at_20_diff1": 0.064795,
        "nauc_recall_at_100_max": 0.415722,
        "nauc_recall_at_100_std": 0.3997,
        "nauc_recall_at_100_diff1": 0.00534,
        "nauc_recall_at_1000_max": 0.332759,
        "nauc_recall_at_1000_std": 0.401355,
        "nauc_recall_at_1000_diff1": -0.042364,
        "nauc_precision_at_1_max": 0.343525,
        "nauc_precision_at_1_std": 0.102944,
        "nauc_precision_at_1_diff1": 0.195435,
        "nauc_precision_at_3_max": 0.398689,
        "nauc_precision_at_3_std": 0.130695,
        "nauc_precision_at_3_diff1": 0.149951,
        "nauc_precision_at_5_max": 0.399599,
        "nauc_precision_at_5_std": 0.178554,
        "nauc_precision_at_5_diff1": 0.103351,
        "nauc_precision_at_10_max": 0.41984,
        "nauc_precision_at_10_std": 0.212927,
        "nauc_precision_at_10_diff1": 0.076234,
        "nauc_precision_at_20_max": 0.441247,
        "nauc_precision_at_20_std": 0.276532,
        "nauc_precision_at_20_diff1": 0.070313,
        "nauc_precision_at_100_max": 0.424446,
        "nauc_precision_at_100_std": 0.40218,
        "nauc_precision_at_100_diff1": 0.01387,
        "nauc_precision_at_1000_max": 0.334274,
        "nauc_precision_at_1000_std": 0.391545,
        "nauc_precision_at_1000_diff1": -0.027206,
        "nauc_mrr_at_1_max": 0.343525,
        "nauc_mrr_at_1_std": 0.102944,
        "nauc_mrr_at_1_diff1": 0.195435,
        "nauc_mrr_at_3_max": 0.363641,
        "nauc_mrr_at_3_std": 0.116818,
        "nauc_mrr_at_3_diff1": 0.18825,
        "nauc_mrr_at_5_max": 0.366685,
        "nauc_mrr_at_5_std": 0.132325,
        "nauc_mrr_at_5_diff1": 0.175343,
        "nauc_mrr_at_10_max": 0.375875,
        "nauc_mrr_at_10_std": 0.139033,
        "nauc_mrr_at_10_diff1": 0.17552,
        "nauc_mrr_at_20_max": 0.375207,
        "nauc_mrr_at_20_std": 0.138461,
        "nauc_mrr_at_20_diff1": 0.177474,
        "nauc_mrr_at_100_max": 0.374206,
        "nauc_mrr_at_100_std": 0.138494,
        "nauc_mrr_at_100_diff1": 0.176901,
        "nauc_mrr_at_1000_max": 0.373981,
        "nauc_mrr_at_1000_std": 0.138167,
        "nauc_mrr_at_1000_diff1": 0.176843,
        "main_score": 0.21889,
        "hf_subset": "default",
        "languages": [
          "eng-Latn"
        ]
      }
    ]
  },
  "evaluation_time": 116.25877571105957,
  "kg_co2_emissions": null
}