{
  "dataset_revision": "0228b52cf27578f30900b9e5271d331663a030d7",
  "task_name": "SciFact",
  "mteb_version": "1.34.8",
  "scores": {
    "test": [
      {
        "ndcg_at_1": 0.65333,
        "ndcg_at_3": 0.72165,
        "ndcg_at_5": 0.743,
        "ndcg_at_10": 0.76825,
        "ndcg_at_20": 0.78079,
        "ndcg_at_100": 0.78769,
        "ndcg_at_1000": 0.79086,
        "map_at_1": 0.61994,
        "map_at_3": 0.6938,
        "map_at_5": 0.70934,
        "map_at_10": 0.72193,
        "map_at_20": 0.7257,
        "map_at_100": 0.72707,
        "map_at_1000": 0.72721,
        "recall_at_1": 0.61994,
        "recall_at_3": 0.76711,
        "recall_at_5": 0.82328,
        "recall_at_10": 0.89589,
        "recall_at_20": 0.94367,
        "recall_at_100": 0.97667,
        "recall_at_1000": 1.0,
        "precision_at_1": 0.65333,
        "precision_at_3": 0.28,
        "precision_at_5": 0.18333,
        "precision_at_10": 0.101,
        "precision_at_20": 0.05333,
        "precision_at_100": 0.01107,
        "precision_at_1000": 0.00113,
        "mrr_at_1": 0.653333,
        "mrr_at_3": 0.717222,
        "mrr_at_5": 0.727389,
        "mrr_at_10": 0.736251,
        "mrr_at_20": 0.73928,
        "mrr_at_100": 0.740327,
        "mrr_at_1000": 0.740473,
        "nauc_ndcg_at_1_max": 0.596397,
        "nauc_ndcg_at_1_std": -0.159647,
        "nauc_ndcg_at_1_diff1": 0.711015,
        "nauc_ndcg_at_3_max": 0.613824,
        "nauc_ndcg_at_3_std": -0.134876,
        "nauc_ndcg_at_3_diff1": 0.693123,
        "nauc_ndcg_at_5_max": 0.630744,
        "nauc_ndcg_at_5_std": -0.141886,
        "nauc_ndcg_at_5_diff1": 0.690519,
        "nauc_ndcg_at_10_max": 0.646522,
        "nauc_ndcg_at_10_std": -0.106015,
        "nauc_ndcg_at_10_diff1": 0.691793,
        "nauc_ndcg_at_20_max": 0.642933,
        "nauc_ndcg_at_20_std": -0.096644,
        "nauc_ndcg_at_20_diff1": 0.693088,
        "nauc_ndcg_at_100_max": 0.636491,
        "nauc_ndcg_at_100_std": -0.103956,
        "nauc_ndcg_at_100_diff1": 0.694042,
        "nauc_ndcg_at_1000_max": 0.632112,
        "nauc_ndcg_at_1000_std": -0.115769,
        "nauc_ndcg_at_1000_diff1": 0.695906,
        "nauc_map_at_1_max": 0.499208,
        "nauc_map_at_1_std": -0.257369,
        "nauc_map_at_1_diff1": 0.716861,
        "nauc_map_at_3_max": 0.569228,
        "nauc_map_at_3_std": -0.189331,
        "nauc_map_at_3_diff1": 0.702286,
        "nauc_map_at_5_max": 0.590812,
        "nauc_map_at_5_std": -0.175087,
        "nauc_map_at_5_diff1": 0.698548,
        "nauc_map_at_10_max": 0.605174,
        "nauc_map_at_10_std": -0.154366,
        "nauc_map_at_10_diff1": 0.698796,
        "nauc_map_at_20_max": 0.604897,
        "nauc_map_at_20_std": -0.151244,
        "nauc_map_at_20_diff1": 0.699449,
        "nauc_map_at_100_max": 0.604134,
        "nauc_map_at_100_std": -0.15098,
        "nauc_map_at_100_diff1": 0.699433,
        "nauc_map_at_1000_max": 0.603943,
        "nauc_map_at_1000_std": -0.151446,
        "nauc_map_at_1000_diff1": 0.699498,
        "nauc_recall_at_1_max": 0.499208,
        "nauc_recall_at_1_std": -0.257369,
        "nauc_recall_at_1_diff1": 0.716861,
        "nauc_recall_at_3_max": 0.607344,
        "nauc_recall_at_3_std": -0.124015,
        "nauc_recall_at_3_diff1": 0.673737,
        "nauc_recall_at_5_max": 0.688049,
        "nauc_recall_at_5_std": -0.108867,
        "nauc_recall_at_5_diff1": 0.646758,
        "nauc_recall_at_10_max": 0.78003,
        "nauc_recall_at_10_std": 0.075205,
        "nauc_recall_at_10_diff1": 0.638666,
        "nauc_recall_at_20_max": 0.837248,
        "nauc_recall_at_20_std": 0.332162,
        "nauc_recall_at_20_diff1": 0.616614,
        "nauc_recall_at_100_max": 0.877951,
        "nauc_recall_at_100_std": 0.557556,
        "nauc_recall_at_100_diff1": 0.585834,
        "nauc_recall_at_1000_max": NaN,
        "nauc_recall_at_1000_std": NaN,
        "nauc_recall_at_1000_diff1": NaN,
        "nauc_precision_at_1_max": 0.596397,
        "nauc_precision_at_1_std": -0.159647,
        "nauc_precision_at_1_diff1": 0.711015,
        "nauc_precision_at_3_max": 0.631528,
        "nauc_precision_at_3_std": 0.206965,
        "nauc_precision_at_3_diff1": 0.391181,
        "nauc_precision_at_5_max": 0.583481,
        "nauc_precision_at_5_std": 0.300403,
        "nauc_precision_at_5_diff1": 0.214129,
        "nauc_precision_at_10_max": 0.524534,
        "nauc_precision_at_10_std": 0.499509,
        "nauc_precision_at_10_diff1": 0.023299,
        "nauc_precision_at_20_max": 0.434714,
        "nauc_precision_at_20_std": 0.597949,
        "nauc_precision_at_20_diff1": -0.108998,
        "nauc_precision_at_100_max": 0.341316,
        "nauc_precision_at_100_std": 0.630389,
        "nauc_precision_at_100_diff1": -0.218963,
        "nauc_precision_at_1000_max": 0.285959,
        "nauc_precision_at_1000_std": 0.637902,
        "nauc_precision_at_1000_diff1": -0.301982,
        "nauc_mrr_at_1_max": 0.596397,
        "nauc_mrr_at_1_std": -0.159647,
        "nauc_mrr_at_1_diff1": 0.711015,
        "nauc_mrr_at_3_max": 0.642928,
        "nauc_mrr_at_3_std": -0.110909,
        "nauc_mrr_at_3_diff1": 0.698144,
        "nauc_mrr_at_5_max": 0.650586,
        "nauc_mrr_at_5_std": -0.111632,
        "nauc_mrr_at_5_diff1": 0.695465,
        "nauc_mrr_at_10_max": 0.647846,
        "nauc_mrr_at_10_std": -0.106381,
        "nauc_mrr_at_10_diff1": 0.696979,
        "nauc_mrr_at_20_max": 0.645867,
        "nauc_mrr_at_20_std": -0.106674,
        "nauc_mrr_at_20_diff1": 0.69729,
        "nauc_mrr_at_100_max": 0.645083,
        "nauc_mrr_at_100_std": -0.107838,
        "nauc_mrr_at_100_diff1": 0.697713,
        "nauc_mrr_at_1000_max": 0.644913,
        "nauc_mrr_at_1000_std": -0.108291,
        "nauc_mrr_at_1000_diff1": 0.697778,
        "main_score": 0.76825,
        "hf_subset": "default",
        "languages": [
          "eng-Latn"
        ]
      }
    ]
  },
  "evaluation_time": 25.528339862823486,
  "kg_co2_emissions": null
}