{
  "dataset_revision": "f22508f96b7a36c2415181ed8bb76f76e04ae2d5",
  "task_name": "AppsRetrieval",
  "mteb_version": "1.34.8",
  "scores": {
    "test": [
      {
        "ndcg_at_1": 0.04382,
        "ndcg_at_3": 0.05983,
        "ndcg_at_5": 0.06584,
        "ndcg_at_10": 0.07373,
        "ndcg_at_20": 0.08159,
        "ndcg_at_100": 0.1,
        "ndcg_at_1000": 0.13753,
        "map_at_1": 0.04382,
        "map_at_3": 0.05582,
        "map_at_5": 0.05915,
        "map_at_10": 0.06235,
        "map_at_20": 0.06444,
        "map_at_100": 0.06678,
        "map_at_1000": 0.06788,
        "recall_at_1": 0.04382,
        "recall_at_3": 0.07145,
        "recall_at_5": 0.08606,
        "recall_at_10": 0.11076,
        "recall_at_20": 0.14236,
        "recall_at_100": 0.24489,
        "recall_at_1000": 0.5583,
        "precision_at_1": 0.04382,
        "precision_at_3": 0.02382,
        "precision_at_5": 0.01721,
        "precision_at_10": 0.01108,
        "precision_at_20": 0.00712,
        "precision_at_100": 0.00245,
        "precision_at_1000": 0.00056,
        "mrr_at_1": 0.043825,
        "mrr_at_3": 0.055821,
        "mrr_at_5": 0.059154,
        "mrr_at_10": 0.062349,
        "mrr_at_20": 0.064441,
        "mrr_at_100": 0.066775,
        "mrr_at_1000": 0.067882,
        "nauc_ndcg_at_1_max": 0.37443,
        "nauc_ndcg_at_1_std": 0.090236,
        "nauc_ndcg_at_1_diff1": 0.343643,
        "nauc_ndcg_at_3_max": 0.327205,
        "nauc_ndcg_at_3_std": 0.067247,
        "nauc_ndcg_at_3_diff1": 0.227723,
        "nauc_ndcg_at_5_max": 0.313323,
        "nauc_ndcg_at_5_std": 0.071502,
        "nauc_ndcg_at_5_diff1": 0.21141,
        "nauc_ndcg_at_10_max": 0.291095,
        "nauc_ndcg_at_10_std": 0.070088,
        "nauc_ndcg_at_10_diff1": 0.181095,
        "nauc_ndcg_at_20_max": 0.285651,
        "nauc_ndcg_at_20_std": 0.075569,
        "nauc_ndcg_at_20_diff1": 0.166234,
        "nauc_ndcg_at_100_max": 0.270884,
        "nauc_ndcg_at_100_std": 0.092492,
        "nauc_ndcg_at_100_diff1": 0.142195,
        "nauc_ndcg_at_1000_max": 0.271587,
        "nauc_ndcg_at_1000_std": 0.111695,
        "nauc_ndcg_at_1000_diff1": 0.134149,
        "nauc_map_at_1_max": 0.37443,
        "nauc_map_at_1_std": 0.090236,
        "nauc_map_at_1_diff1": 0.343643,
        "nauc_map_at_3_max": 0.336622,
        "nauc_map_at_3_std": 0.071389,
        "nauc_map_at_3_diff1": 0.250697,
        "nauc_map_at_5_max": 0.32789,
        "nauc_map_at_5_std": 0.073826,
        "nauc_map_at_5_diff1": 0.239491,
        "nauc_map_at_10_max": 0.316506,
        "nauc_map_at_10_std": 0.073275,
        "nauc_map_at_10_diff1": 0.223537,
        "nauc_map_at_20_max": 0.314453,
        "nauc_map_at_20_std": 0.075067,
        "nauc_map_at_20_diff1": 0.218276,
        "nauc_map_at_100_max": 0.311216,
        "nauc_map_at_100_std": 0.077807,
        "nauc_map_at_100_diff1": 0.213161,
        "nauc_map_at_1000_max": 0.310826,
        "nauc_map_at_1000_std": 0.078651,
        "nauc_map_at_1000_diff1": 0.212439,
        "nauc_recall_at_1_max": 0.37443,
        "nauc_recall_at_1_std": 0.090236,
        "nauc_recall_at_1_diff1": 0.343643,
        "nauc_recall_at_3_max": 0.305819,
        "nauc_recall_at_3_std": 0.057976,
        "nauc_recall_at_3_diff1": 0.175591,
        "nauc_recall_at_5_max": 0.282605,
        "nauc_recall_at_5_std": 0.067334,
        "nauc_recall_at_5_diff1": 0.153676,
        "nauc_recall_at_10_max": 0.241964,
        "nauc_recall_at_10_std": 0.064455,
        "nauc_recall_at_10_diff1": 0.101591,
        "nauc_recall_at_20_max": 0.235656,
        "nauc_recall_at_20_std": 0.078511,
        "nauc_recall_at_20_diff1": 0.076326,
        "nauc_recall_at_100_max": 0.210909,
        "nauc_recall_at_100_std": 0.124057,
        "nauc_recall_at_100_diff1": 0.037345,
        "nauc_recall_at_1000_max": 0.223365,
        "nauc_recall_at_1000_std": 0.197477,
        "nauc_recall_at_1000_diff1": 0.015398,
        "nauc_precision_at_1_max": 0.37443,
        "nauc_precision_at_1_std": 0.090236,
        "nauc_precision_at_1_diff1": 0.343643,
        "nauc_precision_at_3_max": 0.305819,
        "nauc_precision_at_3_std": 0.057976,
        "nauc_precision_at_3_diff1": 0.175591,
        "nauc_precision_at_5_max": 0.282605,
        "nauc_precision_at_5_std": 0.067334,
        "nauc_precision_at_5_diff1": 0.153676,
        "nauc_precision_at_10_max": 0.241964,
        "nauc_precision_at_10_std": 0.064455,
        "nauc_precision_at_10_diff1": 0.101591,
        "nauc_precision_at_20_max": 0.235656,
        "nauc_precision_at_20_std": 0.078511,
        "nauc_precision_at_20_diff1": 0.076326,
        "nauc_precision_at_100_max": 0.210909,
        "nauc_precision_at_100_std": 0.124057,
        "nauc_precision_at_100_diff1": 0.037345,
        "nauc_precision_at_1000_max": 0.223365,
        "nauc_precision_at_1000_std": 0.197477,
        "nauc_precision_at_1000_diff1": 0.015398,
        "nauc_mrr_at_1_max": 0.37443,
        "nauc_mrr_at_1_std": 0.090236,
        "nauc_mrr_at_1_diff1": 0.343643,
        "nauc_mrr_at_3_max": 0.336622,
        "nauc_mrr_at_3_std": 0.071389,
        "nauc_mrr_at_3_diff1": 0.250697,
        "nauc_mrr_at_5_max": 0.32789,
        "nauc_mrr_at_5_std": 0.073826,
        "nauc_mrr_at_5_diff1": 0.239469,
        "nauc_mrr_at_10_max": 0.316506,
        "nauc_mrr_at_10_std": 0.073275,
        "nauc_mrr_at_10_diff1": 0.223516,
        "nauc_mrr_at_20_max": 0.314453,
        "nauc_mrr_at_20_std": 0.075067,
        "nauc_mrr_at_20_diff1": 0.218256,
        "nauc_mrr_at_100_max": 0.311216,
        "nauc_mrr_at_100_std": 0.077807,
        "nauc_mrr_at_100_diff1": 0.213141,
        "nauc_mrr_at_1000_max": 0.310826,
        "nauc_mrr_at_1000_std": 0.078651,
        "nauc_mrr_at_1000_diff1": 0.212419,
        "main_score": 0.07373,
        "hf_subset": "default",
        "languages": [
          "eng-Latn",
          "python-Code"
        ]
      }
    ]
  },
  "evaluation_time": 33.800235748291016,
  "kg_co2_emissions": null
}