{
  "dataset_revision": "5d958fb6b31055495347724d46431ba41309b03a",
  "task_name": "ChemNQRetrieval",
  "mteb_version": "1.34.8",
  "scores": {
    "test": [
      {
        "ndcg_at_1": 0.2963,
        "ndcg_at_3": 0.45109,
        "ndcg_at_5": 0.49015,
        "ndcg_at_10": 0.54317,
        "ndcg_at_20": 0.56174,
        "ndcg_at_100": 0.57569,
        "ndcg_at_1000": 0.58573,
        "map_at_1": 0.27778,
        "map_at_3": 0.40638,
        "map_at_5": 0.42675,
        "map_at_10": 0.45338,
        "map_at_20": 0.46026,
        "map_at_100": 0.46235,
        "map_at_1000": 0.4628,
        "recall_at_1": 0.27778,
        "recall_at_3": 0.54321,
        "recall_at_5": 0.6358,
        "recall_at_10": 0.78395,
        "recall_at_20": 0.85185,
        "recall_at_100": 0.92593,
        "recall_at_1000": 1.0,
        "precision_at_1": 0.2963,
        "precision_at_3": 0.23457,
        "precision_at_5": 0.16296,
        "precision_at_10": 0.1037,
        "precision_at_20": 0.05741,
        "precision_at_100": 0.01222,
        "precision_at_1000": 0.0013,
        "mrr_at_1": 0.296296,
        "mrr_at_3": 0.432099,
        "mrr_at_5": 0.456173,
        "mrr_at_10": 0.47087,
        "mrr_at_20": 0.472722,
        "mrr_at_100": 0.474807,
        "mrr_at_1000": 0.475258,
        "nauc_ndcg_at_1_max": 0.511272,
        "nauc_ndcg_at_1_std": 0.024217,
        "nauc_ndcg_at_1_diff1": 0.462993,
        "nauc_ndcg_at_3_max": 0.54738,
        "nauc_ndcg_at_3_std": 0.06178,
        "nauc_ndcg_at_3_diff1": 0.445309,
        "nauc_ndcg_at_5_max": 0.516959,
        "nauc_ndcg_at_5_std": 0.030851,
        "nauc_ndcg_at_5_diff1": 0.442332,
        "nauc_ndcg_at_10_max": 0.591555,
        "nauc_ndcg_at_10_std": 0.059058,
        "nauc_ndcg_at_10_diff1": 0.437079,
        "nauc_ndcg_at_20_max": 0.57783,
        "nauc_ndcg_at_20_std": 0.068037,
        "nauc_ndcg_at_20_diff1": 0.391939,
        "nauc_ndcg_at_100_max": 0.562728,
        "nauc_ndcg_at_100_std": 0.067065,
        "nauc_ndcg_at_100_diff1": 0.367564,
        "nauc_ndcg_at_1000_max": 0.556532,
        "nauc_ndcg_at_1000_std": 0.052487,
        "nauc_ndcg_at_1000_diff1": 0.396543,
        "nauc_map_at_1_max": 0.51774,
        "nauc_map_at_1_std": 0.055673,
        "nauc_map_at_1_diff1": 0.381739,
        "nauc_map_at_3_max": 0.547821,
        "nauc_map_at_3_std": 0.039132,
        "nauc_map_at_3_diff1": 0.446849,
        "nauc_map_at_5_max": 0.528613,
        "nauc_map_at_5_std": 0.015502,
        "nauc_map_at_5_diff1": 0.445592,
        "nauc_map_at_10_max": 0.556046,
        "nauc_map_at_10_std": 0.026071,
        "nauc_map_at_10_diff1": 0.435559,
        "nauc_map_at_20_max": 0.55292,
        "nauc_map_at_20_std": 0.034352,
        "nauc_map_at_20_diff1": 0.419361,
        "nauc_map_at_100_max": 0.550188,
        "nauc_map_at_100_std": 0.032531,
        "nauc_map_at_100_diff1": 0.415815,
        "nauc_map_at_1000_max": 0.54992,
        "nauc_map_at_1000_std": 0.031858,
        "nauc_map_at_1000_diff1": 0.417078,
        "nauc_recall_at_1_max": 0.51774,
        "nauc_recall_at_1_std": 0.055673,
        "nauc_recall_at_1_diff1": 0.381739,
        "nauc_recall_at_3_max": 0.563183,
        "nauc_recall_at_3_std": 0.123134,
        "nauc_recall_at_3_diff1": 0.483482,
        "nauc_recall_at_5_max": 0.46573,
        "nauc_recall_at_5_std": 0.033057,
        "nauc_recall_at_5_diff1": 0.474145,
        "nauc_recall_at_10_max": 0.763839,
        "nauc_recall_at_10_std": 0.162734,
        "nauc_recall_at_10_diff1": 0.475654,
        "nauc_recall_at_20_max": 0.770444,
        "nauc_recall_at_20_std": 0.208885,
        "nauc_recall_at_20_diff1": 0.233796,
        "nauc_recall_at_100_max": 0.711863,
        "nauc_recall_at_100_std": 0.412218,
        "nauc_recall_at_100_diff1": -0.325919,
        "nauc_recall_at_1000_max": NaN,
        "nauc_recall_at_1000_std": NaN,
        "nauc_recall_at_1000_diff1": NaN,
        "nauc_precision_at_1_max": 0.511272,
        "nauc_precision_at_1_std": 0.024217,
        "nauc_precision_at_1_diff1": 0.462993,
        "nauc_precision_at_3_max": 0.434843,
        "nauc_precision_at_3_std": 0.049122,
        "nauc_precision_at_3_diff1": 0.27076,
        "nauc_precision_at_5_max": 0.39975,
        "nauc_precision_at_5_std": 0.057045,
        "nauc_precision_at_5_diff1": 0.239679,
        "nauc_precision_at_10_max": 0.373263,
        "nauc_precision_at_10_std": 0.112062,
        "nauc_precision_at_10_diff1": 0.124545,
        "nauc_precision_at_20_max": 0.239804,
        "nauc_precision_at_20_std": 0.146739,
        "nauc_precision_at_20_diff1": -0.078189,
        "nauc_precision_at_100_max": 0.151221,
        "nauc_precision_at_100_std": 0.169968,
        "nauc_precision_at_100_diff1": -0.214245,
        "nauc_precision_at_1000_max": 0.044538,
        "nauc_precision_at_1000_std": 0.123871,
        "nauc_precision_at_1000_diff1": -0.192995,
        "nauc_mrr_at_1_max": 0.511272,
        "nauc_mrr_at_1_std": 0.024217,
        "nauc_mrr_at_1_diff1": 0.462993,
        "nauc_mrr_at_3_max": 0.517422,
        "nauc_mrr_at_3_std": 0.048001,
        "nauc_mrr_at_3_diff1": 0.41955,
        "nauc_mrr_at_5_max": 0.506742,
        "nauc_mrr_at_5_std": 0.044578,
        "nauc_mrr_at_5_diff1": 0.415892,
        "nauc_mrr_at_10_max": 0.533691,
        "nauc_mrr_at_10_std": 0.049168,
        "nauc_mrr_at_10_diff1": 0.419283,
        "nauc_mrr_at_20_max": 0.53049,
        "nauc_mrr_at_20_std": 0.045111,
        "nauc_mrr_at_20_diff1": 0.416279,
        "nauc_mrr_at_100_max": 0.527636,
        "nauc_mrr_at_100_std": 0.043365,
        "nauc_mrr_at_100_diff1": 0.412732,
        "nauc_mrr_at_1000_max": 0.527336,
        "nauc_mrr_at_1000_std": 0.042711,
        "nauc_mrr_at_1000_diff1": 0.413984,
        "main_score": 0.54317,
        "hf_subset": "default",
        "languages": [
          "eng-Latn"
        ]
      }
    ]
  },
  "evaluation_time": 23.500391960144043,
  "kg_co2_emissions": null
}