{
  "dataset_revision": "27a168819829fe9bcd655c2df245fb19452e8e06",
  "task_name": "FiQA2018",
  "mteb_version": "1.34.8",
  "scores": {
    "test": [
      {
        "ndcg_at_1": 0.4892,
        "ndcg_at_3": 0.45122,
        "ndcg_at_5": 0.47003,
        "ndcg_at_10": 0.49802,
        "ndcg_at_20": 0.52614,
        "ndcg_at_100": 0.56588,
        "ndcg_at_1000": 0.58873,
        "map_at_1": 0.24589,
        "map_at_3": 0.35562,
        "map_at_5": 0.3864,
        "map_at_10": 0.41017,
        "map_at_20": 0.42224,
        "map_at_100": 0.43142,
        "map_at_1000": 0.43289,
        "recall_at_1": 0.24589,
        "recall_at_3": 0.41186,
        "recall_at_5": 0.49197,
        "recall_at_10": 0.57877,
        "recall_at_20": 0.66394,
        "recall_at_100": 0.82317,
        "recall_at_1000": 0.95918,
        "precision_at_1": 0.4892,
        "precision_at_3": 0.30195,
        "precision_at_5": 0.22438,
        "precision_at_10": 0.13827,
        "precision_at_20": 0.08171,
        "precision_at_100": 0.02102,
        "precision_at_1000": 0.0025,
        "mrr_at_1": 0.489198,
        "mrr_at_3": 0.552984,
        "mrr_at_5": 0.571425,
        "mrr_at_10": 0.580136,
        "mrr_at_20": 0.583706,
        "mrr_at_100": 0.586556,
        "mrr_at_1000": 0.586792,
        "nauc_ndcg_at_1_max": 0.462036,
        "nauc_ndcg_at_1_std": -0.056629,
        "nauc_ndcg_at_1_diff1": 0.513514,
        "nauc_ndcg_at_3_max": 0.394692,
        "nauc_ndcg_at_3_std": -0.106152,
        "nauc_ndcg_at_3_diff1": 0.40451,
        "nauc_ndcg_at_5_max": 0.37554,
        "nauc_ndcg_at_5_std": -0.116454,
        "nauc_ndcg_at_5_diff1": 0.389903,
        "nauc_ndcg_at_10_max": 0.381445,
        "nauc_ndcg_at_10_std": -0.089609,
        "nauc_ndcg_at_10_diff1": 0.393556,
        "nauc_ndcg_at_20_max": 0.400493,
        "nauc_ndcg_at_20_std": -0.066015,
        "nauc_ndcg_at_20_diff1": 0.40408,
        "nauc_ndcg_at_100_max": 0.4198,
        "nauc_ndcg_at_100_std": -0.040465,
        "nauc_ndcg_at_100_diff1": 0.407692,
        "nauc_ndcg_at_1000_max": 0.417682,
        "nauc_ndcg_at_1000_std": -0.052276,
        "nauc_ndcg_at_1000_diff1": 0.40479,
        "nauc_map_at_1_max": 0.26582,
        "nauc_map_at_1_std": -0.105939,
        "nauc_map_at_1_diff1": 0.441802,
        "nauc_map_at_3_max": 0.32224,
        "nauc_map_at_3_std": -0.118022,
        "nauc_map_at_3_diff1": 0.395973,
        "nauc_map_at_5_max": 0.336445,
        "nauc_map_at_5_std": -0.126405,
        "nauc_map_at_5_diff1": 0.385372,
        "nauc_map_at_10_max": 0.35918,
        "nauc_map_at_10_std": -0.108205,
        "nauc_map_at_10_diff1": 0.385125,
        "nauc_map_at_20_max": 0.370375,
        "nauc_map_at_20_std": -0.098118,
        "nauc_map_at_20_diff1": 0.387744,
        "nauc_map_at_100_max": 0.376681,
        "nauc_map_at_100_std": -0.092454,
        "nauc_map_at_100_diff1": 0.388917,
        "nauc_map_at_1000_max": 0.376784,
        "nauc_map_at_1000_std": -0.092704,
        "nauc_map_at_1000_diff1": 0.388664,
        "nauc_recall_at_1_max": 0.26582,
        "nauc_recall_at_1_std": -0.105939,
        "nauc_recall_at_1_diff1": 0.441802,
        "nauc_recall_at_3_max": 0.267691,
        "nauc_recall_at_3_std": -0.132764,
        "nauc_recall_at_3_diff1": 0.341038,
        "nauc_recall_at_5_max": 0.254602,
        "nauc_recall_at_5_std": -0.144032,
        "nauc_recall_at_5_diff1": 0.296604,
        "nauc_recall_at_10_max": 0.285355,
        "nauc_recall_at_10_std": -0.084473,
        "nauc_recall_at_10_diff1": 0.292419,
        "nauc_recall_at_20_max": 0.321119,
        "nauc_recall_at_20_std": -0.012534,
        "nauc_recall_at_20_diff1": 0.317053,
        "nauc_recall_at_100_max": 0.388503,
        "nauc_recall_at_100_std": 0.177547,
        "nauc_recall_at_100_diff1": 0.299925,
        "nauc_recall_at_1000_max": 0.307648,
        "nauc_recall_at_1000_std": 0.229614,
        "nauc_recall_at_1000_diff1": 0.079614,
        "nauc_precision_at_1_max": 0.462036,
        "nauc_precision_at_1_std": -0.056629,
        "nauc_precision_at_1_diff1": 0.513514,
        "nauc_precision_at_3_max": 0.399336,
        "nauc_precision_at_3_std": -0.048114,
        "nauc_precision_at_3_diff1": 0.250945,
        "nauc_precision_at_5_max": 0.377494,
        "nauc_precision_at_5_std": -0.038303,
        "nauc_precision_at_5_diff1": 0.168775,
        "nauc_precision_at_10_max": 0.373211,
        "nauc_precision_at_10_std": 0.033961,
        "nauc_precision_at_10_diff1": 0.12284,
        "nauc_precision_at_20_max": 0.371595,
        "nauc_precision_at_20_std": 0.098851,
        "nauc_precision_at_20_diff1": 0.092348,
        "nauc_precision_at_100_max": 0.311819,
        "nauc_precision_at_100_std": 0.149662,
        "nauc_precision_at_100_diff1": 0.018226,
        "nauc_precision_at_1000_max": 0.227217,
        "nauc_precision_at_1000_std": 0.120872,
        "nauc_precision_at_1000_diff1": -0.048136,
        "nauc_mrr_at_1_max": 0.462036,
        "nauc_mrr_at_1_std": -0.056629,
        "nauc_mrr_at_1_diff1": 0.513514,
        "nauc_mrr_at_3_max": 0.45479,
        "nauc_mrr_at_3_std": -0.061556,
        "nauc_mrr_at_3_diff1": 0.48747,
        "nauc_mrr_at_5_max": 0.455399,
        "nauc_mrr_at_5_std": -0.055495,
        "nauc_mrr_at_5_diff1": 0.480609,
        "nauc_mrr_at_10_max": 0.454334,
        "nauc_mrr_at_10_std": -0.052969,
        "nauc_mrr_at_10_diff1": 0.47982,
        "nauc_mrr_at_20_max": 0.455121,
        "nauc_mrr_at_20_std": -0.050817,
        "nauc_mrr_at_20_diff1": 0.48215,
        "nauc_mrr_at_100_max": 0.456184,
        "nauc_mrr_at_100_std": -0.049972,
        "nauc_mrr_at_100_diff1": 0.482667,
        "nauc_mrr_at_1000_max": 0.456053,
        "nauc_mrr_at_1000_std": -0.050273,
        "nauc_mrr_at_1000_diff1": 0.482731,
        "main_score": 0.49802,
        "hf_subset": "default",
        "languages": [
          "eng-Latn"
        ]
      }
    ]
  },
  "evaluation_time": 92.6190550327301,
  "kg_co2_emissions": null
}