{
  "dataset_revision": "ae763399273d8b20506b80cf6f6f9a31a6a2b238",
  "task_name": "MedicalQARetrieval",
  "mteb_version": "1.34.8",
  "scores": {
    "test": [
      {
        "ndcg_at_1": 0.50635,
        "ndcg_at_3": 0.62181,
        "ndcg_at_5": 0.65245,
        "ndcg_at_10": 0.67507,
        "ndcg_at_20": 0.68658,
        "ndcg_at_100": 0.69892,
        "ndcg_at_1000": 0.70427,
        "map_at_1": 0.50635,
        "map_at_3": 0.59367,
        "map_at_5": 0.61083,
        "map_at_10": 0.62029,
        "map_at_20": 0.62353,
        "map_at_100": 0.62536,
        "map_at_1000": 0.62555,
        "recall_at_1": 0.50635,
        "recall_at_3": 0.70312,
        "recall_at_5": 0.77686,
        "recall_at_10": 0.84619,
        "recall_at_20": 0.89111,
        "recall_at_100": 0.95605,
        "recall_at_1000": 0.99854,
        "precision_at_1": 0.50635,
        "precision_at_3": 0.23437,
        "precision_at_5": 0.15537,
        "precision_at_10": 0.08462,
        "precision_at_20": 0.04456,
        "precision_at_100": 0.00956,
        "precision_at_1000": 0.001,
        "mrr_at_1": 0.505859,
        "mrr_at_3": 0.593099,
        "mrr_at_5": 0.610579,
        "mrr_at_10": 0.619873,
        "mrr_at_20": 0.623112,
        "mrr_at_100": 0.624941,
        "mrr_at_1000": 0.625133,
        "nauc_ndcg_at_1_max": 0.304566,
        "nauc_ndcg_at_1_std": -0.071328,
        "nauc_ndcg_at_1_diff1": 0.520136,
        "nauc_ndcg_at_3_max": 0.324697,
        "nauc_ndcg_at_3_std": -0.068391,
        "nauc_ndcg_at_3_diff1": 0.460889,
        "nauc_ndcg_at_5_max": 0.335983,
        "nauc_ndcg_at_5_std": -0.062138,
        "nauc_ndcg_at_5_diff1": 0.453694,
        "nauc_ndcg_at_10_max": 0.352626,
        "nauc_ndcg_at_10_std": -0.045362,
        "nauc_ndcg_at_10_diff1": 0.447725,
        "nauc_ndcg_at_20_max": 0.35481,
        "nauc_ndcg_at_20_std": -0.036324,
        "nauc_ndcg_at_20_diff1": 0.450047,
        "nauc_ndcg_at_100_max": 0.350212,
        "nauc_ndcg_at_100_std": -0.034753,
        "nauc_ndcg_at_100_diff1": 0.454875,
        "nauc_ndcg_at_1000_max": 0.340353,
        "nauc_ndcg_at_1000_std": -0.046983,
        "nauc_ndcg_at_1000_diff1": 0.461185,
        "nauc_map_at_1_max": 0.304566,
        "nauc_map_at_1_std": -0.071328,
        "nauc_map_at_1_diff1": 0.520136,
        "nauc_map_at_3_max": 0.318807,
        "nauc_map_at_3_std": -0.06974,
        "nauc_map_at_3_diff1": 0.476458,
        "nauc_map_at_5_max": 0.324125,
        "nauc_map_at_5_std": -0.066978,
        "nauc_map_at_5_diff1": 0.473444,
        "nauc_map_at_10_max": 0.329553,
        "nauc_map_at_10_std": -0.061192,
        "nauc_map_at_10_diff1": 0.471398,
        "nauc_map_at_20_max": 0.329991,
        "nauc_map_at_20_std": -0.059009,
        "nauc_map_at_20_diff1": 0.4721,
        "nauc_map_at_100_max": 0.329533,
        "nauc_map_at_100_std": -0.058578,
        "nauc_map_at_100_diff1": 0.472535,
        "nauc_map_at_1000_max": 0.329229,
        "nauc_map_at_1000_std": -0.058936,
        "nauc_map_at_1000_diff1": 0.472723,
        "nauc_recall_at_1_max": 0.304566,
        "nauc_recall_at_1_std": -0.071328,
        "nauc_recall_at_1_diff1": 0.520136,
        "nauc_recall_at_3_max": 0.345328,
        "nauc_recall_at_3_std": -0.063439,
        "nauc_recall_at_3_diff1": 0.407171,
        "nauc_recall_at_5_max": 0.388767,
        "nauc_recall_at_5_std": -0.039467,
        "nauc_recall_at_5_diff1": 0.369584,
        "nauc_recall_at_10_max": 0.501989,
        "nauc_recall_at_10_std": 0.06142,
        "nauc_recall_at_10_diff1": 0.308991,
        "nauc_recall_at_20_max": 0.572599,
        "nauc_recall_at_20_std": 0.177156,
        "nauc_recall_at_20_diff1": 0.281075,
        "nauc_recall_at_100_max": 0.736132,
        "nauc_recall_at_100_std": 0.492243,
        "nauc_recall_at_100_diff1": 0.196914,
        "nauc_recall_at_1000_max": -0.10761,
        "nauc_recall_at_1000_std": 0.614994,
        "nauc_recall_at_1000_diff1": 0.528492,
        "nauc_precision_at_1_max": 0.304566,
        "nauc_precision_at_1_std": -0.071328,
        "nauc_precision_at_1_diff1": 0.520136,
        "nauc_precision_at_3_max": 0.345328,
        "nauc_precision_at_3_std": -0.063439,
        "nauc_precision_at_3_diff1": 0.407171,
        "nauc_precision_at_5_max": 0.388767,
        "nauc_precision_at_5_std": -0.039467,
        "nauc_precision_at_5_diff1": 0.369584,
        "nauc_precision_at_10_max": 0.501989,
        "nauc_precision_at_10_std": 0.06142,
        "nauc_precision_at_10_diff1": 0.308991,
        "nauc_precision_at_20_max": 0.572599,
        "nauc_precision_at_20_std": 0.177156,
        "nauc_precision_at_20_diff1": 0.281075,
        "nauc_precision_at_100_max": 0.736132,
        "nauc_precision_at_100_std": 0.492243,
        "nauc_precision_at_100_diff1": 0.196914,
        "nauc_precision_at_1000_max": -0.10761,
        "nauc_precision_at_1000_std": 0.614994,
        "nauc_precision_at_1000_diff1": 0.528492,
        "nauc_mrr_at_1_max": 0.305425,
        "nauc_mrr_at_1_std": -0.070073,
        "nauc_mrr_at_1_diff1": 0.521277,
        "nauc_mrr_at_3_max": 0.319125,
        "nauc_mrr_at_3_std": -0.068689,
        "nauc_mrr_at_3_diff1": 0.477846,
        "nauc_mrr_at_5_max": 0.324818,
        "nauc_mrr_at_5_std": -0.066087,
        "nauc_mrr_at_5_diff1": 0.47419,
        "nauc_mrr_at_10_max": 0.329961,
        "nauc_mrr_at_10_std": -0.060323,
        "nauc_mrr_at_10_diff1": 0.472536,
        "nauc_mrr_at_20_max": 0.330403,
        "nauc_mrr_at_20_std": -0.05815,
        "nauc_mrr_at_20_diff1": 0.473248,
        "nauc_mrr_at_100_max": 0.329953,
        "nauc_mrr_at_100_std": -0.057712,
        "nauc_mrr_at_100_diff1": 0.473691,
        "nauc_mrr_at_1000_max": 0.329649,
        "nauc_mrr_at_1000_std": -0.058069,
        "nauc_mrr_at_1000_diff1": 0.473881,
        "main_score": 0.67507,
        "hf_subset": "default",
        "languages": [
          "eng-Latn"
        ]
      }
    ]
  },
  "evaluation_time": 7.19609808921814,
  "kg_co2_emissions": null
}