{
  "dataset_revision": "ec0fa4fe99da2ff19ca1214b7966684033a58814",
  "task_name": "NFCorpus",
  "mteb_version": "1.34.8",
  "scores": {
    "test": [
      {
        "ndcg_at_1": 0.3839,
        "ndcg_at_3": 0.35093,
        "ndcg_at_5": 0.33318,
        "ndcg_at_10": 0.30334,
        "ndcg_at_20": 0.28479,
        "ndcg_at_100": 0.29015,
        "ndcg_at_1000": 0.3753,
        "map_at_1": 0.04252,
        "map_at_3": 0.07159,
        "map_at_5": 0.08618,
        "map_at_10": 0.10333,
        "map_at_20": 0.11728,
        "map_at_100": 0.13941,
        "map_at_1000": 0.15416,
        "recall_at_1": 0.04252,
        "recall_at_3": 0.08172,
        "recall_at_5": 0.10397,
        "recall_at_10": 0.14339,
        "recall_at_20": 0.18083,
        "recall_at_100": 0.31141,
        "recall_at_1000": 0.6092,
        "precision_at_1": 0.40248,
        "precision_at_3": 0.33953,
        "precision_at_5": 0.30341,
        "precision_at_10": 0.23437,
        "precision_at_20": 0.17616,
        "precision_at_100": 0.07929,
        "precision_at_1000": 0.02071,
        "mrr_at_1": 0.408669,
        "mrr_at_3": 0.473168,
        "mrr_at_5": 0.482611,
        "mrr_at_10": 0.492565,
        "mrr_at_20": 0.494952,
        "mrr_at_100": 0.498175,
        "mrr_at_1000": 0.498658,
        "nauc_ndcg_at_1_max": 0.382658,
        "nauc_ndcg_at_1_std": 0.19105,
        "nauc_ndcg_at_1_diff1": 0.298859,
        "nauc_ndcg_at_3_max": 0.421977,
        "nauc_ndcg_at_3_std": 0.236698,
        "nauc_ndcg_at_3_diff1": 0.234757,
        "nauc_ndcg_at_5_max": 0.443824,
        "nauc_ndcg_at_5_std": 0.27726,
        "nauc_ndcg_at_5_diff1": 0.214711,
        "nauc_ndcg_at_10_max": 0.460419,
        "nauc_ndcg_at_10_std": 0.29231,
        "nauc_ndcg_at_10_diff1": 0.20525,
        "nauc_ndcg_at_20_max": 0.460018,
        "nauc_ndcg_at_20_std": 0.294203,
        "nauc_ndcg_at_20_diff1": 0.209642,
        "nauc_ndcg_at_100_max": 0.479098,
        "nauc_ndcg_at_100_std": 0.319697,
        "nauc_ndcg_at_100_diff1": 0.198698,
        "nauc_ndcg_at_1000_max": 0.529935,
        "nauc_ndcg_at_1000_std": 0.39815,
        "nauc_ndcg_at_1000_diff1": 0.211075,
        "nauc_map_at_1_max": 0.081984,
        "nauc_map_at_1_std": -0.120124,
        "nauc_map_at_1_diff1": 0.381689,
        "nauc_map_at_3_max": 0.17679,
        "nauc_map_at_3_std": -0.05341,
        "nauc_map_at_3_diff1": 0.318966,
        "nauc_map_at_5_max": 0.226106,
        "nauc_map_at_5_std": 0.000929,
        "nauc_map_at_5_diff1": 0.278629,
        "nauc_map_at_10_max": 0.29216,
        "nauc_map_at_10_std": 0.069863,
        "nauc_map_at_10_diff1": 0.239908,
        "nauc_map_at_20_max": 0.333713,
        "nauc_map_at_20_std": 0.11842,
        "nauc_map_at_20_diff1": 0.220159,
        "nauc_map_at_100_max": 0.378082,
        "nauc_map_at_100_std": 0.187469,
        "nauc_map_at_100_diff1": 0.199076,
        "nauc_map_at_1000_max": 0.39117,
        "nauc_map_at_1000_std": 0.220862,
        "nauc_map_at_1000_diff1": 0.191222,
        "nauc_recall_at_1_max": 0.081984,
        "nauc_recall_at_1_std": -0.120124,
        "nauc_recall_at_1_diff1": 0.381689,
        "nauc_recall_at_3_max": 0.187147,
        "nauc_recall_at_3_std": -0.029052,
        "nauc_recall_at_3_diff1": 0.281343,
        "nauc_recall_at_5_max": 0.241986,
        "nauc_recall_at_5_std": 0.034088,
        "nauc_recall_at_5_diff1": 0.23481,
        "nauc_recall_at_10_max": 0.280074,
        "nauc_recall_at_10_std": 0.098418,
        "nauc_recall_at_10_diff1": 0.167089,
        "nauc_recall_at_20_max": 0.322592,
        "nauc_recall_at_20_std": 0.138407,
        "nauc_recall_at_20_diff1": 0.183215,
        "nauc_recall_at_100_max": 0.337895,
        "nauc_recall_at_100_std": 0.22103,
        "nauc_recall_at_100_diff1": 0.117127,
        "nauc_recall_at_1000_max": 0.357864,
        "nauc_recall_at_1000_std": 0.314172,
        "nauc_recall_at_1000_diff1": 0.096527,
        "nauc_precision_at_1_max": 0.384531,
        "nauc_precision_at_1_std": 0.190379,
        "nauc_precision_at_1_diff1": 0.297703,
        "nauc_precision_at_3_max": 0.455176,
        "nauc_precision_at_3_std": 0.292282,
        "nauc_precision_at_3_diff1": 0.164973,
        "nauc_precision_at_5_max": 0.471351,
        "nauc_precision_at_5_std": 0.35879,
        "nauc_precision_at_5_diff1": 0.109353,
        "nauc_precision_at_10_max": 0.466402,
        "nauc_precision_at_10_std": 0.375888,
        "nauc_precision_at_10_diff1": 0.07504,
        "nauc_precision_at_20_max": 0.425021,
        "nauc_precision_at_20_std": 0.384188,
        "nauc_precision_at_20_diff1": 0.04455,
        "nauc_precision_at_100_max": 0.291328,
        "nauc_precision_at_100_std": 0.362294,
        "nauc_precision_at_100_diff1": -0.016291,
        "nauc_precision_at_1000_max": 0.111092,
        "nauc_precision_at_1000_std": 0.235491,
        "nauc_precision_at_1000_diff1": -0.026012,
        "nauc_mrr_at_1_max": 0.38207,
        "nauc_mrr_at_1_std": 0.193167,
        "nauc_mrr_at_1_diff1": 0.281214,
        "nauc_mrr_at_3_max": 0.448983,
        "nauc_mrr_at_3_std": 0.262238,
        "nauc_mrr_at_3_diff1": 0.28951,
        "nauc_mrr_at_5_max": 0.456227,
        "nauc_mrr_at_5_std": 0.273578,
        "nauc_mrr_at_5_diff1": 0.283632,
        "nauc_mrr_at_10_max": 0.454763,
        "nauc_mrr_at_10_std": 0.272339,
        "nauc_mrr_at_10_diff1": 0.281541,
        "nauc_mrr_at_20_max": 0.459294,
        "nauc_mrr_at_20_std": 0.277882,
        "nauc_mrr_at_20_diff1": 0.285222,
        "nauc_mrr_at_100_max": 0.458884,
        "nauc_mrr_at_100_std": 0.277643,
        "nauc_mrr_at_100_diff1": 0.284613,
        "nauc_mrr_at_1000_max": 0.45854,
        "nauc_mrr_at_1000_std": 0.2773,
        "nauc_mrr_at_1000_diff1": 0.284549,
        "main_score": 0.30334,
        "hf_subset": "default",
        "languages": [
          "eng-Latn"
        ]
      }
    ]
  },
  "evaluation_time": 11.301687479019165,
  "kg_co2_emissions": null
}