{
  "dataset_revision": "f8c2fcf00f625baaa80f62ec5bd9e1fff3b8ae88",
  "task_name": "SCIDOCS",
  "mteb_version": "1.34.8",
  "scores": {
    "test": [
      {
        "ndcg_at_1": 0.253,
        "ndcg_at_3": 0.21453,
        "ndcg_at_5": 0.19112,
        "ndcg_at_10": 0.23585,
        "ndcg_at_20": 0.26974,
        "ndcg_at_100": 0.33361,
        "ndcg_at_1000": 0.39058,
        "map_at_1": 0.05157,
        "map_at_3": 0.0982,
        "map_at_5": 0.11959,
        "map_at_10": 0.14315,
        "map_at_20": 0.15694,
        "map_at_100": 0.17064,
        "map_at_1000": 0.17447,
        "recall_at_1": 0.05157,
        "recall_at_3": 0.12417,
        "recall_at_5": 0.17397,
        "recall_at_10": 0.25607,
        "recall_at_20": 0.33518,
        "recall_at_100": 0.54398,
        "recall_at_1000": 0.81768,
        "precision_at_1": 0.253,
        "precision_at_3": 0.20367,
        "precision_at_5": 0.1714,
        "precision_at_10": 0.1264,
        "precision_at_20": 0.0828,
        "precision_at_100": 0.0268,
        "precision_at_1000": 0.00403,
        "mrr_at_1": 0.253,
        "mrr_at_3": 0.3345,
        "mrr_at_5": 0.3596,
        "mrr_at_10": 0.375903,
        "mrr_at_20": 0.381465,
        "mrr_at_100": 0.385501,
        "mrr_at_1000": 0.385877,
        "nauc_ndcg_at_1_max": 0.296594,
        "nauc_ndcg_at_1_std": 0.081227,
        "nauc_ndcg_at_1_diff1": 0.193004,
        "nauc_ndcg_at_3_max": 0.342088,
        "nauc_ndcg_at_3_std": 0.1212,
        "nauc_ndcg_at_3_diff1": 0.138168,
        "nauc_ndcg_at_5_max": 0.378737,
        "nauc_ndcg_at_5_std": 0.15931,
        "nauc_ndcg_at_5_diff1": 0.125871,
        "nauc_ndcg_at_10_max": 0.40712,
        "nauc_ndcg_at_10_std": 0.19067,
        "nauc_ndcg_at_10_diff1": 0.107042,
        "nauc_ndcg_at_20_max": 0.410536,
        "nauc_ndcg_at_20_std": 0.215767,
        "nauc_ndcg_at_20_diff1": 0.101317,
        "nauc_ndcg_at_100_max": 0.444402,
        "nauc_ndcg_at_100_std": 0.278674,
        "nauc_ndcg_at_100_diff1": 0.111028,
        "nauc_ndcg_at_1000_max": 0.430957,
        "nauc_ndcg_at_1000_std": 0.26656,
        "nauc_ndcg_at_1000_diff1": 0.11688,
        "nauc_map_at_1_max": 0.292101,
        "nauc_map_at_1_std": 0.081438,
        "nauc_map_at_1_diff1": 0.191923,
        "nauc_map_at_3_max": 0.344788,
        "nauc_map_at_3_std": 0.106734,
        "nauc_map_at_3_diff1": 0.143898,
        "nauc_map_at_5_max": 0.374453,
        "nauc_map_at_5_std": 0.143164,
        "nauc_map_at_5_diff1": 0.126044,
        "nauc_map_at_10_max": 0.399955,
        "nauc_map_at_10_std": 0.167778,
        "nauc_map_at_10_diff1": 0.110574,
        "nauc_map_at_20_max": 0.405067,
        "nauc_map_at_20_std": 0.185835,
        "nauc_map_at_20_diff1": 0.10508,
        "nauc_map_at_100_max": 0.417483,
        "nauc_map_at_100_std": 0.207617,
        "nauc_map_at_100_diff1": 0.108138,
        "nauc_map_at_1000_max": 0.416832,
        "nauc_map_at_1000_std": 0.208348,
        "nauc_map_at_1000_diff1": 0.108006,
        "nauc_recall_at_1_max": 0.292101,
        "nauc_recall_at_1_std": 0.081438,
        "nauc_recall_at_1_diff1": 0.191923,
        "nauc_recall_at_3_max": 0.348176,
        "nauc_recall_at_3_std": 0.133594,
        "nauc_recall_at_3_diff1": 0.113786,
        "nauc_recall_at_5_max": 0.397126,
        "nauc_recall_at_5_std": 0.192737,
        "nauc_recall_at_5_diff1": 0.092135,
        "nauc_recall_at_10_max": 0.42225,
        "nauc_recall_at_10_std": 0.234758,
        "nauc_recall_at_10_diff1": 0.056179,
        "nauc_recall_at_20_max": 0.402229,
        "nauc_recall_at_20_std": 0.271487,
        "nauc_recall_at_20_diff1": 0.042079,
        "nauc_recall_at_100_max": 0.443422,
        "nauc_recall_at_100_std": 0.414119,
        "nauc_recall_at_100_diff1": 0.05788,
        "nauc_recall_at_1000_max": 0.365201,
        "nauc_recall_at_1000_std": 0.419044,
        "nauc_recall_at_1000_diff1": 0.070063,
        "nauc_precision_at_1_max": 0.296594,
        "nauc_precision_at_1_std": 0.081227,
        "nauc_precision_at_1_diff1": 0.193004,
        "nauc_precision_at_3_max": 0.350597,
        "nauc_precision_at_3_std": 0.136006,
        "nauc_precision_at_3_diff1": 0.113651,
        "nauc_precision_at_5_max": 0.398637,
        "nauc_precision_at_5_std": 0.195564,
        "nauc_precision_at_5_diff1": 0.091739,
        "nauc_precision_at_10_max": 0.423475,
        "nauc_precision_at_10_std": 0.236551,
        "nauc_precision_at_10_diff1": 0.055368,
        "nauc_precision_at_20_max": 0.399547,
        "nauc_precision_at_20_std": 0.26963,
        "nauc_precision_at_20_diff1": 0.042212,
        "nauc_precision_at_100_max": 0.436446,
        "nauc_precision_at_100_std": 0.407888,
        "nauc_precision_at_100_diff1": 0.056774,
        "nauc_precision_at_1000_max": 0.34335,
        "nauc_precision_at_1000_std": 0.390121,
        "nauc_precision_at_1000_diff1": 0.062422,
        "nauc_mrr_at_1_max": 0.296594,
        "nauc_mrr_at_1_std": 0.081227,
        "nauc_mrr_at_1_diff1": 0.193004,
        "nauc_mrr_at_3_max": 0.320961,
        "nauc_mrr_at_3_std": 0.120145,
        "nauc_mrr_at_3_diff1": 0.155838,
        "nauc_mrr_at_5_max": 0.340467,
        "nauc_mrr_at_5_std": 0.132535,
        "nauc_mrr_at_5_diff1": 0.161968,
        "nauc_mrr_at_10_max": 0.339414,
        "nauc_mrr_at_10_std": 0.137926,
        "nauc_mrr_at_10_diff1": 0.157603,
        "nauc_mrr_at_20_max": 0.338861,
        "nauc_mrr_at_20_std": 0.137869,
        "nauc_mrr_at_20_diff1": 0.158793,
        "nauc_mrr_at_100_max": 0.33781,
        "nauc_mrr_at_100_std": 0.137345,
        "nauc_mrr_at_100_diff1": 0.159282,
        "nauc_mrr_at_1000_max": 0.337637,
        "nauc_mrr_at_1000_std": 0.137089,
        "nauc_mrr_at_1000_diff1": 0.159302,
        "main_score": 0.23585,
        "hf_subset": "default",
        "languages": [
          "eng-Latn"
        ]
      }
    ]
  },
  "evaluation_time": 58.553781032562256,
  "kg_co2_emissions": null
}