{
  "dataset_revision": "f22508f96b7a36c2415181ed8bb76f76e04ae2d5",
  "task_name": "AppsRetrieval",
  "mteb_version": "1.34.8",
  "scores": {
    "test": [
      {
        "ndcg_at_1": 0.0749,
        "ndcg_at_3": 0.10217,
        "ndcg_at_5": 0.11215,
        "ndcg_at_10": 0.12368,
        "ndcg_at_20": 0.13545,
        "ndcg_at_100": 0.16188,
        "ndcg_at_1000": 0.20175,
        "map_at_1": 0.0749,
        "map_at_3": 0.09544,
        "map_at_5": 0.10087,
        "map_at_10": 0.10564,
        "map_at_20": 0.10888,
        "map_at_100": 0.11229,
        "map_at_1000": 0.11349,
        "recall_at_1": 0.0749,
        "recall_at_3": 0.12165,
        "recall_at_5": 0.14635,
        "recall_at_10": 0.18194,
        "recall_at_20": 0.22842,
        "recall_at_100": 0.3745,
        "recall_at_1000": 0.70598,
        "precision_at_1": 0.0749,
        "precision_at_3": 0.04055,
        "precision_at_5": 0.02927,
        "precision_at_10": 0.01819,
        "precision_at_20": 0.01142,
        "precision_at_100": 0.00375,
        "precision_at_1000": 0.00071,
        "mrr_at_1": 0.0749,
        "mrr_at_3": 0.095485,
        "mrr_at_5": 0.100916,
        "mrr_at_10": 0.105687,
        "mrr_at_20": 0.108923,
        "mrr_at_100": 0.112332,
        "mrr_at_1000": 0.113534,
        "nauc_ndcg_at_1_max": 0.368255,
        "nauc_ndcg_at_1_std": 0.079136,
        "nauc_ndcg_at_1_diff1": 0.407781,
        "nauc_ndcg_at_3_max": 0.349808,
        "nauc_ndcg_at_3_std": 0.099323,
        "nauc_ndcg_at_3_diff1": 0.306127,
        "nauc_ndcg_at_5_max": 0.348834,
        "nauc_ndcg_at_5_std": 0.111408,
        "nauc_ndcg_at_5_diff1": 0.283146,
        "nauc_ndcg_at_10_max": 0.333526,
        "nauc_ndcg_at_10_std": 0.115881,
        "nauc_ndcg_at_10_diff1": 0.257914,
        "nauc_ndcg_at_20_max": 0.327094,
        "nauc_ndcg_at_20_std": 0.116531,
        "nauc_ndcg_at_20_diff1": 0.241032,
        "nauc_ndcg_at_100_max": 0.322379,
        "nauc_ndcg_at_100_std": 0.133776,
        "nauc_ndcg_at_100_diff1": 0.224668,
        "nauc_ndcg_at_1000_max": 0.329005,
        "nauc_ndcg_at_1000_std": 0.137855,
        "nauc_ndcg_at_1000_diff1": 0.228807,
        "nauc_map_at_1_max": 0.368255,
        "nauc_map_at_1_std": 0.079136,
        "nauc_map_at_1_diff1": 0.407781,
        "nauc_map_at_3_max": 0.352512,
        "nauc_map_at_3_std": 0.094869,
        "nauc_map_at_3_diff1": 0.325621,
        "nauc_map_at_5_max": 0.351843,
        "nauc_map_at_5_std": 0.102224,
        "nauc_map_at_5_diff1": 0.31109,
        "nauc_map_at_10_max": 0.344351,
        "nauc_map_at_10_std": 0.104288,
        "nauc_map_at_10_diff1": 0.298134,
        "nauc_map_at_20_max": 0.341802,
        "nauc_map_at_20_std": 0.104526,
        "nauc_map_at_20_diff1": 0.292084,
        "nauc_map_at_100_max": 0.341014,
        "nauc_map_at_100_std": 0.107509,
        "nauc_map_at_100_diff1": 0.288888,
        "nauc_map_at_1000_max": 0.341144,
        "nauc_map_at_1000_std": 0.107732,
        "nauc_map_at_1000_diff1": 0.288895,
        "nauc_recall_at_1_max": 0.368255,
        "nauc_recall_at_1_std": 0.079136,
        "nauc_recall_at_1_diff1": 0.407781,
        "nauc_recall_at_3_max": 0.343778,
        "nauc_recall_at_3_std": 0.10992,
        "nauc_recall_at_3_diff1": 0.260604,
        "nauc_recall_at_5_max": 0.342571,
        "nauc_recall_at_5_std": 0.132501,
        "nauc_recall_at_5_diff1": 0.22125,
        "nauc_recall_at_10_max": 0.309827,
        "nauc_recall_at_10_std": 0.140448,
        "nauc_recall_at_10_diff1": 0.174728,
        "nauc_recall_at_20_max": 0.296929,
        "nauc_recall_at_20_std": 0.139812,
        "nauc_recall_at_20_diff1": 0.139898,
        "nauc_recall_at_100_max": 0.28529,
        "nauc_recall_at_100_std": 0.192604,
        "nauc_recall_at_100_diff1": 0.102353,
        "nauc_recall_at_1000_max": 0.318844,
        "nauc_recall_at_1000_std": 0.238383,
        "nauc_recall_at_1000_diff1": 0.088436,
        "nauc_precision_at_1_max": 0.368255,
        "nauc_precision_at_1_std": 0.079136,
        "nauc_precision_at_1_diff1": 0.407781,
        "nauc_precision_at_3_max": 0.343778,
        "nauc_precision_at_3_std": 0.10992,
        "nauc_precision_at_3_diff1": 0.260604,
        "nauc_precision_at_5_max": 0.342571,
        "nauc_precision_at_5_std": 0.132501,
        "nauc_precision_at_5_diff1": 0.22125,
        "nauc_precision_at_10_max": 0.309827,
        "nauc_precision_at_10_std": 0.140448,
        "nauc_precision_at_10_diff1": 0.174728,
        "nauc_precision_at_20_max": 0.296929,
        "nauc_precision_at_20_std": 0.139812,
        "nauc_precision_at_20_diff1": 0.139898,
        "nauc_precision_at_100_max": 0.28529,
        "nauc_precision_at_100_std": 0.192604,
        "nauc_precision_at_100_diff1": 0.102353,
        "nauc_precision_at_1000_max": 0.318844,
        "nauc_precision_at_1000_std": 0.238383,
        "nauc_precision_at_1000_diff1": 0.088436,
        "nauc_mrr_at_1_max": 0.368255,
        "nauc_mrr_at_1_std": 0.079136,
        "nauc_mrr_at_1_diff1": 0.407781,
        "nauc_mrr_at_3_max": 0.352163,
        "nauc_mrr_at_3_std": 0.094741,
        "nauc_mrr_at_3_diff1": 0.32532,
        "nauc_mrr_at_5_max": 0.351506,
        "nauc_mrr_at_5_std": 0.102099,
        "nauc_mrr_at_5_diff1": 0.310805,
        "nauc_mrr_at_10_max": 0.344027,
        "nauc_mrr_at_10_std": 0.104166,
        "nauc_mrr_at_10_diff1": 0.297862,
        "nauc_mrr_at_20_max": 0.341484,
        "nauc_mrr_at_20_std": 0.104406,
        "nauc_mrr_at_20_diff1": 0.291817,
        "nauc_mrr_at_100_max": 0.340699,
        "nauc_mrr_at_100_std": 0.107389,
        "nauc_mrr_at_100_diff1": 0.288624,
        "nauc_mrr_at_1000_max": 0.340828,
        "nauc_mrr_at_1000_std": 0.107611,
        "nauc_mrr_at_1000_diff1": 0.288632,
        "main_score": 0.12368,
        "hf_subset": "default",
        "languages": [
          "eng-Latn",
          "python-Code"
        ]
      }
    ]
  },
  "evaluation_time": 208.82871770858765,
  "kg_co2_emissions": null
}