{
  "dataset_revision": "c22ab2a51041ffd869aaddef7af8d8215647e41a",
  "task_name": "ArguAna",
  "mteb_version": "1.34.8",
  "scores": {
    "test": [
      {
        "ndcg_at_1": 0.28734,
        "ndcg_at_3": 0.44817,
        "ndcg_at_5": 0.50577,
        "ndcg_at_10": 0.5521,
        "ndcg_at_20": 0.57636,
        "ndcg_at_100": 0.5853,
        "ndcg_at_1000": 0.58653,
        "map_at_1": 0.28734,
        "map_at_3": 0.40884,
        "map_at_5": 0.44074,
        "map_at_10": 0.45979,
        "map_at_20": 0.46654,
        "map_at_100": 0.46796,
        "map_at_1000": 0.46801,
        "recall_at_1": 0.28734,
        "recall_at_3": 0.56188,
        "recall_at_5": 0.70199,
        "recall_at_10": 0.84566,
        "recall_at_20": 0.94097,
        "recall_at_100": 0.98649,
        "recall_at_1000": 0.99644,
        "precision_at_1": 0.28734,
        "precision_at_3": 0.18729,
        "precision_at_5": 0.1404,
        "precision_at_10": 0.08457,
        "precision_at_20": 0.04705,
        "precision_at_100": 0.00986,
        "precision_at_1000": 0.001,
        "mrr_at_1": 0.291607,
        "mrr_at_3": 0.410621,
        "mrr_at_5": 0.441844,
        "mrr_at_10": 0.461369,
        "mrr_at_20": 0.468119,
        "mrr_at_100": 0.469542,
        "mrr_at_1000": 0.469585,
        "nauc_ndcg_at_1_max": -0.077712,
        "nauc_ndcg_at_1_std": -0.097277,
        "nauc_ndcg_at_1_diff1": 0.064007,
        "nauc_ndcg_at_3_max": -0.077123,
        "nauc_ndcg_at_3_std": -0.112212,
        "nauc_ndcg_at_3_diff1": 0.016611,
        "nauc_ndcg_at_5_max": -0.052277,
        "nauc_ndcg_at_5_std": -0.094984,
        "nauc_ndcg_at_5_diff1": 0.023548,
        "nauc_ndcg_at_10_max": -0.046968,
        "nauc_ndcg_at_10_std": -0.087848,
        "nauc_ndcg_at_10_diff1": 0.025832,
        "nauc_ndcg_at_20_max": -0.053962,
        "nauc_ndcg_at_20_std": -0.093724,
        "nauc_ndcg_at_20_diff1": 0.022794,
        "nauc_ndcg_at_100_max": -0.056447,
        "nauc_ndcg_at_100_std": -0.091115,
        "nauc_ndcg_at_100_diff1": 0.028529,
        "nauc_ndcg_at_1000_max": -0.058317,
        "nauc_ndcg_at_1000_std": -0.092972,
        "nauc_ndcg_at_1000_diff1": 0.028057,
        "nauc_map_at_1_max": -0.077712,
        "nauc_map_at_1_std": -0.097277,
        "nauc_map_at_1_diff1": 0.064007,
        "nauc_map_at_3_max": -0.07797,
        "nauc_map_at_3_std": -0.107556,
        "nauc_map_at_3_diff1": 0.024842,
        "nauc_map_at_5_max": -0.065158,
        "nauc_map_at_5_std": -0.098527,
        "nauc_map_at_5_diff1": 0.028941,
        "nauc_map_at_10_max": -0.063344,
        "nauc_map_at_10_std": -0.096036,
        "nauc_map_at_10_diff1": 0.030266,
        "nauc_map_at_20_max": -0.064966,
        "nauc_map_at_20_std": -0.097734,
        "nauc_map_at_20_diff1": 0.029599,
        "nauc_map_at_100_max": -0.064925,
        "nauc_map_at_100_std": -0.097106,
        "nauc_map_at_100_diff1": 0.030616,
        "nauc_map_at_1000_max": -0.064985,
        "nauc_map_at_1000_std": -0.097131,
        "nauc_map_at_1000_diff1": 0.030594,
        "nauc_recall_at_1_max": -0.077712,
        "nauc_recall_at_1_std": -0.097277,
        "nauc_recall_at_1_diff1": 0.064007,
        "nauc_recall_at_3_max": -0.074309,
        "nauc_recall_at_3_std": -0.126478,
        "nauc_recall_at_3_diff1": -0.006456,
        "nauc_recall_at_5_max": -0.000326,
        "nauc_recall_at_5_std": -0.079034,
        "nauc_recall_at_5_diff1": 0.007134,
        "nauc_recall_at_10_max": 0.063543,
        "nauc_recall_at_10_std": -0.027327,
        "nauc_recall_at_10_diff1": 0.005068,
        "nauc_recall_at_20_max": 0.101333,
        "nauc_recall_at_20_std": -0.02675,
        "nauc_recall_at_20_diff1": -0.073587,
        "nauc_recall_at_100_max": 0.282976,
        "nauc_recall_at_100_std": 0.340932,
        "nauc_recall_at_100_diff1": 0.050937,
        "nauc_recall_at_1000_max": 0.247752,
        "nauc_recall_at_1000_std": 0.409637,
        "nauc_recall_at_1000_diff1": -0.10414,
        "nauc_precision_at_1_max": -0.077712,
        "nauc_precision_at_1_std": -0.097277,
        "nauc_precision_at_1_diff1": 0.064007,
        "nauc_precision_at_3_max": -0.074309,
        "nauc_precision_at_3_std": -0.126478,
        "nauc_precision_at_3_diff1": -0.006456,
        "nauc_precision_at_5_max": -0.000326,
        "nauc_precision_at_5_std": -0.079034,
        "nauc_precision_at_5_diff1": 0.007134,
        "nauc_precision_at_10_max": 0.063543,
        "nauc_precision_at_10_std": -0.027327,
        "nauc_precision_at_10_diff1": 0.005068,
        "nauc_precision_at_20_max": 0.101333,
        "nauc_precision_at_20_std": -0.02675,
        "nauc_precision_at_20_diff1": -0.073587,
        "nauc_precision_at_100_max": 0.282976,
        "nauc_precision_at_100_std": 0.340932,
        "nauc_precision_at_100_diff1": 0.050937,
        "nauc_precision_at_1000_max": 0.247752,
        "nauc_precision_at_1000_std": 0.409637,
        "nauc_precision_at_1000_diff1": -0.10414,
        "nauc_mrr_at_1_max": -0.082638,
        "nauc_mrr_at_1_std": -0.093961,
        "nauc_mrr_at_1_diff1": 0.051033,
        "nauc_mrr_at_3_max": -0.083095,
        "nauc_mrr_at_3_std": -0.104747,
        "nauc_mrr_at_3_diff1": 0.013895,
        "nauc_mrr_at_5_max": -0.074379,
        "nauc_mrr_at_5_std": -0.098307,
        "nauc_mrr_at_5_diff1": 0.015256,
        "nauc_mrr_at_10_max": -0.070411,
        "nauc_mrr_at_10_std": -0.094977,
        "nauc_mrr_at_10_diff1": 0.018396,
        "nauc_mrr_at_20_max": -0.072194,
        "nauc_mrr_at_20_std": -0.096649,
        "nauc_mrr_at_20_diff1": 0.017465,
        "nauc_mrr_at_100_max": -0.072191,
        "nauc_mrr_at_100_std": -0.096018,
        "nauc_mrr_at_100_diff1": 0.018418,
        "nauc_mrr_at_1000_max": -0.072253,
        "nauc_mrr_at_1000_std": -0.096043,
        "nauc_mrr_at_1000_diff1": 0.018395,
        "main_score": 0.5521,
        "hf_subset": "default",
        "languages": [
          "eng-Latn"
        ]
      }
    ]
  },
  "evaluation_time": 58.810025453567505,
  "kg_co2_emissions": null
}