{
  "dataset_revision": "5d958fb6b31055495347724d46431ba41309b03a",
  "task_name": "ChemNQRetrieval",
  "mteb_version": "1.34.8",
  "scores": {
    "test": [
      {
        "ndcg_at_1": 0.2963,
        "ndcg_at_3": 0.34954,
        "ndcg_at_5": 0.42574,
        "ndcg_at_10": 0.44405,
        "ndcg_at_20": 0.47687,
        "ndcg_at_100": 0.53012,
        "ndcg_at_1000": 0.53256,
        "map_at_1": 0.25926,
        "map_at_3": 0.32099,
        "map_at_5": 0.37099,
        "map_at_10": 0.37973,
        "map_at_20": 0.38839,
        "map_at_100": 0.3979,
        "map_at_1000": 0.39817,
        "recall_at_1": 0.25926,
        "recall_at_3": 0.38889,
        "recall_at_5": 0.55556,
        "recall_at_10": 0.61111,
        "recall_at_20": 0.7284,
        "recall_at_100": 0.98765,
        "recall_at_1000": 1.0,
        "precision_at_1": 0.2963,
        "precision_at_3": 0.16049,
        "precision_at_5": 0.14074,
        "precision_at_10": 0.07778,
        "precision_at_20": 0.04815,
        "precision_at_100": 0.01259,
        "precision_at_1000": 0.0013,
        "mrr_at_1": 0.296296,
        "mrr_at_3": 0.364198,
        "mrr_at_5": 0.399383,
        "mrr_at_10": 0.403498,
        "mrr_at_20": 0.413203,
        "mrr_at_100": 0.420649,
        "mrr_at_1000": 0.420649,
        "nauc_ndcg_at_1_max": 0.402595,
        "nauc_ndcg_at_1_std": 0.19931,
        "nauc_ndcg_at_1_diff1": 0.22428,
        "nauc_ndcg_at_3_max": 0.43634,
        "nauc_ndcg_at_3_std": 0.339088,
        "nauc_ndcg_at_3_diff1": 0.240576,
        "nauc_ndcg_at_5_max": 0.551599,
        "nauc_ndcg_at_5_std": 0.234415,
        "nauc_ndcg_at_5_diff1": 0.184513,
        "nauc_ndcg_at_10_max": 0.540623,
        "nauc_ndcg_at_10_std": 0.234499,
        "nauc_ndcg_at_10_diff1": 0.167879,
        "nauc_ndcg_at_20_max": 0.511709,
        "nauc_ndcg_at_20_std": 0.194816,
        "nauc_ndcg_at_20_diff1": 0.10801,
        "nauc_ndcg_at_100_max": 0.506886,
        "nauc_ndcg_at_100_std": 0.243141,
        "nauc_ndcg_at_100_diff1": 0.17786,
        "nauc_ndcg_at_1000_max": 0.500685,
        "nauc_ndcg_at_1000_std": 0.236521,
        "nauc_ndcg_at_1000_diff1": 0.173756,
        "nauc_map_at_1_max": 0.350235,
        "nauc_map_at_1_std": 0.222691,
        "nauc_map_at_1_diff1": 0.290989,
        "nauc_map_at_3_max": 0.420334,
        "nauc_map_at_3_std": 0.321765,
        "nauc_map_at_3_diff1": 0.252048,
        "nauc_map_at_5_max": 0.496203,
        "nauc_map_at_5_std": 0.257268,
        "nauc_map_at_5_diff1": 0.204413,
        "nauc_map_at_10_max": 0.493781,
        "nauc_map_at_10_std": 0.254737,
        "nauc_map_at_10_diff1": 0.202423,
        "nauc_map_at_20_max": 0.486073,
        "nauc_map_at_20_std": 0.24438,
        "nauc_map_at_20_diff1": 0.18651,
        "nauc_map_at_100_max": 0.484721,
        "nauc_map_at_100_std": 0.249966,
        "nauc_map_at_100_diff1": 0.200796,
        "nauc_map_at_1000_max": 0.484168,
        "nauc_map_at_1000_std": 0.249381,
        "nauc_map_at_1000_diff1": 0.200446,
        "nauc_recall_at_1_max": 0.350235,
        "nauc_recall_at_1_std": 0.222691,
        "nauc_recall_at_1_diff1": 0.290989,
        "nauc_recall_at_3_max": 0.422533,
        "nauc_recall_at_3_std": 0.360006,
        "nauc_recall_at_3_diff1": 0.284554,
        "nauc_recall_at_5_max": 0.689847,
        "nauc_recall_at_5_std": 0.133008,
        "nauc_recall_at_5_diff1": 0.173088,
        "nauc_recall_at_10_max": 0.64869,
        "nauc_recall_at_10_std": 0.130845,
        "nauc_recall_at_10_diff1": 0.100314,
        "nauc_recall_at_20_max": 0.553264,
        "nauc_recall_at_20_std": -0.081427,
        "nauc_recall_at_20_diff1": -0.207069,
        "nauc_recall_at_100_max": 1.0,
        "nauc_recall_at_100_std": 0.867647,
        "nauc_recall_at_100_diff1": 0.556079,
        "nauc_recall_at_1000_max": NaN,
        "nauc_recall_at_1000_std": NaN,
        "nauc_recall_at_1000_diff1": NaN,
        "nauc_precision_at_1_max": 0.402595,
        "nauc_precision_at_1_std": 0.19931,
        "nauc_precision_at_1_diff1": 0.22428,
        "nauc_precision_at_3_max": 0.514462,
        "nauc_precision_at_3_std": 0.396305,
        "nauc_precision_at_3_diff1": 0.074155,
        "nauc_precision_at_5_max": 0.636896,
        "nauc_precision_at_5_std": 0.138149,
        "nauc_precision_at_5_diff1": -0.037382,
        "nauc_precision_at_10_max": 0.560202,
        "nauc_precision_at_10_std": 0.105555,
        "nauc_precision_at_10_diff1": -0.065296,
        "nauc_precision_at_20_max": 0.352887,
        "nauc_precision_at_20_std": -0.087803,
        "nauc_precision_at_20_diff1": -0.286323,
        "nauc_precision_at_100_max": 0.124697,
        "nauc_precision_at_100_std": 0.039939,
        "nauc_precision_at_100_diff1": -0.295127,
        "nauc_precision_at_1000_max": 0.008941,
        "nauc_precision_at_1000_std": -0.049214,
        "nauc_precision_at_1000_diff1": -0.299251,
        "nauc_mrr_at_1_max": 0.402595,
        "nauc_mrr_at_1_std": 0.19931,
        "nauc_mrr_at_1_diff1": 0.22428,
        "nauc_mrr_at_3_max": 0.455017,
        "nauc_mrr_at_3_std": 0.320511,
        "nauc_mrr_at_3_diff1": 0.176019,
        "nauc_mrr_at_5_max": 0.507678,
        "nauc_mrr_at_5_std": 0.266669,
        "nauc_mrr_at_5_diff1": 0.165996,
        "nauc_mrr_at_10_max": 0.500632,
        "nauc_mrr_at_10_std": 0.270567,
        "nauc_mrr_at_10_diff1": 0.15507,
        "nauc_mrr_at_20_max": 0.49257,
        "nauc_mrr_at_20_std": 0.261714,
        "nauc_mrr_at_20_diff1": 0.139638,
        "nauc_mrr_at_100_max": 0.492227,
        "nauc_mrr_at_100_std": 0.262564,
        "nauc_mrr_at_100_diff1": 0.154081,
        "nauc_mrr_at_1000_max": 0.492227,
        "nauc_mrr_at_1000_std": 0.262564,
        "nauc_mrr_at_1000_diff1": 0.154081,
        "main_score": 0.44405,
        "hf_subset": "default",
        "languages": [
          "eng-Latn"
        ]
      }
    ]
  },
  "evaluation_time": 158.6825361251831,
  "kg_co2_emissions": null
}