{
  "dataset_revision": "4adc7bc41202b5c13543c9c886a25f340634dab3",
  "task_name": "COIRCodeSearchNetRetrieval",
  "mteb_version": "1.34.8",
  "scores": {
    "test": [
      {
        "ndcg_at_1": 0.8778,
        "ndcg_at_3": 0.91387,
        "ndcg_at_5": 0.91984,
        "ndcg_at_10": 0.92491,
        "ndcg_at_20": 0.92767,
        "ndcg_at_100": 0.93006,
        "ndcg_at_1000": 0.93083,
        "map_at_1": 0.8778,
        "map_at_3": 0.90545,
        "map_at_5": 0.90876,
        "map_at_10": 0.91087,
        "map_at_20": 0.91164,
        "map_at_100": 0.91197,
        "map_at_1000": 0.912,
        "recall_at_1": 0.8778,
        "recall_at_3": 0.93806,
        "recall_at_5": 0.95254,
        "recall_at_10": 0.96816,
        "recall_at_20": 0.97902,
        "recall_at_100": 0.99182,
        "recall_at_1000": 0.99792,
        "precision_at_1": 0.8778,
        "precision_at_3": 0.31269,
        "precision_at_5": 0.19051,
        "precision_at_10": 0.09682,
        "precision_at_20": 0.04895,
        "precision_at_100": 0.00992,
        "precision_at_1000": 0.001,
        "mrr_at_1": 0.877665,
        "mrr_at_3": 0.905383,
        "mrr_at_5": 0.908698,
        "mrr_at_10": 0.910804,
        "mrr_at_20": 0.911568,
        "mrr_at_100": 0.911901,
        "mrr_at_1000": 0.91193,
        "nauc_ndcg_at_1_max": 0.803008,
        "nauc_ndcg_at_1_std": 0.077289,
        "nauc_ndcg_at_1_diff1": 0.912405,
        "nauc_ndcg_at_3_max": 0.83136,
        "nauc_ndcg_at_3_std": 0.083387,
        "nauc_ndcg_at_3_diff1": 0.903903,
        "nauc_ndcg_at_5_max": 0.829839,
        "nauc_ndcg_at_5_std": 0.07962,
        "nauc_ndcg_at_5_diff1": 0.904227,
        "nauc_ndcg_at_10_max": 0.830062,
        "nauc_ndcg_at_10_std": 0.090141,
        "nauc_ndcg_at_10_diff1": 0.905403,
        "nauc_ndcg_at_20_max": 0.828478,
        "nauc_ndcg_at_20_std": 0.091816,
        "nauc_ndcg_at_20_diff1": 0.905571,
        "nauc_ndcg_at_100_max": 0.827067,
        "nauc_ndcg_at_100_std": 0.09321,
        "nauc_ndcg_at_100_diff1": 0.906241,
        "nauc_ndcg_at_1000_max": 0.825811,
        "nauc_ndcg_at_1000_std": 0.089846,
        "nauc_ndcg_at_1000_diff1": 0.905983,
        "nauc_map_at_1_max": 0.803008,
        "nauc_map_at_1_std": 0.077289,
        "nauc_map_at_1_diff1": 0.912405,
        "nauc_map_at_3_max": 0.823506,
        "nauc_map_at_3_std": 0.081347,
        "nauc_map_at_3_diff1": 0.905849,
        "nauc_map_at_5_max": 0.822472,
        "nauc_map_at_5_std": 0.079415,
        "nauc_map_at_5_diff1": 0.906042,
        "nauc_map_at_10_max": 0.822388,
        "nauc_map_at_10_std": 0.083003,
        "nauc_map_at_10_diff1": 0.906509,
        "nauc_map_at_20_max": 0.821969,
        "nauc_map_at_20_std": 0.083362,
        "nauc_map_at_20_diff1": 0.906568,
        "nauc_map_at_100_max": 0.821804,
        "nauc_map_at_100_std": 0.08349,
        "nauc_map_at_100_diff1": 0.906629,
        "nauc_map_at_1000_max": 0.821771,
        "nauc_map_at_1000_std": 0.083418,
        "nauc_map_at_1000_diff1": 0.906624,
        "nauc_recall_at_1_max": 0.803008,
        "nauc_recall_at_1_std": 0.077289,
        "nauc_recall_at_1_diff1": 0.912405,
        "nauc_recall_at_3_max": 0.864867,
        "nauc_recall_at_3_std": 0.092334,
        "nauc_recall_at_3_diff1": 0.895886,
        "nauc_recall_at_5_max": 0.868941,
        "nauc_recall_at_5_std": 0.079941,
        "nauc_recall_at_5_diff1": 0.895044,
        "nauc_recall_at_10_max": 0.889512,
        "nauc_recall_at_10_std": 0.156842,
        "nauc_recall_at_10_diff1": 0.898801,
        "nauc_recall_at_20_max": 0.898846,
        "nauc_recall_at_20_std": 0.212537,
        "nauc_recall_at_20_diff1": 0.897285,
        "nauc_recall_at_100_max": 0.942408,
        "nauc_recall_at_100_std": 0.460806,
        "nauc_recall_at_100_diff1": 0.917171,
        "nauc_recall_at_1000_max": 0.945031,
        "nauc_recall_at_1000_std": 0.611925,
        "nauc_recall_at_1000_diff1": 0.878993,
        "nauc_precision_at_1_max": 0.803008,
        "nauc_precision_at_1_std": 0.077289,
        "nauc_precision_at_1_diff1": 0.912405,
        "nauc_precision_at_3_max": 0.864867,
        "nauc_precision_at_3_std": 0.092334,
        "nauc_precision_at_3_diff1": 0.895886,
        "nauc_precision_at_5_max": 0.868941,
        "nauc_precision_at_5_std": 0.079941,
        "nauc_precision_at_5_diff1": 0.895044,
        "nauc_precision_at_10_max": 0.889512,
        "nauc_precision_at_10_std": 0.156842,
        "nauc_precision_at_10_diff1": 0.898801,
        "nauc_precision_at_20_max": 0.898846,
        "nauc_precision_at_20_std": 0.212537,
        "nauc_precision_at_20_diff1": 0.897285,
        "nauc_precision_at_100_max": 0.942408,
        "nauc_precision_at_100_std": 0.460806,
        "nauc_precision_at_100_diff1": 0.917171,
        "nauc_precision_at_1000_max": 0.945031,
        "nauc_precision_at_1000_std": 0.611925,
        "nauc_precision_at_1000_diff1": 0.878993,
        "nauc_mrr_at_1_max": 0.802374,
        "nauc_mrr_at_1_std": 0.075183,
        "nauc_mrr_at_1_diff1": 0.912637,
        "nauc_mrr_at_3_max": 0.823087,
        "nauc_mrr_at_3_std": 0.079995,
        "nauc_mrr_at_3_diff1": 0.906002,
        "nauc_mrr_at_5_max": 0.822038,
        "nauc_mrr_at_5_std": 0.078014,
        "nauc_mrr_at_5_diff1": 0.9062,
        "nauc_mrr_at_10_max": 0.821944,
        "nauc_mrr_at_10_std": 0.081566,
        "nauc_mrr_at_10_diff1": 0.906671,
        "nauc_mrr_at_20_max": 0.821521,
        "nauc_mrr_at_20_std": 0.081912,
        "nauc_mrr_at_20_diff1": 0.906731,
        "nauc_mrr_at_100_max": 0.821354,
        "nauc_mrr_at_100_std": 0.082035,
        "nauc_mrr_at_100_diff1": 0.906793,
        "nauc_mrr_at_1000_max": 0.821321,
        "nauc_mrr_at_1000_std": 0.081962,
        "nauc_mrr_at_1000_diff1": 0.906788,
        "main_score": 0.92491,
        "hf_subset": "python",
        "languages": [
          "python-Code"
        ]
      }
    ]
  },
  "evaluation_time": 1033.6385850906372,
  "kg_co2_emissions": null
}