{
  "dataset_revision": "27a168819829fe9bcd655c2df245fb19452e8e06",
  "task_name": "FiQA2018",
  "mteb_version": "1.34.8",
  "scores": {
    "test": [
      {
        "ndcg_at_1": 0.41049,
        "ndcg_at_3": 0.37431,
        "ndcg_at_5": 0.38353,
        "ndcg_at_10": 0.40883,
        "ndcg_at_20": 0.43364,
        "ndcg_at_100": 0.47242,
        "ndcg_at_1000": 0.50146,
        "map_at_1": 0.2025,
        "map_at_3": 0.28842,
        "map_at_5": 0.3109,
        "map_at_10": 0.33013,
        "map_at_20": 0.33952,
        "map_at_100": 0.34723,
        "map_at_1000": 0.3489,
        "recall_at_1": 0.2025,
        "recall_at_3": 0.33924,
        "recall_at_5": 0.39578,
        "recall_at_10": 0.47717,
        "recall_at_20": 0.55434,
        "recall_at_100": 0.71452,
        "recall_at_1000": 0.88895,
        "precision_at_1": 0.41049,
        "precision_at_3": 0.25206,
        "precision_at_5": 0.18302,
        "precision_at_10": 0.11327,
        "precision_at_20": 0.06736,
        "precision_at_100": 0.01793,
        "precision_at_1000": 0.00232,
        "mrr_at_1": 0.410494,
        "mrr_at_3": 0.472479,
        "mrr_at_5": 0.483591,
        "mrr_at_10": 0.493592,
        "mrr_at_20": 0.497902,
        "mrr_at_100": 0.501117,
        "mrr_at_1000": 0.501459,
        "nauc_ndcg_at_1_max": 0.414836,
        "nauc_ndcg_at_1_std": -0.072667,
        "nauc_ndcg_at_1_diff1": 0.530371,
        "nauc_ndcg_at_3_max": 0.368851,
        "nauc_ndcg_at_3_std": -0.028483,
        "nauc_ndcg_at_3_diff1": 0.403204,
        "nauc_ndcg_at_5_max": 0.360744,
        "nauc_ndcg_at_5_std": -0.019963,
        "nauc_ndcg_at_5_diff1": 0.405838,
        "nauc_ndcg_at_10_max": 0.371239,
        "nauc_ndcg_at_10_std": -0.004958,
        "nauc_ndcg_at_10_diff1": 0.394946,
        "nauc_ndcg_at_20_max": 0.37823,
        "nauc_ndcg_at_20_std": 0.006363,
        "nauc_ndcg_at_20_diff1": 0.393032,
        "nauc_ndcg_at_100_max": 0.388806,
        "nauc_ndcg_at_100_std": 0.025339,
        "nauc_ndcg_at_100_diff1": 0.397435,
        "nauc_ndcg_at_1000_max": 0.40354,
        "nauc_ndcg_at_1000_std": 0.022138,
        "nauc_ndcg_at_1000_diff1": 0.407112,
        "nauc_map_at_1_max": 0.251672,
        "nauc_map_at_1_std": -0.084229,
        "nauc_map_at_1_diff1": 0.443518,
        "nauc_map_at_3_max": 0.303227,
        "nauc_map_at_3_std": -0.05162,
        "nauc_map_at_3_diff1": 0.396421,
        "nauc_map_at_5_max": 0.326787,
        "nauc_map_at_5_std": -0.037723,
        "nauc_map_at_5_diff1": 0.396834,
        "nauc_map_at_10_max": 0.350263,
        "nauc_map_at_10_std": -0.026616,
        "nauc_map_at_10_diff1": 0.392455,
        "nauc_map_at_20_max": 0.355141,
        "nauc_map_at_20_std": -0.02204,
        "nauc_map_at_20_diff1": 0.392341,
        "nauc_map_at_100_max": 0.358779,
        "nauc_map_at_100_std": -0.018222,
        "nauc_map_at_100_diff1": 0.393765,
        "nauc_map_at_1000_max": 0.360328,
        "nauc_map_at_1000_std": -0.017982,
        "nauc_map_at_1000_diff1": 0.394794,
        "nauc_recall_at_1_max": 0.251672,
        "nauc_recall_at_1_std": -0.084229,
        "nauc_recall_at_1_diff1": 0.443518,
        "nauc_recall_at_3_max": 0.250573,
        "nauc_recall_at_3_std": -0.02725,
        "nauc_recall_at_3_diff1": 0.317089,
        "nauc_recall_at_5_max": 0.268504,
        "nauc_recall_at_5_std": 0.010602,
        "nauc_recall_at_5_diff1": 0.307204,
        "nauc_recall_at_10_max": 0.292844,
        "nauc_recall_at_10_std": 0.042823,
        "nauc_recall_at_10_diff1": 0.261602,
        "nauc_recall_at_20_max": 0.298898,
        "nauc_recall_at_20_std": 0.084163,
        "nauc_recall_at_20_diff1": 0.242166,
        "nauc_recall_at_100_max": 0.287186,
        "nauc_recall_at_100_std": 0.199608,
        "nauc_recall_at_100_diff1": 0.199171,
        "nauc_recall_at_1000_max": 0.403579,
        "nauc_recall_at_1000_std": 0.331979,
        "nauc_recall_at_1000_diff1": 0.167653,
        "nauc_precision_at_1_max": 0.414836,
        "nauc_precision_at_1_std": -0.072667,
        "nauc_precision_at_1_diff1": 0.530371,
        "nauc_precision_at_3_max": 0.400395,
        "nauc_precision_at_3_std": 0.020959,
        "nauc_precision_at_3_diff1": 0.299579,
        "nauc_precision_at_5_max": 0.420999,
        "nauc_precision_at_5_std": 0.055349,
        "nauc_precision_at_5_diff1": 0.269832,
        "nauc_precision_at_10_max": 0.442472,
        "nauc_precision_at_10_std": 0.092145,
        "nauc_precision_at_10_diff1": 0.222859,
        "nauc_precision_at_20_max": 0.427717,
        "nauc_precision_at_20_std": 0.11556,
        "nauc_precision_at_20_diff1": 0.18314,
        "nauc_precision_at_100_max": 0.381786,
        "nauc_precision_at_100_std": 0.150221,
        "nauc_precision_at_100_diff1": 0.126362,
        "nauc_precision_at_1000_max": 0.32988,
        "nauc_precision_at_1000_std": 0.120191,
        "nauc_precision_at_1000_diff1": 0.079854,
        "nauc_mrr_at_1_max": 0.414836,
        "nauc_mrr_at_1_std": -0.072667,
        "nauc_mrr_at_1_diff1": 0.530371,
        "nauc_mrr_at_3_max": 0.410095,
        "nauc_mrr_at_3_std": -0.05002,
        "nauc_mrr_at_3_diff1": 0.49555,
        "nauc_mrr_at_5_max": 0.414018,
        "nauc_mrr_at_5_std": -0.038405,
        "nauc_mrr_at_5_diff1": 0.493012,
        "nauc_mrr_at_10_max": 0.415392,
        "nauc_mrr_at_10_std": -0.033856,
        "nauc_mrr_at_10_diff1": 0.48916,
        "nauc_mrr_at_20_max": 0.415949,
        "nauc_mrr_at_20_std": -0.032832,
        "nauc_mrr_at_20_diff1": 0.488724,
        "nauc_mrr_at_100_max": 0.416344,
        "nauc_mrr_at_100_std": -0.032647,
        "nauc_mrr_at_100_diff1": 0.489473,
        "nauc_mrr_at_1000_max": 0.416389,
        "nauc_mrr_at_1000_std": -0.032811,
        "nauc_mrr_at_1000_diff1": 0.489498,
        "main_score": 0.40883,
        "hf_subset": "default",
        "languages": [
          "eng-Latn"
        ]
      }
    ]
  },
  "evaluation_time": 288.99493646621704,
  "kg_co2_emissions": null
}