{
  "dataset_revision": "ae763399273d8b20506b80cf6f6f9a31a6a2b238",
  "task_name": "MedicalQARetrieval",
  "mteb_version": "1.34.8",
  "scores": {
    "test": [
      {
        "ndcg_at_1": 0.52441,
        "ndcg_at_3": 0.63697,
        "ndcg_at_5": 0.66169,
        "ndcg_at_10": 0.68354,
        "ndcg_at_20": 0.6957,
        "ndcg_at_100": 0.70678,
        "ndcg_at_1000": 0.71306,
        "map_at_1": 0.52441,
        "map_at_3": 0.60937,
        "map_at_5": 0.62319,
        "map_at_10": 0.63234,
        "map_at_20": 0.63578,
        "map_at_100": 0.63733,
        "map_at_1000": 0.63759,
        "recall_at_1": 0.52441,
        "recall_at_3": 0.7168,
        "recall_at_5": 0.77637,
        "recall_at_10": 0.84326,
        "recall_at_20": 0.89062,
        "recall_at_100": 0.9502,
        "recall_at_1000": 0.99854,
        "precision_at_1": 0.52441,
        "precision_at_3": 0.23893,
        "precision_at_5": 0.15527,
        "precision_at_10": 0.08433,
        "precision_at_20": 0.04453,
        "precision_at_100": 0.0095,
        "precision_at_1000": 0.001,
        "mrr_at_1": 0.523926,
        "mrr_at_3": 0.609049,
        "mrr_at_5": 0.62255,
        "mrr_at_10": 0.631991,
        "mrr_at_20": 0.635385,
        "mrr_at_100": 0.636937,
        "mrr_at_1000": 0.637191,
        "nauc_ndcg_at_1_max": 0.253899,
        "nauc_ndcg_at_1_std": -0.080747,
        "nauc_ndcg_at_1_diff1": 0.486389,
        "nauc_ndcg_at_3_max": 0.248927,
        "nauc_ndcg_at_3_std": -0.088436,
        "nauc_ndcg_at_3_diff1": 0.419179,
        "nauc_ndcg_at_5_max": 0.253411,
        "nauc_ndcg_at_5_std": -0.079473,
        "nauc_ndcg_at_5_diff1": 0.412697,
        "nauc_ndcg_at_10_max": 0.263917,
        "nauc_ndcg_at_10_std": -0.071043,
        "nauc_ndcg_at_10_diff1": 0.407215,
        "nauc_ndcg_at_20_max": 0.28045,
        "nauc_ndcg_at_20_std": -0.064122,
        "nauc_ndcg_at_20_diff1": 0.409647,
        "nauc_ndcg_at_100_max": 0.277334,
        "nauc_ndcg_at_100_std": -0.059514,
        "nauc_ndcg_at_100_diff1": 0.418863,
        "nauc_ndcg_at_1000_max": 0.267629,
        "nauc_ndcg_at_1000_std": -0.068433,
        "nauc_ndcg_at_1000_diff1": 0.423429,
        "nauc_map_at_1_max": 0.253899,
        "nauc_map_at_1_std": -0.080747,
        "nauc_map_at_1_diff1": 0.486389,
        "nauc_map_at_3_max": 0.248392,
        "nauc_map_at_3_std": -0.086622,
        "nauc_map_at_3_diff1": 0.437343,
        "nauc_map_at_5_max": 0.250486,
        "nauc_map_at_5_std": -0.081863,
        "nauc_map_at_5_diff1": 0.434437,
        "nauc_map_at_10_max": 0.253846,
        "nauc_map_at_10_std": -0.078889,
        "nauc_map_at_10_diff1": 0.432752,
        "nauc_map_at_20_max": 0.258058,
        "nauc_map_at_20_std": -0.077032,
        "nauc_map_at_20_diff1": 0.433527,
        "nauc_map_at_100_max": 0.258107,
        "nauc_map_at_100_std": -0.076333,
        "nauc_map_at_100_diff1": 0.434607,
        "nauc_map_at_1000_max": 0.257771,
        "nauc_map_at_1000_std": -0.076599,
        "nauc_map_at_1000_diff1": 0.434733,
        "nauc_recall_at_1_max": 0.253899,
        "nauc_recall_at_1_std": -0.080747,
        "nauc_recall_at_1_diff1": 0.486389,
        "nauc_recall_at_3_max": 0.251763,
        "nauc_recall_at_3_std": -0.09467,
        "nauc_recall_at_3_diff1": 0.355426,
        "nauc_recall_at_5_max": 0.267855,
        "nauc_recall_at_5_std": -0.067806,
        "nauc_recall_at_5_diff1": 0.322391,
        "nauc_recall_at_10_max": 0.331967,
        "nauc_recall_at_10_std": -0.019117,
        "nauc_recall_at_10_diff1": 0.263183,
        "nauc_recall_at_20_max": 0.495481,
        "nauc_recall_at_20_std": 0.055671,
        "nauc_recall_at_20_diff1": 0.231168,
        "nauc_recall_at_100_max": 0.629936,
        "nauc_recall_at_100_std": 0.29281,
        "nauc_recall_at_100_diff1": 0.26084,
        "nauc_recall_at_1000_max": 0.907391,
        "nauc_recall_at_1000_std": 1.0,
        "nauc_recall_at_1000_diff1": 0.758775,
        "nauc_precision_at_1_max": 0.253899,
        "nauc_precision_at_1_std": -0.080747,
        "nauc_precision_at_1_diff1": 0.486389,
        "nauc_precision_at_3_max": 0.251763,
        "nauc_precision_at_3_std": -0.09467,
        "nauc_precision_at_3_diff1": 0.355426,
        "nauc_precision_at_5_max": 0.267855,
        "nauc_precision_at_5_std": -0.067806,
        "nauc_precision_at_5_diff1": 0.322391,
        "nauc_precision_at_10_max": 0.331967,
        "nauc_precision_at_10_std": -0.019117,
        "nauc_precision_at_10_diff1": 0.263183,
        "nauc_precision_at_20_max": 0.495481,
        "nauc_precision_at_20_std": 0.055671,
        "nauc_precision_at_20_diff1": 0.231168,
        "nauc_precision_at_100_max": 0.629936,
        "nauc_precision_at_100_std": 0.29281,
        "nauc_precision_at_100_diff1": 0.26084,
        "nauc_precision_at_1000_max": 0.907391,
        "nauc_precision_at_1000_std": 1.0,
        "nauc_precision_at_1000_diff1": 0.758775,
        "nauc_mrr_at_1_max": 0.255197,
        "nauc_mrr_at_1_std": -0.079277,
        "nauc_mrr_at_1_diff1": 0.487569,
        "nauc_mrr_at_3_max": 0.248231,
        "nauc_mrr_at_3_std": -0.086388,
        "nauc_mrr_at_3_diff1": 0.438231,
        "nauc_mrr_at_5_max": 0.250265,
        "nauc_mrr_at_5_std": -0.081557,
        "nauc_mrr_at_5_diff1": 0.436104,
        "nauc_mrr_at_10_max": 0.25465,
        "nauc_mrr_at_10_std": -0.078114,
        "nauc_mrr_at_10_diff1": 0.433968,
        "nauc_mrr_at_20_max": 0.258558,
        "nauc_mrr_at_20_std": -0.076328,
        "nauc_mrr_at_20_diff1": 0.43467,
        "nauc_mrr_at_100_max": 0.258609,
        "nauc_mrr_at_100_std": -0.075626,
        "nauc_mrr_at_100_diff1": 0.435754,
        "nauc_mrr_at_1000_max": 0.258274,
        "nauc_mrr_at_1000_std": -0.075891,
        "nauc_mrr_at_1000_diff1": 0.435882,
        "main_score": 0.68354,
        "hf_subset": "default",
        "languages": [
          "eng-Latn"
        ]
      }
    ]
  },
  "evaluation_time": 42.62738227844238,
  "kg_co2_emissions": null
}