{
  "dataset_revision": "f8c2fcf00f625baaa80f62ec5bd9e1fff3b8ae88",
  "task_name": "SCIDOCS",
  "mteb_version": "1.34.8",
  "scores": {
    "test": [
      {
        "ndcg_at_1": 0.208,
        "ndcg_at_3": 0.16603,
        "ndcg_at_5": 0.1445,
        "ndcg_at_10": 0.17113,
        "ndcg_at_20": 0.19667,
        "ndcg_at_100": 0.2439,
        "ndcg_at_1000": 0.29299,
        "map_at_1": 0.04228,
        "map_at_3": 0.07368,
        "map_at_5": 0.08718,
        "map_at_10": 0.10052,
        "map_at_20": 0.10956,
        "map_at_100": 0.1182,
        "map_at_1000": 0.12087,
        "recall_at_1": 0.04228,
        "recall_at_3": 0.09403,
        "recall_at_5": 0.12783,
        "recall_at_10": 0.1768,
        "recall_at_20": 0.23682,
        "recall_at_100": 0.39137,
        "recall_at_1000": 0.63052,
        "precision_at_1": 0.208,
        "precision_at_3": 0.15467,
        "precision_at_5": 0.1262,
        "precision_at_10": 0.0871,
        "precision_at_20": 0.0583,
        "precision_at_100": 0.01927,
        "precision_at_1000": 0.00311,
        "mrr_at_1": 0.208,
        "mrr_at_3": 0.274167,
        "mrr_at_5": 0.291467,
        "mrr_at_10": 0.303835,
        "mrr_at_20": 0.310484,
        "mrr_at_100": 0.3151,
        "mrr_at_1000": 0.315715,
        "nauc_ndcg_at_1_max": 0.266749,
        "nauc_ndcg_at_1_std": 0.039733,
        "nauc_ndcg_at_1_diff1": 0.14507,
        "nauc_ndcg_at_3_max": 0.337624,
        "nauc_ndcg_at_3_std": 0.103246,
        "nauc_ndcg_at_3_diff1": 0.109066,
        "nauc_ndcg_at_5_max": 0.375991,
        "nauc_ndcg_at_5_std": 0.133869,
        "nauc_ndcg_at_5_diff1": 0.125214,
        "nauc_ndcg_at_10_max": 0.400902,
        "nauc_ndcg_at_10_std": 0.167001,
        "nauc_ndcg_at_10_diff1": 0.109752,
        "nauc_ndcg_at_20_max": 0.419283,
        "nauc_ndcg_at_20_std": 0.197602,
        "nauc_ndcg_at_20_diff1": 0.111102,
        "nauc_ndcg_at_100_max": 0.451335,
        "nauc_ndcg_at_100_std": 0.248079,
        "nauc_ndcg_at_100_diff1": 0.119269,
        "nauc_ndcg_at_1000_max": 0.459027,
        "nauc_ndcg_at_1000_std": 0.274299,
        "nauc_ndcg_at_1000_diff1": 0.121967,
        "nauc_map_at_1_max": 0.268013,
        "nauc_map_at_1_std": 0.039612,
        "nauc_map_at_1_diff1": 0.150675,
        "nauc_map_at_3_max": 0.334233,
        "nauc_map_at_3_std": 0.080325,
        "nauc_map_at_3_diff1": 0.11225,
        "nauc_map_at_5_max": 0.377952,
        "nauc_map_at_5_std": 0.11652,
        "nauc_map_at_5_diff1": 0.12401,
        "nauc_map_at_10_max": 0.404335,
        "nauc_map_at_10_std": 0.148238,
        "nauc_map_at_10_diff1": 0.115754,
        "nauc_map_at_20_max": 0.415991,
        "nauc_map_at_20_std": 0.166198,
        "nauc_map_at_20_diff1": 0.116304,
        "nauc_map_at_100_max": 0.42784,
        "nauc_map_at_100_std": 0.184351,
        "nauc_map_at_100_diff1": 0.118186,
        "nauc_map_at_1000_max": 0.429931,
        "nauc_map_at_1000_std": 0.188612,
        "nauc_map_at_1000_diff1": 0.119043,
        "nauc_recall_at_1_max": 0.268013,
        "nauc_recall_at_1_std": 0.039612,
        "nauc_recall_at_1_diff1": 0.150675,
        "nauc_recall_at_3_max": 0.356393,
        "nauc_recall_at_3_std": 0.125332,
        "nauc_recall_at_3_diff1": 0.09455,
        "nauc_recall_at_5_max": 0.406681,
        "nauc_recall_at_5_std": 0.171009,
        "nauc_recall_at_5_diff1": 0.119403,
        "nauc_recall_at_10_max": 0.421897,
        "nauc_recall_at_10_std": 0.215381,
        "nauc_recall_at_10_diff1": 0.084657,
        "nauc_recall_at_20_max": 0.440764,
        "nauc_recall_at_20_std": 0.265773,
        "nauc_recall_at_20_diff1": 0.085008,
        "nauc_recall_at_100_max": 0.469155,
        "nauc_recall_at_100_std": 0.359715,
        "nauc_recall_at_100_diff1": 0.095205,
        "nauc_recall_at_1000_max": 0.440353,
        "nauc_recall_at_1000_std": 0.427946,
        "nauc_recall_at_1000_diff1": 0.087131,
        "nauc_precision_at_1_max": 0.266749,
        "nauc_precision_at_1_std": 0.039733,
        "nauc_precision_at_1_diff1": 0.14507,
        "nauc_precision_at_3_max": 0.357391,
        "nauc_precision_at_3_std": 0.128628,
        "nauc_precision_at_3_diff1": 0.092435,
        "nauc_precision_at_5_max": 0.40873,
        "nauc_precision_at_5_std": 0.175531,
        "nauc_precision_at_5_diff1": 0.116932,
        "nauc_precision_at_10_max": 0.424161,
        "nauc_precision_at_10_std": 0.219525,
        "nauc_precision_at_10_diff1": 0.081914,
        "nauc_precision_at_20_max": 0.440851,
        "nauc_precision_at_20_std": 0.268611,
        "nauc_precision_at_20_diff1": 0.083315,
        "nauc_precision_at_100_max": 0.468487,
        "nauc_precision_at_100_std": 0.360591,
        "nauc_precision_at_100_diff1": 0.095463,
        "nauc_precision_at_1000_max": 0.428839,
        "nauc_precision_at_1000_std": 0.42045,
        "nauc_precision_at_1000_diff1": 0.087093,
        "nauc_mrr_at_1_max": 0.266749,
        "nauc_mrr_at_1_std": 0.039733,
        "nauc_mrr_at_1_diff1": 0.14507,
        "nauc_mrr_at_3_max": 0.313847,
        "nauc_mrr_at_3_std": 0.10002,
        "nauc_mrr_at_3_diff1": 0.123602,
        "nauc_mrr_at_5_max": 0.317758,
        "nauc_mrr_at_5_std": 0.1036,
        "nauc_mrr_at_5_diff1": 0.129986,
        "nauc_mrr_at_10_max": 0.319232,
        "nauc_mrr_at_10_std": 0.108603,
        "nauc_mrr_at_10_diff1": 0.123287,
        "nauc_mrr_at_20_max": 0.32186,
        "nauc_mrr_at_20_std": 0.11239,
        "nauc_mrr_at_20_diff1": 0.124687,
        "nauc_mrr_at_100_max": 0.322013,
        "nauc_mrr_at_100_std": 0.112888,
        "nauc_mrr_at_100_diff1": 0.126204,
        "nauc_mrr_at_1000_max": 0.321764,
        "nauc_mrr_at_1000_std": 0.112573,
        "nauc_mrr_at_1000_diff1": 0.126021,
        "main_score": 0.17113,
        "hf_subset": "default",
        "languages": [
          "eng-Latn"
        ]
      }
    ]
  },
  "evaluation_time": 175.0827717781067,
  "kg_co2_emissions": null
}