{
  "dataset_revision": "f22508f96b7a36c2415181ed8bb76f76e04ae2d5",
  "task_name": "AppsRetrieval",
  "mteb_version": "1.34.8",
  "scores": {
    "test": [
      {
        "ndcg_at_1": 0.05498,
        "ndcg_at_3": 0.07255,
        "ndcg_at_5": 0.07907,
        "ndcg_at_10": 0.08485,
        "ndcg_at_20": 0.09242,
        "ndcg_at_100": 0.11108,
        "ndcg_at_1000": 0.1448,
        "map_at_1": 0.05498,
        "map_at_3": 0.06817,
        "map_at_5": 0.07182,
        "map_at_10": 0.07423,
        "map_at_20": 0.0763,
        "map_at_100": 0.07866,
        "map_at_1000": 0.07965,
        "recall_at_1": 0.05498,
        "recall_at_3": 0.08526,
        "recall_at_5": 0.10093,
        "recall_at_10": 0.11873,
        "recall_at_20": 0.14874,
        "recall_at_100": 0.25232,
        "recall_at_1000": 0.53413,
        "precision_at_1": 0.05498,
        "precision_at_3": 0.02842,
        "precision_at_5": 0.02019,
        "precision_at_10": 0.01187,
        "precision_at_20": 0.00744,
        "precision_at_100": 0.00252,
        "precision_at_1000": 0.00053,
        "mrr_at_1": 0.05498,
        "mrr_at_3": 0.068172,
        "mrr_at_5": 0.071824,
        "mrr_at_10": 0.074226,
        "mrr_at_20": 0.076295,
        "mrr_at_100": 0.078662,
        "mrr_at_1000": 0.079654,
        "nauc_ndcg_at_1_max": 0.436857,
        "nauc_ndcg_at_1_std": 0.035478,
        "nauc_ndcg_at_1_diff1": 0.477479,
        "nauc_ndcg_at_3_max": 0.411891,
        "nauc_ndcg_at_3_std": 0.042538,
        "nauc_ndcg_at_3_diff1": 0.372169,
        "nauc_ndcg_at_5_max": 0.397499,
        "nauc_ndcg_at_5_std": 0.044617,
        "nauc_ndcg_at_5_diff1": 0.342996,
        "nauc_ndcg_at_10_max": 0.390711,
        "nauc_ndcg_at_10_std": 0.049971,
        "nauc_ndcg_at_10_diff1": 0.323418,
        "nauc_ndcg_at_20_max": 0.374119,
        "nauc_ndcg_at_20_std": 0.054906,
        "nauc_ndcg_at_20_diff1": 0.296838,
        "nauc_ndcg_at_100_max": 0.35106,
        "nauc_ndcg_at_100_std": 0.067498,
        "nauc_ndcg_at_100_diff1": 0.258649,
        "nauc_ndcg_at_1000_max": 0.353335,
        "nauc_ndcg_at_1000_std": 0.087831,
        "nauc_ndcg_at_1000_diff1": 0.243956,
        "nauc_map_at_1_max": 0.436857,
        "nauc_map_at_1_std": 0.035478,
        "nauc_map_at_1_diff1": 0.477479,
        "nauc_map_at_3_max": 0.417503,
        "nauc_map_at_3_std": 0.041075,
        "nauc_map_at_3_diff1": 0.394014,
        "nauc_map_at_5_max": 0.408466,
        "nauc_map_at_5_std": 0.042616,
        "nauc_map_at_5_diff1": 0.374846,
        "nauc_map_at_10_max": 0.404705,
        "nauc_map_at_10_std": 0.044995,
        "nauc_map_at_10_diff1": 0.364876,
        "nauc_map_at_20_max": 0.399265,
        "nauc_map_at_20_std": 0.046662,
        "nauc_map_at_20_diff1": 0.355544,
        "nauc_map_at_100_max": 0.39495,
        "nauc_map_at_100_std": 0.048893,
        "nauc_map_at_100_diff1": 0.34809,
        "nauc_map_at_1000_max": 0.394799,
        "nauc_map_at_1000_std": 0.049935,
        "nauc_map_at_1000_diff1": 0.347099,
        "nauc_recall_at_1_max": 0.436857,
        "nauc_recall_at_1_std": 0.035478,
        "nauc_recall_at_1_diff1": 0.477479,
        "nauc_recall_at_3_max": 0.398694,
        "nauc_recall_at_3_std": 0.045945,
        "nauc_recall_at_3_diff1": 0.321312,
        "nauc_recall_at_5_max": 0.373206,
        "nauc_recall_at_5_std": 0.048798,
        "nauc_recall_at_5_diff1": 0.274305,
        "nauc_recall_at_10_max": 0.361518,
        "nauc_recall_at_10_std": 0.061068,
        "nauc_recall_at_10_diff1": 0.237476,
        "nauc_recall_at_20_max": 0.321662,
        "nauc_recall_at_20_std": 0.072462,
        "nauc_recall_at_20_diff1": 0.180578,
        "nauc_recall_at_100_max": 0.26901,
        "nauc_recall_at_100_std": 0.104335,
        "nauc_recall_at_100_diff1": 0.101851,
        "nauc_recall_at_1000_max": 0.286719,
        "nauc_recall_at_1000_std": 0.183008,
        "nauc_recall_at_1000_diff1": 0.054389,
        "nauc_precision_at_1_max": 0.436857,
        "nauc_precision_at_1_std": 0.035478,
        "nauc_precision_at_1_diff1": 0.477479,
        "nauc_precision_at_3_max": 0.398694,
        "nauc_precision_at_3_std": 0.045945,
        "nauc_precision_at_3_diff1": 0.321312,
        "nauc_precision_at_5_max": 0.373206,
        "nauc_precision_at_5_std": 0.048798,
        "nauc_precision_at_5_diff1": 0.274305,
        "nauc_precision_at_10_max": 0.361518,
        "nauc_precision_at_10_std": 0.061068,
        "nauc_precision_at_10_diff1": 0.237476,
        "nauc_precision_at_20_max": 0.321662,
        "nauc_precision_at_20_std": 0.072462,
        "nauc_precision_at_20_diff1": 0.180578,
        "nauc_precision_at_100_max": 0.26901,
        "nauc_precision_at_100_std": 0.104335,
        "nauc_precision_at_100_diff1": 0.101851,
        "nauc_precision_at_1000_max": 0.286719,
        "nauc_precision_at_1000_std": 0.183008,
        "nauc_precision_at_1000_diff1": 0.054389,
        "nauc_mrr_at_1_max": 0.436203,
        "nauc_mrr_at_1_std": 0.035478,
        "nauc_mrr_at_1_diff1": 0.477479,
        "nauc_mrr_at_3_max": 0.417239,
        "nauc_mrr_at_3_std": 0.041075,
        "nauc_mrr_at_3_diff1": 0.394014,
        "nauc_mrr_at_5_max": 0.408216,
        "nauc_mrr_at_5_std": 0.042616,
        "nauc_mrr_at_5_diff1": 0.374846,
        "nauc_mrr_at_10_max": 0.40446,
        "nauc_mrr_at_10_std": 0.044995,
        "nauc_mrr_at_10_diff1": 0.364876,
        "nauc_mrr_at_20_max": 0.399024,
        "nauc_mrr_at_20_std": 0.046662,
        "nauc_mrr_at_20_diff1": 0.355544,
        "nauc_mrr_at_100_max": 0.394714,
        "nauc_mrr_at_100_std": 0.048893,
        "nauc_mrr_at_100_diff1": 0.34809,
        "nauc_mrr_at_1000_max": 0.394564,
        "nauc_mrr_at_1000_std": 0.049935,
        "nauc_mrr_at_1000_diff1": 0.347099,
        "main_score": 0.08485,
        "hf_subset": "default",
        "languages": [
          "eng-Latn",
          "python-Code"
        ]
      }
    ]
  },
  "evaluation_time": 111.14203476905823,
  "kg_co2_emissions": null
}