{
  "dataset_revision": "5d958fb6b31055495347724d46431ba41309b03a",
  "task_name": "ChemNQRetrieval",
  "mteb_version": "1.34.8",
  "scores": {
    "test": [
      {
        "ndcg_at_1": 0.25926,
        "ndcg_at_3": 0.37963,
        "ndcg_at_5": 0.40536,
        "ndcg_at_10": 0.46401,
        "ndcg_at_20": 0.49422,
        "ndcg_at_100": 0.52508,
        "ndcg_at_1000": 0.53242,
        "map_at_1": 0.2037,
        "map_at_3": 0.33642,
        "map_at_5": 0.35494,
        "map_at_10": 0.37862,
        "map_at_20": 0.38741,
        "map_at_100": 0.39358,
        "map_at_1000": 0.39399,
        "recall_at_1": 0.2037,
        "recall_at_3": 0.46296,
        "recall_at_5": 0.51852,
        "recall_at_10": 0.69753,
        "recall_at_20": 0.80864,
        "recall_at_100": 0.95062,
        "recall_at_1000": 1.0,
        "precision_at_1": 0.25926,
        "precision_at_3": 0.19753,
        "precision_at_5": 0.13333,
        "precision_at_10": 0.08889,
        "precision_at_20": 0.05185,
        "precision_at_100": 0.01222,
        "precision_at_1000": 0.0013,
        "mrr_at_1": 0.259259,
        "mrr_at_3": 0.376543,
        "mrr_at_5": 0.385802,
        "mrr_at_10": 0.409303,
        "mrr_at_20": 0.417469,
        "mrr_at_100": 0.42125,
        "mrr_at_1000": 0.421496,
        "nauc_ndcg_at_1_max": 0.144594,
        "nauc_ndcg_at_1_std": -0.063885,
        "nauc_ndcg_at_1_diff1": 0.442472,
        "nauc_ndcg_at_3_max": 0.217075,
        "nauc_ndcg_at_3_std": -0.064949,
        "nauc_ndcg_at_3_diff1": 0.298248,
        "nauc_ndcg_at_5_max": 0.190315,
        "nauc_ndcg_at_5_std": -0.112616,
        "nauc_ndcg_at_5_diff1": 0.265916,
        "nauc_ndcg_at_10_max": 0.123314,
        "nauc_ndcg_at_10_std": -0.196933,
        "nauc_ndcg_at_10_diff1": 0.22596,
        "nauc_ndcg_at_20_max": 0.210409,
        "nauc_ndcg_at_20_std": -0.101948,
        "nauc_ndcg_at_20_diff1": 0.321517,
        "nauc_ndcg_at_100_max": 0.219302,
        "nauc_ndcg_at_100_std": -0.074368,
        "nauc_ndcg_at_100_diff1": 0.313307,
        "nauc_ndcg_at_1000_max": 0.196511,
        "nauc_ndcg_at_1000_std": -0.095568,
        "nauc_ndcg_at_1000_diff1": 0.305102,
        "nauc_map_at_1_max": 0.199486,
        "nauc_map_at_1_std": 0.00481,
        "nauc_map_at_1_diff1": 0.559584,
        "nauc_map_at_3_max": 0.211122,
        "nauc_map_at_3_std": -0.059851,
        "nauc_map_at_3_diff1": 0.358192,
        "nauc_map_at_5_max": 0.202168,
        "nauc_map_at_5_std": -0.091942,
        "nauc_map_at_5_diff1": 0.332751,
        "nauc_map_at_10_max": 0.182007,
        "nauc_map_at_10_std": -0.121982,
        "nauc_map_at_10_diff1": 0.315475,
        "nauc_map_at_20_max": 0.202975,
        "nauc_map_at_20_std": -0.094671,
        "nauc_map_at_20_diff1": 0.339355,
        "nauc_map_at_100_max": 0.203618,
        "nauc_map_at_100_std": -0.091731,
        "nauc_map_at_100_diff1": 0.337572,
        "nauc_map_at_1000_max": 0.202562,
        "nauc_map_at_1000_std": -0.092562,
        "nauc_map_at_1000_diff1": 0.337218,
        "nauc_recall_at_1_max": 0.199486,
        "nauc_recall_at_1_std": 0.00481,
        "nauc_recall_at_1_diff1": 0.559584,
        "nauc_recall_at_3_max": 0.229178,
        "nauc_recall_at_3_std": -0.041239,
        "nauc_recall_at_3_diff1": 0.194063,
        "nauc_recall_at_5_max": 0.159546,
        "nauc_recall_at_5_std": -0.13965,
        "nauc_recall_at_5_diff1": 0.122736,
        "nauc_recall_at_10_max": -0.095044,
        "nauc_recall_at_10_std": -0.467274,
        "nauc_recall_at_10_diff1": -0.044817,
        "nauc_recall_at_20_max": 0.324933,
        "nauc_recall_at_20_std": -0.075141,
        "nauc_recall_at_20_diff1": 0.397458,
        "nauc_recall_at_100_max": 0.966912,
        "nauc_recall_at_100_std": 0.706109,
        "nauc_recall_at_100_diff1": 0.556079,
        "nauc_recall_at_1000_max": NaN,
        "nauc_recall_at_1000_std": NaN,
        "nauc_recall_at_1000_diff1": NaN,
        "nauc_precision_at_1_max": 0.144594,
        "nauc_precision_at_1_std": -0.063885,
        "nauc_precision_at_1_diff1": 0.442472,
        "nauc_precision_at_3_max": 0.199996,
        "nauc_precision_at_3_std": -0.11763,
        "nauc_precision_at_3_diff1": 0.03434,
        "nauc_precision_at_5_max": 0.150265,
        "nauc_precision_at_5_std": -0.182575,
        "nauc_precision_at_5_diff1": -0.045432,
        "nauc_precision_at_10_max": -0.024494,
        "nauc_precision_at_10_std": -0.343129,
        "nauc_precision_at_10_diff1": -0.235237,
        "nauc_precision_at_20_max": 0.271519,
        "nauc_precision_at_20_std": 0.025739,
        "nauc_precision_at_20_diff1": 0.040495,
        "nauc_precision_at_100_max": 0.203804,
        "nauc_precision_at_100_std": 0.157258,
        "nauc_precision_at_100_diff1": -0.128252,
        "nauc_precision_at_1000_max": 0.011812,
        "nauc_precision_at_1000_std": 0.067786,
        "nauc_precision_at_1000_diff1": -0.22507,
        "nauc_mrr_at_1_max": 0.144594,
        "nauc_mrr_at_1_std": -0.063885,
        "nauc_mrr_at_1_diff1": 0.442472,
        "nauc_mrr_at_3_max": 0.19791,
        "nauc_mrr_at_3_std": -0.092502,
        "nauc_mrr_at_3_diff1": 0.289545,
        "nauc_mrr_at_5_max": 0.172154,
        "nauc_mrr_at_5_std": -0.113466,
        "nauc_mrr_at_5_diff1": 0.282505,
        "nauc_mrr_at_10_max": 0.136145,
        "nauc_mrr_at_10_std": -0.143673,
        "nauc_mrr_at_10_diff1": 0.270471,
        "nauc_mrr_at_20_max": 0.152742,
        "nauc_mrr_at_20_std": -0.121147,
        "nauc_mrr_at_20_diff1": 0.289703,
        "nauc_mrr_at_100_max": 0.158025,
        "nauc_mrr_at_100_std": -0.11731,
        "nauc_mrr_at_100_diff1": 0.29101,
        "nauc_mrr_at_1000_max": 0.157362,
        "nauc_mrr_at_1000_std": -0.118189,
        "nauc_mrr_at_1000_diff1": 0.290802,
        "main_score": 0.46401,
        "hf_subset": "default",
        "languages": [
          "eng-Latn"
        ]
      }
    ]
  },
  "evaluation_time": 101.32766079902649,
  "kg_co2_emissions": null
}