{
  "dataset_revision": "4adc7bc41202b5c13543c9c886a25f340634dab3",
  "task_name": "COIRCodeSearchNetRetrieval",
  "mteb_version": "1.34.8",
  "scores": {
    "test": [
      {
        "ndcg_at_1": 0.66778,
        "ndcg_at_3": 0.71102,
        "ndcg_at_5": 0.72142,
        "ndcg_at_10": 0.73115,
        "ndcg_at_20": 0.73907,
        "ndcg_at_100": 0.74985,
        "ndcg_at_1000": 0.75763,
        "map_at_1": 0.66778,
        "map_at_3": 0.70065,
        "map_at_5": 0.70645,
        "map_at_10": 0.71046,
        "map_at_20": 0.71263,
        "map_at_100": 0.71407,
        "map_at_1000": 0.71434,
        "recall_at_1": 0.66778,
        "recall_at_3": 0.74092,
        "recall_at_5": 0.76605,
        "recall_at_10": 0.79615,
        "recall_at_20": 0.82752,
        "recall_at_100": 0.88638,
        "recall_at_1000": 0.94899,
        "precision_at_1": 0.66778,
        "precision_at_3": 0.24697,
        "precision_at_5": 0.15321,
        "precision_at_10": 0.07962,
        "precision_at_20": 0.04138,
        "precision_at_100": 0.00886,
        "precision_at_1000": 0.00095,
        "mrr_at_1": 0.667583,
        "mrr_at_3": 0.700552,
        "mrr_at_5": 0.706347,
        "mrr_at_10": 0.71036,
        "mrr_at_20": 0.712527,
        "mrr_at_100": 0.71397,
        "mrr_at_1000": 0.71424,
        "nauc_ndcg_at_1_max": 0.827235,
        "nauc_ndcg_at_1_std": 0.14697,
        "nauc_ndcg_at_1_diff1": 0.861727,
        "nauc_ndcg_at_3_max": 0.821578,
        "nauc_ndcg_at_3_std": 0.140123,
        "nauc_ndcg_at_3_diff1": 0.83811,
        "nauc_ndcg_at_5_max": 0.818635,
        "nauc_ndcg_at_5_std": 0.1417,
        "nauc_ndcg_at_5_diff1": 0.834634,
        "nauc_ndcg_at_10_max": 0.815129,
        "nauc_ndcg_at_10_std": 0.145493,
        "nauc_ndcg_at_10_diff1": 0.83118,
        "nauc_ndcg_at_20_max": 0.815073,
        "nauc_ndcg_at_20_std": 0.149602,
        "nauc_ndcg_at_20_diff1": 0.830781,
        "nauc_ndcg_at_100_max": 0.815446,
        "nauc_ndcg_at_100_std": 0.156311,
        "nauc_ndcg_at_100_diff1": 0.830473,
        "nauc_ndcg_at_1000_max": 0.817325,
        "nauc_ndcg_at_1000_std": 0.158562,
        "nauc_ndcg_at_1000_diff1": 0.832549,
        "nauc_map_at_1_max": 0.827235,
        "nauc_map_at_1_std": 0.14697,
        "nauc_map_at_1_diff1": 0.861727,
        "nauc_map_at_3_max": 0.823107,
        "nauc_map_at_3_std": 0.141645,
        "nauc_map_at_3_diff1": 0.843831,
        "nauc_map_at_5_max": 0.821553,
        "nauc_map_at_5_std": 0.142561,
        "nauc_map_at_5_diff1": 0.842079,
        "nauc_map_at_10_max": 0.820251,
        "nauc_map_at_10_std": 0.144002,
        "nauc_map_at_10_diff1": 0.840863,
        "nauc_map_at_20_max": 0.82025,
        "nauc_map_at_20_std": 0.145097,
        "nauc_map_at_20_diff1": 0.840779,
        "nauc_map_at_100_max": 0.820312,
        "nauc_map_at_100_std": 0.145874,
        "nauc_map_at_100_diff1": 0.840818,
        "nauc_map_at_1000_max": 0.820358,
        "nauc_map_at_1000_std": 0.145954,
        "nauc_map_at_1000_diff1": 0.840873,
        "nauc_recall_at_1_max": 0.827235,
        "nauc_recall_at_1_std": 0.14697,
        "nauc_recall_at_1_diff1": 0.861727,
        "nauc_recall_at_3_max": 0.816639,
        "nauc_recall_at_3_std": 0.135346,
        "nauc_recall_at_3_diff1": 0.819909,
        "nauc_recall_at_5_max": 0.8081,
        "nauc_recall_at_5_std": 0.139068,
        "nauc_recall_at_5_diff1": 0.808678,
        "nauc_recall_at_10_max": 0.793294,
        "nauc_recall_at_10_std": 0.153576,
        "nauc_recall_at_10_diff1": 0.792217,
        "nauc_recall_at_20_max": 0.789674,
        "nauc_recall_at_20_std": 0.176856,
        "nauc_recall_at_20_diff1": 0.784236,
        "nauc_recall_at_100_max": 0.782262,
        "nauc_recall_at_100_std": 0.260632,
        "nauc_recall_at_100_diff1": 0.758782,
        "nauc_recall_at_1000_max": 0.808472,
        "nauc_recall_at_1000_std": 0.453123,
        "nauc_recall_at_1000_diff1": 0.746399,
        "nauc_precision_at_1_max": 0.827235,
        "nauc_precision_at_1_std": 0.14697,
        "nauc_precision_at_1_diff1": 0.861727,
        "nauc_precision_at_3_max": 0.816639,
        "nauc_precision_at_3_std": 0.135346,
        "nauc_precision_at_3_diff1": 0.819909,
        "nauc_precision_at_5_max": 0.8081,
        "nauc_precision_at_5_std": 0.139068,
        "nauc_precision_at_5_diff1": 0.808678,
        "nauc_precision_at_10_max": 0.793294,
        "nauc_precision_at_10_std": 0.153576,
        "nauc_precision_at_10_diff1": 0.792217,
        "nauc_precision_at_20_max": 0.789674,
        "nauc_precision_at_20_std": 0.176856,
        "nauc_precision_at_20_diff1": 0.784236,
        "nauc_precision_at_100_max": 0.782262,
        "nauc_precision_at_100_std": 0.260632,
        "nauc_precision_at_100_diff1": 0.758782,
        "nauc_precision_at_1000_max": 0.808472,
        "nauc_precision_at_1000_std": 0.453123,
        "nauc_precision_at_1000_diff1": 0.746399,
        "nauc_mrr_at_1_max": 0.826518,
        "nauc_mrr_at_1_std": 0.146384,
        "nauc_mrr_at_1_diff1": 0.862106,
        "nauc_mrr_at_3_max": 0.822719,
        "nauc_mrr_at_3_std": 0.141329,
        "nauc_mrr_at_3_diff1": 0.84404,
        "nauc_mrr_at_5_max": 0.82116,
        "nauc_mrr_at_5_std": 0.142239,
        "nauc_mrr_at_5_diff1": 0.842292,
        "nauc_mrr_at_10_max": 0.819853,
        "nauc_mrr_at_10_std": 0.143676,
        "nauc_mrr_at_10_diff1": 0.841078,
        "nauc_mrr_at_20_max": 0.819849,
        "nauc_mrr_at_20_std": 0.144768,
        "nauc_mrr_at_20_diff1": 0.840996,
        "nauc_mrr_at_100_max": 0.819909,
        "nauc_mrr_at_100_std": 0.145544,
        "nauc_mrr_at_100_diff1": 0.841036,
        "nauc_mrr_at_1000_max": 0.819955,
        "nauc_mrr_at_1000_std": 0.145624,
        "nauc_mrr_at_1000_diff1": 0.841091,
        "main_score": 0.73115,
        "hf_subset": "python",
        "languages": [
          "python-Code"
        ]
      }
    ]
  },
  "evaluation_time": 644.169326543808,
  "kg_co2_emissions": null
}