{
  "dataset_revision": "27a168819829fe9bcd655c2df245fb19452e8e06",
  "task_name": "FiQA2018",
  "mteb_version": "1.34.8",
  "scores": {
    "test": [
      {
        "ndcg_at_1": 0.49691,
        "ndcg_at_3": 0.46738,
        "ndcg_at_5": 0.48238,
        "ndcg_at_10": 0.51109,
        "ndcg_at_20": 0.53857,
        "ndcg_at_100": 0.57815,
        "ndcg_at_1000": 0.60215,
        "map_at_1": 0.25298,
        "map_at_3": 0.36791,
        "map_at_5": 0.40044,
        "map_at_10": 0.42555,
        "map_at_20": 0.43724,
        "map_at_100": 0.44644,
        "map_at_1000": 0.44803,
        "recall_at_1": 0.25298,
        "recall_at_3": 0.42581,
        "recall_at_5": 0.50008,
        "recall_at_10": 0.58963,
        "recall_at_20": 0.67181,
        "recall_at_100": 0.83099,
        "recall_at_1000": 0.97523,
        "precision_at_1": 0.49691,
        "precision_at_3": 0.31379,
        "precision_at_5": 0.23272,
        "precision_at_10": 0.14367,
        "precision_at_20": 0.08418,
        "precision_at_100": 0.02144,
        "precision_at_1000": 0.00255,
        "mrr_at_1": 0.496914,
        "mrr_at_3": 0.564558,
        "mrr_at_5": 0.578292,
        "mrr_at_10": 0.586927,
        "mrr_at_20": 0.591319,
        "mrr_at_100": 0.593938,
        "mrr_at_1000": 0.594265,
        "nauc_ndcg_at_1_max": 0.385504,
        "nauc_ndcg_at_1_std": -0.115756,
        "nauc_ndcg_at_1_diff1": 0.588401,
        "nauc_ndcg_at_3_max": 0.368125,
        "nauc_ndcg_at_3_std": -0.109713,
        "nauc_ndcg_at_3_diff1": 0.464302,
        "nauc_ndcg_at_5_max": 0.345881,
        "nauc_ndcg_at_5_std": -0.120597,
        "nauc_ndcg_at_5_diff1": 0.47115,
        "nauc_ndcg_at_10_max": 0.344062,
        "nauc_ndcg_at_10_std": -0.117756,
        "nauc_ndcg_at_10_diff1": 0.466862,
        "nauc_ndcg_at_20_max": 0.358651,
        "nauc_ndcg_at_20_std": -0.092992,
        "nauc_ndcg_at_20_diff1": 0.462847,
        "nauc_ndcg_at_100_max": 0.385995,
        "nauc_ndcg_at_100_std": -0.06903,
        "nauc_ndcg_at_100_diff1": 0.469107,
        "nauc_ndcg_at_1000_max": 0.380639,
        "nauc_ndcg_at_1000_std": -0.083521,
        "nauc_ndcg_at_1000_diff1": 0.476161,
        "nauc_map_at_1_max": 0.179281,
        "nauc_map_at_1_std": -0.177105,
        "nauc_map_at_1_diff1": 0.506469,
        "nauc_map_at_3_max": 0.263871,
        "nauc_map_at_3_std": -0.157942,
        "nauc_map_at_3_diff1": 0.454865,
        "nauc_map_at_5_max": 0.29077,
        "nauc_map_at_5_std": -0.150182,
        "nauc_map_at_5_diff1": 0.458305,
        "nauc_map_at_10_max": 0.308989,
        "nauc_map_at_10_std": -0.140764,
        "nauc_map_at_10_diff1": 0.455951,
        "nauc_map_at_20_max": 0.318779,
        "nauc_map_at_20_std": -0.129098,
        "nauc_map_at_20_diff1": 0.455491,
        "nauc_map_at_100_max": 0.326627,
        "nauc_map_at_100_std": -0.122929,
        "nauc_map_at_100_diff1": 0.457043,
        "nauc_map_at_1000_max": 0.326928,
        "nauc_map_at_1000_std": -0.123228,
        "nauc_map_at_1000_diff1": 0.457706,
        "nauc_recall_at_1_max": 0.179281,
        "nauc_recall_at_1_std": -0.177105,
        "nauc_recall_at_1_diff1": 0.506469,
        "nauc_recall_at_3_max": 0.240318,
        "nauc_recall_at_3_std": -0.136002,
        "nauc_recall_at_3_diff1": 0.374618,
        "nauc_recall_at_5_max": 0.251394,
        "nauc_recall_at_5_std": -0.126743,
        "nauc_recall_at_5_diff1": 0.377707,
        "nauc_recall_at_10_max": 0.273302,
        "nauc_recall_at_10_std": -0.102579,
        "nauc_recall_at_10_diff1": 0.349773,
        "nauc_recall_at_20_max": 0.308148,
        "nauc_recall_at_20_std": -0.015256,
        "nauc_recall_at_20_diff1": 0.314603,
        "nauc_recall_at_100_max": 0.441142,
        "nauc_recall_at_100_std": 0.179637,
        "nauc_recall_at_100_diff1": 0.284075,
        "nauc_recall_at_1000_max": 0.437197,
        "nauc_recall_at_1000_std": 0.274315,
        "nauc_recall_at_1000_diff1": 0.035895,
        "nauc_precision_at_1_max": 0.385504,
        "nauc_precision_at_1_std": -0.115756,
        "nauc_precision_at_1_diff1": 0.588401,
        "nauc_precision_at_3_max": 0.422604,
        "nauc_precision_at_3_std": -0.009158,
        "nauc_precision_at_3_diff1": 0.281879,
        "nauc_precision_at_5_max": 0.398002,
        "nauc_precision_at_5_std": 0.0218,
        "nauc_precision_at_5_diff1": 0.219894,
        "nauc_precision_at_10_max": 0.388449,
        "nauc_precision_at_10_std": 0.075742,
        "nauc_precision_at_10_diff1": 0.154564,
        "nauc_precision_at_20_max": 0.374959,
        "nauc_precision_at_20_std": 0.139858,
        "nauc_precision_at_20_diff1": 0.102144,
        "nauc_precision_at_100_max": 0.352212,
        "nauc_precision_at_100_std": 0.202629,
        "nauc_precision_at_100_diff1": 0.030464,
        "nauc_precision_at_1000_max": 0.266436,
        "nauc_precision_at_1000_std": 0.175309,
        "nauc_precision_at_1000_diff1": -0.031335,
        "nauc_mrr_at_1_max": 0.385504,
        "nauc_mrr_at_1_std": -0.115756,
        "nauc_mrr_at_1_diff1": 0.588401,
        "nauc_mrr_at_3_max": 0.403389,
        "nauc_mrr_at_3_std": -0.101179,
        "nauc_mrr_at_3_diff1": 0.554618,
        "nauc_mrr_at_5_max": 0.399471,
        "nauc_mrr_at_5_std": -0.102831,
        "nauc_mrr_at_5_diff1": 0.558906,
        "nauc_mrr_at_10_max": 0.403937,
        "nauc_mrr_at_10_std": -0.095202,
        "nauc_mrr_at_10_diff1": 0.556062,
        "nauc_mrr_at_20_max": 0.404555,
        "nauc_mrr_at_20_std": -0.093951,
        "nauc_mrr_at_20_diff1": 0.556467,
        "nauc_mrr_at_100_max": 0.404858,
        "nauc_mrr_at_100_std": -0.094174,
        "nauc_mrr_at_100_diff1": 0.557274,
        "nauc_mrr_at_1000_max": 0.404605,
        "nauc_mrr_at_1000_std": -0.094495,
        "nauc_mrr_at_1000_diff1": 0.557362,
        "main_score": 0.51109,
        "hf_subset": "default",
        "languages": [
          "eng-Latn"
        ]
      }
    ]
  },
  "evaluation_time": 348.4427053928375,
  "kg_co2_emissions": null
}