{
  "dataset_revision": "ae763399273d8b20506b80cf6f6f9a31a6a2b238",
  "task_name": "MedicalQARetrieval",
  "mteb_version": "1.34.8",
  "scores": {
    "test": [
      {
        "ndcg_at_1": 0.57812,
        "ndcg_at_3": 0.689,
        "ndcg_at_5": 0.71366,
        "ndcg_at_10": 0.73391,
        "ndcg_at_20": 0.74384,
        "ndcg_at_100": 0.75307,
        "ndcg_at_1000": 0.75607,
        "map_at_1": 0.57812,
        "map_at_3": 0.66227,
        "map_at_5": 0.67592,
        "map_at_10": 0.68439,
        "map_at_20": 0.68714,
        "map_at_100": 0.68841,
        "map_at_1000": 0.68854,
        "recall_at_1": 0.57812,
        "recall_at_3": 0.76611,
        "recall_at_5": 0.82617,
        "recall_at_10": 0.88818,
        "recall_at_20": 0.92725,
        "recall_at_100": 0.97705,
        "recall_at_1000": 1.0,
        "precision_at_1": 0.57812,
        "precision_at_3": 0.25537,
        "precision_at_5": 0.16523,
        "precision_at_10": 0.08882,
        "precision_at_20": 0.04636,
        "precision_at_100": 0.00977,
        "precision_at_1000": 0.001,
        "mrr_at_1": 0.577637,
        "mrr_at_3": 0.662191,
        "mrr_at_5": 0.675618,
        "mrr_at_10": 0.684169,
        "mrr_at_20": 0.686925,
        "mrr_at_100": 0.688197,
        "mrr_at_1000": 0.68832,
        "nauc_ndcg_at_1_max": 0.094465,
        "nauc_ndcg_at_1_std": -0.157922,
        "nauc_ndcg_at_1_diff1": 0.536895,
        "nauc_ndcg_at_3_max": 0.08973,
        "nauc_ndcg_at_3_std": -0.17883,
        "nauc_ndcg_at_3_diff1": 0.47219,
        "nauc_ndcg_at_5_max": 0.085795,
        "nauc_ndcg_at_5_std": -0.18432,
        "nauc_ndcg_at_5_diff1": 0.463037,
        "nauc_ndcg_at_10_max": 0.099676,
        "nauc_ndcg_at_10_std": -0.184208,
        "nauc_ndcg_at_10_diff1": 0.455688,
        "nauc_ndcg_at_20_max": 0.114414,
        "nauc_ndcg_at_20_std": -0.169924,
        "nauc_ndcg_at_20_diff1": 0.463243,
        "nauc_ndcg_at_100_max": 0.111264,
        "nauc_ndcg_at_100_std": -0.162508,
        "nauc_ndcg_at_100_diff1": 0.471994,
        "nauc_ndcg_at_1000_max": 0.103737,
        "nauc_ndcg_at_1000_std": -0.170159,
        "nauc_ndcg_at_1000_diff1": 0.475985,
        "nauc_map_at_1_max": 0.094465,
        "nauc_map_at_1_std": -0.157922,
        "nauc_map_at_1_diff1": 0.536895,
        "nauc_map_at_3_max": 0.090467,
        "nauc_map_at_3_std": -0.174754,
        "nauc_map_at_3_diff1": 0.489371,
        "nauc_map_at_5_max": 0.088616,
        "nauc_map_at_5_std": -0.176901,
        "nauc_map_at_5_diff1": 0.485223,
        "nauc_map_at_10_max": 0.094295,
        "nauc_map_at_10_std": -0.176683,
        "nauc_map_at_10_diff1": 0.483406,
        "nauc_map_at_20_max": 0.097662,
        "nauc_map_at_20_std": -0.173408,
        "nauc_map_at_20_diff1": 0.485557,
        "nauc_map_at_100_max": 0.097567,
        "nauc_map_at_100_std": -0.172161,
        "nauc_map_at_100_diff1": 0.48653,
        "nauc_map_at_1000_max": 0.097316,
        "nauc_map_at_1000_std": -0.172418,
        "nauc_map_at_1000_diff1": 0.486654,
        "nauc_recall_at_1_max": 0.094465,
        "nauc_recall_at_1_std": -0.157922,
        "nauc_recall_at_1_diff1": 0.536895,
        "nauc_recall_at_3_max": 0.087298,
        "nauc_recall_at_3_std": -0.19308,
        "nauc_recall_at_3_diff1": 0.408563,
        "nauc_recall_at_5_max": 0.072067,
        "nauc_recall_at_5_std": -0.219535,
        "nauc_recall_at_5_diff1": 0.359537,
        "nauc_recall_at_10_max": 0.143706,
        "nauc_recall_at_10_std": -0.235424,
        "nauc_recall_at_10_diff1": 0.261339,
        "nauc_recall_at_20_max": 0.334594,
        "nauc_recall_at_20_std": -0.095762,
        "nauc_recall_at_20_diff1": 0.244519,
        "nauc_recall_at_100_max": 0.612423,
        "nauc_recall_at_100_std": 0.350213,
        "nauc_recall_at_100_diff1": 0.202516,
        "nauc_recall_at_1000_max": NaN,
        "nauc_recall_at_1000_std": NaN,
        "nauc_recall_at_1000_diff1": NaN,
        "nauc_precision_at_1_max": 0.094465,
        "nauc_precision_at_1_std": -0.157922,
        "nauc_precision_at_1_diff1": 0.536895,
        "nauc_precision_at_3_max": 0.087298,
        "nauc_precision_at_3_std": -0.19308,
        "nauc_precision_at_3_diff1": 0.408563,
        "nauc_precision_at_5_max": 0.072067,
        "nauc_precision_at_5_std": -0.219535,
        "nauc_precision_at_5_diff1": 0.359537,
        "nauc_precision_at_10_max": 0.143706,
        "nauc_precision_at_10_std": -0.235424,
        "nauc_precision_at_10_diff1": 0.261339,
        "nauc_precision_at_20_max": 0.334594,
        "nauc_precision_at_20_std": -0.095762,
        "nauc_precision_at_20_diff1": 0.244519,
        "nauc_precision_at_100_max": 0.612423,
        "nauc_precision_at_100_std": 0.350213,
        "nauc_precision_at_100_diff1": 0.202516,
        "nauc_precision_at_1000_max": NaN,
        "nauc_precision_at_1000_std": NaN,
        "nauc_precision_at_1000_diff1": NaN,
        "nauc_mrr_at_1_max": 0.092821,
        "nauc_mrr_at_1_std": -0.154591,
        "nauc_mrr_at_1_diff1": 0.538118,
        "nauc_mrr_at_3_max": 0.088131,
        "nauc_mrr_at_3_std": -0.174073,
        "nauc_mrr_at_3_diff1": 0.489722,
        "nauc_mrr_at_5_max": 0.085948,
        "nauc_mrr_at_5_std": -0.175384,
        "nauc_mrr_at_5_diff1": 0.486103,
        "nauc_mrr_at_10_max": 0.092125,
        "nauc_mrr_at_10_std": -0.17521,
        "nauc_mrr_at_10_diff1": 0.484128,
        "nauc_mrr_at_20_max": 0.095488,
        "nauc_mrr_at_20_std": -0.171904,
        "nauc_mrr_at_20_diff1": 0.486287,
        "nauc_mrr_at_100_max": 0.095382,
        "nauc_mrr_at_100_std": -0.170652,
        "nauc_mrr_at_100_diff1": 0.487263,
        "nauc_mrr_at_1000_max": 0.09513,
        "nauc_mrr_at_1000_std": -0.170908,
        "nauc_mrr_at_1000_diff1": 0.487388,
        "main_score": 0.73391,
        "hf_subset": "default",
        "languages": [
          "eng-Latn"
        ]
      }
    ]
  },
  "evaluation_time": 23.577799558639526,
  "kg_co2_emissions": null
}