{
  "dataset_revision": "ec0fa4fe99da2ff19ca1214b7966684033a58814",
  "task_name": "NFCorpus",
  "mteb_version": "1.34.8",
  "scores": {
    "test": [
      {
        "ndcg_at_1": 0.45666,
        "ndcg_at_3": 0.43738,
        "ndcg_at_5": 0.42077,
        "ndcg_at_10": 0.39361,
        "ndcg_at_20": 0.37274,
        "ndcg_at_100": 0.36847,
        "ndcg_at_1000": 0.45275,
        "map_at_1": 0.0645,
        "map_at_3": 0.10457,
        "map_at_5": 0.12462,
        "map_at_10": 0.14942,
        "map_at_20": 0.16913,
        "map_at_100": 0.19689,
        "map_at_1000": 0.21477,
        "recall_at_1": 0.0645,
        "recall_at_3": 0.1199,
        "recall_at_5": 0.15208,
        "recall_at_10": 0.20254,
        "recall_at_20": 0.24981,
        "recall_at_100": 0.3825,
        "recall_at_1000": 0.68851,
        "precision_at_1": 0.47368,
        "precision_at_3": 0.4128,
        "precision_at_5": 0.36966,
        "precision_at_10": 0.29876,
        "precision_at_20": 0.22492,
        "precision_at_100": 0.09811,
        "precision_at_1000": 0.0229,
        "mrr_at_1": 0.473684,
        "mrr_at_3": 0.554696,
        "mrr_at_5": 0.567079,
        "mrr_at_10": 0.576757,
        "mrr_at_20": 0.579265,
        "mrr_at_100": 0.580933,
        "mrr_at_1000": 0.581276,
        "nauc_ndcg_at_1_max": 0.464429,
        "nauc_ndcg_at_1_std": 0.297349,
        "nauc_ndcg_at_1_diff1": 0.277487,
        "nauc_ndcg_at_3_max": 0.429751,
        "nauc_ndcg_at_3_std": 0.301196,
        "nauc_ndcg_at_3_diff1": 0.181206,
        "nauc_ndcg_at_5_max": 0.442022,
        "nauc_ndcg_at_5_std": 0.310178,
        "nauc_ndcg_at_5_diff1": 0.177856,
        "nauc_ndcg_at_10_max": 0.423285,
        "nauc_ndcg_at_10_std": 0.3039,
        "nauc_ndcg_at_10_diff1": 0.162704,
        "nauc_ndcg_at_20_max": 0.421161,
        "nauc_ndcg_at_20_std": 0.309665,
        "nauc_ndcg_at_20_diff1": 0.17228,
        "nauc_ndcg_at_100_max": 0.456304,
        "nauc_ndcg_at_100_std": 0.326265,
        "nauc_ndcg_at_100_diff1": 0.177519,
        "nauc_ndcg_at_1000_max": 0.506851,
        "nauc_ndcg_at_1000_std": 0.378293,
        "nauc_ndcg_at_1000_diff1": 0.196922,
        "nauc_map_at_1_max": 0.105741,
        "nauc_map_at_1_std": -0.089194,
        "nauc_map_at_1_diff1": 0.361361,
        "nauc_map_at_3_max": 0.174082,
        "nauc_map_at_3_std": -0.045109,
        "nauc_map_at_3_diff1": 0.311145,
        "nauc_map_at_5_max": 0.229921,
        "nauc_map_at_5_std": -0.011399,
        "nauc_map_at_5_diff1": 0.289287,
        "nauc_map_at_10_max": 0.274063,
        "nauc_map_at_10_std": 0.02705,
        "nauc_map_at_10_diff1": 0.250827,
        "nauc_map_at_20_max": 0.312428,
        "nauc_map_at_20_std": 0.076875,
        "nauc_map_at_20_diff1": 0.241307,
        "nauc_map_at_100_max": 0.352507,
        "nauc_map_at_100_std": 0.154878,
        "nauc_map_at_100_diff1": 0.217199,
        "nauc_map_at_1000_max": 0.359094,
        "nauc_map_at_1000_std": 0.194394,
        "nauc_map_at_1000_diff1": 0.208194,
        "nauc_recall_at_1_max": 0.105741,
        "nauc_recall_at_1_std": -0.089194,
        "nauc_recall_at_1_diff1": 0.361361,
        "nauc_recall_at_3_max": 0.12608,
        "nauc_recall_at_3_std": -0.067787,
        "nauc_recall_at_3_diff1": 0.276007,
        "nauc_recall_at_5_max": 0.199147,
        "nauc_recall_at_5_std": -0.024225,
        "nauc_recall_at_5_diff1": 0.251801,
        "nauc_recall_at_10_max": 0.210941,
        "nauc_recall_at_10_std": -0.002501,
        "nauc_recall_at_10_diff1": 0.192537,
        "nauc_recall_at_20_max": 0.242272,
        "nauc_recall_at_20_std": 0.046589,
        "nauc_recall_at_20_diff1": 0.195429,
        "nauc_recall_at_100_max": 0.304233,
        "nauc_recall_at_100_std": 0.190202,
        "nauc_recall_at_100_diff1": 0.114491,
        "nauc_recall_at_1000_max": 0.302022,
        "nauc_recall_at_1000_std": 0.245248,
        "nauc_recall_at_1000_diff1": 0.063658,
        "nauc_precision_at_1_max": 0.494084,
        "nauc_precision_at_1_std": 0.301295,
        "nauc_precision_at_1_diff1": 0.269972,
        "nauc_precision_at_3_max": 0.423444,
        "nauc_precision_at_3_std": 0.335431,
        "nauc_precision_at_3_diff1": 0.084921,
        "nauc_precision_at_5_max": 0.43198,
        "nauc_precision_at_5_std": 0.359289,
        "nauc_precision_at_5_diff1": 0.044645,
        "nauc_precision_at_10_max": 0.394883,
        "nauc_precision_at_10_std": 0.386415,
        "nauc_precision_at_10_diff1": -0.015134,
        "nauc_precision_at_20_max": 0.342481,
        "nauc_precision_at_20_std": 0.411832,
        "nauc_precision_at_20_diff1": -0.032316,
        "nauc_precision_at_100_max": 0.19753,
        "nauc_precision_at_100_std": 0.429735,
        "nauc_precision_at_100_diff1": -0.084395,
        "nauc_precision_at_1000_max": 0.063623,
        "nauc_precision_at_1000_std": 0.35193,
        "nauc_precision_at_1000_diff1": -0.081851,
        "nauc_mrr_at_1_max": 0.494084,
        "nauc_mrr_at_1_std": 0.301295,
        "nauc_mrr_at_1_diff1": 0.269972,
        "nauc_mrr_at_3_max": 0.513502,
        "nauc_mrr_at_3_std": 0.33055,
        "nauc_mrr_at_3_diff1": 0.283693,
        "nauc_mrr_at_5_max": 0.529169,
        "nauc_mrr_at_5_std": 0.340348,
        "nauc_mrr_at_5_diff1": 0.278776,
        "nauc_mrr_at_10_max": 0.529082,
        "nauc_mrr_at_10_std": 0.342205,
        "nauc_mrr_at_10_diff1": 0.280548,
        "nauc_mrr_at_20_max": 0.530202,
        "nauc_mrr_at_20_std": 0.342487,
        "nauc_mrr_at_20_diff1": 0.28422,
        "nauc_mrr_at_100_max": 0.530319,
        "nauc_mrr_at_100_std": 0.343898,
        "nauc_mrr_at_100_diff1": 0.282916,
        "nauc_mrr_at_1000_max": 0.530156,
        "nauc_mrr_at_1000_std": 0.343595,
        "nauc_mrr_at_1000_diff1": 0.282932,
        "main_score": 0.39361,
        "hf_subset": "default",
        "languages": [
          "eng-Latn"
        ]
      }
    ]
  },
  "evaluation_time": 40.95527672767639,
  "kg_co2_emissions": null
}