{
  "dataset_revision": "0228b52cf27578f30900b9e5271d331663a030d7",
  "task_name": "SciFact",
  "mteb_version": "1.34.8",
  "scores": {
    "test": [
      {
        "ndcg_at_1": 0.62333,
        "ndcg_at_3": 0.71285,
        "ndcg_at_5": 0.74122,
        "ndcg_at_10": 0.76348,
        "ndcg_at_20": 0.7724,
        "ndcg_at_100": 0.77876,
        "ndcg_at_1000": 0.7824,
        "map_at_1": 0.59594,
        "map_at_3": 0.68287,
        "map_at_5": 0.70219,
        "map_at_10": 0.71362,
        "map_at_20": 0.71681,
        "map_at_100": 0.71763,
        "map_at_1000": 0.71781,
        "recall_at_1": 0.59594,
        "recall_at_3": 0.77083,
        "recall_at_5": 0.842,
        "recall_at_10": 0.906,
        "recall_at_20": 0.93833,
        "recall_at_100": 0.97333,
        "recall_at_1000": 1.0,
        "precision_at_1": 0.62333,
        "precision_at_3": 0.28222,
        "precision_at_5": 0.188,
        "precision_at_10": 0.10267,
        "precision_at_20": 0.05333,
        "precision_at_100": 0.01103,
        "precision_at_1000": 0.00113,
        "mrr_at_1": 0.623333,
        "mrr_at_3": 0.698333,
        "mrr_at_5": 0.7145,
        "mrr_at_10": 0.721803,
        "mrr_at_20": 0.72378,
        "mrr_at_100": 0.724544,
        "mrr_at_1000": 0.724721,
        "nauc_ndcg_at_1_max": 0.620375,
        "nauc_ndcg_at_1_std": 0.077671,
        "nauc_ndcg_at_1_diff1": 0.768824,
        "nauc_ndcg_at_3_max": 0.574354,
        "nauc_ndcg_at_3_std": -0.008259,
        "nauc_ndcg_at_3_diff1": 0.727357,
        "nauc_ndcg_at_5_max": 0.580762,
        "nauc_ndcg_at_5_std": 0.016619,
        "nauc_ndcg_at_5_diff1": 0.716004,
        "nauc_ndcg_at_10_max": 0.612233,
        "nauc_ndcg_at_10_std": 0.022623,
        "nauc_ndcg_at_10_diff1": 0.718601,
        "nauc_ndcg_at_20_max": 0.615384,
        "nauc_ndcg_at_20_std": 0.027621,
        "nauc_ndcg_at_20_diff1": 0.72645,
        "nauc_ndcg_at_100_max": 0.611614,
        "nauc_ndcg_at_100_std": 0.033359,
        "nauc_ndcg_at_100_diff1": 0.73191,
        "nauc_ndcg_at_1000_max": 0.607906,
        "nauc_ndcg_at_1000_std": 0.035168,
        "nauc_ndcg_at_1000_diff1": 0.730606,
        "nauc_map_at_1_max": 0.527611,
        "nauc_map_at_1_std": -0.015102,
        "nauc_map_at_1_diff1": 0.768252,
        "nauc_map_at_3_max": 0.553974,
        "nauc_map_at_3_std": -0.022007,
        "nauc_map_at_3_diff1": 0.741647,
        "nauc_map_at_5_max": 0.569436,
        "nauc_map_at_5_std": 0.009477,
        "nauc_map_at_5_diff1": 0.733054,
        "nauc_map_at_10_max": 0.589204,
        "nauc_map_at_10_std": 0.019729,
        "nauc_map_at_10_diff1": 0.73336,
        "nauc_map_at_20_max": 0.591406,
        "nauc_map_at_20_std": 0.024039,
        "nauc_map_at_20_diff1": 0.735162,
        "nauc_map_at_100_max": 0.591001,
        "nauc_map_at_100_std": 0.024841,
        "nauc_map_at_100_diff1": 0.735812,
        "nauc_map_at_1000_max": 0.590835,
        "nauc_map_at_1000_std": 0.024964,
        "nauc_map_at_1000_diff1": 0.735759,
        "nauc_recall_at_1_max": 0.527611,
        "nauc_recall_at_1_std": -0.015102,
        "nauc_recall_at_1_diff1": 0.768252,
        "nauc_recall_at_3_max": 0.521458,
        "nauc_recall_at_3_std": -0.12064,
        "nauc_recall_at_3_diff1": 0.69101,
        "nauc_recall_at_5_max": 0.537954,
        "nauc_recall_at_5_std": -0.039518,
        "nauc_recall_at_5_diff1": 0.627936,
        "nauc_recall_at_10_max": 0.689233,
        "nauc_recall_at_10_std": -0.055542,
        "nauc_recall_at_10_diff1": 0.61076,
        "nauc_recall_at_20_max": 0.75446,
        "nauc_recall_at_20_std": -0.080299,
        "nauc_recall_at_20_diff1": 0.662869,
        "nauc_recall_at_100_max": 0.791958,
        "nauc_recall_at_100_std": -0.026027,
        "nauc_recall_at_100_diff1": 0.794585,
        "nauc_recall_at_1000_max": NaN,
        "nauc_recall_at_1000_std": NaN,
        "nauc_recall_at_1000_diff1": NaN,
        "nauc_precision_at_1_max": 0.620375,
        "nauc_precision_at_1_std": 0.077671,
        "nauc_precision_at_1_diff1": 0.768824,
        "nauc_precision_at_3_max": 0.509148,
        "nauc_precision_at_3_std": 0.136801,
        "nauc_precision_at_3_diff1": 0.376515,
        "nauc_precision_at_5_max": 0.488231,
        "nauc_precision_at_5_std": 0.330368,
        "nauc_precision_at_5_diff1": 0.15834,
        "nauc_precision_at_10_max": 0.449559,
        "nauc_precision_at_10_std": 0.393613,
        "nauc_precision_at_10_diff1": -0.029554,
        "nauc_precision_at_20_max": 0.394884,
        "nauc_precision_at_20_std": 0.427534,
        "nauc_precision_at_20_diff1": -0.106509,
        "nauc_precision_at_100_max": 0.330816,
        "nauc_precision_at_100_std": 0.484334,
        "nauc_precision_at_100_diff1": -0.200727,
        "nauc_precision_at_1000_max": 0.276451,
        "nauc_precision_at_1000_std": 0.544502,
        "nauc_precision_at_1000_diff1": -0.318067,
        "nauc_mrr_at_1_max": 0.620375,
        "nauc_mrr_at_1_std": 0.077671,
        "nauc_mrr_at_1_diff1": 0.768824,
        "nauc_mrr_at_3_max": 0.605865,
        "nauc_mrr_at_3_std": 0.037529,
        "nauc_mrr_at_3_diff1": 0.735843,
        "nauc_mrr_at_5_max": 0.612337,
        "nauc_mrr_at_5_std": 0.054745,
        "nauc_mrr_at_5_diff1": 0.731058,
        "nauc_mrr_at_10_max": 0.617222,
        "nauc_mrr_at_10_std": 0.047988,
        "nauc_mrr_at_10_diff1": 0.733653,
        "nauc_mrr_at_20_max": 0.616889,
        "nauc_mrr_at_20_std": 0.04772,
        "nauc_mrr_at_20_diff1": 0.736358,
        "nauc_mrr_at_100_max": 0.616708,
        "nauc_mrr_at_100_std": 0.048868,
        "nauc_mrr_at_100_diff1": 0.737074,
        "nauc_mrr_at_1000_max": 0.616559,
        "nauc_mrr_at_1000_std": 0.049012,
        "nauc_mrr_at_1000_diff1": 0.737021,
        "main_score": 0.76348,
        "hf_subset": "default",
        "languages": [
          "eng-Latn"
        ]
      }
    ]
  },
  "evaluation_time": 55.08371424674988,
  "kg_co2_emissions": null
}