{
  "dataset_revision": "f22508f96b7a36c2415181ed8bb76f76e04ae2d5",
  "task_name": "AppsRetrieval",
  "mteb_version": "1.34.8",
  "scores": {
    "test": [
      {
        "ndcg_at_1": 0.03533,
        "ndcg_at_3": 0.04712,
        "ndcg_at_5": 0.05315,
        "ndcg_at_10": 0.06126,
        "ndcg_at_20": 0.06788,
        "ndcg_at_100": 0.08712,
        "ndcg_at_1000": 0.12437,
        "map_at_1": 0.03533,
        "map_at_3": 0.04413,
        "map_at_5": 0.04743,
        "map_at_10": 0.0508,
        "map_at_20": 0.05256,
        "map_at_100": 0.05494,
        "map_at_1000": 0.05604,
        "recall_at_1": 0.03533,
        "recall_at_3": 0.05578,
        "recall_at_5": 0.07065,
        "recall_at_10": 0.09562,
        "recall_at_20": 0.12218,
        "recall_at_100": 0.23054,
        "recall_at_1000": 0.54104,
        "precision_at_1": 0.03533,
        "precision_at_3": 0.01859,
        "precision_at_5": 0.01413,
        "precision_at_10": 0.00956,
        "precision_at_20": 0.00611,
        "precision_at_100": 0.00231,
        "precision_at_1000": 0.00054,
        "mrr_at_1": 0.035325,
        "mrr_at_3": 0.044135,
        "mrr_at_5": 0.047428,
        "mrr_at_10": 0.050803,
        "mrr_at_20": 0.052563,
        "mrr_at_100": 0.054936,
        "mrr_at_1000": 0.056043,
        "nauc_ndcg_at_1_max": 0.334232,
        "nauc_ndcg_at_1_std": -0.037818,
        "nauc_ndcg_at_1_diff1": 0.310162,
        "nauc_ndcg_at_3_max": 0.321562,
        "nauc_ndcg_at_3_std": -0.022766,
        "nauc_ndcg_at_3_diff1": 0.244139,
        "nauc_ndcg_at_5_max": 0.300551,
        "nauc_ndcg_at_5_std": -0.015938,
        "nauc_ndcg_at_5_diff1": 0.201038,
        "nauc_ndcg_at_10_max": 0.28331,
        "nauc_ndcg_at_10_std": 0.000938,
        "nauc_ndcg_at_10_diff1": 0.17487,
        "nauc_ndcg_at_20_max": 0.280008,
        "nauc_ndcg_at_20_std": 0.019467,
        "nauc_ndcg_at_20_diff1": 0.161021,
        "nauc_ndcg_at_100_max": 0.269392,
        "nauc_ndcg_at_100_std": 0.037181,
        "nauc_ndcg_at_100_diff1": 0.131003,
        "nauc_ndcg_at_1000_max": 0.265516,
        "nauc_ndcg_at_1000_std": 0.050188,
        "nauc_ndcg_at_1000_diff1": 0.119675,
        "nauc_map_at_1_max": 0.334232,
        "nauc_map_at_1_std": -0.037818,
        "nauc_map_at_1_diff1": 0.310162,
        "nauc_map_at_3_max": 0.322365,
        "nauc_map_at_3_std": -0.027565,
        "nauc_map_at_3_diff1": 0.256149,
        "nauc_map_at_5_max": 0.308905,
        "nauc_map_at_5_std": -0.023123,
        "nauc_map_at_5_diff1": 0.228368,
        "nauc_map_at_10_max": 0.300217,
        "nauc_map_at_10_std": -0.013755,
        "nauc_map_at_10_diff1": 0.213457,
        "nauc_map_at_20_max": 0.29867,
        "nauc_map_at_20_std": -0.007399,
        "nauc_map_at_20_diff1": 0.207985,
        "nauc_map_at_100_max": 0.296027,
        "nauc_map_at_100_std": -0.003908,
        "nauc_map_at_100_diff1": 0.201637,
        "nauc_map_at_1000_max": 0.295476,
        "nauc_map_at_1000_std": -0.002982,
        "nauc_map_at_1000_diff1": 0.200549,
        "nauc_recall_at_1_max": 0.334232,
        "nauc_recall_at_1_std": -0.037818,
        "nauc_recall_at_1_diff1": 0.310162,
        "nauc_recall_at_3_max": 0.320268,
        "nauc_recall_at_3_std": -0.011188,
        "nauc_recall_at_3_diff1": 0.216956,
        "nauc_recall_at_5_max": 0.283103,
        "nauc_recall_at_5_std": -0.000774,
        "nauc_recall_at_5_diff1": 0.144359,
        "nauc_recall_at_10_max": 0.252116,
        "nauc_recall_at_10_std": 0.027292,
        "nauc_recall_at_10_diff1": 0.107478,
        "nauc_recall_at_20_max": 0.249747,
        "nauc_recall_at_20_std": 0.066718,
        "nauc_recall_at_20_diff1": 0.086093,
        "nauc_recall_at_100_max": 0.23506,
        "nauc_recall_at_100_std": 0.095164,
        "nauc_recall_at_100_diff1": 0.037252,
        "nauc_recall_at_1000_max": 0.229037,
        "nauc_recall_at_1000_std": 0.130667,
        "nauc_recall_at_1000_diff1": 0.011757,
        "nauc_precision_at_1_max": 0.334232,
        "nauc_precision_at_1_std": -0.037818,
        "nauc_precision_at_1_diff1": 0.310162,
        "nauc_precision_at_3_max": 0.320268,
        "nauc_precision_at_3_std": -0.011188,
        "nauc_precision_at_3_diff1": 0.216956,
        "nauc_precision_at_5_max": 0.283103,
        "nauc_precision_at_5_std": -0.000774,
        "nauc_precision_at_5_diff1": 0.144359,
        "nauc_precision_at_10_max": 0.252116,
        "nauc_precision_at_10_std": 0.027292,
        "nauc_precision_at_10_diff1": 0.107478,
        "nauc_precision_at_20_max": 0.249747,
        "nauc_precision_at_20_std": 0.066718,
        "nauc_precision_at_20_diff1": 0.086093,
        "nauc_precision_at_100_max": 0.23506,
        "nauc_precision_at_100_std": 0.095164,
        "nauc_precision_at_100_diff1": 0.037252,
        "nauc_precision_at_1000_max": 0.229037,
        "nauc_precision_at_1000_std": 0.130667,
        "nauc_precision_at_1000_diff1": 0.011757,
        "nauc_mrr_at_1_max": 0.334232,
        "nauc_mrr_at_1_std": -0.037818,
        "nauc_mrr_at_1_diff1": 0.310162,
        "nauc_mrr_at_3_max": 0.322365,
        "nauc_mrr_at_3_std": -0.027565,
        "nauc_mrr_at_3_diff1": 0.256149,
        "nauc_mrr_at_5_max": 0.308905,
        "nauc_mrr_at_5_std": -0.023123,
        "nauc_mrr_at_5_diff1": 0.228368,
        "nauc_mrr_at_10_max": 0.300217,
        "nauc_mrr_at_10_std": -0.013755,
        "nauc_mrr_at_10_diff1": 0.213457,
        "nauc_mrr_at_20_max": 0.29867,
        "nauc_mrr_at_20_std": -0.007399,
        "nauc_mrr_at_20_diff1": 0.207985,
        "nauc_mrr_at_100_max": 0.296027,
        "nauc_mrr_at_100_std": -0.003908,
        "nauc_mrr_at_100_diff1": 0.201637,
        "nauc_mrr_at_1000_max": 0.295476,
        "nauc_mrr_at_1000_std": -0.002982,
        "nauc_mrr_at_1000_diff1": 0.200549,
        "main_score": 0.06126,
        "hf_subset": "default",
        "languages": [
          "eng-Latn",
          "python-Code"
        ]
      }
    ]
  },
  "evaluation_time": 14.352526187896729,
  "kg_co2_emissions": null
}