{
  "dataset_revision": "c22ab2a51041ffd869aaddef7af8d8215647e41a",
  "task_name": "ArguAna",
  "mteb_version": "1.34.8",
  "scores": {
    "test": [
      {
        "ndcg_at_1": 0.26814,
        "ndcg_at_3": 0.40926,
        "ndcg_at_5": 0.45957,
        "ndcg_at_10": 0.51067,
        "ndcg_at_20": 0.54038,
        "ndcg_at_100": 0.55358,
        "ndcg_at_1000": 0.55599,
        "map_at_1": 0.26814,
        "map_at_3": 0.3734,
        "map_at_5": 0.4011,
        "map_at_10": 0.42221,
        "map_at_20": 0.43057,
        "map_at_100": 0.4327,
        "map_at_1000": 0.43282,
        "recall_at_1": 0.26814,
        "recall_at_3": 0.51351,
        "recall_at_5": 0.63656,
        "recall_at_10": 0.79445,
        "recall_at_20": 0.91038,
        "recall_at_100": 0.97724,
        "recall_at_1000": 0.99502,
        "precision_at_1": 0.26814,
        "precision_at_3": 0.17117,
        "precision_at_5": 0.12731,
        "precision_at_10": 0.07945,
        "precision_at_20": 0.04552,
        "precision_at_100": 0.00977,
        "precision_at_1000": 0.001,
        "mrr_at_1": 0.273115,
        "mrr_at_3": 0.374704,
        "mrr_at_5": 0.402833,
        "mrr_at_10": 0.42393,
        "mrr_at_20": 0.432257,
        "mrr_at_100": 0.434421,
        "mrr_at_1000": 0.434533,
        "nauc_ndcg_at_1_max": -0.036156,
        "nauc_ndcg_at_1_std": -0.096958,
        "nauc_ndcg_at_1_diff1": 0.133427,
        "nauc_ndcg_at_3_max": -0.010664,
        "nauc_ndcg_at_3_std": -0.08069,
        "nauc_ndcg_at_3_diff1": 0.093588,
        "nauc_ndcg_at_5_max": -0.012376,
        "nauc_ndcg_at_5_std": -0.084043,
        "nauc_ndcg_at_5_diff1": 0.084787,
        "nauc_ndcg_at_10_max": -0.006135,
        "nauc_ndcg_at_10_std": -0.075957,
        "nauc_ndcg_at_10_diff1": 0.083705,
        "nauc_ndcg_at_20_max": 0.001073,
        "nauc_ndcg_at_20_std": -0.078248,
        "nauc_ndcg_at_20_diff1": 0.09052,
        "nauc_ndcg_at_100_max": -0.002093,
        "nauc_ndcg_at_100_std": -0.075526,
        "nauc_ndcg_at_100_diff1": 0.094677,
        "nauc_ndcg_at_1000_max": -0.007963,
        "nauc_ndcg_at_1000_std": -0.07787,
        "nauc_ndcg_at_1000_diff1": 0.094511,
        "nauc_map_at_1_max": -0.036156,
        "nauc_map_at_1_std": -0.096958,
        "nauc_map_at_1_diff1": 0.133427,
        "nauc_map_at_3_max": -0.018582,
        "nauc_map_at_3_std": -0.085191,
        "nauc_map_at_3_diff1": 0.101436,
        "nauc_map_at_5_max": -0.020108,
        "nauc_map_at_5_std": -0.086797,
        "nauc_map_at_5_diff1": 0.096583,
        "nauc_map_at_10_max": -0.017895,
        "nauc_map_at_10_std": -0.084012,
        "nauc_map_at_10_diff1": 0.097149,
        "nauc_map_at_20_max": -0.016204,
        "nauc_map_at_20_std": -0.084467,
        "nauc_map_at_20_diff1": 0.098848,
        "nauc_map_at_100_max": -0.016382,
        "nauc_map_at_100_std": -0.084029,
        "nauc_map_at_100_diff1": 0.099619,
        "nauc_map_at_1000_max": -0.016596,
        "nauc_map_at_1000_std": -0.08408,
        "nauc_map_at_1000_diff1": 0.099621,
        "nauc_recall_at_1_max": -0.036156,
        "nauc_recall_at_1_std": -0.096958,
        "nauc_recall_at_1_diff1": 0.133427,
        "nauc_recall_at_3_max": 0.012571,
        "nauc_recall_at_3_std": -0.067653,
        "nauc_recall_at_3_diff1": 0.071935,
        "nauc_recall_at_5_max": 0.013588,
        "nauc_recall_at_5_std": -0.075931,
        "nauc_recall_at_5_diff1": 0.046558,
        "nauc_recall_at_10_max": 0.055276,
        "nauc_recall_at_10_std": -0.032454,
        "nauc_recall_at_10_diff1": 0.017016,
        "nauc_recall_at_20_max": 0.200339,
        "nauc_recall_at_20_std": -0.016164,
        "nauc_recall_at_20_diff1": 0.025279,
        "nauc_recall_at_100_max": 0.538042,
        "nauc_recall_at_100_std": 0.28945,
        "nauc_recall_at_100_diff1": 0.028517,
        "nauc_recall_at_1000_max": 0.295124,
        "nauc_recall_at_1000_std": 0.637562,
        "nauc_recall_at_1000_diff1": -0.281209,
        "nauc_precision_at_1_max": -0.036156,
        "nauc_precision_at_1_std": -0.096958,
        "nauc_precision_at_1_diff1": 0.133427,
        "nauc_precision_at_3_max": 0.012571,
        "nauc_precision_at_3_std": -0.067653,
        "nauc_precision_at_3_diff1": 0.071935,
        "nauc_precision_at_5_max": 0.013588,
        "nauc_precision_at_5_std": -0.075931,
        "nauc_precision_at_5_diff1": 0.046558,
        "nauc_precision_at_10_max": 0.055276,
        "nauc_precision_at_10_std": -0.032454,
        "nauc_precision_at_10_diff1": 0.017016,
        "nauc_precision_at_20_max": 0.200339,
        "nauc_precision_at_20_std": -0.016164,
        "nauc_precision_at_20_diff1": 0.025279,
        "nauc_precision_at_100_max": 0.538042,
        "nauc_precision_at_100_std": 0.28945,
        "nauc_precision_at_100_diff1": 0.028517,
        "nauc_precision_at_1000_max": 0.295124,
        "nauc_precision_at_1000_std": 0.637562,
        "nauc_precision_at_1000_diff1": -0.281209,
        "nauc_mrr_at_1_max": -0.038866,
        "nauc_mrr_at_1_std": -0.100031,
        "nauc_mrr_at_1_diff1": 0.117224,
        "nauc_mrr_at_3_max": -0.026409,
        "nauc_mrr_at_3_std": -0.087171,
        "nauc_mrr_at_3_diff1": 0.087183,
        "nauc_mrr_at_5_max": -0.027791,
        "nauc_mrr_at_5_std": -0.088314,
        "nauc_mrr_at_5_diff1": 0.08219,
        "nauc_mrr_at_10_max": -0.02552,
        "nauc_mrr_at_10_std": -0.085204,
        "nauc_mrr_at_10_diff1": 0.082056,
        "nauc_mrr_at_20_max": -0.023866,
        "nauc_mrr_at_20_std": -0.085894,
        "nauc_mrr_at_20_diff1": 0.083673,
        "nauc_mrr_at_100_max": -0.023913,
        "nauc_mrr_at_100_std": -0.085414,
        "nauc_mrr_at_100_diff1": 0.084531,
        "nauc_mrr_at_1000_max": -0.024129,
        "nauc_mrr_at_1000_std": -0.085466,
        "nauc_mrr_at_1000_diff1": 0.084527,
        "main_score": 0.51067,
        "hf_subset": "default",
        "languages": [
          "eng-Latn"
        ]
      }
    ]
  },
  "evaluation_time": 7.965391397476196,
  "kg_co2_emissions": null
}