{
  "dataset_revision": "27a168819829fe9bcd655c2df245fb19452e8e06",
  "task_name": "FiQA2018",
  "mteb_version": "1.34.8",
  "scores": {
    "test": [
      {
        "ndcg_at_1": 0.35031,
        "ndcg_at_3": 0.33467,
        "ndcg_at_5": 0.344,
        "ndcg_at_10": 0.36663,
        "ndcg_at_20": 0.39618,
        "ndcg_at_100": 0.44013,
        "ndcg_at_1000": 0.47272,
        "map_at_1": 0.17566,
        "map_at_3": 0.25517,
        "map_at_5": 0.27552,
        "map_at_10": 0.29066,
        "map_at_20": 0.30155,
        "map_at_100": 0.31037,
        "map_at_1000": 0.3123,
        "recall_at_1": 0.17566,
        "recall_at_3": 0.30581,
        "recall_at_5": 0.35938,
        "recall_at_10": 0.43355,
        "recall_at_20": 0.52551,
        "recall_at_100": 0.7067,
        "recall_at_1000": 0.90332,
        "precision_at_1": 0.35031,
        "precision_at_3": 0.22479,
        "precision_at_5": 0.16574,
        "precision_at_10": 0.10262,
        "precision_at_20": 0.06319,
        "precision_at_100": 0.01772,
        "precision_at_1000": 0.00234,
        "mrr_at_1": 0.350309,
        "mrr_at_3": 0.423097,
        "mrr_at_5": 0.435211,
        "mrr_at_10": 0.446535,
        "mrr_at_20": 0.45255,
        "mrr_at_100": 0.455658,
        "mrr_at_1000": 0.456087,
        "nauc_ndcg_at_1_max": 0.369893,
        "nauc_ndcg_at_1_std": -0.042293,
        "nauc_ndcg_at_1_diff1": 0.456006,
        "nauc_ndcg_at_3_max": 0.326816,
        "nauc_ndcg_at_3_std": -0.069983,
        "nauc_ndcg_at_3_diff1": 0.377046,
        "nauc_ndcg_at_5_max": 0.319532,
        "nauc_ndcg_at_5_std": -0.069653,
        "nauc_ndcg_at_5_diff1": 0.358205,
        "nauc_ndcg_at_10_max": 0.315024,
        "nauc_ndcg_at_10_std": -0.054721,
        "nauc_ndcg_at_10_diff1": 0.350238,
        "nauc_ndcg_at_20_max": 0.323189,
        "nauc_ndcg_at_20_std": -0.035712,
        "nauc_ndcg_at_20_diff1": 0.340025,
        "nauc_ndcg_at_100_max": 0.337094,
        "nauc_ndcg_at_100_std": -0.012521,
        "nauc_ndcg_at_100_diff1": 0.352075,
        "nauc_ndcg_at_1000_max": 0.353393,
        "nauc_ndcg_at_1000_std": -0.008348,
        "nauc_ndcg_at_1000_diff1": 0.360819,
        "nauc_map_at_1_max": 0.227061,
        "nauc_map_at_1_std": -0.083966,
        "nauc_map_at_1_diff1": 0.411505,
        "nauc_map_at_3_max": 0.275476,
        "nauc_map_at_3_std": -0.088548,
        "nauc_map_at_3_diff1": 0.379476,
        "nauc_map_at_5_max": 0.29268,
        "nauc_map_at_5_std": -0.084785,
        "nauc_map_at_5_diff1": 0.367374,
        "nauc_map_at_10_max": 0.29999,
        "nauc_map_at_10_std": -0.074764,
        "nauc_map_at_10_diff1": 0.357194,
        "nauc_map_at_20_max": 0.305836,
        "nauc_map_at_20_std": -0.067604,
        "nauc_map_at_20_diff1": 0.353681,
        "nauc_map_at_100_max": 0.309531,
        "nauc_map_at_100_std": -0.06297,
        "nauc_map_at_100_diff1": 0.355035,
        "nauc_map_at_1000_max": 0.311023,
        "nauc_map_at_1000_std": -0.062019,
        "nauc_map_at_1000_diff1": 0.355436,
        "nauc_recall_at_1_max": 0.227061,
        "nauc_recall_at_1_std": -0.083966,
        "nauc_recall_at_1_diff1": 0.411505,
        "nauc_recall_at_3_max": 0.239906,
        "nauc_recall_at_3_std": -0.083202,
        "nauc_recall_at_3_diff1": 0.315006,
        "nauc_recall_at_5_max": 0.249858,
        "nauc_recall_at_5_std": -0.069037,
        "nauc_recall_at_5_diff1": 0.274301,
        "nauc_recall_at_10_max": 0.233023,
        "nauc_recall_at_10_std": -0.038688,
        "nauc_recall_at_10_diff1": 0.228583,
        "nauc_recall_at_20_max": 0.230671,
        "nauc_recall_at_20_std": 0.016379,
        "nauc_recall_at_20_diff1": 0.174045,
        "nauc_recall_at_100_max": 0.249264,
        "nauc_recall_at_100_std": 0.137733,
        "nauc_recall_at_100_diff1": 0.200561,
        "nauc_recall_at_1000_max": 0.424696,
        "nauc_recall_at_1000_std": 0.37318,
        "nauc_recall_at_1000_diff1": 0.259215,
        "nauc_precision_at_1_max": 0.369893,
        "nauc_precision_at_1_std": -0.042293,
        "nauc_precision_at_1_diff1": 0.456006,
        "nauc_precision_at_3_max": 0.358994,
        "nauc_precision_at_3_std": -0.048236,
        "nauc_precision_at_3_diff1": 0.300925,
        "nauc_precision_at_5_max": 0.359149,
        "nauc_precision_at_5_std": -0.030944,
        "nauc_precision_at_5_diff1": 0.225181,
        "nauc_precision_at_10_max": 0.352846,
        "nauc_precision_at_10_std": 0.022728,
        "nauc_precision_at_10_diff1": 0.164292,
        "nauc_precision_at_20_max": 0.341699,
        "nauc_precision_at_20_std": 0.077517,
        "nauc_precision_at_20_diff1": 0.111121,
        "nauc_precision_at_100_max": 0.296662,
        "nauc_precision_at_100_std": 0.134743,
        "nauc_precision_at_100_diff1": 0.067554,
        "nauc_precision_at_1000_max": 0.257979,
        "nauc_precision_at_1000_std": 0.12513,
        "nauc_precision_at_1000_diff1": 0.022163,
        "nauc_mrr_at_1_max": 0.369893,
        "nauc_mrr_at_1_std": -0.042293,
        "nauc_mrr_at_1_diff1": 0.456006,
        "nauc_mrr_at_3_max": 0.363003,
        "nauc_mrr_at_3_std": -0.035041,
        "nauc_mrr_at_3_diff1": 0.421821,
        "nauc_mrr_at_5_max": 0.368891,
        "nauc_mrr_at_5_std": -0.033511,
        "nauc_mrr_at_5_diff1": 0.416185,
        "nauc_mrr_at_10_max": 0.36689,
        "nauc_mrr_at_10_std": -0.029745,
        "nauc_mrr_at_10_diff1": 0.412972,
        "nauc_mrr_at_20_max": 0.366756,
        "nauc_mrr_at_20_std": -0.024833,
        "nauc_mrr_at_20_diff1": 0.410633,
        "nauc_mrr_at_100_max": 0.36797,
        "nauc_mrr_at_100_std": -0.023831,
        "nauc_mrr_at_100_diff1": 0.41227,
        "nauc_mrr_at_1000_max": 0.368162,
        "nauc_mrr_at_1000_std": -0.02385,
        "nauc_mrr_at_1000_diff1": 0.412434,
        "main_score": 0.36663,
        "hf_subset": "default",
        "languages": [
          "eng-Latn"
        ]
      }
    ]
  },
  "evaluation_time": 27.168139934539795,
  "kg_co2_emissions": null
}