{
  "dataset_revision": "ae763399273d8b20506b80cf6f6f9a31a6a2b238",
  "task_name": "MedicalQARetrieval",
  "mteb_version": "1.34.8",
  "scores": {
    "test": [
      {
        "ndcg_at_1": 0.42725,
        "ndcg_at_3": 0.56301,
        "ndcg_at_5": 0.59653,
        "ndcg_at_10": 0.62166,
        "ndcg_at_20": 0.63466,
        "ndcg_at_100": 0.64733,
        "ndcg_at_1000": 0.65496,
        "map_at_1": 0.42725,
        "map_at_3": 0.52946,
        "map_at_5": 0.54838,
        "map_at_10": 0.55895,
        "map_at_20": 0.5626,
        "map_at_100": 0.56432,
        "map_at_1000": 0.5646,
        "recall_at_1": 0.42725,
        "recall_at_3": 0.66016,
        "recall_at_5": 0.74023,
        "recall_at_10": 0.81689,
        "recall_at_20": 0.86768,
        "recall_at_100": 0.93652,
        "recall_at_1000": 0.99707,
        "precision_at_1": 0.42725,
        "precision_at_3": 0.22005,
        "precision_at_5": 0.14805,
        "precision_at_10": 0.08169,
        "precision_at_20": 0.04338,
        "precision_at_100": 0.00937,
        "precision_at_1000": 0.001,
        "mrr_at_1": 0.427246,
        "mrr_at_3": 0.529215,
        "mrr_at_5": 0.548112,
        "mrr_at_10": 0.558814,
        "mrr_at_20": 0.562421,
        "mrr_at_100": 0.56414,
        "mrr_at_1000": 0.564417,
        "nauc_ndcg_at_1_max": 0.262909,
        "nauc_ndcg_at_1_std": -0.071688,
        "nauc_ndcg_at_1_diff1": 0.363299,
        "nauc_ndcg_at_3_max": 0.261516,
        "nauc_ndcg_at_3_std": -0.090912,
        "nauc_ndcg_at_3_diff1": 0.310984,
        "nauc_ndcg_at_5_max": 0.269664,
        "nauc_ndcg_at_5_std": -0.08234,
        "nauc_ndcg_at_5_diff1": 0.300929,
        "nauc_ndcg_at_10_max": 0.296365,
        "nauc_ndcg_at_10_std": -0.061278,
        "nauc_ndcg_at_10_diff1": 0.297776,
        "nauc_ndcg_at_20_max": 0.30531,
        "nauc_ndcg_at_20_std": -0.042989,
        "nauc_ndcg_at_20_diff1": 0.29569,
        "nauc_ndcg_at_100_max": 0.300735,
        "nauc_ndcg_at_100_std": -0.040499,
        "nauc_ndcg_at_100_diff1": 0.299286,
        "nauc_ndcg_at_1000_max": 0.289486,
        "nauc_ndcg_at_1000_std": -0.054293,
        "nauc_ndcg_at_1000_diff1": 0.305524,
        "nauc_map_at_1_max": 0.262909,
        "nauc_map_at_1_std": -0.071688,
        "nauc_map_at_1_diff1": 0.363299,
        "nauc_map_at_3_max": 0.262868,
        "nauc_map_at_3_std": -0.085451,
        "nauc_map_at_3_diff1": 0.322912,
        "nauc_map_at_5_max": 0.267196,
        "nauc_map_at_5_std": -0.080663,
        "nauc_map_at_5_diff1": 0.317751,
        "nauc_map_at_10_max": 0.276998,
        "nauc_map_at_10_std": -0.072499,
        "nauc_map_at_10_diff1": 0.3167,
        "nauc_map_at_20_max": 0.278864,
        "nauc_map_at_20_std": -0.068398,
        "nauc_map_at_20_diff1": 0.316446,
        "nauc_map_at_100_max": 0.27837,
        "nauc_map_at_100_std": -0.067708,
        "nauc_map_at_100_diff1": 0.316856,
        "nauc_map_at_1000_max": 0.278007,
        "nauc_map_at_1000_std": -0.068076,
        "nauc_map_at_1000_diff1": 0.317025,
        "nauc_recall_at_1_max": 0.262909,
        "nauc_recall_at_1_std": -0.071688,
        "nauc_recall_at_1_diff1": 0.363299,
        "nauc_recall_at_3_max": 0.256501,
        "nauc_recall_at_3_std": -0.109433,
        "nauc_recall_at_3_diff1": 0.271846,
        "nauc_recall_at_5_max": 0.280363,
        "nauc_recall_at_5_std": -0.087739,
        "nauc_recall_at_5_diff1": 0.234249,
        "nauc_recall_at_10_max": 0.415927,
        "nauc_recall_at_10_std": 0.011416,
        "nauc_recall_at_10_diff1": 0.199226,
        "nauc_recall_at_20_max": 0.531079,
        "nauc_recall_at_20_std": 0.187885,
        "nauc_recall_at_20_diff1": 0.147552,
        "nauc_recall_at_100_max": 0.651234,
        "nauc_recall_at_100_std": 0.440541,
        "nauc_recall_at_100_diff1": 0.080445,
        "nauc_recall_at_1000_max": 0.567117,
        "nauc_recall_at_1000_std": 0.931906,
        "nauc_recall_at_1000_diff1": -0.123981,
        "nauc_precision_at_1_max": 0.262909,
        "nauc_precision_at_1_std": -0.071688,
        "nauc_precision_at_1_diff1": 0.363299,
        "nauc_precision_at_3_max": 0.256501,
        "nauc_precision_at_3_std": -0.109433,
        "nauc_precision_at_3_diff1": 0.271846,
        "nauc_precision_at_5_max": 0.280363,
        "nauc_precision_at_5_std": -0.087739,
        "nauc_precision_at_5_diff1": 0.234249,
        "nauc_precision_at_10_max": 0.415927,
        "nauc_precision_at_10_std": 0.011416,
        "nauc_precision_at_10_diff1": 0.199226,
        "nauc_precision_at_20_max": 0.531079,
        "nauc_precision_at_20_std": 0.187885,
        "nauc_precision_at_20_diff1": 0.147552,
        "nauc_precision_at_100_max": 0.651234,
        "nauc_precision_at_100_std": 0.440541,
        "nauc_precision_at_100_diff1": 0.080445,
        "nauc_precision_at_1000_max": 0.567117,
        "nauc_precision_at_1000_std": 0.931906,
        "nauc_precision_at_1000_diff1": -0.123981,
        "nauc_mrr_at_1_max": 0.263895,
        "nauc_mrr_at_1_std": -0.071688,
        "nauc_mrr_at_1_diff1": 0.363299,
        "nauc_mrr_at_3_max": 0.264097,
        "nauc_mrr_at_3_std": -0.085143,
        "nauc_mrr_at_3_diff1": 0.32354,
        "nauc_mrr_at_5_max": 0.268602,
        "nauc_mrr_at_5_std": -0.080399,
        "nauc_mrr_at_5_diff1": 0.318444,
        "nauc_mrr_at_10_max": 0.278433,
        "nauc_mrr_at_10_std": -0.072117,
        "nauc_mrr_at_10_diff1": 0.317433,
        "nauc_mrr_at_20_max": 0.280024,
        "nauc_mrr_at_20_std": -0.068257,
        "nauc_mrr_at_20_diff1": 0.316979,
        "nauc_mrr_at_100_max": 0.279536,
        "nauc_mrr_at_100_std": -0.067566,
        "nauc_mrr_at_100_diff1": 0.317391,
        "nauc_mrr_at_1000_max": 0.279175,
        "nauc_mrr_at_1000_std": -0.067934,
        "nauc_mrr_at_1000_diff1": 0.317561,
        "main_score": 0.62166,
        "hf_subset": "default",
        "languages": [
          "eng-Latn"
        ]
      }
    ]
  },
  "evaluation_time": 4.827236890792847,
  "kg_co2_emissions": null
}