{
  "dataset_revision": "ec0fa4fe99da2ff19ca1214b7966684033a58814",
  "task_name": "NFCorpus",
  "mteb_version": "1.34.8",
  "scores": {
    "test": [
      {
        "ndcg_at_1": 0.37771,
        "ndcg_at_3": 0.34573,
        "ndcg_at_5": 0.32595,
        "ndcg_at_10": 0.30288,
        "ndcg_at_20": 0.2843,
        "ndcg_at_100": 0.28508,
        "ndcg_at_1000": 0.37443,
        "map_at_1": 0.03667,
        "map_at_3": 0.06955,
        "map_at_5": 0.08398,
        "map_at_10": 0.10243,
        "map_at_20": 0.11515,
        "map_at_100": 0.1353,
        "map_at_1000": 0.15048,
        "recall_at_1": 0.03667,
        "recall_at_3": 0.08058,
        "recall_at_5": 0.10558,
        "recall_at_10": 0.1491,
        "recall_at_20": 0.18212,
        "recall_at_100": 0.29951,
        "recall_at_1000": 0.61763,
        "precision_at_1": 0.39938,
        "precision_at_3": 0.3323,
        "precision_at_5": 0.29226,
        "precision_at_10": 0.23498,
        "precision_at_20": 0.17678,
        "precision_at_100": 0.07904,
        "precision_at_1000": 0.02112,
        "mrr_at_1": 0.399381,
        "mrr_at_3": 0.468008,
        "mrr_at_5": 0.484881,
        "mrr_at_10": 0.491758,
        "mrr_at_20": 0.49496,
        "mrr_at_100": 0.49781,
        "mrr_at_1000": 0.498175,
        "nauc_ndcg_at_1_max": 0.339127,
        "nauc_ndcg_at_1_std": 0.126257,
        "nauc_ndcg_at_1_diff1": 0.311529,
        "nauc_ndcg_at_3_max": 0.351434,
        "nauc_ndcg_at_3_std": 0.203782,
        "nauc_ndcg_at_3_diff1": 0.181522,
        "nauc_ndcg_at_5_max": 0.375322,
        "nauc_ndcg_at_5_std": 0.241492,
        "nauc_ndcg_at_5_diff1": 0.157779,
        "nauc_ndcg_at_10_max": 0.380012,
        "nauc_ndcg_at_10_std": 0.272834,
        "nauc_ndcg_at_10_diff1": 0.127073,
        "nauc_ndcg_at_20_max": 0.362919,
        "nauc_ndcg_at_20_std": 0.2952,
        "nauc_ndcg_at_20_diff1": 0.107542,
        "nauc_ndcg_at_100_max": 0.409259,
        "nauc_ndcg_at_100_std": 0.310418,
        "nauc_ndcg_at_100_diff1": 0.141717,
        "nauc_ndcg_at_1000_max": 0.482297,
        "nauc_ndcg_at_1000_std": 0.397109,
        "nauc_ndcg_at_1000_diff1": 0.167132,
        "nauc_map_at_1_max": 0.149984,
        "nauc_map_at_1_std": -0.105265,
        "nauc_map_at_1_diff1": 0.327118,
        "nauc_map_at_3_max": 0.172799,
        "nauc_map_at_3_std": -0.054413,
        "nauc_map_at_3_diff1": 0.259369,
        "nauc_map_at_5_max": 0.20853,
        "nauc_map_at_5_std": -0.026037,
        "nauc_map_at_5_diff1": 0.232666,
        "nauc_map_at_10_max": 0.264473,
        "nauc_map_at_10_std": 0.03815,
        "nauc_map_at_10_diff1": 0.188861,
        "nauc_map_at_20_max": 0.292713,
        "nauc_map_at_20_std": 0.095029,
        "nauc_map_at_20_diff1": 0.163762,
        "nauc_map_at_100_max": 0.320133,
        "nauc_map_at_100_std": 0.178622,
        "nauc_map_at_100_diff1": 0.139175,
        "nauc_map_at_1000_max": 0.329127,
        "nauc_map_at_1000_std": 0.228531,
        "nauc_map_at_1000_diff1": 0.124004,
        "nauc_recall_at_1_max": 0.149984,
        "nauc_recall_at_1_std": -0.105265,
        "nauc_recall_at_1_diff1": 0.327118,
        "nauc_recall_at_3_max": 0.149855,
        "nauc_recall_at_3_std": -0.053326,
        "nauc_recall_at_3_diff1": 0.222409,
        "nauc_recall_at_5_max": 0.190052,
        "nauc_recall_at_5_std": -0.023017,
        "nauc_recall_at_5_diff1": 0.201942,
        "nauc_recall_at_10_max": 0.214121,
        "nauc_recall_at_10_std": 0.025898,
        "nauc_recall_at_10_diff1": 0.114777,
        "nauc_recall_at_20_max": 0.236855,
        "nauc_recall_at_20_std": 0.097719,
        "nauc_recall_at_20_diff1": 0.097732,
        "nauc_recall_at_100_max": 0.303337,
        "nauc_recall_at_100_std": 0.207871,
        "nauc_recall_at_100_diff1": 0.097705,
        "nauc_recall_at_1000_max": 0.325398,
        "nauc_recall_at_1000_std": 0.335744,
        "nauc_recall_at_1000_diff1": 0.128327,
        "nauc_precision_at_1_max": 0.369959,
        "nauc_precision_at_1_std": 0.14023,
        "nauc_precision_at_1_diff1": 0.293546,
        "nauc_precision_at_3_max": 0.380806,
        "nauc_precision_at_3_std": 0.260377,
        "nauc_precision_at_3_diff1": 0.111378,
        "nauc_precision_at_5_max": 0.409392,
        "nauc_precision_at_5_std": 0.327774,
        "nauc_precision_at_5_diff1": 0.067078,
        "nauc_precision_at_10_max": 0.389993,
        "nauc_precision_at_10_std": 0.391187,
        "nauc_precision_at_10_diff1": -0.001892,
        "nauc_precision_at_20_max": 0.308875,
        "nauc_precision_at_20_std": 0.438468,
        "nauc_precision_at_20_diff1": -0.074034,
        "nauc_precision_at_100_max": 0.192347,
        "nauc_precision_at_100_std": 0.488612,
        "nauc_precision_at_100_diff1": -0.135277,
        "nauc_precision_at_1000_max": 0.045638,
        "nauc_precision_at_1000_std": 0.388262,
        "nauc_precision_at_1000_diff1": -0.16178,
        "nauc_mrr_at_1_max": 0.369959,
        "nauc_mrr_at_1_std": 0.14023,
        "nauc_mrr_at_1_diff1": 0.293546,
        "nauc_mrr_at_3_max": 0.413882,
        "nauc_mrr_at_3_std": 0.179951,
        "nauc_mrr_at_3_diff1": 0.270212,
        "nauc_mrr_at_5_max": 0.433789,
        "nauc_mrr_at_5_std": 0.20246,
        "nauc_mrr_at_5_diff1": 0.281035,
        "nauc_mrr_at_10_max": 0.434198,
        "nauc_mrr_at_10_std": 0.202842,
        "nauc_mrr_at_10_diff1": 0.277349,
        "nauc_mrr_at_20_max": 0.435637,
        "nauc_mrr_at_20_std": 0.209591,
        "nauc_mrr_at_20_diff1": 0.27706,
        "nauc_mrr_at_100_max": 0.435339,
        "nauc_mrr_at_100_std": 0.210102,
        "nauc_mrr_at_100_diff1": 0.27673,
        "nauc_mrr_at_1000_max": 0.435143,
        "nauc_mrr_at_1000_std": 0.209812,
        "nauc_mrr_at_1000_diff1": 0.276775,
        "main_score": 0.30288,
        "hf_subset": "default",
        "languages": [
          "eng-Latn"
        ]
      }
    ]
  },
  "evaluation_time": 3.4281179904937744,
  "kg_co2_emissions": null
}