{
  "dataset_revision": "f8c2fcf00f625baaa80f62ec5bd9e1fff3b8ae88",
  "task_name": "SCIDOCS",
  "mteb_version": "1.34.8",
  "scores": {
    "test": [
      {
        "ndcg_at_1": 0.234,
        "ndcg_at_3": 0.19807,
        "ndcg_at_5": 0.17664,
        "ndcg_at_10": 0.21509,
        "ndcg_at_20": 0.24844,
        "ndcg_at_100": 0.30796,
        "ndcg_at_1000": 0.36307,
        "map_at_1": 0.04733,
        "map_at_3": 0.08915,
        "map_at_5": 0.10934,
        "map_at_10": 0.12854,
        "map_at_20": 0.14151,
        "map_at_100": 0.15412,
        "map_at_1000": 0.15757,
        "recall_at_1": 0.04733,
        "recall_at_3": 0.11413,
        "recall_at_5": 0.16098,
        "recall_at_10": 0.23225,
        "recall_at_20": 0.31017,
        "recall_at_100": 0.50357,
        "recall_at_1000": 0.7714,
        "precision_at_1": 0.234,
        "precision_at_3": 0.18767,
        "precision_at_5": 0.1588,
        "precision_at_10": 0.1146,
        "precision_at_20": 0.0765,
        "precision_at_100": 0.02483,
        "precision_at_1000": 0.0038,
        "mrr_at_1": 0.234,
        "mrr_at_3": 0.314,
        "mrr_at_5": 0.3354,
        "mrr_at_10": 0.351204,
        "mrr_at_20": 0.357938,
        "mrr_at_100": 0.36217,
        "mrr_at_1000": 0.362572,
        "nauc_ndcg_at_1_max": 0.241923,
        "nauc_ndcg_at_1_std": 0.037802,
        "nauc_ndcg_at_1_diff1": 0.212607,
        "nauc_ndcg_at_3_max": 0.29752,
        "nauc_ndcg_at_3_std": 0.065501,
        "nauc_ndcg_at_3_diff1": 0.157937,
        "nauc_ndcg_at_5_max": 0.327914,
        "nauc_ndcg_at_5_std": 0.106644,
        "nauc_ndcg_at_5_diff1": 0.138064,
        "nauc_ndcg_at_10_max": 0.353925,
        "nauc_ndcg_at_10_std": 0.134262,
        "nauc_ndcg_at_10_diff1": 0.122507,
        "nauc_ndcg_at_20_max": 0.382547,
        "nauc_ndcg_at_20_std": 0.174527,
        "nauc_ndcg_at_20_diff1": 0.120442,
        "nauc_ndcg_at_100_max": 0.39839,
        "nauc_ndcg_at_100_std": 0.225136,
        "nauc_ndcg_at_100_diff1": 0.115589,
        "nauc_ndcg_at_1000_max": 0.392658,
        "nauc_ndcg_at_1000_std": 0.22713,
        "nauc_ndcg_at_1000_diff1": 0.111484,
        "nauc_map_at_1_max": 0.242588,
        "nauc_map_at_1_std": 0.037098,
        "nauc_map_at_1_diff1": 0.215004,
        "nauc_map_at_3_max": 0.290316,
        "nauc_map_at_3_std": 0.047089,
        "nauc_map_at_3_diff1": 0.15661,
        "nauc_map_at_5_max": 0.313511,
        "nauc_map_at_5_std": 0.084854,
        "nauc_map_at_5_diff1": 0.134639,
        "nauc_map_at_10_max": 0.33633,
        "nauc_map_at_10_std": 0.110935,
        "nauc_map_at_10_diff1": 0.120463,
        "nauc_map_at_20_max": 0.356759,
        "nauc_map_at_20_std": 0.135435,
        "nauc_map_at_20_diff1": 0.118798,
        "nauc_map_at_100_max": 0.364306,
        "nauc_map_at_100_std": 0.154305,
        "nauc_map_at_100_diff1": 0.115297,
        "nauc_map_at_1000_max": 0.364893,
        "nauc_map_at_1000_std": 0.15656,
        "nauc_map_at_1000_diff1": 0.114997,
        "nauc_recall_at_1_max": 0.242588,
        "nauc_recall_at_1_std": 0.037098,
        "nauc_recall_at_1_diff1": 0.215004,
        "nauc_recall_at_3_max": 0.317188,
        "nauc_recall_at_3_std": 0.070608,
        "nauc_recall_at_3_diff1": 0.142818,
        "nauc_recall_at_5_max": 0.34559,
        "nauc_recall_at_5_std": 0.135358,
        "nauc_recall_at_5_diff1": 0.102803,
        "nauc_recall_at_10_max": 0.37194,
        "nauc_recall_at_10_std": 0.174022,
        "nauc_recall_at_10_diff1": 0.072761,
        "nauc_recall_at_20_max": 0.408471,
        "nauc_recall_at_20_std": 0.245402,
        "nauc_recall_at_20_diff1": 0.06676,
        "nauc_recall_at_100_max": 0.398915,
        "nauc_recall_at_100_std": 0.348185,
        "nauc_recall_at_100_diff1": 0.048589,
        "nauc_recall_at_1000_max": 0.356305,
        "nauc_recall_at_1000_std": 0.389219,
        "nauc_recall_at_1000_diff1": 0.000539,
        "nauc_precision_at_1_max": 0.241923,
        "nauc_precision_at_1_std": 0.037802,
        "nauc_precision_at_1_diff1": 0.212607,
        "nauc_precision_at_3_max": 0.315993,
        "nauc_precision_at_3_std": 0.072603,
        "nauc_precision_at_3_diff1": 0.140313,
        "nauc_precision_at_5_max": 0.345411,
        "nauc_precision_at_5_std": 0.138242,
        "nauc_precision_at_5_diff1": 0.100021,
        "nauc_precision_at_10_max": 0.373077,
        "nauc_precision_at_10_std": 0.176974,
        "nauc_precision_at_10_diff1": 0.069818,
        "nauc_precision_at_20_max": 0.408043,
        "nauc_precision_at_20_std": 0.248101,
        "nauc_precision_at_20_diff1": 0.064617,
        "nauc_precision_at_100_max": 0.395221,
        "nauc_precision_at_100_std": 0.34695,
        "nauc_precision_at_100_diff1": 0.043822,
        "nauc_precision_at_1000_max": 0.34111,
        "nauc_precision_at_1000_std": 0.377751,
        "nauc_precision_at_1000_diff1": -0.010586,
        "nauc_mrr_at_1_max": 0.241923,
        "nauc_mrr_at_1_std": 0.037802,
        "nauc_mrr_at_1_diff1": 0.212607,
        "nauc_mrr_at_3_max": 0.284799,
        "nauc_mrr_at_3_std": 0.076988,
        "nauc_mrr_at_3_diff1": 0.185515,
        "nauc_mrr_at_5_max": 0.295281,
        "nauc_mrr_at_5_std": 0.089265,
        "nauc_mrr_at_5_diff1": 0.182544,
        "nauc_mrr_at_10_max": 0.299034,
        "nauc_mrr_at_10_std": 0.092206,
        "nauc_mrr_at_10_diff1": 0.182587,
        "nauc_mrr_at_20_max": 0.300467,
        "nauc_mrr_at_20_std": 0.098007,
        "nauc_mrr_at_20_diff1": 0.181281,
        "nauc_mrr_at_100_max": 0.299041,
        "nauc_mrr_at_100_std": 0.096887,
        "nauc_mrr_at_100_diff1": 0.181534,
        "nauc_mrr_at_1000_max": 0.298833,
        "nauc_mrr_at_1000_std": 0.096582,
        "nauc_mrr_at_1000_diff1": 0.181549,
        "main_score": 0.21509,
        "hf_subset": "default",
        "languages": [
          "eng-Latn"
        ]
      }
    ]
  },
  "evaluation_time": 18.06916117668152,
  "kg_co2_emissions": null
}