{
  "dataset_revision": "0228b52cf27578f30900b9e5271d331663a030d7",
  "task_name": "SciFact",
  "mteb_version": "1.34.8",
  "scores": {
    "test": [
      {
        "ndcg_at_1": 0.49,
        "ndcg_at_3": 0.57837,
        "ndcg_at_5": 0.619,
        "ndcg_at_10": 0.64295,
        "ndcg_at_20": 0.65209,
        "ndcg_at_100": 0.66485,
        "ndcg_at_1000": 0.67614,
        "map_at_1": 0.469,
        "map_at_3": 0.54795,
        "map_at_5": 0.57387,
        "map_at_10": 0.58571,
        "map_at_20": 0.58842,
        "map_at_100": 0.5904,
        "map_at_1000": 0.59089,
        "recall_at_1": 0.469,
        "recall_at_3": 0.6395,
        "recall_at_5": 0.7395,
        "recall_at_10": 0.80833,
        "recall_at_20": 0.84233,
        "recall_at_100": 0.90833,
        "recall_at_1000": 0.99333,
        "precision_at_1": 0.49,
        "precision_at_3": 0.23111,
        "precision_at_5": 0.16333,
        "precision_at_10": 0.091,
        "precision_at_20": 0.04767,
        "precision_at_100": 0.01037,
        "precision_at_1000": 0.00112,
        "mrr_at_1": 0.49,
        "mrr_at_3": 0.566667,
        "mrr_at_5": 0.5875,
        "mrr_at_10": 0.595447,
        "mrr_at_20": 0.597843,
        "mrr_at_100": 0.599394,
        "mrr_at_1000": 0.599862,
        "nauc_ndcg_at_1_max": 0.418936,
        "nauc_ndcg_at_1_std": -0.01735,
        "nauc_ndcg_at_1_diff1": 0.684694,
        "nauc_ndcg_at_3_max": 0.46257,
        "nauc_ndcg_at_3_std": -0.003931,
        "nauc_ndcg_at_3_diff1": 0.622297,
        "nauc_ndcg_at_5_max": 0.455347,
        "nauc_ndcg_at_5_std": -0.001825,
        "nauc_ndcg_at_5_diff1": 0.604735,
        "nauc_ndcg_at_10_max": 0.476583,
        "nauc_ndcg_at_10_std": 0.023837,
        "nauc_ndcg_at_10_diff1": 0.610994,
        "nauc_ndcg_at_20_max": 0.492152,
        "nauc_ndcg_at_20_std": 0.025552,
        "nauc_ndcg_at_20_diff1": 0.616767,
        "nauc_ndcg_at_100_max": 0.48778,
        "nauc_ndcg_at_100_std": 0.029684,
        "nauc_ndcg_at_100_diff1": 0.624134,
        "nauc_ndcg_at_1000_max": 0.474582,
        "nauc_ndcg_at_1000_std": 0.018166,
        "nauc_ndcg_at_1000_diff1": 0.623718,
        "nauc_map_at_1_max": 0.380752,
        "nauc_map_at_1_std": -0.068966,
        "nauc_map_at_1_diff1": 0.695511,
        "nauc_map_at_3_max": 0.434846,
        "nauc_map_at_3_std": -0.031812,
        "nauc_map_at_3_diff1": 0.642245,
        "nauc_map_at_5_max": 0.440362,
        "nauc_map_at_5_std": -0.021407,
        "nauc_map_at_5_diff1": 0.632441,
        "nauc_map_at_10_max": 0.452735,
        "nauc_map_at_10_std": -0.006961,
        "nauc_map_at_10_diff1": 0.63358,
        "nauc_map_at_20_max": 0.456812,
        "nauc_map_at_20_std": -0.006588,
        "nauc_map_at_20_diff1": 0.635196,
        "nauc_map_at_100_max": 0.455635,
        "nauc_map_at_100_std": -0.006132,
        "nauc_map_at_100_diff1": 0.635885,
        "nauc_map_at_1000_max": 0.455148,
        "nauc_map_at_1000_std": -0.006531,
        "nauc_map_at_1000_diff1": 0.635811,
        "nauc_recall_at_1_max": 0.380752,
        "nauc_recall_at_1_std": -0.068966,
        "nauc_recall_at_1_diff1": 0.695511,
        "nauc_recall_at_3_max": 0.483137,
        "nauc_recall_at_3_std": 0.007704,
        "nauc_recall_at_3_diff1": 0.564145,
        "nauc_recall_at_5_max": 0.463262,
        "nauc_recall_at_5_std": 0.019766,
        "nauc_recall_at_5_diff1": 0.488322,
        "nauc_recall_at_10_max": 0.550457,
        "nauc_recall_at_10_std": 0.121605,
        "nauc_recall_at_10_diff1": 0.505192,
        "nauc_recall_at_20_max": 0.670321,
        "nauc_recall_at_20_std": 0.153776,
        "nauc_recall_at_20_diff1": 0.524539,
        "nauc_recall_at_100_max": 0.744725,
        "nauc_recall_at_100_std": 0.290748,
        "nauc_recall_at_100_diff1": 0.591614,
        "nauc_recall_at_1000_max": 0.348973,
        "nauc_recall_at_1000_std": 0.338469,
        "nauc_recall_at_1000_diff1": 0.24043,
        "nauc_precision_at_1_max": 0.418936,
        "nauc_precision_at_1_std": -0.01735,
        "nauc_precision_at_1_diff1": 0.684694,
        "nauc_precision_at_3_max": 0.509177,
        "nauc_precision_at_3_std": 0.135401,
        "nauc_precision_at_3_diff1": 0.429972,
        "nauc_precision_at_5_max": 0.479189,
        "nauc_precision_at_5_std": 0.236753,
        "nauc_precision_at_5_diff1": 0.255059,
        "nauc_precision_at_10_max": 0.469939,
        "nauc_precision_at_10_std": 0.34914,
        "nauc_precision_at_10_diff1": 0.143303,
        "nauc_precision_at_20_max": 0.489373,
        "nauc_precision_at_20_std": 0.362731,
        "nauc_precision_at_20_diff1": 0.099477,
        "nauc_precision_at_100_max": 0.373534,
        "nauc_precision_at_100_std": 0.404552,
        "nauc_precision_at_100_diff1": -0.012434,
        "nauc_precision_at_1000_max": 0.207576,
        "nauc_precision_at_1000_std": 0.429319,
        "nauc_precision_at_1000_diff1": -0.248802,
        "nauc_mrr_at_1_max": 0.418936,
        "nauc_mrr_at_1_std": -0.01735,
        "nauc_mrr_at_1_diff1": 0.684694,
        "nauc_mrr_at_3_max": 0.473976,
        "nauc_mrr_at_3_std": 0.017462,
        "nauc_mrr_at_3_diff1": 0.640128,
        "nauc_mrr_at_5_max": 0.462755,
        "nauc_mrr_at_5_std": 0.014466,
        "nauc_mrr_at_5_diff1": 0.627871,
        "nauc_mrr_at_10_max": 0.468151,
        "nauc_mrr_at_10_std": 0.018754,
        "nauc_mrr_at_10_diff1": 0.631978,
        "nauc_mrr_at_20_max": 0.471241,
        "nauc_mrr_at_20_std": 0.018481,
        "nauc_mrr_at_20_diff1": 0.63383,
        "nauc_mrr_at_100_max": 0.470407,
        "nauc_mrr_at_100_std": 0.018434,
        "nauc_mrr_at_100_diff1": 0.634798,
        "nauc_mrr_at_1000_max": 0.469987,
        "nauc_mrr_at_1000_std": 0.018127,
        "nauc_mrr_at_1000_diff1": 0.634745,
        "main_score": 0.64295,
        "hf_subset": "default",
        "languages": [
          "eng-Latn"
        ]
      }
    ]
  },
  "evaluation_time": 5.207231521606445,
  "kg_co2_emissions": null
}