{
  "dataset_revision": "c22ab2a51041ffd869aaddef7af8d8215647e41a",
  "task_name": "ArguAna",
  "mteb_version": "1.34.8",
  "scores": {
    "test": [
      {
        "ndcg_at_1": 0.22048,
        "ndcg_at_3": 0.36666,
        "ndcg_at_5": 0.41884,
        "ndcg_at_10": 0.47935,
        "ndcg_at_20": 0.51084,
        "ndcg_at_100": 0.52573,
        "ndcg_at_1000": 0.52711,
        "map_at_1": 0.22048,
        "map_at_3": 0.33001,
        "map_at_5": 0.35882,
        "map_at_10": 0.38394,
        "map_at_20": 0.39279,
        "map_at_100": 0.39514,
        "map_at_1000": 0.3952,
        "recall_at_1": 0.22048,
        "recall_at_3": 0.47297,
        "recall_at_5": 0.60028,
        "recall_at_10": 0.78663,
        "recall_at_20": 0.90967,
        "recall_at_100": 0.98578,
        "recall_at_1000": 0.99644,
        "precision_at_1": 0.22048,
        "precision_at_3": 0.15766,
        "precision_at_5": 0.12006,
        "precision_at_10": 0.07866,
        "precision_at_20": 0.04548,
        "precision_at_100": 0.00986,
        "precision_at_1000": 0.001,
        "mrr_at_1": 0.226885,
        "mrr_at_3": 0.332266,
        "mrr_at_5": 0.361107,
        "mrr_at_10": 0.386187,
        "mrr_at_20": 0.395038,
        "mrr_at_100": 0.397389,
        "mrr_at_1000": 0.397445,
        "nauc_ndcg_at_1_max": -0.059685,
        "nauc_ndcg_at_1_std": -0.151577,
        "nauc_ndcg_at_1_diff1": 0.186565,
        "nauc_ndcg_at_3_max": -0.068463,
        "nauc_ndcg_at_3_std": -0.139198,
        "nauc_ndcg_at_3_diff1": 0.10968,
        "nauc_ndcg_at_5_max": -0.050426,
        "nauc_ndcg_at_5_std": -0.13101,
        "nauc_ndcg_at_5_diff1": 0.114844,
        "nauc_ndcg_at_10_max": -0.049993,
        "nauc_ndcg_at_10_std": -0.143765,
        "nauc_ndcg_at_10_diff1": 0.120639,
        "nauc_ndcg_at_20_max": -0.030421,
        "nauc_ndcg_at_20_std": -0.125762,
        "nauc_ndcg_at_20_diff1": 0.126839,
        "nauc_ndcg_at_100_max": -0.043484,
        "nauc_ndcg_at_100_std": -0.125191,
        "nauc_ndcg_at_100_diff1": 0.127172,
        "nauc_ndcg_at_1000_max": -0.046368,
        "nauc_ndcg_at_1000_std": -0.129926,
        "nauc_ndcg_at_1000_diff1": 0.128595,
        "nauc_map_at_1_max": -0.059685,
        "nauc_map_at_1_std": -0.151577,
        "nauc_map_at_1_diff1": 0.186565,
        "nauc_map_at_3_max": -0.064187,
        "nauc_map_at_3_std": -0.140305,
        "nauc_map_at_3_diff1": 0.127159,
        "nauc_map_at_5_max": -0.054363,
        "nauc_map_at_5_std": -0.135766,
        "nauc_map_at_5_diff1": 0.129976,
        "nauc_map_at_10_max": -0.054335,
        "nauc_map_at_10_std": -0.139931,
        "nauc_map_at_10_diff1": 0.133456,
        "nauc_map_at_20_max": -0.049552,
        "nauc_map_at_20_std": -0.135381,
        "nauc_map_at_20_diff1": 0.134915,
        "nauc_map_at_100_max": -0.051171,
        "nauc_map_at_100_std": -0.135278,
        "nauc_map_at_100_diff1": 0.134973,
        "nauc_map_at_1000_max": -0.051272,
        "nauc_map_at_1000_std": -0.135419,
        "nauc_map_at_1000_diff1": 0.135011,
        "nauc_recall_at_1_max": -0.059685,
        "nauc_recall_at_1_std": -0.151577,
        "nauc_recall_at_1_diff1": 0.186565,
        "nauc_recall_at_3_max": -0.080799,
        "nauc_recall_at_3_std": -0.136861,
        "nauc_recall_at_3_diff1": 0.062732,
        "nauc_recall_at_5_max": -0.036732,
        "nauc_recall_at_5_std": -0.116549,
        "nauc_recall_at_5_diff1": 0.071775,
        "nauc_recall_at_10_max": -0.027137,
        "nauc_recall_at_10_std": -0.17188,
        "nauc_recall_at_10_diff1": 0.067621,
        "nauc_recall_at_20_max": 0.210251,
        "nauc_recall_at_20_std": -0.009781,
        "nauc_recall_at_20_diff1": 0.082097,
        "nauc_recall_at_100_max": 0.313965,
        "nauc_recall_at_100_std": 0.62054,
        "nauc_recall_at_100_diff1": -0.112658,
        "nauc_recall_at_1000_max": -0.102211,
        "nauc_recall_at_1000_std": 0.36421,
        "nauc_recall_at_1000_diff1": -0.091426,
        "nauc_precision_at_1_max": -0.059685,
        "nauc_precision_at_1_std": -0.151577,
        "nauc_precision_at_1_diff1": 0.186565,
        "nauc_precision_at_3_max": -0.080799,
        "nauc_precision_at_3_std": -0.136861,
        "nauc_precision_at_3_diff1": 0.062732,
        "nauc_precision_at_5_max": -0.036732,
        "nauc_precision_at_5_std": -0.116549,
        "nauc_precision_at_5_diff1": 0.071775,
        "nauc_precision_at_10_max": -0.027137,
        "nauc_precision_at_10_std": -0.17188,
        "nauc_precision_at_10_diff1": 0.067621,
        "nauc_precision_at_20_max": 0.210251,
        "nauc_precision_at_20_std": -0.009781,
        "nauc_precision_at_20_diff1": 0.082097,
        "nauc_precision_at_100_max": 0.313965,
        "nauc_precision_at_100_std": 0.62054,
        "nauc_precision_at_100_diff1": -0.112658,
        "nauc_precision_at_1000_max": -0.102211,
        "nauc_precision_at_1000_std": 0.36421,
        "nauc_precision_at_1000_diff1": -0.091426,
        "nauc_mrr_at_1_max": -0.056459,
        "nauc_mrr_at_1_std": -0.148402,
        "nauc_mrr_at_1_diff1": 0.163319,
        "nauc_mrr_at_3_max": -0.071718,
        "nauc_mrr_at_3_std": -0.140699,
        "nauc_mrr_at_3_diff1": 0.10874,
        "nauc_mrr_at_5_max": -0.063854,
        "nauc_mrr_at_5_std": -0.13667,
        "nauc_mrr_at_5_diff1": 0.109674,
        "nauc_mrr_at_10_max": -0.061695,
        "nauc_mrr_at_10_std": -0.14028,
        "nauc_mrr_at_10_diff1": 0.114033,
        "nauc_mrr_at_20_max": -0.057179,
        "nauc_mrr_at_20_std": -0.135775,
        "nauc_mrr_at_20_diff1": 0.114961,
        "nauc_mrr_at_100_max": -0.05886,
        "nauc_mrr_at_100_std": -0.135675,
        "nauc_mrr_at_100_diff1": 0.114838,
        "nauc_mrr_at_1000_max": -0.058961,
        "nauc_mrr_at_1000_std": -0.135815,
        "nauc_mrr_at_1000_diff1": 0.114872,
        "main_score": 0.47935,
        "hf_subset": "default",
        "languages": [
          "eng-Latn"
        ]
      }
    ]
  },
  "evaluation_time": 10.589868307113647,
  "kg_co2_emissions": null
}