{
  "dataset_revision": "5d958fb6b31055495347724d46431ba41309b03a",
  "task_name": "ChemNQRetrieval",
  "mteb_version": "1.34.8",
  "scores": {
    "test": [
      {
        "ndcg_at_1": 0.37037,
        "ndcg_at_3": 0.54172,
        "ndcg_at_5": 0.5505,
        "ndcg_at_10": 0.602,
        "ndcg_at_20": 0.62796,
        "ndcg_at_100": 0.64027,
        "ndcg_at_1000": 0.64516,
        "map_at_1": 0.33333,
        "map_at_3": 0.49074,
        "map_at_5": 0.49444,
        "map_at_10": 0.52041,
        "map_at_20": 0.53204,
        "map_at_100": 0.53324,
        "map_at_1000": 0.53344,
        "recall_at_1": 0.33333,
        "recall_at_3": 0.64198,
        "recall_at_5": 0.66049,
        "recall_at_10": 0.80864,
        "recall_at_20": 0.88889,
        "recall_at_100": 0.96296,
        "recall_at_1000": 1.0,
        "precision_at_1": 0.37037,
        "precision_at_3": 0.2716,
        "precision_at_5": 0.17037,
        "precision_at_10": 0.1037,
        "precision_at_20": 0.05926,
        "precision_at_100": 0.01259,
        "precision_at_1000": 0.0013,
        "mrr_at_1": 0.37037,
        "mrr_at_3": 0.530864,
        "mrr_at_5": 0.538272,
        "mrr_at_10": 0.553439,
        "mrr_at_20": 0.556806,
        "mrr_at_100": 0.558011,
        "mrr_at_1000": 0.558206,
        "nauc_ndcg_at_1_max": 0.10075,
        "nauc_ndcg_at_1_std": -0.257604,
        "nauc_ndcg_at_1_diff1": 0.173338,
        "nauc_ndcg_at_3_max": 0.18725,
        "nauc_ndcg_at_3_std": -0.015964,
        "nauc_ndcg_at_3_diff1": 0.057001,
        "nauc_ndcg_at_5_max": 0.208395,
        "nauc_ndcg_at_5_std": 0.000793,
        "nauc_ndcg_at_5_diff1": 0.047555,
        "nauc_ndcg_at_10_max": 0.229967,
        "nauc_ndcg_at_10_std": -0.05994,
        "nauc_ndcg_at_10_diff1": 0.141455,
        "nauc_ndcg_at_20_max": 0.234248,
        "nauc_ndcg_at_20_std": -0.078278,
        "nauc_ndcg_at_20_diff1": 0.14523,
        "nauc_ndcg_at_100_max": 0.206924,
        "nauc_ndcg_at_100_std": -0.113119,
        "nauc_ndcg_at_100_diff1": 0.129443,
        "nauc_ndcg_at_1000_max": 0.199536,
        "nauc_ndcg_at_1000_std": -0.089955,
        "nauc_ndcg_at_1000_diff1": 0.129787,
        "nauc_map_at_1_max": 0.002154,
        "nauc_map_at_1_std": -0.263223,
        "nauc_map_at_1_diff1": 0.130864,
        "nauc_map_at_3_max": 0.112197,
        "nauc_map_at_3_std": -0.075154,
        "nauc_map_at_3_diff1": 0.066279,
        "nauc_map_at_5_max": 0.120003,
        "nauc_map_at_5_std": -0.068966,
        "nauc_map_at_5_diff1": 0.062582,
        "nauc_map_at_10_max": 0.143009,
        "nauc_map_at_10_std": -0.094986,
        "nauc_map_at_10_diff1": 0.112842,
        "nauc_map_at_20_max": 0.143458,
        "nauc_map_at_20_std": -0.101148,
        "nauc_map_at_20_diff1": 0.113478,
        "nauc_map_at_100_max": 0.141156,
        "nauc_map_at_100_std": -0.103729,
        "nauc_map_at_100_diff1": 0.1122,
        "nauc_map_at_1000_max": 0.140876,
        "nauc_map_at_1000_std": -0.102985,
        "nauc_map_at_1000_diff1": 0.1122,
        "nauc_recall_at_1_max": 0.002154,
        "nauc_recall_at_1_std": -0.263223,
        "nauc_recall_at_1_diff1": 0.130864,
        "nauc_recall_at_3_max": 0.315892,
        "nauc_recall_at_3_std": 0.180393,
        "nauc_recall_at_3_diff1": -0.031145,
        "nauc_recall_at_5_max": 0.368138,
        "nauc_recall_at_5_std": 0.226608,
        "nauc_recall_at_5_diff1": -0.056374,
        "nauc_recall_at_10_max": 0.503725,
        "nauc_recall_at_10_std": 0.067992,
        "nauc_recall_at_10_diff1": 0.249968,
        "nauc_recall_at_20_max": 0.704053,
        "nauc_recall_at_20_std": 0.00576,
        "nauc_recall_at_20_diff1": 0.342278,
        "nauc_recall_at_100_max": 0.556079,
        "nauc_recall_at_100_std": -1.207917,
        "nauc_recall_at_100_diff1": 0.113206,
        "nauc_recall_at_1000_max": NaN,
        "nauc_recall_at_1000_std": NaN,
        "nauc_recall_at_1000_diff1": NaN,
        "nauc_precision_at_1_max": 0.10075,
        "nauc_precision_at_1_std": -0.257604,
        "nauc_precision_at_1_diff1": 0.173338,
        "nauc_precision_at_3_max": 0.25358,
        "nauc_precision_at_3_std": 0.039284,
        "nauc_precision_at_3_diff1": 0.112671,
        "nauc_precision_at_5_max": 0.319935,
        "nauc_precision_at_5_std": 0.092035,
        "nauc_precision_at_5_diff1": 0.088442,
        "nauc_precision_at_10_max": 0.370854,
        "nauc_precision_at_10_std": -0.027432,
        "nauc_precision_at_10_diff1": 0.266801,
        "nauc_precision_at_20_max": 0.278535,
        "nauc_precision_at_20_std": -0.060351,
        "nauc_precision_at_20_diff1": 0.218156,
        "nauc_precision_at_100_max": 0.191743,
        "nauc_precision_at_100_std": -0.177281,
        "nauc_precision_at_100_diff1": 0.176688,
        "nauc_precision_at_1000_max": 0.157078,
        "nauc_precision_at_1000_std": -0.079222,
        "nauc_precision_at_1000_diff1": 0.182727,
        "nauc_mrr_at_1_max": 0.10075,
        "nauc_mrr_at_1_std": -0.257604,
        "nauc_mrr_at_1_diff1": 0.173338,
        "nauc_mrr_at_3_max": 0.21385,
        "nauc_mrr_at_3_std": -0.081832,
        "nauc_mrr_at_3_diff1": 0.114984,
        "nauc_mrr_at_5_max": 0.231484,
        "nauc_mrr_at_5_std": -0.069384,
        "nauc_mrr_at_5_diff1": 0.108332,
        "nauc_mrr_at_10_max": 0.220033,
        "nauc_mrr_at_10_std": -0.093211,
        "nauc_mrr_at_10_diff1": 0.13841,
        "nauc_mrr_at_20_max": 0.218105,
        "nauc_mrr_at_20_std": -0.098283,
        "nauc_mrr_at_20_diff1": 0.13849,
        "nauc_mrr_at_100_max": 0.216116,
        "nauc_mrr_at_100_std": -0.100849,
        "nauc_mrr_at_100_diff1": 0.137318,
        "nauc_mrr_at_1000_max": 0.215887,
        "nauc_mrr_at_1000_std": -0.100104,
        "nauc_mrr_at_1000_diff1": 0.137334,
        "main_score": 0.602,
        "hf_subset": "default",
        "languages": [
          "eng-Latn"
        ]
      }
    ]
  },
  "evaluation_time": 11.795340776443481,
  "kg_co2_emissions": null
}