{
  "dataset_revision": "4adc7bc41202b5c13543c9c886a25f340634dab3",
  "task_name": "COIRCodeSearchNetRetrieval",
  "mteb_version": "1.34.8",
  "scores": {
    "test": [
      {
        "ndcg_at_1": 0.70036,
        "ndcg_at_3": 0.75625,
        "ndcg_at_5": 0.7677,
        "ndcg_at_10": 0.77732,
        "ndcg_at_20": 0.78386,
        "ndcg_at_100": 0.79275,
        "ndcg_at_1000": 0.79846,
        "map_at_1": 0.70036,
        "map_at_3": 0.74292,
        "map_at_5": 0.74927,
        "map_at_10": 0.75326,
        "map_at_20": 0.75506,
        "map_at_100": 0.75628,
        "map_at_1000": 0.75648,
        "recall_at_1": 0.70036,
        "recall_at_3": 0.79468,
        "recall_at_5": 0.8225,
        "recall_at_10": 0.85212,
        "recall_at_20": 0.87793,
        "recall_at_100": 0.926,
        "recall_at_1000": 0.97171,
        "precision_at_1": 0.70036,
        "precision_at_3": 0.26489,
        "precision_at_5": 0.1645,
        "precision_at_10": 0.08521,
        "precision_at_20": 0.0439,
        "precision_at_100": 0.00926,
        "precision_at_1000": 0.00097,
        "mrr_at_1": 0.700362,
        "mrr_at_3": 0.742917,
        "mrr_at_5": 0.749268,
        "mrr_at_10": 0.753257,
        "mrr_at_20": 0.755057,
        "mrr_at_100": 0.756275,
        "mrr_at_1000": 0.756477,
        "nauc_ndcg_at_1_max": 0.704288,
        "nauc_ndcg_at_1_std": 0.135968,
        "nauc_ndcg_at_1_diff1": 0.848397,
        "nauc_ndcg_at_3_max": 0.726842,
        "nauc_ndcg_at_3_std": 0.185894,
        "nauc_ndcg_at_3_diff1": 0.819534,
        "nauc_ndcg_at_5_max": 0.72595,
        "nauc_ndcg_at_5_std": 0.196059,
        "nauc_ndcg_at_5_diff1": 0.818039,
        "nauc_ndcg_at_10_max": 0.725042,
        "nauc_ndcg_at_10_std": 0.205393,
        "nauc_ndcg_at_10_diff1": 0.818037,
        "nauc_ndcg_at_20_max": 0.724539,
        "nauc_ndcg_at_20_std": 0.213413,
        "nauc_ndcg_at_20_diff1": 0.81707,
        "nauc_ndcg_at_100_max": 0.723375,
        "nauc_ndcg_at_100_std": 0.213352,
        "nauc_ndcg_at_100_diff1": 0.818157,
        "nauc_ndcg_at_1000_max": 0.722708,
        "nauc_ndcg_at_1000_std": 0.206449,
        "nauc_ndcg_at_1000_diff1": 0.82027,
        "nauc_map_at_1_max": 0.704288,
        "nauc_map_at_1_std": 0.135968,
        "nauc_map_at_1_diff1": 0.848397,
        "nauc_map_at_3_max": 0.721725,
        "nauc_map_at_3_std": 0.172339,
        "nauc_map_at_3_diff1": 0.82733,
        "nauc_map_at_5_max": 0.72115,
        "nauc_map_at_5_std": 0.177218,
        "nauc_map_at_5_diff1": 0.826693,
        "nauc_map_at_10_max": 0.72078,
        "nauc_map_at_10_std": 0.180625,
        "nauc_map_at_10_diff1": 0.826873,
        "nauc_map_at_20_max": 0.720631,
        "nauc_map_at_20_std": 0.182488,
        "nauc_map_at_20_diff1": 0.826683,
        "nauc_map_at_100_max": 0.720413,
        "nauc_map_at_100_std": 0.182383,
        "nauc_map_at_100_diff1": 0.826789,
        "nauc_map_at_1000_max": 0.720391,
        "nauc_map_at_1000_std": 0.182187,
        "nauc_map_at_1000_diff1": 0.826857,
        "nauc_recall_at_1_max": 0.704288,
        "nauc_recall_at_1_std": 0.135968,
        "nauc_recall_at_1_diff1": 0.848397,
        "nauc_recall_at_3_max": 0.743983,
        "nauc_recall_at_3_std": 0.232627,
        "nauc_recall_at_3_diff1": 0.79268,
        "nauc_recall_at_5_max": 0.743609,
        "nauc_recall_at_5_std": 0.270426,
        "nauc_recall_at_5_diff1": 0.784645,
        "nauc_recall_at_10_max": 0.742465,
        "nauc_recall_at_10_std": 0.32337,
        "nauc_recall_at_10_diff1": 0.778207,
        "nauc_recall_at_20_max": 0.742445,
        "nauc_recall_at_20_std": 0.396476,
        "nauc_recall_at_20_diff1": 0.764687,
        "nauc_recall_at_100_max": 0.740087,
        "nauc_recall_at_100_std": 0.504207,
        "nauc_recall_at_100_diff1": 0.750605,
        "nauc_recall_at_1000_max": 0.732279,
        "nauc_recall_at_1000_std": 0.606235,
        "nauc_recall_at_1000_diff1": 0.750326,
        "nauc_precision_at_1_max": 0.704288,
        "nauc_precision_at_1_std": 0.135968,
        "nauc_precision_at_1_diff1": 0.848397,
        "nauc_precision_at_3_max": 0.743983,
        "nauc_precision_at_3_std": 0.232627,
        "nauc_precision_at_3_diff1": 0.79268,
        "nauc_precision_at_5_max": 0.743609,
        "nauc_precision_at_5_std": 0.270426,
        "nauc_precision_at_5_diff1": 0.784645,
        "nauc_precision_at_10_max": 0.742465,
        "nauc_precision_at_10_std": 0.32337,
        "nauc_precision_at_10_diff1": 0.778207,
        "nauc_precision_at_20_max": 0.742445,
        "nauc_precision_at_20_std": 0.396476,
        "nauc_precision_at_20_diff1": 0.764687,
        "nauc_precision_at_100_max": 0.740087,
        "nauc_precision_at_100_std": 0.504207,
        "nauc_precision_at_100_diff1": 0.750605,
        "nauc_precision_at_1000_max": 0.732279,
        "nauc_precision_at_1000_std": 0.606235,
        "nauc_precision_at_1000_diff1": 0.750326,
        "nauc_mrr_at_1_max": 0.704288,
        "nauc_mrr_at_1_std": 0.135968,
        "nauc_mrr_at_1_diff1": 0.848397,
        "nauc_mrr_at_3_max": 0.721725,
        "nauc_mrr_at_3_std": 0.172339,
        "nauc_mrr_at_3_diff1": 0.82733,
        "nauc_mrr_at_5_max": 0.72115,
        "nauc_mrr_at_5_std": 0.177218,
        "nauc_mrr_at_5_diff1": 0.826693,
        "nauc_mrr_at_10_max": 0.72078,
        "nauc_mrr_at_10_std": 0.180625,
        "nauc_mrr_at_10_diff1": 0.826873,
        "nauc_mrr_at_20_max": 0.720631,
        "nauc_mrr_at_20_std": 0.182488,
        "nauc_mrr_at_20_diff1": 0.826683,
        "nauc_mrr_at_100_max": 0.720413,
        "nauc_mrr_at_100_std": 0.182383,
        "nauc_mrr_at_100_diff1": 0.826789,
        "nauc_mrr_at_1000_max": 0.720391,
        "nauc_mrr_at_1000_std": 0.182187,
        "nauc_mrr_at_1000_diff1": 0.826857,
        "main_score": 0.77732,
        "hf_subset": "python",
        "languages": [
          "python-Code"
        ]
      }
    ]
  },
  "evaluation_time": 219.1918020248413,
  "kg_co2_emissions": null
}