{
  "dataset_revision": "27a168819829fe9bcd655c2df245fb19452e8e06",
  "task_name": "FiQA2018",
  "mteb_version": "1.34.8",
  "scores": {
    "test": [
      {
        "ndcg_at_1": 0.37654,
        "ndcg_at_3": 0.34738,
        "ndcg_at_5": 0.36085,
        "ndcg_at_10": 0.39425,
        "ndcg_at_20": 0.42338,
        "ndcg_at_100": 0.46596,
        "ndcg_at_1000": 0.49713,
        "map_at_1": 0.18984,
        "map_at_3": 0.26598,
        "map_at_5": 0.28947,
        "map_at_10": 0.31174,
        "map_at_20": 0.32349,
        "map_at_100": 0.33246,
        "map_at_1000": 0.33442,
        "recall_at_1": 0.18984,
        "recall_at_3": 0.31297,
        "recall_at_5": 0.37463,
        "recall_at_10": 0.47536,
        "recall_at_20": 0.56279,
        "recall_at_100": 0.73675,
        "recall_at_1000": 0.92236,
        "precision_at_1": 0.37654,
        "precision_at_3": 0.23251,
        "precision_at_5": 0.17377,
        "precision_at_10": 0.11373,
        "precision_at_20": 0.06929,
        "precision_at_100": 0.01869,
        "precision_at_1000": 0.00241,
        "mrr_at_1": 0.376543,
        "mrr_at_3": 0.44213,
        "mrr_at_5": 0.45625,
        "mrr_at_10": 0.468716,
        "mrr_at_20": 0.474337,
        "mrr_at_100": 0.477491,
        "mrr_at_1000": 0.477953,
        "nauc_ndcg_at_1_max": 0.357051,
        "nauc_ndcg_at_1_std": 0.010284,
        "nauc_ndcg_at_1_diff1": 0.406137,
        "nauc_ndcg_at_3_max": 0.304388,
        "nauc_ndcg_at_3_std": 0.001862,
        "nauc_ndcg_at_3_diff1": 0.321582,
        "nauc_ndcg_at_5_max": 0.28065,
        "nauc_ndcg_at_5_std": -0.00491,
        "nauc_ndcg_at_5_diff1": 0.313398,
        "nauc_ndcg_at_10_max": 0.279189,
        "nauc_ndcg_at_10_std": 0.003854,
        "nauc_ndcg_at_10_diff1": 0.304894,
        "nauc_ndcg_at_20_max": 0.294353,
        "nauc_ndcg_at_20_std": 0.025626,
        "nauc_ndcg_at_20_diff1": 0.303658,
        "nauc_ndcg_at_100_max": 0.315139,
        "nauc_ndcg_at_100_std": 0.056873,
        "nauc_ndcg_at_100_diff1": 0.299555,
        "nauc_ndcg_at_1000_max": 0.323545,
        "nauc_ndcg_at_1000_std": 0.048289,
        "nauc_ndcg_at_1000_diff1": 0.310002,
        "nauc_map_at_1_max": 0.204735,
        "nauc_map_at_1_std": -0.021944,
        "nauc_map_at_1_diff1": 0.355822,
        "nauc_map_at_3_max": 0.236759,
        "nauc_map_at_3_std": -0.0185,
        "nauc_map_at_3_diff1": 0.326011,
        "nauc_map_at_5_max": 0.246245,
        "nauc_map_at_5_std": -0.01622,
        "nauc_map_at_5_diff1": 0.318457,
        "nauc_map_at_10_max": 0.261544,
        "nauc_map_at_10_std": -0.010884,
        "nauc_map_at_10_diff1": 0.315226,
        "nauc_map_at_20_max": 0.269107,
        "nauc_map_at_20_std": -0.001416,
        "nauc_map_at_20_diff1": 0.314315,
        "nauc_map_at_100_max": 0.276311,
        "nauc_map_at_100_std": 0.005633,
        "nauc_map_at_100_diff1": 0.314249,
        "nauc_map_at_1000_max": 0.277303,
        "nauc_map_at_1000_std": 0.005731,
        "nauc_map_at_1000_diff1": 0.314468,
        "nauc_recall_at_1_max": 0.204735,
        "nauc_recall_at_1_std": -0.021944,
        "nauc_recall_at_1_diff1": 0.355822,
        "nauc_recall_at_3_max": 0.211316,
        "nauc_recall_at_3_std": 0.004945,
        "nauc_recall_at_3_diff1": 0.270385,
        "nauc_recall_at_5_max": 0.196193,
        "nauc_recall_at_5_std": -0.008118,
        "nauc_recall_at_5_diff1": 0.245846,
        "nauc_recall_at_10_max": 0.187367,
        "nauc_recall_at_10_std": 0.000825,
        "nauc_recall_at_10_diff1": 0.193231,
        "nauc_recall_at_20_max": 0.215335,
        "nauc_recall_at_20_std": 0.055796,
        "nauc_recall_at_20_diff1": 0.177076,
        "nauc_recall_at_100_max": 0.254773,
        "nauc_recall_at_100_std": 0.214947,
        "nauc_recall_at_100_diff1": 0.118609,
        "nauc_recall_at_1000_max": 0.319667,
        "nauc_recall_at_1000_std": 0.287603,
        "nauc_recall_at_1000_diff1": 0.14476,
        "nauc_precision_at_1_max": 0.357051,
        "nauc_precision_at_1_std": 0.010284,
        "nauc_precision_at_1_diff1": 0.406137,
        "nauc_precision_at_3_max": 0.31921,
        "nauc_precision_at_3_std": 0.01071,
        "nauc_precision_at_3_diff1": 0.222379,
        "nauc_precision_at_5_max": 0.317039,
        "nauc_precision_at_5_std": 0.022645,
        "nauc_precision_at_5_diff1": 0.179092,
        "nauc_precision_at_10_max": 0.33234,
        "nauc_precision_at_10_std": 0.061356,
        "nauc_precision_at_10_diff1": 0.126421,
        "nauc_precision_at_20_max": 0.342013,
        "nauc_precision_at_20_std": 0.124893,
        "nauc_precision_at_20_diff1": 0.0863,
        "nauc_precision_at_100_max": 0.342991,
        "nauc_precision_at_100_std": 0.174636,
        "nauc_precision_at_100_diff1": 0.024493,
        "nauc_precision_at_1000_max": 0.289411,
        "nauc_precision_at_1000_std": 0.123674,
        "nauc_precision_at_1000_diff1": -0.01262,
        "nauc_mrr_at_1_max": 0.357051,
        "nauc_mrr_at_1_std": 0.010284,
        "nauc_mrr_at_1_diff1": 0.406137,
        "nauc_mrr_at_3_max": 0.34151,
        "nauc_mrr_at_3_std": 0.021809,
        "nauc_mrr_at_3_diff1": 0.359472,
        "nauc_mrr_at_5_max": 0.341109,
        "nauc_mrr_at_5_std": 0.020493,
        "nauc_mrr_at_5_diff1": 0.36065,
        "nauc_mrr_at_10_max": 0.341449,
        "nauc_mrr_at_10_std": 0.023657,
        "nauc_mrr_at_10_diff1": 0.35654,
        "nauc_mrr_at_20_max": 0.345522,
        "nauc_mrr_at_20_std": 0.02681,
        "nauc_mrr_at_20_diff1": 0.358306,
        "nauc_mrr_at_100_max": 0.346108,
        "nauc_mrr_at_100_std": 0.02914,
        "nauc_mrr_at_100_diff1": 0.35755,
        "nauc_mrr_at_1000_max": 0.346072,
        "nauc_mrr_at_1000_std": 0.028689,
        "nauc_mrr_at_1000_diff1": 0.357985,
        "main_score": 0.39425,
        "hf_subset": "default",
        "languages": [
          "eng-Latn"
        ]
      }
    ]
  },
  "evaluation_time": 44.24182200431824,
  "kg_co2_emissions": null
}