{
  "dataset_revision": "ae763399273d8b20506b80cf6f6f9a31a6a2b238",
  "task_name": "MedicalQARetrieval",
  "mteb_version": "1.34.8",
  "scores": {
    "test": [
      {
        "ndcg_at_1": 0.40674,
        "ndcg_at_3": 0.53448,
        "ndcg_at_5": 0.57628,
        "ndcg_at_10": 0.60271,
        "ndcg_at_20": 0.61687,
        "ndcg_at_100": 0.63197,
        "ndcg_at_1000": 0.63759,
        "map_at_1": 0.40674,
        "map_at_3": 0.50244,
        "map_at_5": 0.52573,
        "map_at_10": 0.53677,
        "map_at_20": 0.54071,
        "map_at_100": 0.54285,
        "map_at_1000": 0.54305,
        "recall_at_1": 0.40674,
        "recall_at_3": 0.62744,
        "recall_at_5": 0.72852,
        "recall_at_10": 0.80957,
        "recall_at_20": 0.86523,
        "recall_at_100": 0.9458,
        "recall_at_1000": 0.99072,
        "precision_at_1": 0.40674,
        "precision_at_3": 0.20915,
        "precision_at_5": 0.1457,
        "precision_at_10": 0.08096,
        "precision_at_20": 0.04326,
        "precision_at_100": 0.00946,
        "precision_at_1000": 0.00099,
        "mrr_at_1": 0.407227,
        "mrr_at_3": 0.502686,
        "mrr_at_5": 0.526001,
        "mrr_at_10": 0.537037,
        "mrr_at_20": 0.540972,
        "mrr_at_100": 0.543112,
        "mrr_at_1000": 0.543313,
        "nauc_ndcg_at_1_max": 0.197547,
        "nauc_ndcg_at_1_std": -0.163131,
        "nauc_ndcg_at_1_diff1": 0.454001,
        "nauc_ndcg_at_3_max": 0.175815,
        "nauc_ndcg_at_3_std": -0.166569,
        "nauc_ndcg_at_3_diff1": 0.384282,
        "nauc_ndcg_at_5_max": 0.170469,
        "nauc_ndcg_at_5_std": -0.172243,
        "nauc_ndcg_at_5_diff1": 0.368567,
        "nauc_ndcg_at_10_max": 0.184326,
        "nauc_ndcg_at_10_std": -0.153706,
        "nauc_ndcg_at_10_diff1": 0.364192,
        "nauc_ndcg_at_20_max": 0.190636,
        "nauc_ndcg_at_20_std": -0.143519,
        "nauc_ndcg_at_20_diff1": 0.371379,
        "nauc_ndcg_at_100_max": 0.190282,
        "nauc_ndcg_at_100_std": -0.136044,
        "nauc_ndcg_at_100_diff1": 0.374692,
        "nauc_ndcg_at_1000_max": 0.184793,
        "nauc_ndcg_at_1000_std": -0.14742,
        "nauc_ndcg_at_1000_diff1": 0.381368,
        "nauc_map_at_1_max": 0.197547,
        "nauc_map_at_1_std": -0.163131,
        "nauc_map_at_1_diff1": 0.454001,
        "nauc_map_at_3_max": 0.179786,
        "nauc_map_at_3_std": -0.165085,
        "nauc_map_at_3_diff1": 0.402259,
        "nauc_map_at_5_max": 0.176912,
        "nauc_map_at_5_std": -0.16819,
        "nauc_map_at_5_diff1": 0.394544,
        "nauc_map_at_10_max": 0.182729,
        "nauc_map_at_10_std": -0.161162,
        "nauc_map_at_10_diff1": 0.393607,
        "nauc_map_at_20_max": 0.184269,
        "nauc_map_at_20_std": -0.159013,
        "nauc_map_at_20_diff1": 0.395613,
        "nauc_map_at_100_max": 0.184319,
        "nauc_map_at_100_std": -0.158005,
        "nauc_map_at_100_diff1": 0.395989,
        "nauc_map_at_1000_max": 0.18414,
        "nauc_map_at_1000_std": -0.158332,
        "nauc_map_at_1000_diff1": 0.396189,
        "nauc_recall_at_1_max": 0.197547,
        "nauc_recall_at_1_std": -0.163131,
        "nauc_recall_at_1_diff1": 0.454001,
        "nauc_recall_at_3_max": 0.163695,
        "nauc_recall_at_3_std": -0.171662,
        "nauc_recall_at_3_diff1": 0.325968,
        "nauc_recall_at_5_max": 0.145668,
        "nauc_recall_at_5_std": -0.189163,
        "nauc_recall_at_5_diff1": 0.2646,
        "nauc_recall_at_10_max": 0.200411,
        "nauc_recall_at_10_std": -0.104731,
        "nauc_recall_at_10_diff1": 0.208227,
        "nauc_recall_at_20_max": 0.257246,
        "nauc_recall_at_20_std": 0.00073,
        "nauc_recall_at_20_diff1": 0.209776,
        "nauc_recall_at_100_max": 0.331361,
        "nauc_recall_at_100_std": 0.373254,
        "nauc_recall_at_100_diff1": 0.078498,
        "nauc_recall_at_1000_max": -0.155324,
        "nauc_recall_at_1000_std": 0.336998,
        "nauc_recall_at_1000_diff1": 0.107393,
        "nauc_precision_at_1_max": 0.197547,
        "nauc_precision_at_1_std": -0.163131,
        "nauc_precision_at_1_diff1": 0.454001,
        "nauc_precision_at_3_max": 0.163695,
        "nauc_precision_at_3_std": -0.171662,
        "nauc_precision_at_3_diff1": 0.325968,
        "nauc_precision_at_5_max": 0.145668,
        "nauc_precision_at_5_std": -0.189163,
        "nauc_precision_at_5_diff1": 0.2646,
        "nauc_precision_at_10_max": 0.200411,
        "nauc_precision_at_10_std": -0.104731,
        "nauc_precision_at_10_diff1": 0.208227,
        "nauc_precision_at_20_max": 0.257246,
        "nauc_precision_at_20_std": 0.00073,
        "nauc_precision_at_20_diff1": 0.209776,
        "nauc_precision_at_100_max": 0.331361,
        "nauc_precision_at_100_std": 0.373254,
        "nauc_precision_at_100_diff1": 0.078498,
        "nauc_precision_at_1000_max": -0.155324,
        "nauc_precision_at_1000_std": 0.336998,
        "nauc_precision_at_1000_diff1": 0.107393,
        "nauc_mrr_at_1_max": 0.196605,
        "nauc_mrr_at_1_std": -0.163906,
        "nauc_mrr_at_1_diff1": 0.452726,
        "nauc_mrr_at_3_max": 0.180239,
        "nauc_mrr_at_3_std": -0.164507,
        "nauc_mrr_at_3_diff1": 0.40157,
        "nauc_mrr_at_5_max": 0.177454,
        "nauc_mrr_at_5_std": -0.167893,
        "nauc_mrr_at_5_diff1": 0.393775,
        "nauc_mrr_at_10_max": 0.182881,
        "nauc_mrr_at_10_std": -0.161109,
        "nauc_mrr_at_10_diff1": 0.392818,
        "nauc_mrr_at_20_max": 0.184423,
        "nauc_mrr_at_20_std": -0.158964,
        "nauc_mrr_at_20_diff1": 0.39482,
        "nauc_mrr_at_100_max": 0.184474,
        "nauc_mrr_at_100_std": -0.157956,
        "nauc_mrr_at_100_diff1": 0.39519,
        "nauc_mrr_at_1000_max": 0.184295,
        "nauc_mrr_at_1000_std": -0.158282,
        "nauc_mrr_at_1000_diff1": 0.395389,
        "main_score": 0.60271,
        "hf_subset": "default",
        "languages": [
          "eng-Latn"
        ]
      }
    ]
  },
  "evaluation_time": 5.3000078201293945,
  "kg_co2_emissions": null
}