{
  "dataset_revision": "ec0fa4fe99da2ff19ca1214b7966684033a58814",
  "task_name": "NFCorpus",
  "mteb_version": "1.34.8",
  "scores": {
    "test": [
      {
        "ndcg_at_1": 0.35913,
        "ndcg_at_3": 0.33592,
        "ndcg_at_5": 0.31498,
        "ndcg_at_10": 0.29239,
        "ndcg_at_20": 0.27469,
        "ndcg_at_100": 0.27767,
        "ndcg_at_1000": 0.36836,
        "map_at_1": 0.04085,
        "map_at_3": 0.06841,
        "map_at_5": 0.08031,
        "map_at_10": 0.09818,
        "map_at_20": 0.1095,
        "map_at_100": 0.12841,
        "map_at_1000": 0.14315,
        "recall_at_1": 0.04085,
        "recall_at_3": 0.0806,
        "recall_at_5": 0.10172,
        "recall_at_10": 0.147,
        "recall_at_20": 0.18084,
        "recall_at_100": 0.29631,
        "recall_at_1000": 0.61755,
        "precision_at_1": 0.3808,
        "precision_at_3": 0.32301,
        "precision_at_5": 0.2805,
        "precision_at_10": 0.22322,
        "precision_at_20": 0.16827,
        "precision_at_100": 0.07715,
        "precision_at_1000": 0.02075,
        "mrr_at_1": 0.390093,
        "mrr_at_3": 0.462332,
        "mrr_at_5": 0.473942,
        "mrr_at_10": 0.482805,
        "mrr_at_20": 0.486669,
        "mrr_at_100": 0.489376,
        "mrr_at_1000": 0.489864,
        "nauc_ndcg_at_1_max": 0.303998,
        "nauc_ndcg_at_1_std": 0.094763,
        "nauc_ndcg_at_1_diff1": 0.371383,
        "nauc_ndcg_at_3_max": 0.34686,
        "nauc_ndcg_at_3_std": 0.178413,
        "nauc_ndcg_at_3_diff1": 0.26686,
        "nauc_ndcg_at_5_max": 0.366732,
        "nauc_ndcg_at_5_std": 0.211094,
        "nauc_ndcg_at_5_diff1": 0.231239,
        "nauc_ndcg_at_10_max": 0.35703,
        "nauc_ndcg_at_10_std": 0.246514,
        "nauc_ndcg_at_10_diff1": 0.189985,
        "nauc_ndcg_at_20_max": 0.343626,
        "nauc_ndcg_at_20_std": 0.26195,
        "nauc_ndcg_at_20_diff1": 0.170062,
        "nauc_ndcg_at_100_max": 0.40542,
        "nauc_ndcg_at_100_std": 0.332,
        "nauc_ndcg_at_100_diff1": 0.232043,
        "nauc_ndcg_at_1000_max": 0.468825,
        "nauc_ndcg_at_1000_std": 0.398843,
        "nauc_ndcg_at_1000_diff1": 0.24199,
        "nauc_map_at_1_max": 0.127975,
        "nauc_map_at_1_std": -0.064295,
        "nauc_map_at_1_diff1": 0.368572,
        "nauc_map_at_3_max": 0.164079,
        "nauc_map_at_3_std": -0.0134,
        "nauc_map_at_3_diff1": 0.302371,
        "nauc_map_at_5_max": 0.214711,
        "nauc_map_at_5_std": 0.034869,
        "nauc_map_at_5_diff1": 0.289124,
        "nauc_map_at_10_max": 0.255965,
        "nauc_map_at_10_std": 0.089724,
        "nauc_map_at_10_diff1": 0.270289,
        "nauc_map_at_20_max": 0.285832,
        "nauc_map_at_20_std": 0.132806,
        "nauc_map_at_20_diff1": 0.247697,
        "nauc_map_at_100_max": 0.319192,
        "nauc_map_at_100_std": 0.200064,
        "nauc_map_at_100_diff1": 0.231001,
        "nauc_map_at_1000_max": 0.323404,
        "nauc_map_at_1000_std": 0.232141,
        "nauc_map_at_1000_diff1": 0.213147,
        "nauc_recall_at_1_max": 0.127975,
        "nauc_recall_at_1_std": -0.064295,
        "nauc_recall_at_1_diff1": 0.368572,
        "nauc_recall_at_3_max": 0.139863,
        "nauc_recall_at_3_std": -0.019634,
        "nauc_recall_at_3_diff1": 0.26396,
        "nauc_recall_at_5_max": 0.184499,
        "nauc_recall_at_5_std": 0.040923,
        "nauc_recall_at_5_diff1": 0.228743,
        "nauc_recall_at_10_max": 0.172293,
        "nauc_recall_at_10_std": 0.082397,
        "nauc_recall_at_10_diff1": 0.198769,
        "nauc_recall_at_20_max": 0.207077,
        "nauc_recall_at_20_std": 0.141379,
        "nauc_recall_at_20_diff1": 0.18247,
        "nauc_recall_at_100_max": 0.296614,
        "nauc_recall_at_100_std": 0.312625,
        "nauc_recall_at_100_diff1": 0.1926,
        "nauc_recall_at_1000_max": 0.317392,
        "nauc_recall_at_1000_std": 0.35807,
        "nauc_recall_at_1000_diff1": 0.163847,
        "nauc_precision_at_1_max": 0.333214,
        "nauc_precision_at_1_std": 0.113126,
        "nauc_precision_at_1_diff1": 0.358947,
        "nauc_precision_at_3_max": 0.384798,
        "nauc_precision_at_3_std": 0.238144,
        "nauc_precision_at_3_diff1": 0.199917,
        "nauc_precision_at_5_max": 0.403357,
        "nauc_precision_at_5_std": 0.285659,
        "nauc_precision_at_5_diff1": 0.131821,
        "nauc_precision_at_10_max": 0.373971,
        "nauc_precision_at_10_std": 0.342855,
        "nauc_precision_at_10_diff1": 0.060128,
        "nauc_precision_at_20_max": 0.308434,
        "nauc_precision_at_20_std": 0.35728,
        "nauc_precision_at_20_diff1": -0.014853,
        "nauc_precision_at_100_max": 0.196007,
        "nauc_precision_at_100_std": 0.352792,
        "nauc_precision_at_100_diff1": -0.06539,
        "nauc_precision_at_1000_max": 0.033727,
        "nauc_precision_at_1000_std": 0.211625,
        "nauc_precision_at_1000_diff1": -0.105904,
        "nauc_mrr_at_1_max": 0.323459,
        "nauc_mrr_at_1_std": 0.115234,
        "nauc_mrr_at_1_diff1": 0.331656,
        "nauc_mrr_at_3_max": 0.395942,
        "nauc_mrr_at_3_std": 0.201369,
        "nauc_mrr_at_3_diff1": 0.317017,
        "nauc_mrr_at_5_max": 0.392209,
        "nauc_mrr_at_5_std": 0.203386,
        "nauc_mrr_at_5_diff1": 0.30963,
        "nauc_mrr_at_10_max": 0.393772,
        "nauc_mrr_at_10_std": 0.214481,
        "nauc_mrr_at_10_diff1": 0.309722,
        "nauc_mrr_at_20_max": 0.396193,
        "nauc_mrr_at_20_std": 0.21915,
        "nauc_mrr_at_20_diff1": 0.312285,
        "nauc_mrr_at_100_max": 0.396971,
        "nauc_mrr_at_100_std": 0.218266,
        "nauc_mrr_at_100_diff1": 0.311947,
        "nauc_mrr_at_1000_max": 0.396696,
        "nauc_mrr_at_1000_std": 0.21782,
        "nauc_mrr_at_1000_diff1": 0.311779,
        "main_score": 0.29239,
        "hf_subset": "default",
        "languages": [
          "eng-Latn"
        ]
      }
    ]
  },
  "evaluation_time": 5.7322516441345215,
  "kg_co2_emissions": null
}