{
  "dataset_revision": "f8c2fcf00f625baaa80f62ec5bd9e1fff3b8ae88",
  "task_name": "SCIDOCS",
  "mteb_version": "1.34.8",
  "scores": {
    "test": [
      {
        "ndcg_at_1": 0.236,
        "ndcg_at_3": 0.20548,
        "ndcg_at_5": 0.17824,
        "ndcg_at_10": 0.21694,
        "ndcg_at_20": 0.25236,
        "ndcg_at_100": 0.31561,
        "ndcg_at_1000": 0.37487,
        "map_at_1": 0.04788,
        "map_at_3": 0.09175,
        "map_at_5": 0.10973,
        "map_at_10": 0.1303,
        "map_at_20": 0.14392,
        "map_at_100": 0.15713,
        "map_at_1000": 0.16093,
        "recall_at_1": 0.04788,
        "recall_at_3": 0.12007,
        "recall_at_5": 0.16097,
        "recall_at_10": 0.23192,
        "recall_at_20": 0.31482,
        "recall_at_100": 0.52075,
        "recall_at_1000": 0.80807,
        "precision_at_1": 0.236,
        "precision_at_3": 0.197,
        "precision_at_5": 0.1586,
        "precision_at_10": 0.1144,
        "precision_at_20": 0.07755,
        "precision_at_100": 0.02564,
        "precision_at_1000": 0.00398,
        "mrr_at_1": 0.236,
        "mrr_at_3": 0.325333,
        "mrr_at_5": 0.342083,
        "mrr_at_10": 0.356104,
        "mrr_at_20": 0.363746,
        "mrr_at_100": 0.368532,
        "mrr_at_1000": 0.36891,
        "nauc_ndcg_at_1_max": 0.212194,
        "nauc_ndcg_at_1_std": 0.101302,
        "nauc_ndcg_at_1_diff1": 0.213017,
        "nauc_ndcg_at_3_max": 0.27561,
        "nauc_ndcg_at_3_std": 0.130804,
        "nauc_ndcg_at_3_diff1": 0.178695,
        "nauc_ndcg_at_5_max": 0.285892,
        "nauc_ndcg_at_5_std": 0.138041,
        "nauc_ndcg_at_5_diff1": 0.176227,
        "nauc_ndcg_at_10_max": 0.325228,
        "nauc_ndcg_at_10_std": 0.183348,
        "nauc_ndcg_at_10_diff1": 0.157902,
        "nauc_ndcg_at_20_max": 0.336729,
        "nauc_ndcg_at_20_std": 0.220971,
        "nauc_ndcg_at_20_diff1": 0.142998,
        "nauc_ndcg_at_100_max": 0.35044,
        "nauc_ndcg_at_100_std": 0.274064,
        "nauc_ndcg_at_100_diff1": 0.150546,
        "nauc_ndcg_at_1000_max": 0.338737,
        "nauc_ndcg_at_1000_std": 0.273188,
        "nauc_ndcg_at_1000_diff1": 0.149044,
        "nauc_map_at_1_max": 0.213873,
        "nauc_map_at_1_std": 0.101627,
        "nauc_map_at_1_diff1": 0.215187,
        "nauc_map_at_3_max": 0.262167,
        "nauc_map_at_3_std": 0.117644,
        "nauc_map_at_3_diff1": 0.177809,
        "nauc_map_at_5_max": 0.266461,
        "nauc_map_at_5_std": 0.124271,
        "nauc_map_at_5_diff1": 0.167735,
        "nauc_map_at_10_max": 0.299394,
        "nauc_map_at_10_std": 0.164793,
        "nauc_map_at_10_diff1": 0.15297,
        "nauc_map_at_20_max": 0.310639,
        "nauc_map_at_20_std": 0.189161,
        "nauc_map_at_20_diff1": 0.145861,
        "nauc_map_at_100_max": 0.318763,
        "nauc_map_at_100_std": 0.210841,
        "nauc_map_at_100_diff1": 0.148734,
        "nauc_map_at_1000_max": 0.318047,
        "nauc_map_at_1000_std": 0.211999,
        "nauc_map_at_1000_diff1": 0.148457,
        "nauc_recall_at_1_max": 0.213873,
        "nauc_recall_at_1_std": 0.101627,
        "nauc_recall_at_1_diff1": 0.215187,
        "nauc_recall_at_3_max": 0.296053,
        "nauc_recall_at_3_std": 0.143407,
        "nauc_recall_at_3_diff1": 0.162306,
        "nauc_recall_at_5_max": 0.297883,
        "nauc_recall_at_5_std": 0.14757,
        "nauc_recall_at_5_diff1": 0.153605,
        "nauc_recall_at_10_max": 0.351862,
        "nauc_recall_at_10_std": 0.220964,
        "nauc_recall_at_10_diff1": 0.114785,
        "nauc_recall_at_20_max": 0.351121,
        "nauc_recall_at_20_std": 0.286234,
        "nauc_recall_at_20_diff1": 0.080172,
        "nauc_recall_at_100_max": 0.341162,
        "nauc_recall_at_100_std": 0.392666,
        "nauc_recall_at_100_diff1": 0.081748,
        "nauc_recall_at_1000_max": 0.259293,
        "nauc_recall_at_1000_std": 0.441045,
        "nauc_recall_at_1000_diff1": 0.032145,
        "nauc_precision_at_1_max": 0.212194,
        "nauc_precision_at_1_std": 0.101302,
        "nauc_precision_at_1_diff1": 0.213017,
        "nauc_precision_at_3_max": 0.298833,
        "nauc_precision_at_3_std": 0.145645,
        "nauc_precision_at_3_diff1": 0.159047,
        "nauc_precision_at_5_max": 0.299974,
        "nauc_precision_at_5_std": 0.15066,
        "nauc_precision_at_5_diff1": 0.149055,
        "nauc_precision_at_10_max": 0.354976,
        "nauc_precision_at_10_std": 0.224992,
        "nauc_precision_at_10_diff1": 0.111533,
        "nauc_precision_at_20_max": 0.353979,
        "nauc_precision_at_20_std": 0.284854,
        "nauc_precision_at_20_diff1": 0.078924,
        "nauc_precision_at_100_max": 0.341382,
        "nauc_precision_at_100_std": 0.388113,
        "nauc_precision_at_100_diff1": 0.078583,
        "nauc_precision_at_1000_max": 0.255646,
        "nauc_precision_at_1000_std": 0.416721,
        "nauc_precision_at_1000_diff1": 0.020146,
        "nauc_mrr_at_1_max": 0.212194,
        "nauc_mrr_at_1_std": 0.101302,
        "nauc_mrr_at_1_diff1": 0.213017,
        "nauc_mrr_at_3_max": 0.265421,
        "nauc_mrr_at_3_std": 0.12875,
        "nauc_mrr_at_3_diff1": 0.206624,
        "nauc_mrr_at_5_max": 0.275391,
        "nauc_mrr_at_5_std": 0.135954,
        "nauc_mrr_at_5_diff1": 0.208228,
        "nauc_mrr_at_10_max": 0.27888,
        "nauc_mrr_at_10_std": 0.141317,
        "nauc_mrr_at_10_diff1": 0.204361,
        "nauc_mrr_at_20_max": 0.276172,
        "nauc_mrr_at_20_std": 0.142612,
        "nauc_mrr_at_20_diff1": 0.200804,
        "nauc_mrr_at_100_max": 0.275436,
        "nauc_mrr_at_100_std": 0.142112,
        "nauc_mrr_at_100_diff1": 0.202731,
        "nauc_mrr_at_1000_max": 0.2753,
        "nauc_mrr_at_1000_std": 0.141971,
        "nauc_mrr_at_1000_diff1": 0.202647,
        "main_score": 0.21694,
        "hf_subset": "default",
        "languages": [
          "eng-Latn"
        ]
      }
    ]
  },
  "evaluation_time": 25.91888117790222,
  "kg_co2_emissions": null
}