{
  "dataset_revision": "0228b52cf27578f30900b9e5271d331663a030d7",
  "task_name": "SciFact",
  "mteb_version": "1.34.8",
  "scores": {
    "test": [
      {
        "ndcg_at_1": 0.48333,
        "ndcg_at_3": 0.57268,
        "ndcg_at_5": 0.60311,
        "ndcg_at_10": 0.63146,
        "ndcg_at_20": 0.64181,
        "ndcg_at_100": 0.65978,
        "ndcg_at_1000": 0.66977,
        "map_at_1": 0.459,
        "map_at_3": 0.54289,
        "map_at_5": 0.56185,
        "map_at_10": 0.5758,
        "map_at_20": 0.57913,
        "map_at_100": 0.58185,
        "map_at_1000": 0.58226,
        "recall_at_1": 0.459,
        "recall_at_3": 0.63428,
        "recall_at_5": 0.70794,
        "recall_at_10": 0.78789,
        "recall_at_20": 0.827,
        "recall_at_100": 0.92,
        "recall_at_1000": 0.99667,
        "precision_at_1": 0.48333,
        "precision_at_3": 0.22889,
        "precision_at_5": 0.15667,
        "precision_at_10": 0.089,
        "precision_at_20": 0.047,
        "precision_at_100": 0.01047,
        "precision_at_1000": 0.00113,
        "mrr_at_1": 0.483333,
        "mrr_at_3": 0.561667,
        "mrr_at_5": 0.577667,
        "mrr_at_10": 0.588265,
        "mrr_at_20": 0.590498,
        "mrr_at_100": 0.592853,
        "mrr_at_1000": 0.593222,
        "nauc_ndcg_at_1_max": 0.418387,
        "nauc_ndcg_at_1_std": 0.086874,
        "nauc_ndcg_at_1_diff1": 0.64814,
        "nauc_ndcg_at_3_max": 0.49833,
        "nauc_ndcg_at_3_std": 0.128235,
        "nauc_ndcg_at_3_diff1": 0.620645,
        "nauc_ndcg_at_5_max": 0.498405,
        "nauc_ndcg_at_5_std": 0.153173,
        "nauc_ndcg_at_5_diff1": 0.607325,
        "nauc_ndcg_at_10_max": 0.508627,
        "nauc_ndcg_at_10_std": 0.168635,
        "nauc_ndcg_at_10_diff1": 0.602185,
        "nauc_ndcg_at_20_max": 0.510406,
        "nauc_ndcg_at_20_std": 0.174589,
        "nauc_ndcg_at_20_diff1": 0.60129,
        "nauc_ndcg_at_100_max": 0.508107,
        "nauc_ndcg_at_100_std": 0.16539,
        "nauc_ndcg_at_100_diff1": 0.615356,
        "nauc_ndcg_at_1000_max": 0.498655,
        "nauc_ndcg_at_1000_std": 0.156955,
        "nauc_ndcg_at_1000_diff1": 0.613526,
        "nauc_map_at_1_max": 0.407241,
        "nauc_map_at_1_std": 0.044198,
        "nauc_map_at_1_diff1": 0.669227,
        "nauc_map_at_3_max": 0.470752,
        "nauc_map_at_3_std": 0.100822,
        "nauc_map_at_3_diff1": 0.633673,
        "nauc_map_at_5_max": 0.475276,
        "nauc_map_at_5_std": 0.118965,
        "nauc_map_at_5_diff1": 0.623997,
        "nauc_map_at_10_max": 0.483854,
        "nauc_map_at_10_std": 0.131114,
        "nauc_map_at_10_diff1": 0.620698,
        "nauc_map_at_20_max": 0.484433,
        "nauc_map_at_20_std": 0.133246,
        "nauc_map_at_20_diff1": 0.620427,
        "nauc_map_at_100_max": 0.484094,
        "nauc_map_at_100_std": 0.132374,
        "nauc_map_at_100_diff1": 0.622216,
        "nauc_map_at_1000_max": 0.483652,
        "nauc_map_at_1000_std": 0.131983,
        "nauc_map_at_1000_diff1": 0.622155,
        "nauc_recall_at_1_max": 0.407241,
        "nauc_recall_at_1_std": 0.044198,
        "nauc_recall_at_1_diff1": 0.669227,
        "nauc_recall_at_3_max": 0.540276,
        "nauc_recall_at_3_std": 0.156756,
        "nauc_recall_at_3_diff1": 0.593624,
        "nauc_recall_at_5_max": 0.555408,
        "nauc_recall_at_5_std": 0.239249,
        "nauc_recall_at_5_diff1": 0.546904,
        "nauc_recall_at_10_max": 0.604862,
        "nauc_recall_at_10_std": 0.301093,
        "nauc_recall_at_10_diff1": 0.525925,
        "nauc_recall_at_20_max": 0.634917,
        "nauc_recall_at_20_std": 0.361784,
        "nauc_recall_at_20_diff1": 0.507741,
        "nauc_recall_at_100_max": 0.723205,
        "nauc_recall_at_100_std": 0.385708,
        "nauc_recall_at_100_diff1": 0.656921,
        "nauc_recall_at_1000_max": 1.0,
        "nauc_recall_at_1000_std": 1.0,
        "nauc_recall_at_1000_diff1": 0.869281,
        "nauc_precision_at_1_max": 0.418387,
        "nauc_precision_at_1_std": 0.086874,
        "nauc_precision_at_1_diff1": 0.64814,
        "nauc_precision_at_3_max": 0.537308,
        "nauc_precision_at_3_std": 0.286853,
        "nauc_precision_at_3_diff1": 0.462748,
        "nauc_precision_at_5_max": 0.488716,
        "nauc_precision_at_5_std": 0.371481,
        "nauc_precision_at_5_diff1": 0.323843,
        "nauc_precision_at_10_max": 0.457855,
        "nauc_precision_at_10_std": 0.434389,
        "nauc_precision_at_10_diff1": 0.183879,
        "nauc_precision_at_20_max": 0.410896,
        "nauc_precision_at_20_std": 0.451061,
        "nauc_precision_at_20_diff1": 0.113755,
        "nauc_precision_at_100_max": 0.3157,
        "nauc_precision_at_100_std": 0.434462,
        "nauc_precision_at_100_diff1": 0.017188,
        "nauc_precision_at_1000_max": 0.152731,
        "nauc_precision_at_1000_std": 0.421065,
        "nauc_precision_at_1000_diff1": -0.202373,
        "nauc_mrr_at_1_max": 0.418387,
        "nauc_mrr_at_1_std": 0.086874,
        "nauc_mrr_at_1_diff1": 0.64814,
        "nauc_mrr_at_3_max": 0.477326,
        "nauc_mrr_at_3_std": 0.125189,
        "nauc_mrr_at_3_diff1": 0.616586,
        "nauc_mrr_at_5_max": 0.476678,
        "nauc_mrr_at_5_std": 0.136729,
        "nauc_mrr_at_5_diff1": 0.611583,
        "nauc_mrr_at_10_max": 0.477722,
        "nauc_mrr_at_10_std": 0.139635,
        "nauc_mrr_at_10_diff1": 0.61037,
        "nauc_mrr_at_20_max": 0.477218,
        "nauc_mrr_at_20_std": 0.138797,
        "nauc_mrr_at_20_diff1": 0.610489,
        "nauc_mrr_at_100_max": 0.476508,
        "nauc_mrr_at_100_std": 0.137118,
        "nauc_mrr_at_100_diff1": 0.612185,
        "nauc_mrr_at_1000_max": 0.476118,
        "nauc_mrr_at_1000_std": 0.13683,
        "nauc_mrr_at_1000_diff1": 0.612143,
        "main_score": 0.63146,
        "hf_subset": "default",
        "languages": [
          "eng-Latn"
        ]
      }
    ]
  },
  "evaluation_time": 7.177350044250488,
  "kg_co2_emissions": null
}