{
  "dataset_revision": "bb9466bac8153a0349341eb1b22e06409e78ef4e",
  "task_name": "TRECCOVID",
  "mteb_version": "1.34.8",
  "scores": {
    "test": [
      {
        "ndcg_at_1": 0.6,
        "ndcg_at_3": 0.54989,
        "ndcg_at_5": 0.54381,
        "ndcg_at_10": 0.52895,
        "ndcg_at_20": 0.49981,
        "ndcg_at_100": 0.41829,
        "ndcg_at_1000": 0.42165,
        "map_at_1": 0.00186,
        "map_at_3": 0.0045,
        "map_at_5": 0.00698,
        "map_at_10": 0.01273,
        "map_at_20": 0.02177,
        "map_at_100": 0.06912,
        "map_at_1000": 0.1888,
        "recall_at_1": 0.00186,
        "recall_at_3": 0.00475,
        "recall_at_5": 0.00779,
        "recall_at_10": 0.01523,
        "recall_at_20": 0.02776,
        "recall_at_100": 0.10308,
        "recall_at_1000": 0.41148,
        "precision_at_1": 0.66,
        "precision_at_3": 0.58667,
        "precision_at_5": 0.58,
        "precision_at_10": 0.57,
        "precision_at_20": 0.536,
        "precision_at_100": 0.437,
        "precision_at_1000": 0.19472,
        "mrr_at_1": 0.66,
        "mrr_at_3": 0.723333,
        "mrr_at_5": 0.746333,
        "mrr_at_10": 0.753,
        "mrr_at_20": 0.756357,
        "mrr_at_100": 0.756357,
        "mrr_at_1000": 0.756542,
        "nauc_ndcg_at_1_max": 0.274879,
        "nauc_ndcg_at_1_std": 0.394964,
        "nauc_ndcg_at_1_diff1": 0.110436,
        "nauc_ndcg_at_3_max": 0.302498,
        "nauc_ndcg_at_3_std": 0.438252,
        "nauc_ndcg_at_3_diff1": 0.015167,
        "nauc_ndcg_at_5_max": 0.290814,
        "nauc_ndcg_at_5_std": 0.457387,
        "nauc_ndcg_at_5_diff1": -0.010052,
        "nauc_ndcg_at_10_max": 0.275538,
        "nauc_ndcg_at_10_std": 0.496847,
        "nauc_ndcg_at_10_diff1": -0.023439,
        "nauc_ndcg_at_20_max": 0.348036,
        "nauc_ndcg_at_20_std": 0.572854,
        "nauc_ndcg_at_20_diff1": -0.029676,
        "nauc_ndcg_at_100_max": 0.474165,
        "nauc_ndcg_at_100_std": 0.713772,
        "nauc_ndcg_at_100_diff1": -0.12195,
        "nauc_ndcg_at_1000_max": 0.483871,
        "nauc_ndcg_at_1000_std": 0.761618,
        "nauc_ndcg_at_1000_diff1": -0.049936,
        "nauc_map_at_1_max": 0.085057,
        "nauc_map_at_1_std": 0.174569,
        "nauc_map_at_1_diff1": 0.156323,
        "nauc_map_at_3_max": 0.053709,
        "nauc_map_at_3_std": 0.26285,
        "nauc_map_at_3_diff1": 0.011868,
        "nauc_map_at_5_max": 0.039914,
        "nauc_map_at_5_std": 0.292825,
        "nauc_map_at_5_diff1": -0.012044,
        "nauc_map_at_10_max": 0.03298,
        "nauc_map_at_10_std": 0.349259,
        "nauc_map_at_10_diff1": -0.005298,
        "nauc_map_at_20_max": 0.135249,
        "nauc_map_at_20_std": 0.437057,
        "nauc_map_at_20_diff1": -0.019455,
        "nauc_map_at_100_max": 0.455549,
        "nauc_map_at_100_std": 0.705698,
        "nauc_map_at_100_diff1": -0.108581,
        "nauc_map_at_1000_max": 0.561655,
        "nauc_map_at_1000_std": 0.807613,
        "nauc_map_at_1000_diff1": -0.14208,
        "nauc_recall_at_1_max": 0.085057,
        "nauc_recall_at_1_std": 0.174569,
        "nauc_recall_at_1_diff1": 0.156323,
        "nauc_recall_at_3_max": 0.049786,
        "nauc_recall_at_3_std": 0.258897,
        "nauc_recall_at_3_diff1": 0.005543,
        "nauc_recall_at_5_max": 0.023615,
        "nauc_recall_at_5_std": 0.262266,
        "nauc_recall_at_5_diff1": 0.015283,
        "nauc_recall_at_10_max": 0.007403,
        "nauc_recall_at_10_std": 0.30016,
        "nauc_recall_at_10_diff1": 0.032868,
        "nauc_recall_at_20_max": 0.109192,
        "nauc_recall_at_20_std": 0.368342,
        "nauc_recall_at_20_diff1": 0.055314,
        "nauc_recall_at_100_max": 0.400574,
        "nauc_recall_at_100_std": 0.6385,
        "nauc_recall_at_100_diff1": -0.010979,
        "nauc_recall_at_1000_max": 0.486125,
        "nauc_recall_at_1000_std": 0.75222,
        "nauc_recall_at_1000_diff1": -0.013655,
        "nauc_precision_at_1_max": 0.454512,
        "nauc_precision_at_1_std": 0.45438,
        "nauc_precision_at_1_diff1": 0.106575,
        "nauc_precision_at_3_max": 0.359774,
        "nauc_precision_at_3_std": 0.438878,
        "nauc_precision_at_3_diff1": -0.017513,
        "nauc_precision_at_5_max": 0.295324,
        "nauc_precision_at_5_std": 0.437251,
        "nauc_precision_at_5_diff1": -0.055839,
        "nauc_precision_at_10_max": 0.266271,
        "nauc_precision_at_10_std": 0.497052,
        "nauc_precision_at_10_diff1": -0.08978,
        "nauc_precision_at_20_max": 0.382358,
        "nauc_precision_at_20_std": 0.579403,
        "nauc_precision_at_20_diff1": -0.063739,
        "nauc_precision_at_100_max": 0.5272,
        "nauc_precision_at_100_std": 0.721381,
        "nauc_precision_at_100_diff1": -0.132521,
        "nauc_precision_at_1000_max": 0.449706,
        "nauc_precision_at_1000_std": 0.56618,
        "nauc_precision_at_1000_diff1": -0.13889,
        "nauc_mrr_at_1_max": 0.454512,
        "nauc_mrr_at_1_std": 0.45438,
        "nauc_mrr_at_1_diff1": 0.106575,
        "nauc_mrr_at_3_max": 0.478393,
        "nauc_mrr_at_3_std": 0.453755,
        "nauc_mrr_at_3_diff1": 0.118196,
        "nauc_mrr_at_5_max": 0.46717,
        "nauc_mrr_at_5_std": 0.433962,
        "nauc_mrr_at_5_diff1": 0.162635,
        "nauc_mrr_at_10_max": 0.466264,
        "nauc_mrr_at_10_std": 0.440736,
        "nauc_mrr_at_10_diff1": 0.154731,
        "nauc_mrr_at_20_max": 0.466558,
        "nauc_mrr_at_20_std": 0.439348,
        "nauc_mrr_at_20_diff1": 0.145993,
        "nauc_mrr_at_100_max": 0.466558,
        "nauc_mrr_at_100_std": 0.439348,
        "nauc_mrr_at_100_diff1": 0.145993,
        "nauc_mrr_at_1000_max": 0.466481,
        "nauc_mrr_at_1000_std": 0.439246,
        "nauc_mrr_at_1000_diff1": 0.145351,
        "main_score": 0.52895,
        "hf_subset": "default",
        "languages": [
          "eng-Latn"
        ]
      }
    ]
  },
  "evaluation_time": 172.2492218017578,
  "kg_co2_emissions": null
}