{
  "dataset_revision": "f22508f96b7a36c2415181ed8bb76f76e04ae2d5",
  "task_name": "AppsRetrieval",
  "mteb_version": "1.34.8",
  "scores": {
    "test": [
      {
        "ndcg_at_1": 0.01275,
        "ndcg_at_3": 0.02017,
        "ndcg_at_5": 0.0242,
        "ndcg_at_10": 0.03053,
        "ndcg_at_20": 0.03643,
        "ndcg_at_100": 0.05209,
        "ndcg_at_1000": 0.08905,
        "map_at_1": 0.01275,
        "map_at_3": 0.01833,
        "map_at_5": 0.02056,
        "map_at_10": 0.0231,
        "map_at_20": 0.02472,
        "map_at_100": 0.02666,
        "map_at_1000": 0.02768,
        "recall_at_1": 0.01275,
        "recall_at_3": 0.0255,
        "recall_at_5": 0.03533,
        "recall_at_10": 0.05525,
        "recall_at_20": 0.07862,
        "recall_at_100": 0.16627,
        "recall_at_1000": 0.47942,
        "precision_at_1": 0.01275,
        "precision_at_3": 0.0085,
        "precision_at_5": 0.00707,
        "precision_at_10": 0.00552,
        "precision_at_20": 0.00393,
        "precision_at_100": 0.00166,
        "precision_at_1000": 0.00048,
        "mrr_at_1": 0.012749,
        "mrr_at_3": 0.018327,
        "mrr_at_5": 0.020558,
        "mrr_at_10": 0.023098,
        "mrr_at_20": 0.024704,
        "mrr_at_100": 0.02666,
        "mrr_at_1000": 0.027679,
        "nauc_ndcg_at_1_max": 0.258428,
        "nauc_ndcg_at_1_std": -0.09658,
        "nauc_ndcg_at_1_diff1": 0.113564,
        "nauc_ndcg_at_3_max": 0.208557,
        "nauc_ndcg_at_3_std": -0.077239,
        "nauc_ndcg_at_3_diff1": 0.107137,
        "nauc_ndcg_at_5_max": 0.215649,
        "nauc_ndcg_at_5_std": -0.048161,
        "nauc_ndcg_at_5_diff1": 0.087022,
        "nauc_ndcg_at_10_max": 0.233159,
        "nauc_ndcg_at_10_std": -0.012657,
        "nauc_ndcg_at_10_diff1": 0.074712,
        "nauc_ndcg_at_20_max": 0.233103,
        "nauc_ndcg_at_20_std": 0.00783,
        "nauc_ndcg_at_20_diff1": 0.054918,
        "nauc_ndcg_at_100_max": 0.229875,
        "nauc_ndcg_at_100_std": 0.031049,
        "nauc_ndcg_at_100_diff1": 0.037064,
        "nauc_ndcg_at_1000_max": 0.229433,
        "nauc_ndcg_at_1000_std": 0.048813,
        "nauc_ndcg_at_1000_diff1": 0.014375,
        "nauc_map_at_1_max": 0.258428,
        "nauc_map_at_1_std": -0.09658,
        "nauc_map_at_1_diff1": 0.113564,
        "nauc_map_at_3_max": 0.217033,
        "nauc_map_at_3_std": -0.078382,
        "nauc_map_at_3_diff1": 0.109105,
        "nauc_map_at_5_max": 0.220638,
        "nauc_map_at_5_std": -0.059461,
        "nauc_map_at_5_diff1": 0.095961,
        "nauc_map_at_10_max": 0.22864,
        "nauc_map_at_10_std": -0.039578,
        "nauc_map_at_10_diff1": 0.087747,
        "nauc_map_at_20_max": 0.228628,
        "nauc_map_at_20_std": -0.029878,
        "nauc_map_at_20_diff1": 0.078569,
        "nauc_map_at_100_max": 0.22729,
        "nauc_map_at_100_std": -0.023532,
        "nauc_map_at_100_diff1": 0.073187,
        "nauc_map_at_1000_max": 0.226797,
        "nauc_map_at_1000_std": -0.021743,
        "nauc_map_at_1000_diff1": 0.070694,
        "nauc_recall_at_1_max": 0.258428,
        "nauc_recall_at_1_std": -0.09658,
        "nauc_recall_at_1_diff1": 0.113564,
        "nauc_recall_at_3_max": 0.190942,
        "nauc_recall_at_3_std": -0.075492,
        "nauc_recall_at_3_diff1": 0.102788,
        "nauc_recall_at_5_max": 0.207903,
        "nauc_recall_at_5_std": -0.027134,
        "nauc_recall_at_5_diff1": 0.070034,
        "nauc_recall_at_10_max": 0.242716,
        "nauc_recall_at_10_std": 0.027474,
        "nauc_recall_at_10_diff1": 0.05627,
        "nauc_recall_at_20_max": 0.240441,
        "nauc_recall_at_20_std": 0.053893,
        "nauc_recall_at_20_diff1": 0.026161,
        "nauc_recall_at_100_max": 0.233154,
        "nauc_recall_at_100_std": 0.079765,
        "nauc_recall_at_100_diff1": 0.00551,
        "nauc_recall_at_1000_max": 0.236179,
        "nauc_recall_at_1000_std": 0.107589,
        "nauc_recall_at_1000_diff1": -0.032617,
        "nauc_precision_at_1_max": 0.258428,
        "nauc_precision_at_1_std": -0.09658,
        "nauc_precision_at_1_diff1": 0.113564,
        "nauc_precision_at_3_max": 0.190942,
        "nauc_precision_at_3_std": -0.075492,
        "nauc_precision_at_3_diff1": 0.102788,
        "nauc_precision_at_5_max": 0.207903,
        "nauc_precision_at_5_std": -0.027134,
        "nauc_precision_at_5_diff1": 0.070034,
        "nauc_precision_at_10_max": 0.242716,
        "nauc_precision_at_10_std": 0.027474,
        "nauc_precision_at_10_diff1": 0.05627,
        "nauc_precision_at_20_max": 0.240441,
        "nauc_precision_at_20_std": 0.053893,
        "nauc_precision_at_20_diff1": 0.026161,
        "nauc_precision_at_100_max": 0.233154,
        "nauc_precision_at_100_std": 0.079765,
        "nauc_precision_at_100_diff1": 0.00551,
        "nauc_precision_at_1000_max": 0.236179,
        "nauc_precision_at_1000_std": 0.107589,
        "nauc_precision_at_1000_diff1": -0.032617,
        "nauc_mrr_at_1_max": 0.258428,
        "nauc_mrr_at_1_std": -0.09658,
        "nauc_mrr_at_1_diff1": 0.113564,
        "nauc_mrr_at_3_max": 0.217033,
        "nauc_mrr_at_3_std": -0.078382,
        "nauc_mrr_at_3_diff1": 0.109105,
        "nauc_mrr_at_5_max": 0.220638,
        "nauc_mrr_at_5_std": -0.059461,
        "nauc_mrr_at_5_diff1": 0.095961,
        "nauc_mrr_at_10_max": 0.22864,
        "nauc_mrr_at_10_std": -0.039578,
        "nauc_mrr_at_10_diff1": 0.087747,
        "nauc_mrr_at_20_max": 0.22902,
        "nauc_mrr_at_20_std": -0.030068,
        "nauc_mrr_at_20_diff1": 0.078783,
        "nauc_mrr_at_100_max": 0.227294,
        "nauc_mrr_at_100_std": -0.023539,
        "nauc_mrr_at_100_diff1": 0.073191,
        "nauc_mrr_at_1000_max": 0.226801,
        "nauc_mrr_at_1000_std": -0.021749,
        "nauc_mrr_at_1000_diff1": 0.070699,
        "main_score": 0.03053,
        "hf_subset": "default",
        "languages": [
          "eng-Latn",
          "python-Code"
        ]
      }
    ]
  },
  "evaluation_time": 19.598132610321045,
  "kg_co2_emissions": null
}