{
  "dataset_revision": "c22ab2a51041ffd869aaddef7af8d8215647e41a",
  "task_name": "ArguAna",
  "mteb_version": "1.34.8",
  "scores": {
    "test": [
      {
        "ndcg_at_1": 0.22902,
        "ndcg_at_3": 0.37417,
        "ndcg_at_5": 0.42785,
        "ndcg_at_10": 0.48693,
        "ndcg_at_20": 0.51635,
        "ndcg_at_100": 0.53103,
        "ndcg_at_1000": 0.53251,
        "map_at_1": 0.22902,
        "map_at_3": 0.33725,
        "map_at_5": 0.3669,
        "map_at_10": 0.39112,
        "map_at_20": 0.39945,
        "map_at_100": 0.4018,
        "map_at_1000": 0.40186,
        "recall_at_1": 0.22902,
        "recall_at_3": 0.48151,
        "recall_at_5": 0.61238,
        "recall_at_10": 0.79587,
        "recall_at_20": 0.91038,
        "recall_at_100": 0.98506,
        "recall_at_1000": 0.99644,
        "precision_at_1": 0.22902,
        "precision_at_3": 0.1605,
        "precision_at_5": 0.12248,
        "precision_at_10": 0.07959,
        "precision_at_20": 0.04552,
        "precision_at_100": 0.00985,
        "precision_at_1000": 0.001,
        "mrr_at_1": 0.231863,
        "mrr_at_3": 0.337719,
        "mrr_at_5": 0.367413,
        "mrr_at_10": 0.392001,
        "mrr_at_20": 0.400327,
        "mrr_at_100": 0.402676,
        "mrr_at_1000": 0.402736,
        "nauc_ndcg_at_1_max": -0.047399,
        "nauc_ndcg_at_1_std": -0.144412,
        "nauc_ndcg_at_1_diff1": 0.18614,
        "nauc_ndcg_at_3_max": -0.0404,
        "nauc_ndcg_at_3_std": -0.135466,
        "nauc_ndcg_at_3_diff1": 0.114334,
        "nauc_ndcg_at_5_max": -0.04537,
        "nauc_ndcg_at_5_std": -0.135975,
        "nauc_ndcg_at_5_diff1": 0.110971,
        "nauc_ndcg_at_10_max": -0.030453,
        "nauc_ndcg_at_10_std": -0.150238,
        "nauc_ndcg_at_10_diff1": 0.124703,
        "nauc_ndcg_at_20_max": -0.013732,
        "nauc_ndcg_at_20_std": -0.143481,
        "nauc_ndcg_at_20_diff1": 0.128065,
        "nauc_ndcg_at_100_max": -0.025184,
        "nauc_ndcg_at_100_std": -0.132508,
        "nauc_ndcg_at_100_diff1": 0.127654,
        "nauc_ndcg_at_1000_max": -0.029332,
        "nauc_ndcg_at_1000_std": -0.137307,
        "nauc_ndcg_at_1000_diff1": 0.129415,
        "nauc_map_at_1_max": -0.047399,
        "nauc_map_at_1_std": -0.144412,
        "nauc_map_at_1_diff1": 0.18614,
        "nauc_map_at_3_max": -0.040865,
        "nauc_map_at_3_std": -0.136262,
        "nauc_map_at_3_diff1": 0.129874,
        "nauc_map_at_5_max": -0.043986,
        "nauc_map_at_5_std": -0.136975,
        "nauc_map_at_5_diff1": 0.128175,
        "nauc_map_at_10_max": -0.037431,
        "nauc_map_at_10_std": -0.142583,
        "nauc_map_at_10_diff1": 0.135054,
        "nauc_map_at_20_max": -0.033741,
        "nauc_map_at_20_std": -0.14102,
        "nauc_map_at_20_diff1": 0.135737,
        "nauc_map_at_100_max": -0.035027,
        "nauc_map_at_100_std": -0.139303,
        "nauc_map_at_100_diff1": 0.135703,
        "nauc_map_at_1000_max": -0.035174,
        "nauc_map_at_1000_std": -0.139456,
        "nauc_map_at_1000_diff1": 0.135738,
        "nauc_recall_at_1_max": -0.047399,
        "nauc_recall_at_1_std": -0.144412,
        "nauc_recall_at_1_diff1": 0.18614,
        "nauc_recall_at_3_max": -0.03957,
        "nauc_recall_at_3_std": -0.133783,
        "nauc_recall_at_3_diff1": 0.072557,
        "nauc_recall_at_5_max": -0.050318,
        "nauc_recall_at_5_std": -0.133053,
        "nauc_recall_at_5_diff1": 0.059468,
        "nauc_recall_at_10_max": 0.007633,
        "nauc_recall_at_10_std": -0.195015,
        "nauc_recall_at_10_diff1": 0.083105,
        "nauc_recall_at_20_max": 0.239518,
        "nauc_recall_at_20_std": -0.16425,
        "nauc_recall_at_20_diff1": 0.082962,
        "nauc_recall_at_100_max": 0.474373,
        "nauc_recall_at_100_std": 0.552832,
        "nauc_recall_at_100_diff1": -0.165953,
        "nauc_recall_at_1000_max": -0.043346,
        "nauc_recall_at_1000_std": 0.246619,
        "nauc_recall_at_1000_diff1": -0.117578,
        "nauc_precision_at_1_max": -0.047399,
        "nauc_precision_at_1_std": -0.144412,
        "nauc_precision_at_1_diff1": 0.18614,
        "nauc_precision_at_3_max": -0.03957,
        "nauc_precision_at_3_std": -0.133783,
        "nauc_precision_at_3_diff1": 0.072557,
        "nauc_precision_at_5_max": -0.050318,
        "nauc_precision_at_5_std": -0.133053,
        "nauc_precision_at_5_diff1": 0.059468,
        "nauc_precision_at_10_max": 0.007633,
        "nauc_precision_at_10_std": -0.195015,
        "nauc_precision_at_10_diff1": 0.083105,
        "nauc_precision_at_20_max": 0.239518,
        "nauc_precision_at_20_std": -0.16425,
        "nauc_precision_at_20_diff1": 0.082962,
        "nauc_precision_at_100_max": 0.474373,
        "nauc_precision_at_100_std": 0.552832,
        "nauc_precision_at_100_diff1": -0.165953,
        "nauc_precision_at_1000_max": -0.043346,
        "nauc_precision_at_1000_std": 0.246619,
        "nauc_precision_at_1000_diff1": -0.117578,
        "nauc_mrr_at_1_max": -0.043928,
        "nauc_mrr_at_1_std": -0.136615,
        "nauc_mrr_at_1_diff1": 0.175905,
        "nauc_mrr_at_3_max": -0.04538,
        "nauc_mrr_at_3_std": -0.134722,
        "nauc_mrr_at_3_diff1": 0.11911,
        "nauc_mrr_at_5_max": -0.049027,
        "nauc_mrr_at_5_std": -0.135429,
        "nauc_mrr_at_5_diff1": 0.116155,
        "nauc_mrr_at_10_max": -0.041064,
        "nauc_mrr_at_10_std": -0.140648,
        "nauc_mrr_at_10_diff1": 0.124265,
        "nauc_mrr_at_20_max": -0.037554,
        "nauc_mrr_at_20_std": -0.139038,
        "nauc_mrr_at_20_diff1": 0.124602,
        "nauc_mrr_at_100_max": -0.038872,
        "nauc_mrr_at_100_std": -0.13731,
        "nauc_mrr_at_100_diff1": 0.124464,
        "nauc_mrr_at_1000_max": -0.03902,
        "nauc_mrr_at_1000_std": -0.137461,
        "nauc_mrr_at_1000_diff1": 0.124497,
        "main_score": 0.48693,
        "hf_subset": "default",
        "languages": [
          "eng-Latn"
        ]
      }
    ]
  },
  "evaluation_time": 10.42105507850647,
  "kg_co2_emissions": null
}