{
  "dataset_revision": "4adc7bc41202b5c13543c9c886a25f340634dab3",
  "task_name": "COIRCodeSearchNetRetrieval",
  "mteb_version": "1.34.8",
  "scores": {
    "test": [
      {
        "ndcg_at_1": 0.74802,
        "ndcg_at_3": 0.80319,
        "ndcg_at_5": 0.81399,
        "ndcg_at_10": 0.82282,
        "ndcg_at_20": 0.82902,
        "ndcg_at_100": 0.83623,
        "ndcg_at_1000": 0.83999,
        "map_at_1": 0.74802,
        "map_at_3": 0.79002,
        "map_at_5": 0.796,
        "map_at_10": 0.79966,
        "map_at_20": 0.80138,
        "map_at_100": 0.80239,
        "map_at_1000": 0.80252,
        "recall_at_1": 0.74802,
        "recall_at_3": 0.84113,
        "recall_at_5": 0.86741,
        "recall_at_10": 0.89462,
        "recall_at_20": 0.91902,
        "recall_at_100": 0.95777,
        "recall_at_1000": 0.98767,
        "precision_at_1": 0.74802,
        "precision_at_3": 0.28038,
        "precision_at_5": 0.17348,
        "precision_at_10": 0.08946,
        "precision_at_20": 0.04595,
        "precision_at_100": 0.00958,
        "precision_at_1000": 0.00099,
        "mrr_at_1": 0.748023,
        "mrr_at_3": 0.790019,
        "mrr_at_5": 0.796001,
        "mrr_at_10": 0.799659,
        "mrr_at_20": 0.801379,
        "mrr_at_100": 0.802386,
        "mrr_at_1000": 0.802521,
        "nauc_ndcg_at_1_max": 0.712397,
        "nauc_ndcg_at_1_std": 0.037089,
        "nauc_ndcg_at_1_diff1": 0.85711,
        "nauc_ndcg_at_3_max": 0.744505,
        "nauc_ndcg_at_3_std": 0.076021,
        "nauc_ndcg_at_3_diff1": 0.828099,
        "nauc_ndcg_at_5_max": 0.745983,
        "nauc_ndcg_at_5_std": 0.085162,
        "nauc_ndcg_at_5_diff1": 0.826013,
        "nauc_ndcg_at_10_max": 0.745458,
        "nauc_ndcg_at_10_std": 0.096809,
        "nauc_ndcg_at_10_diff1": 0.824635,
        "nauc_ndcg_at_20_max": 0.745253,
        "nauc_ndcg_at_20_std": 0.099681,
        "nauc_ndcg_at_20_diff1": 0.82586,
        "nauc_ndcg_at_100_max": 0.744378,
        "nauc_ndcg_at_100_std": 0.097426,
        "nauc_ndcg_at_100_diff1": 0.827996,
        "nauc_ndcg_at_1000_max": 0.742267,
        "nauc_ndcg_at_1000_std": 0.091336,
        "nauc_ndcg_at_1000_diff1": 0.829369,
        "nauc_map_at_1_max": 0.712397,
        "nauc_map_at_1_std": 0.037089,
        "nauc_map_at_1_diff1": 0.85711,
        "nauc_map_at_3_max": 0.73617,
        "nauc_map_at_3_std": 0.065312,
        "nauc_map_at_3_diff1": 0.835462,
        "nauc_map_at_5_max": 0.736721,
        "nauc_map_at_5_std": 0.069756,
        "nauc_map_at_5_diff1": 0.834609,
        "nauc_map_at_10_max": 0.736392,
        "nauc_map_at_10_std": 0.073966,
        "nauc_map_at_10_diff1": 0.834264,
        "nauc_map_at_20_max": 0.736234,
        "nauc_map_at_20_std": 0.074439,
        "nauc_map_at_20_diff1": 0.834594,
        "nauc_map_at_100_max": 0.736112,
        "nauc_map_at_100_std": 0.074128,
        "nauc_map_at_100_diff1": 0.83487,
        "nauc_map_at_1000_max": 0.736053,
        "nauc_map_at_1000_std": 0.073965,
        "nauc_map_at_1000_diff1": 0.834913,
        "nauc_recall_at_1_max": 0.712397,
        "nauc_recall_at_1_std": 0.037089,
        "nauc_recall_at_1_diff1": 0.85711,
        "nauc_recall_at_3_max": 0.774638,
        "nauc_recall_at_3_std": 0.11508,
        "nauc_recall_at_3_diff1": 0.801577,
        "nauc_recall_at_5_max": 0.784645,
        "nauc_recall_at_5_std": 0.151362,
        "nauc_recall_at_5_diff1": 0.790018,
        "nauc_recall_at_10_max": 0.790594,
        "nauc_recall_at_10_std": 0.221243,
        "nauc_recall_at_10_diff1": 0.775041,
        "nauc_recall_at_20_max": 0.802638,
        "nauc_recall_at_20_std": 0.279853,
        "nauc_recall_at_20_diff1": 0.770848,
        "nauc_recall_at_100_max": 0.836289,
        "nauc_recall_at_100_std": 0.395316,
        "nauc_recall_at_100_diff1": 0.762551,
        "nauc_recall_at_1000_max": 0.853156,
        "nauc_recall_at_1000_std": 0.517999,
        "nauc_recall_at_1000_diff1": 0.735716,
        "nauc_precision_at_1_max": 0.712397,
        "nauc_precision_at_1_std": 0.037089,
        "nauc_precision_at_1_diff1": 0.85711,
        "nauc_precision_at_3_max": 0.774638,
        "nauc_precision_at_3_std": 0.11508,
        "nauc_precision_at_3_diff1": 0.801577,
        "nauc_precision_at_5_max": 0.784645,
        "nauc_precision_at_5_std": 0.151362,
        "nauc_precision_at_5_diff1": 0.790018,
        "nauc_precision_at_10_max": 0.790594,
        "nauc_precision_at_10_std": 0.221243,
        "nauc_precision_at_10_diff1": 0.775041,
        "nauc_precision_at_20_max": 0.802638,
        "nauc_precision_at_20_std": 0.279853,
        "nauc_precision_at_20_diff1": 0.770848,
        "nauc_precision_at_100_max": 0.836289,
        "nauc_precision_at_100_std": 0.395316,
        "nauc_precision_at_100_diff1": 0.762551,
        "nauc_precision_at_1000_max": 0.853156,
        "nauc_precision_at_1000_std": 0.517999,
        "nauc_precision_at_1000_diff1": 0.735716,
        "nauc_mrr_at_1_max": 0.712397,
        "nauc_mrr_at_1_std": 0.037089,
        "nauc_mrr_at_1_diff1": 0.85711,
        "nauc_mrr_at_3_max": 0.73617,
        "nauc_mrr_at_3_std": 0.065312,
        "nauc_mrr_at_3_diff1": 0.835462,
        "nauc_mrr_at_5_max": 0.736721,
        "nauc_mrr_at_5_std": 0.069756,
        "nauc_mrr_at_5_diff1": 0.834609,
        "nauc_mrr_at_10_max": 0.736392,
        "nauc_mrr_at_10_std": 0.073966,
        "nauc_mrr_at_10_diff1": 0.834264,
        "nauc_mrr_at_20_max": 0.736234,
        "nauc_mrr_at_20_std": 0.074439,
        "nauc_mrr_at_20_diff1": 0.834594,
        "nauc_mrr_at_100_max": 0.736112,
        "nauc_mrr_at_100_std": 0.074128,
        "nauc_mrr_at_100_diff1": 0.83487,
        "nauc_mrr_at_1000_max": 0.736053,
        "nauc_mrr_at_1000_std": 0.073965,
        "nauc_mrr_at_1000_diff1": 0.834913,
        "main_score": 0.82282,
        "hf_subset": "python",
        "languages": [
          "python-Code"
        ]
      }
    ]
  },
  "evaluation_time": 211.37380027770996,
  "kg_co2_emissions": null
}