{
  "dataset_revision": "27a168819829fe9bcd655c2df245fb19452e8e06",
  "task_name": "FiQA2018",
  "mteb_version": "1.34.8",
  "scores": {
    "test": [
      {
        "ndcg_at_1": 0.36883,
        "ndcg_at_3": 0.34193,
        "ndcg_at_5": 0.35683,
        "ndcg_at_10": 0.38932,
        "ndcg_at_20": 0.41813,
        "ndcg_at_100": 0.46053,
        "ndcg_at_1000": 0.49216,
        "map_at_1": 0.1808,
        "map_at_3": 0.25975,
        "map_at_5": 0.28498,
        "map_at_10": 0.30622,
        "map_at_20": 0.31726,
        "map_at_100": 0.32622,
        "map_at_1000": 0.32822,
        "recall_at_1": 0.1808,
        "recall_at_3": 0.31029,
        "recall_at_5": 0.3731,
        "recall_at_10": 0.47013,
        "recall_at_20": 0.55983,
        "recall_at_100": 0.73306,
        "recall_at_1000": 0.92162,
        "precision_at_1": 0.36883,
        "precision_at_3": 0.22942,
        "precision_at_5": 0.17346,
        "precision_at_10": 0.11343,
        "precision_at_20": 0.06852,
        "precision_at_100": 0.01855,
        "precision_at_1000": 0.00241,
        "mrr_at_1": 0.368827,
        "mrr_at_3": 0.438272,
        "mrr_at_5": 0.451312,
        "mrr_at_10": 0.464552,
        "mrr_at_20": 0.47025,
        "mrr_at_100": 0.473238,
        "mrr_at_1000": 0.473666,
        "nauc_ndcg_at_1_max": 0.364864,
        "nauc_ndcg_at_1_std": -0.007432,
        "nauc_ndcg_at_1_diff1": 0.413596,
        "nauc_ndcg_at_3_max": 0.344303,
        "nauc_ndcg_at_3_std": 0.009487,
        "nauc_ndcg_at_3_diff1": 0.332561,
        "nauc_ndcg_at_5_max": 0.325821,
        "nauc_ndcg_at_5_std": -0.004433,
        "nauc_ndcg_at_5_diff1": 0.328671,
        "nauc_ndcg_at_10_max": 0.319499,
        "nauc_ndcg_at_10_std": -0.002752,
        "nauc_ndcg_at_10_diff1": 0.317589,
        "nauc_ndcg_at_20_max": 0.332132,
        "nauc_ndcg_at_20_std": 0.015692,
        "nauc_ndcg_at_20_diff1": 0.310086,
        "nauc_ndcg_at_100_max": 0.354512,
        "nauc_ndcg_at_100_std": 0.046476,
        "nauc_ndcg_at_100_diff1": 0.304012,
        "nauc_ndcg_at_1000_max": 0.35953,
        "nauc_ndcg_at_1000_std": 0.039256,
        "nauc_ndcg_at_1000_diff1": 0.316086,
        "nauc_map_at_1_max": 0.242089,
        "nauc_map_at_1_std": -0.046222,
        "nauc_map_at_1_diff1": 0.406267,
        "nauc_map_at_3_max": 0.283284,
        "nauc_map_at_3_std": -0.016817,
        "nauc_map_at_3_diff1": 0.345253,
        "nauc_map_at_5_max": 0.299399,
        "nauc_map_at_5_std": -0.020607,
        "nauc_map_at_5_diff1": 0.340375,
        "nauc_map_at_10_max": 0.311212,
        "nauc_map_at_10_std": -0.02025,
        "nauc_map_at_10_diff1": 0.332742,
        "nauc_map_at_20_max": 0.317542,
        "nauc_map_at_20_std": -0.01248,
        "nauc_map_at_20_diff1": 0.330241,
        "nauc_map_at_100_max": 0.324509,
        "nauc_map_at_100_std": -0.004861,
        "nauc_map_at_100_diff1": 0.328865,
        "nauc_map_at_1000_max": 0.325238,
        "nauc_map_at_1000_std": -0.004628,
        "nauc_map_at_1000_diff1": 0.329231,
        "nauc_recall_at_1_max": 0.242089,
        "nauc_recall_at_1_std": -0.046222,
        "nauc_recall_at_1_diff1": 0.406267,
        "nauc_recall_at_3_max": 0.246783,
        "nauc_recall_at_3_std": 0.019777,
        "nauc_recall_at_3_diff1": 0.271595,
        "nauc_recall_at_5_max": 0.24405,
        "nauc_recall_at_5_std": 0.001509,
        "nauc_recall_at_5_diff1": 0.254186,
        "nauc_recall_at_10_max": 0.226336,
        "nauc_recall_at_10_std": -0.002518,
        "nauc_recall_at_10_diff1": 0.204276,
        "nauc_recall_at_20_max": 0.243491,
        "nauc_recall_at_20_std": 0.044971,
        "nauc_recall_at_20_diff1": 0.165149,
        "nauc_recall_at_100_max": 0.291824,
        "nauc_recall_at_100_std": 0.189739,
        "nauc_recall_at_100_diff1": 0.093556,
        "nauc_recall_at_1000_max": 0.354494,
        "nauc_recall_at_1000_std": 0.252446,
        "nauc_recall_at_1000_diff1": 0.110331,
        "nauc_precision_at_1_max": 0.364864,
        "nauc_precision_at_1_std": -0.007432,
        "nauc_precision_at_1_diff1": 0.413596,
        "nauc_precision_at_3_max": 0.369206,
        "nauc_precision_at_3_std": 0.04251,
        "nauc_precision_at_3_diff1": 0.216668,
        "nauc_precision_at_5_max": 0.357363,
        "nauc_precision_at_5_std": 0.030163,
        "nauc_precision_at_5_diff1": 0.173367,
        "nauc_precision_at_10_max": 0.360964,
        "nauc_precision_at_10_std": 0.057981,
        "nauc_precision_at_10_diff1": 0.118728,
        "nauc_precision_at_20_max": 0.365848,
        "nauc_precision_at_20_std": 0.116975,
        "nauc_precision_at_20_diff1": 0.077704,
        "nauc_precision_at_100_max": 0.346425,
        "nauc_precision_at_100_std": 0.171408,
        "nauc_precision_at_100_diff1": 0.010928,
        "nauc_precision_at_1000_max": 0.269541,
        "nauc_precision_at_1000_std": 0.125262,
        "nauc_precision_at_1000_diff1": -0.016993,
        "nauc_mrr_at_1_max": 0.364864,
        "nauc_mrr_at_1_std": -0.007432,
        "nauc_mrr_at_1_diff1": 0.413596,
        "nauc_mrr_at_3_max": 0.357436,
        "nauc_mrr_at_3_std": 0.018027,
        "nauc_mrr_at_3_diff1": 0.365186,
        "nauc_mrr_at_5_max": 0.355278,
        "nauc_mrr_at_5_std": 0.015703,
        "nauc_mrr_at_5_diff1": 0.360903,
        "nauc_mrr_at_10_max": 0.353961,
        "nauc_mrr_at_10_std": 0.014926,
        "nauc_mrr_at_10_diff1": 0.359604,
        "nauc_mrr_at_20_max": 0.357932,
        "nauc_mrr_at_20_std": 0.018366,
        "nauc_mrr_at_20_diff1": 0.358176,
        "nauc_mrr_at_100_max": 0.358537,
        "nauc_mrr_at_100_std": 0.019735,
        "nauc_mrr_at_100_diff1": 0.357671,
        "nauc_mrr_at_1000_max": 0.358499,
        "nauc_mrr_at_1000_std": 0.0194,
        "nauc_mrr_at_1000_diff1": 0.358153,
        "main_score": 0.38932,
        "hf_subset": "default",
        "languages": [
          "eng-Latn"
        ]
      }
    ]
  },
  "evaluation_time": 43.98598670959473,
  "kg_co2_emissions": null
}