{
  "dataset_revision": "ae763399273d8b20506b80cf6f6f9a31a6a2b238",
  "task_name": "MedicalQARetrieval",
  "mteb_version": "1.34.8",
  "scores": {
    "test": [
      {
        "ndcg_at_1": 0.42285,
        "ndcg_at_3": 0.55425,
        "ndcg_at_5": 0.59371,
        "ndcg_at_10": 0.62073,
        "ndcg_at_20": 0.63563,
        "ndcg_at_100": 0.64905,
        "ndcg_at_1000": 0.65423,
        "map_at_1": 0.42285,
        "map_at_3": 0.52173,
        "map_at_5": 0.54377,
        "map_at_10": 0.55512,
        "map_at_20": 0.55925,
        "map_at_100": 0.56129,
        "map_at_1000": 0.56149,
        "recall_at_1": 0.42285,
        "recall_at_3": 0.64844,
        "recall_at_5": 0.74365,
        "recall_at_10": 0.82617,
        "recall_at_20": 0.88477,
        "recall_at_100": 0.95459,
        "recall_at_1000": 0.99463,
        "precision_at_1": 0.42285,
        "precision_at_3": 0.21615,
        "precision_at_5": 0.14873,
        "precision_at_10": 0.08262,
        "precision_at_20": 0.04424,
        "precision_at_100": 0.00955,
        "precision_at_1000": 0.00099,
        "mrr_at_1": 0.422852,
        "mrr_at_3": 0.521566,
        "mrr_at_5": 0.543587,
        "mrr_at_10": 0.555014,
        "mrr_at_20": 0.559151,
        "mrr_at_100": 0.561182,
        "mrr_at_1000": 0.561388,
        "nauc_ndcg_at_1_max": 0.19294,
        "nauc_ndcg_at_1_std": -0.181331,
        "nauc_ndcg_at_1_diff1": 0.469867,
        "nauc_ndcg_at_3_max": 0.163663,
        "nauc_ndcg_at_3_std": -0.189586,
        "nauc_ndcg_at_3_diff1": 0.411746,
        "nauc_ndcg_at_5_max": 0.161736,
        "nauc_ndcg_at_5_std": -0.192349,
        "nauc_ndcg_at_5_diff1": 0.388074,
        "nauc_ndcg_at_10_max": 0.188423,
        "nauc_ndcg_at_10_std": -0.176563,
        "nauc_ndcg_at_10_diff1": 0.377409,
        "nauc_ndcg_at_20_max": 0.191994,
        "nauc_ndcg_at_20_std": -0.163271,
        "nauc_ndcg_at_20_diff1": 0.380093,
        "nauc_ndcg_at_100_max": 0.186582,
        "nauc_ndcg_at_100_std": -0.162832,
        "nauc_ndcg_at_100_diff1": 0.388389,
        "nauc_ndcg_at_1000_max": 0.18162,
        "nauc_ndcg_at_1000_std": -0.170101,
        "nauc_ndcg_at_1000_diff1": 0.396817,
        "nauc_map_at_1_max": 0.19294,
        "nauc_map_at_1_std": -0.181331,
        "nauc_map_at_1_diff1": 0.469867,
        "nauc_map_at_3_max": 0.169061,
        "nauc_map_at_3_std": -0.187806,
        "nauc_map_at_3_diff1": 0.426502,
        "nauc_map_at_5_max": 0.167991,
        "nauc_map_at_5_std": -0.189015,
        "nauc_map_at_5_diff1": 0.414585,
        "nauc_map_at_10_max": 0.177987,
        "nauc_map_at_10_std": -0.183221,
        "nauc_map_at_10_diff1": 0.411288,
        "nauc_map_at_20_max": 0.178893,
        "nauc_map_at_20_std": -0.180125,
        "nauc_map_at_20_diff1": 0.412256,
        "nauc_map_at_100_max": 0.178208,
        "nauc_map_at_100_std": -0.180009,
        "nauc_map_at_100_diff1": 0.41315,
        "nauc_map_at_1000_max": 0.178067,
        "nauc_map_at_1000_std": -0.180169,
        "nauc_map_at_1000_diff1": 0.413397,
        "nauc_recall_at_1_max": 0.19294,
        "nauc_recall_at_1_std": -0.181331,
        "nauc_recall_at_1_diff1": 0.469867,
        "nauc_recall_at_3_max": 0.146864,
        "nauc_recall_at_3_std": -0.1953,
        "nauc_recall_at_3_diff1": 0.363096,
        "nauc_recall_at_5_max": 0.138152,
        "nauc_recall_at_5_std": -0.206305,
        "nauc_recall_at_5_diff1": 0.277757,
        "nauc_recall_at_10_max": 0.26667,
        "nauc_recall_at_10_std": -0.12935,
        "nauc_recall_at_10_diff1": 0.181255,
        "nauc_recall_at_20_max": 0.3306,
        "nauc_recall_at_20_std": 0.012177,
        "nauc_recall_at_20_diff1": 0.118823,
        "nauc_recall_at_100_max": 0.37558,
        "nauc_recall_at_100_std": 0.26568,
        "nauc_recall_at_100_diff1": -0.001507,
        "nauc_recall_at_1000_max": -0.012074,
        "nauc_recall_at_1000_std": 0.668402,
        "nauc_recall_at_1000_diff1": 0.142863,
        "nauc_precision_at_1_max": 0.19294,
        "nauc_precision_at_1_std": -0.181331,
        "nauc_precision_at_1_diff1": 0.469867,
        "nauc_precision_at_3_max": 0.146864,
        "nauc_precision_at_3_std": -0.1953,
        "nauc_precision_at_3_diff1": 0.363096,
        "nauc_precision_at_5_max": 0.138152,
        "nauc_precision_at_5_std": -0.206305,
        "nauc_precision_at_5_diff1": 0.277757,
        "nauc_precision_at_10_max": 0.26667,
        "nauc_precision_at_10_std": -0.12935,
        "nauc_precision_at_10_diff1": 0.181255,
        "nauc_precision_at_20_max": 0.3306,
        "nauc_precision_at_20_std": 0.012177,
        "nauc_precision_at_20_diff1": 0.118823,
        "nauc_precision_at_100_max": 0.37558,
        "nauc_precision_at_100_std": 0.26568,
        "nauc_precision_at_100_diff1": -0.001507,
        "nauc_precision_at_1000_max": -0.012074,
        "nauc_precision_at_1000_std": 0.668402,
        "nauc_precision_at_1000_diff1": 0.142863,
        "nauc_mrr_at_1_max": 0.192762,
        "nauc_mrr_at_1_std": -0.181509,
        "nauc_mrr_at_1_diff1": 0.469867,
        "nauc_mrr_at_3_max": 0.166617,
        "nauc_mrr_at_3_std": -0.18841,
        "nauc_mrr_at_3_diff1": 0.426878,
        "nauc_mrr_at_5_max": 0.166508,
        "nauc_mrr_at_5_std": -0.189175,
        "nauc_mrr_at_5_diff1": 0.415008,
        "nauc_mrr_at_10_max": 0.17664,
        "nauc_mrr_at_10_std": -0.183518,
        "nauc_mrr_at_10_diff1": 0.411539,
        "nauc_mrr_at_20_max": 0.177545,
        "nauc_mrr_at_20_std": -0.180463,
        "nauc_mrr_at_20_diff1": 0.412511,
        "nauc_mrr_at_100_max": 0.176852,
        "nauc_mrr_at_100_std": -0.180305,
        "nauc_mrr_at_100_diff1": 0.413407,
        "nauc_mrr_at_1000_max": 0.17671,
        "nauc_mrr_at_1000_std": -0.180465,
        "nauc_mrr_at_1000_diff1": 0.413654,
        "main_score": 0.62073,
        "hf_subset": "default",
        "languages": [
          "eng-Latn"
        ]
      }
    ]
  },
  "evaluation_time": 5.124931335449219,
  "kg_co2_emissions": null
}