{
  "dataset_revision": "f8c2fcf00f625baaa80f62ec5bd9e1fff3b8ae88",
  "task_name": "SCIDOCS",
  "mteb_version": "1.34.8",
  "scores": {
    "test": [
      {
        "ndcg_at_1": 0.231,
        "ndcg_at_3": 0.20378,
        "ndcg_at_5": 0.17633,
        "ndcg_at_10": 0.21519,
        "ndcg_at_20": 0.25063,
        "ndcg_at_100": 0.31187,
        "ndcg_at_1000": 0.36964,
        "map_at_1": 0.04688,
        "map_at_3": 0.09096,
        "map_at_5": 0.10826,
        "map_at_10": 0.12887,
        "map_at_20": 0.14242,
        "map_at_100": 0.15522,
        "map_at_1000": 0.1589,
        "recall_at_1": 0.04688,
        "recall_at_3": 0.11937,
        "recall_at_5": 0.15937,
        "recall_at_10": 0.23067,
        "recall_at_20": 0.31407,
        "recall_at_100": 0.51315,
        "recall_at_1000": 0.79307,
        "precision_at_1": 0.231,
        "precision_at_3": 0.196,
        "precision_at_5": 0.157,
        "precision_at_10": 0.1138,
        "precision_at_20": 0.07735,
        "precision_at_100": 0.02526,
        "precision_at_1000": 0.0039,
        "mrr_at_1": 0.231,
        "mrr_at_3": 0.321167,
        "mrr_at_5": 0.338617,
        "mrr_at_10": 0.35284,
        "mrr_at_20": 0.360332,
        "mrr_at_100": 0.364849,
        "mrr_at_1000": 0.365301,
        "nauc_ndcg_at_1_max": 0.257955,
        "nauc_ndcg_at_1_std": 0.087706,
        "nauc_ndcg_at_1_diff1": 0.207414,
        "nauc_ndcg_at_3_max": 0.309408,
        "nauc_ndcg_at_3_std": 0.103426,
        "nauc_ndcg_at_3_diff1": 0.15431,
        "nauc_ndcg_at_5_max": 0.33431,
        "nauc_ndcg_at_5_std": 0.109972,
        "nauc_ndcg_at_5_diff1": 0.150984,
        "nauc_ndcg_at_10_max": 0.374358,
        "nauc_ndcg_at_10_std": 0.154719,
        "nauc_ndcg_at_10_diff1": 0.141908,
        "nauc_ndcg_at_20_max": 0.391211,
        "nauc_ndcg_at_20_std": 0.198431,
        "nauc_ndcg_at_20_diff1": 0.135429,
        "nauc_ndcg_at_100_max": 0.413684,
        "nauc_ndcg_at_100_std": 0.24638,
        "nauc_ndcg_at_100_diff1": 0.139354,
        "nauc_ndcg_at_1000_max": 0.404501,
        "nauc_ndcg_at_1000_std": 0.250008,
        "nauc_ndcg_at_1000_diff1": 0.13459,
        "nauc_map_at_1_max": 0.260536,
        "nauc_map_at_1_std": 0.086223,
        "nauc_map_at_1_diff1": 0.21022,
        "nauc_map_at_3_max": 0.296469,
        "nauc_map_at_3_std": 0.086466,
        "nauc_map_at_3_diff1": 0.159151,
        "nauc_map_at_5_max": 0.314786,
        "nauc_map_at_5_std": 0.092506,
        "nauc_map_at_5_diff1": 0.143771,
        "nauc_map_at_10_max": 0.34872,
        "nauc_map_at_10_std": 0.130518,
        "nauc_map_at_10_diff1": 0.13441,
        "nauc_map_at_20_max": 0.365924,
        "nauc_map_at_20_std": 0.157725,
        "nauc_map_at_20_diff1": 0.132139,
        "nauc_map_at_100_max": 0.376833,
        "nauc_map_at_100_std": 0.177918,
        "nauc_map_at_100_diff1": 0.133288,
        "nauc_map_at_1000_max": 0.376401,
        "nauc_map_at_1000_std": 0.179643,
        "nauc_map_at_1000_diff1": 0.132162,
        "nauc_recall_at_1_max": 0.260536,
        "nauc_recall_at_1_std": 0.086223,
        "nauc_recall_at_1_diff1": 0.21022,
        "nauc_recall_at_3_max": 0.326784,
        "nauc_recall_at_3_std": 0.108009,
        "nauc_recall_at_3_diff1": 0.129169,
        "nauc_recall_at_5_max": 0.351694,
        "nauc_recall_at_5_std": 0.115636,
        "nauc_recall_at_5_diff1": 0.121521,
        "nauc_recall_at_10_max": 0.402656,
        "nauc_recall_at_10_std": 0.190142,
        "nauc_recall_at_10_diff1": 0.101721,
        "nauc_recall_at_20_max": 0.408869,
        "nauc_recall_at_20_std": 0.267999,
        "nauc_recall_at_20_diff1": 0.085459,
        "nauc_recall_at_100_max": 0.414883,
        "nauc_recall_at_100_std": 0.360666,
        "nauc_recall_at_100_diff1": 0.081323,
        "nauc_recall_at_1000_max": 0.3539,
        "nauc_recall_at_1000_std": 0.41885,
        "nauc_recall_at_1000_diff1": 0.030156,
        "nauc_precision_at_1_max": 0.257955,
        "nauc_precision_at_1_std": 0.087706,
        "nauc_precision_at_1_diff1": 0.207414,
        "nauc_precision_at_3_max": 0.328116,
        "nauc_precision_at_3_std": 0.111254,
        "nauc_precision_at_3_diff1": 0.126163,
        "nauc_precision_at_5_max": 0.3527,
        "nauc_precision_at_5_std": 0.120247,
        "nauc_precision_at_5_diff1": 0.117122,
        "nauc_precision_at_10_max": 0.40451,
        "nauc_precision_at_10_std": 0.195345,
        "nauc_precision_at_10_diff1": 0.097963,
        "nauc_precision_at_20_max": 0.410582,
        "nauc_precision_at_20_std": 0.270248,
        "nauc_precision_at_20_diff1": 0.085173,
        "nauc_precision_at_100_max": 0.411589,
        "nauc_precision_at_100_std": 0.362594,
        "nauc_precision_at_100_diff1": 0.079138,
        "nauc_precision_at_1000_max": 0.337611,
        "nauc_precision_at_1000_std": 0.408254,
        "nauc_precision_at_1000_diff1": 0.021579,
        "nauc_mrr_at_1_max": 0.257955,
        "nauc_mrr_at_1_std": 0.087706,
        "nauc_mrr_at_1_diff1": 0.207414,
        "nauc_mrr_at_3_max": 0.305735,
        "nauc_mrr_at_3_std": 0.111054,
        "nauc_mrr_at_3_diff1": 0.183321,
        "nauc_mrr_at_5_max": 0.316921,
        "nauc_mrr_at_5_std": 0.116817,
        "nauc_mrr_at_5_diff1": 0.187753,
        "nauc_mrr_at_10_max": 0.322496,
        "nauc_mrr_at_10_std": 0.125263,
        "nauc_mrr_at_10_diff1": 0.189774,
        "nauc_mrr_at_20_max": 0.319029,
        "nauc_mrr_at_20_std": 0.128181,
        "nauc_mrr_at_20_diff1": 0.186785,
        "nauc_mrr_at_100_max": 0.318392,
        "nauc_mrr_at_100_std": 0.126984,
        "nauc_mrr_at_100_diff1": 0.187775,
        "nauc_mrr_at_1000_max": 0.318259,
        "nauc_mrr_at_1000_std": 0.126848,
        "nauc_mrr_at_1000_diff1": 0.187814,
        "main_score": 0.21519,
        "hf_subset": "default",
        "languages": [
          "eng-Latn"
        ]
      }
    ]
  },
  "evaluation_time": 25.74834656715393,
  "kg_co2_emissions": null
}