{
  "dataset_revision": "0228b52cf27578f30900b9e5271d331663a030d7",
  "task_name": "SciFact",
  "mteb_version": "1.34.8",
  "scores": {
    "test": [
      {
        "ndcg_at_1": 0.48333,
        "ndcg_at_3": 0.57636,
        "ndcg_at_5": 0.60174,
        "ndcg_at_10": 0.62673,
        "ndcg_at_20": 0.64288,
        "ndcg_at_100": 0.66073,
        "ndcg_at_1000": 0.6694,
        "map_at_1": 0.46122,
        "map_at_3": 0.54594,
        "map_at_5": 0.56261,
        "map_at_10": 0.57387,
        "map_at_20": 0.57945,
        "map_at_100": 0.58205,
        "map_at_1000": 0.58237,
        "recall_at_1": 0.46122,
        "recall_at_3": 0.64178,
        "recall_at_5": 0.70244,
        "recall_at_10": 0.77456,
        "recall_at_20": 0.83367,
        "recall_at_100": 0.92767,
        "recall_at_1000": 0.99667,
        "precision_at_1": 0.48333,
        "precision_at_3": 0.23,
        "precision_at_5": 0.154,
        "precision_at_10": 0.087,
        "precision_at_20": 0.04733,
        "precision_at_100": 0.01053,
        "precision_at_1000": 0.00113,
        "mrr_at_1": 0.483333,
        "mrr_at_3": 0.563333,
        "mrr_at_5": 0.576,
        "mrr_at_10": 0.585803,
        "mrr_at_20": 0.589465,
        "mrr_at_100": 0.591737,
        "mrr_at_1000": 0.592018,
        "nauc_ndcg_at_1_max": 0.435326,
        "nauc_ndcg_at_1_std": 0.04447,
        "nauc_ndcg_at_1_diff1": 0.611039,
        "nauc_ndcg_at_3_max": 0.492915,
        "nauc_ndcg_at_3_std": 0.083304,
        "nauc_ndcg_at_3_diff1": 0.559907,
        "nauc_ndcg_at_5_max": 0.520447,
        "nauc_ndcg_at_5_std": 0.109905,
        "nauc_ndcg_at_5_diff1": 0.552224,
        "nauc_ndcg_at_10_max": 0.528547,
        "nauc_ndcg_at_10_std": 0.119967,
        "nauc_ndcg_at_10_diff1": 0.551144,
        "nauc_ndcg_at_20_max": 0.529145,
        "nauc_ndcg_at_20_std": 0.132214,
        "nauc_ndcg_at_20_diff1": 0.553464,
        "nauc_ndcg_at_100_max": 0.523254,
        "nauc_ndcg_at_100_std": 0.120552,
        "nauc_ndcg_at_100_diff1": 0.561522,
        "nauc_ndcg_at_1000_max": 0.516016,
        "nauc_ndcg_at_1000_std": 0.114315,
        "nauc_ndcg_at_1000_diff1": 0.561449,
        "nauc_map_at_1_max": 0.416925,
        "nauc_map_at_1_std": 0.000463,
        "nauc_map_at_1_diff1": 0.632489,
        "nauc_map_at_3_max": 0.469473,
        "nauc_map_at_3_std": 0.058737,
        "nauc_map_at_3_diff1": 0.579149,
        "nauc_map_at_5_max": 0.487802,
        "nauc_map_at_5_std": 0.076037,
        "nauc_map_at_5_diff1": 0.573322,
        "nauc_map_at_10_max": 0.495816,
        "nauc_map_at_10_std": 0.08551,
        "nauc_map_at_10_diff1": 0.571745,
        "nauc_map_at_20_max": 0.497592,
        "nauc_map_at_20_std": 0.090995,
        "nauc_map_at_20_diff1": 0.571131,
        "nauc_map_at_100_max": 0.496742,
        "nauc_map_at_100_std": 0.089306,
        "nauc_map_at_100_diff1": 0.571869,
        "nauc_map_at_1000_max": 0.496505,
        "nauc_map_at_1000_std": 0.0891,
        "nauc_map_at_1000_diff1": 0.571873,
        "nauc_recall_at_1_max": 0.416925,
        "nauc_recall_at_1_std": 0.000463,
        "nauc_recall_at_1_diff1": 0.632489,
        "nauc_recall_at_3_max": 0.520175,
        "nauc_recall_at_3_std": 0.11244,
        "nauc_recall_at_3_diff1": 0.516496,
        "nauc_recall_at_5_max": 0.604862,
        "nauc_recall_at_5_std": 0.196911,
        "nauc_recall_at_5_diff1": 0.484393,
        "nauc_recall_at_10_max": 0.638161,
        "nauc_recall_at_10_std": 0.223057,
        "nauc_recall_at_10_diff1": 0.474104,
        "nauc_recall_at_20_max": 0.672142,
        "nauc_recall_at_20_std": 0.323441,
        "nauc_recall_at_20_diff1": 0.483429,
        "nauc_recall_at_100_max": 0.734797,
        "nauc_recall_at_100_std": 0.338069,
        "nauc_recall_at_100_diff1": 0.578875,
        "nauc_recall_at_1000_max": 1.0,
        "nauc_recall_at_1000_std": 1.0,
        "nauc_recall_at_1000_diff1": 1.0,
        "nauc_precision_at_1_max": 0.435326,
        "nauc_precision_at_1_std": 0.04447,
        "nauc_precision_at_1_diff1": 0.611039,
        "nauc_precision_at_3_max": 0.534276,
        "nauc_precision_at_3_std": 0.248081,
        "nauc_precision_at_3_diff1": 0.386217,
        "nauc_precision_at_5_max": 0.54474,
        "nauc_precision_at_5_std": 0.320414,
        "nauc_precision_at_5_diff1": 0.258649,
        "nauc_precision_at_10_max": 0.506916,
        "nauc_precision_at_10_std": 0.383784,
        "nauc_precision_at_10_diff1": 0.133304,
        "nauc_precision_at_20_max": 0.439242,
        "nauc_precision_at_20_std": 0.431211,
        "nauc_precision_at_20_diff1": 0.040163,
        "nauc_precision_at_100_max": 0.317638,
        "nauc_precision_at_100_std": 0.421061,
        "nauc_precision_at_100_diff1": -0.086827,
        "nauc_precision_at_1000_max": 0.1621,
        "nauc_precision_at_1000_std": 0.41594,
        "nauc_precision_at_1000_diff1": -0.291203,
        "nauc_mrr_at_1_max": 0.435326,
        "nauc_mrr_at_1_std": 0.04447,
        "nauc_mrr_at_1_diff1": 0.611039,
        "nauc_mrr_at_3_max": 0.482466,
        "nauc_mrr_at_3_std": 0.078388,
        "nauc_mrr_at_3_diff1": 0.565568,
        "nauc_mrr_at_5_max": 0.498542,
        "nauc_mrr_at_5_std": 0.094975,
        "nauc_mrr_at_5_diff1": 0.561375,
        "nauc_mrr_at_10_max": 0.497657,
        "nauc_mrr_at_10_std": 0.096911,
        "nauc_mrr_at_10_diff1": 0.562156,
        "nauc_mrr_at_20_max": 0.495863,
        "nauc_mrr_at_20_std": 0.096715,
        "nauc_mrr_at_20_diff1": 0.563506,
        "nauc_mrr_at_100_max": 0.495046,
        "nauc_mrr_at_100_std": 0.094565,
        "nauc_mrr_at_100_diff1": 0.564393,
        "nauc_mrr_at_1000_max": 0.494857,
        "nauc_mrr_at_1000_std": 0.094449,
        "nauc_mrr_at_1000_diff1": 0.564449,
        "main_score": 0.62673,
        "hf_subset": "default",
        "languages": [
          "eng-Latn"
        ]
      }
    ]
  },
  "evaluation_time": 7.026707649230957,
  "kg_co2_emissions": null
}