{
  "dataset_revision": "f22508f96b7a36c2415181ed8bb76f76e04ae2d5",
  "task_name": "AppsRetrieval",
  "mteb_version": "1.34.8",
  "scores": {
    "test": [
      {
        "ndcg_at_1": 0.05657,
        "ndcg_at_3": 0.07733,
        "ndcg_at_5": 0.08469,
        "ndcg_at_10": 0.09275,
        "ndcg_at_20": 0.10127,
        "ndcg_at_100": 0.12452,
        "ndcg_at_1000": 0.16392,
        "map_at_1": 0.05657,
        "map_at_3": 0.0722,
        "map_at_5": 0.0763,
        "map_at_10": 0.07963,
        "map_at_20": 0.08192,
        "map_at_100": 0.08486,
        "map_at_1000": 0.08603,
        "recall_at_1": 0.05657,
        "recall_at_3": 0.09216,
        "recall_at_5": 0.10996,
        "recall_at_10": 0.13493,
        "recall_at_20": 0.16892,
        "recall_at_100": 0.29827,
        "recall_at_1000": 0.62656,
        "precision_at_1": 0.05657,
        "precision_at_3": 0.03072,
        "precision_at_5": 0.02199,
        "precision_at_10": 0.01349,
        "precision_at_20": 0.00845,
        "precision_at_100": 0.00298,
        "precision_at_1000": 0.00063,
        "mrr_at_1": 0.056574,
        "mrr_at_3": 0.0722,
        "mrr_at_5": 0.076304,
        "mrr_at_10": 0.079627,
        "mrr_at_20": 0.081923,
        "mrr_at_100": 0.084861,
        "mrr_at_1000": 0.086031,
        "nauc_ndcg_at_1_max": 0.393579,
        "nauc_ndcg_at_1_std": -0.00335,
        "nauc_ndcg_at_1_diff1": 0.446875,
        "nauc_ndcg_at_3_max": 0.364816,
        "nauc_ndcg_at_3_std": -0.002712,
        "nauc_ndcg_at_3_diff1": 0.341815,
        "nauc_ndcg_at_5_max": 0.359943,
        "nauc_ndcg_at_5_std": 0.005027,
        "nauc_ndcg_at_5_diff1": 0.314879,
        "nauc_ndcg_at_10_max": 0.345589,
        "nauc_ndcg_at_10_std": 0.004668,
        "nauc_ndcg_at_10_diff1": 0.287821,
        "nauc_ndcg_at_20_max": 0.335612,
        "nauc_ndcg_at_20_std": 0.008085,
        "nauc_ndcg_at_20_diff1": 0.267059,
        "nauc_ndcg_at_100_max": 0.315505,
        "nauc_ndcg_at_100_std": 0.023487,
        "nauc_ndcg_at_100_diff1": 0.227245,
        "nauc_ndcg_at_1000_max": 0.32827,
        "nauc_ndcg_at_1000_std": 0.033641,
        "nauc_ndcg_at_1000_diff1": 0.221775,
        "nauc_map_at_1_max": 0.393579,
        "nauc_map_at_1_std": -0.00335,
        "nauc_map_at_1_diff1": 0.446875,
        "nauc_map_at_3_max": 0.370773,
        "nauc_map_at_3_std": -0.003148,
        "nauc_map_at_3_diff1": 0.36192,
        "nauc_map_at_5_max": 0.367244,
        "nauc_map_at_5_std": 0.001658,
        "nauc_map_at_5_diff1": 0.344173,
        "nauc_map_at_10_max": 0.359942,
        "nauc_map_at_10_std": 0.000838,
        "nauc_map_at_10_diff1": 0.33039,
        "nauc_map_at_20_max": 0.356499,
        "nauc_map_at_20_std": 0.001991,
        "nauc_map_at_20_diff1": 0.322716,
        "nauc_map_at_100_max": 0.352875,
        "nauc_map_at_100_std": 0.004563,
        "nauc_map_at_100_diff1": 0.314531,
        "nauc_map_at_1000_max": 0.35349,
        "nauc_map_at_1000_std": 0.005244,
        "nauc_map_at_1000_diff1": 0.314139,
        "nauc_recall_at_1_max": 0.393579,
        "nauc_recall_at_1_std": -0.00335,
        "nauc_recall_at_1_diff1": 0.446875,
        "nauc_recall_at_3_max": 0.351181,
        "nauc_recall_at_3_std": -0.001622,
        "nauc_recall_at_3_diff1": 0.296283,
        "nauc_recall_at_5_max": 0.344608,
        "nauc_recall_at_5_std": 0.012767,
        "nauc_recall_at_5_diff1": 0.252408,
        "nauc_recall_at_10_max": 0.31583,
        "nauc_recall_at_10_std": 0.013416,
        "nauc_recall_at_10_diff1": 0.201275,
        "nauc_recall_at_20_max": 0.294512,
        "nauc_recall_at_20_std": 0.020974,
        "nauc_recall_at_20_diff1": 0.16181,
        "nauc_recall_at_100_max": 0.246456,
        "nauc_recall_at_100_std": 0.062804,
        "nauc_recall_at_100_diff1": 0.077567,
        "nauc_recall_at_1000_max": 0.294118,
        "nauc_recall_at_1000_std": 0.108533,
        "nauc_recall_at_1000_diff1": 0.033387,
        "nauc_precision_at_1_max": 0.393579,
        "nauc_precision_at_1_std": -0.00335,
        "nauc_precision_at_1_diff1": 0.446875,
        "nauc_precision_at_3_max": 0.351181,
        "nauc_precision_at_3_std": -0.001622,
        "nauc_precision_at_3_diff1": 0.296283,
        "nauc_precision_at_5_max": 0.344608,
        "nauc_precision_at_5_std": 0.012767,
        "nauc_precision_at_5_diff1": 0.252408,
        "nauc_precision_at_10_max": 0.31583,
        "nauc_precision_at_10_std": 0.013416,
        "nauc_precision_at_10_diff1": 0.201275,
        "nauc_precision_at_20_max": 0.294512,
        "nauc_precision_at_20_std": 0.020974,
        "nauc_precision_at_20_diff1": 0.16181,
        "nauc_precision_at_100_max": 0.246456,
        "nauc_precision_at_100_std": 0.062804,
        "nauc_precision_at_100_diff1": 0.077567,
        "nauc_precision_at_1000_max": 0.294118,
        "nauc_precision_at_1000_std": 0.108533,
        "nauc_precision_at_1000_diff1": 0.033387,
        "nauc_mrr_at_1_max": 0.393579,
        "nauc_mrr_at_1_std": -0.00335,
        "nauc_mrr_at_1_diff1": 0.446875,
        "nauc_mrr_at_3_max": 0.370773,
        "nauc_mrr_at_3_std": -0.003148,
        "nauc_mrr_at_3_diff1": 0.36192,
        "nauc_mrr_at_5_max": 0.367244,
        "nauc_mrr_at_5_std": 0.001658,
        "nauc_mrr_at_5_diff1": 0.344173,
        "nauc_mrr_at_10_max": 0.359942,
        "nauc_mrr_at_10_std": 0.000838,
        "nauc_mrr_at_10_diff1": 0.33039,
        "nauc_mrr_at_20_max": 0.356499,
        "nauc_mrr_at_20_std": 0.001991,
        "nauc_mrr_at_20_diff1": 0.322716,
        "nauc_mrr_at_100_max": 0.352875,
        "nauc_mrr_at_100_std": 0.004563,
        "nauc_mrr_at_100_diff1": 0.314531,
        "nauc_mrr_at_1000_max": 0.35349,
        "nauc_mrr_at_1000_std": 0.005244,
        "nauc_mrr_at_1000_diff1": 0.314139,
        "main_score": 0.09275,
        "hf_subset": "default",
        "languages": [
          "eng-Latn",
          "python-Code"
        ]
      }
    ]
  },
  "evaluation_time": 110.90281081199646,
  "kg_co2_emissions": null
}