{
  "dataset_revision": "5d958fb6b31055495347724d46431ba41309b03a",
  "task_name": "ChemNQRetrieval",
  "mteb_version": "1.34.8",
  "scores": {
    "test": [
      {
        "ndcg_at_1": 0.22222,
        "ndcg_at_3": 0.36474,
        "ndcg_at_5": 0.41913,
        "ndcg_at_10": 0.44552,
        "ndcg_at_20": 0.49483,
        "ndcg_at_100": 0.53,
        "ndcg_at_1000": 0.53234,
        "map_at_1": 0.18519,
        "map_at_3": 0.32716,
        "map_at_5": 0.35586,
        "map_at_10": 0.36821,
        "map_at_20": 0.38294,
        "map_at_100": 0.39052,
        "map_at_1000": 0.39074,
        "recall_at_1": 0.18519,
        "recall_at_3": 0.44444,
        "recall_at_5": 0.57407,
        "recall_at_10": 0.64815,
        "recall_at_20": 0.82716,
        "recall_at_100": 0.98765,
        "recall_at_1000": 1.0,
        "precision_at_1": 0.22222,
        "precision_at_3": 0.18519,
        "precision_at_5": 0.14074,
        "precision_at_10": 0.07778,
        "precision_at_20": 0.05185,
        "precision_at_100": 0.01259,
        "precision_at_1000": 0.0013,
        "mrr_at_1": 0.222222,
        "mrr_at_3": 0.351852,
        "mrr_at_5": 0.385185,
        "mrr_at_10": 0.397531,
        "mrr_at_20": 0.409744,
        "mrr_at_100": 0.413075,
        "mrr_at_1000": 0.413075,
        "nauc_ndcg_at_1_max": 0.364388,
        "nauc_ndcg_at_1_std": 0.083395,
        "nauc_ndcg_at_1_diff1": 0.192705,
        "nauc_ndcg_at_3_max": 0.112483,
        "nauc_ndcg_at_3_std": -0.131449,
        "nauc_ndcg_at_3_diff1": 0.142932,
        "nauc_ndcg_at_5_max": 0.319335,
        "nauc_ndcg_at_5_std": -0.227818,
        "nauc_ndcg_at_5_diff1": 0.141816,
        "nauc_ndcg_at_10_max": 0.367956,
        "nauc_ndcg_at_10_std": -0.315789,
        "nauc_ndcg_at_10_diff1": 0.158408,
        "nauc_ndcg_at_20_max": 0.354526,
        "nauc_ndcg_at_20_std": -0.323897,
        "nauc_ndcg_at_20_diff1": 0.128478,
        "nauc_ndcg_at_100_max": 0.312233,
        "nauc_ndcg_at_100_std": -0.197709,
        "nauc_ndcg_at_100_diff1": 0.152401,
        "nauc_ndcg_at_1000_max": 0.304742,
        "nauc_ndcg_at_1000_std": -0.181993,
        "nauc_ndcg_at_1000_diff1": 0.144973,
        "nauc_map_at_1_max": 0.377342,
        "nauc_map_at_1_std": 0.199984,
        "nauc_map_at_1_diff1": 0.253635,
        "nauc_map_at_3_max": 0.170613,
        "nauc_map_at_3_std": -0.072013,
        "nauc_map_at_3_diff1": 0.166965,
        "nauc_map_at_5_max": 0.277808,
        "nauc_map_at_5_std": -0.121364,
        "nauc_map_at_5_diff1": 0.168224,
        "nauc_map_at_10_max": 0.299008,
        "nauc_map_at_10_std": -0.159015,
        "nauc_map_at_10_diff1": 0.176372,
        "nauc_map_at_20_max": 0.302991,
        "nauc_map_at_20_std": -0.166391,
        "nauc_map_at_20_diff1": 0.1628,
        "nauc_map_at_100_max": 0.29529,
        "nauc_map_at_100_std": -0.138908,
        "nauc_map_at_100_diff1": 0.169276,
        "nauc_map_at_1000_max": 0.294734,
        "nauc_map_at_1000_std": -0.137699,
        "nauc_map_at_1000_diff1": 0.168737,
        "nauc_recall_at_1_max": 0.377342,
        "nauc_recall_at_1_std": 0.199984,
        "nauc_recall_at_1_diff1": 0.253635,
        "nauc_recall_at_3_max": -0.005411,
        "nauc_recall_at_3_std": -0.240398,
        "nauc_recall_at_3_diff1": 0.108646,
        "nauc_recall_at_5_max": 0.454958,
        "nauc_recall_at_5_std": -0.469498,
        "nauc_recall_at_5_diff1": 0.115328,
        "nauc_recall_at_10_max": 0.603938,
        "nauc_recall_at_10_std": -0.74759,
        "nauc_recall_at_10_diff1": 0.156733,
        "nauc_recall_at_20_max": 0.677011,
        "nauc_recall_at_20_std": -1.196985,
        "nauc_recall_at_20_diff1": -0.006825,
        "nauc_recall_at_100_max": 1.0,
        "nauc_recall_at_100_std": -1.737329,
        "nauc_recall_at_100_diff1": 0.867647,
        "nauc_recall_at_1000_max": NaN,
        "nauc_recall_at_1000_std": NaN,
        "nauc_recall_at_1000_diff1": NaN,
        "nauc_precision_at_1_max": 0.364388,
        "nauc_precision_at_1_std": 0.083395,
        "nauc_precision_at_1_diff1": 0.192705,
        "nauc_precision_at_3_max": -0.006388,
        "nauc_precision_at_3_std": -0.294991,
        "nauc_precision_at_3_diff1": 0.030938,
        "nauc_precision_at_5_max": 0.415451,
        "nauc_precision_at_5_std": -0.510351,
        "nauc_precision_at_5_diff1": -0.007855,
        "nauc_precision_at_10_max": 0.531001,
        "nauc_precision_at_10_std": -0.731056,
        "nauc_precision_at_10_diff1": 0.012024,
        "nauc_precision_at_20_max": 0.42803,
        "nauc_precision_at_20_std": -0.614555,
        "nauc_precision_at_20_diff1": -0.172323,
        "nauc_precision_at_100_max": 0.04462,
        "nauc_precision_at_100_std": 0.111932,
        "nauc_precision_at_100_diff1": -0.105571,
        "nauc_precision_at_1000_max": -0.057899,
        "nauc_precision_at_1000_std": 0.258726,
        "nauc_precision_at_1000_diff1": -0.170672,
        "nauc_mrr_at_1_max": 0.364388,
        "nauc_mrr_at_1_std": 0.083395,
        "nauc_mrr_at_1_diff1": 0.192705,
        "nauc_mrr_at_3_max": 0.136997,
        "nauc_mrr_at_3_std": -0.116238,
        "nauc_mrr_at_3_diff1": 0.132615,
        "nauc_mrr_at_5_max": 0.267438,
        "nauc_mrr_at_5_std": -0.175207,
        "nauc_mrr_at_5_diff1": 0.120896,
        "nauc_mrr_at_10_max": 0.288027,
        "nauc_mrr_at_10_std": -0.213372,
        "nauc_mrr_at_10_diff1": 0.12785,
        "nauc_mrr_at_20_max": 0.272019,
        "nauc_mrr_at_20_std": -0.193459,
        "nauc_mrr_at_20_diff1": 0.131002,
        "nauc_mrr_at_100_max": 0.268595,
        "nauc_mrr_at_100_std": -0.18182,
        "nauc_mrr_at_100_diff1": 0.127678,
        "nauc_mrr_at_1000_max": 0.268595,
        "nauc_mrr_at_1000_std": -0.18182,
        "nauc_mrr_at_1000_diff1": 0.127678,
        "main_score": 0.44552,
        "hf_subset": "default",
        "languages": [
          "eng-Latn"
        ]
      }
    ]
  },
  "evaluation_time": 101.68370747566223,
  "kg_co2_emissions": null
}