{
  "dataset_revision": "4adc7bc41202b5c13543c9c886a25f340634dab3",
  "task_name": "COIRCodeSearchNetRetrieval",
  "mteb_version": "1.34.8",
  "scores": {
    "test": [
      {
        "ndcg_at_1": 0.74615,
        "ndcg_at_3": 0.79706,
        "ndcg_at_5": 0.80841,
        "ndcg_at_10": 0.81884,
        "ndcg_at_20": 0.82507,
        "ndcg_at_100": 0.83316,
        "ndcg_at_1000": 0.83688,
        "map_at_1": 0.74615,
        "map_at_3": 0.78478,
        "map_at_5": 0.79111,
        "map_at_10": 0.79547,
        "map_at_20": 0.79718,
        "map_at_100": 0.79831,
        "map_at_1000": 0.79845,
        "recall_at_1": 0.74615,
        "recall_at_3": 0.83248,
        "recall_at_5": 0.8599,
        "recall_at_10": 0.89188,
        "recall_at_20": 0.91654,
        "recall_at_100": 0.95991,
        "recall_at_1000": 0.98927,
        "precision_at_1": 0.74615,
        "precision_at_3": 0.27749,
        "precision_at_5": 0.17198,
        "precision_at_10": 0.08919,
        "precision_at_20": 0.04583,
        "precision_at_100": 0.0096,
        "precision_at_1000": 0.00099,
        "mrr_at_1": 0.746012,
        "mrr_at_3": 0.78469,
        "mrr_at_5": 0.791044,
        "mrr_at_10": 0.7954,
        "mrr_at_20": 0.797109,
        "mrr_at_100": 0.798242,
        "mrr_at_1000": 0.798381,
        "nauc_ndcg_at_1_max": 0.781287,
        "nauc_ndcg_at_1_std": 0.027963,
        "nauc_ndcg_at_1_diff1": 0.870079,
        "nauc_ndcg_at_3_max": 0.782684,
        "nauc_ndcg_at_3_std": 0.013351,
        "nauc_ndcg_at_3_diff1": 0.846821,
        "nauc_ndcg_at_5_max": 0.780471,
        "nauc_ndcg_at_5_std": 0.010315,
        "nauc_ndcg_at_5_diff1": 0.84511,
        "nauc_ndcg_at_10_max": 0.779107,
        "nauc_ndcg_at_10_std": 0.017199,
        "nauc_ndcg_at_10_diff1": 0.84359,
        "nauc_ndcg_at_20_max": 0.78006,
        "nauc_ndcg_at_20_std": 0.023566,
        "nauc_ndcg_at_20_diff1": 0.844099,
        "nauc_ndcg_at_100_max": 0.781446,
        "nauc_ndcg_at_100_std": 0.028052,
        "nauc_ndcg_at_100_diff1": 0.847124,
        "nauc_ndcg_at_1000_max": 0.781528,
        "nauc_ndcg_at_1000_std": 0.026209,
        "nauc_ndcg_at_1000_diff1": 0.848323,
        "nauc_map_at_1_max": 0.781287,
        "nauc_map_at_1_std": 0.027963,
        "nauc_map_at_1_diff1": 0.870079,
        "nauc_map_at_3_max": 0.782387,
        "nauc_map_at_3_std": 0.01753,
        "nauc_map_at_3_diff1": 0.852633,
        "nauc_map_at_5_max": 0.781239,
        "nauc_map_at_5_std": 0.016044,
        "nauc_map_at_5_diff1": 0.851912,
        "nauc_map_at_10_max": 0.780727,
        "nauc_map_at_10_std": 0.018621,
        "nauc_map_at_10_diff1": 0.851535,
        "nauc_map_at_20_max": 0.780912,
        "nauc_map_at_20_std": 0.020157,
        "nauc_map_at_20_diff1": 0.851671,
        "nauc_map_at_100_max": 0.781109,
        "nauc_map_at_100_std": 0.02067,
        "nauc_map_at_100_diff1": 0.852097,
        "nauc_map_at_1000_max": 0.781114,
        "nauc_map_at_1000_std": 0.020648,
        "nauc_map_at_1000_diff1": 0.852133,
        "nauc_recall_at_1_max": 0.781287,
        "nauc_recall_at_1_std": 0.027963,
        "nauc_recall_at_1_diff1": 0.870079,
        "nauc_recall_at_3_max": 0.783697,
        "nauc_recall_at_3_std": -0.001623,
        "nauc_recall_at_3_diff1": 0.826415,
        "nauc_recall_at_5_max": 0.776844,
        "nauc_recall_at_5_std": -0.013656,
        "nauc_recall_at_5_diff1": 0.817415,
        "nauc_recall_at_10_max": 0.769507,
        "nauc_recall_at_10_std": 0.014265,
        "nauc_recall_at_10_diff1": 0.802425,
        "nauc_recall_at_20_max": 0.77506,
        "nauc_recall_at_20_std": 0.062247,
        "nauc_recall_at_20_diff1": 0.795595,
        "nauc_recall_at_100_max": 0.796096,
        "nauc_recall_at_100_std": 0.195994,
        "nauc_recall_at_100_diff1": 0.803824,
        "nauc_recall_at_1000_max": 0.84159,
        "nauc_recall_at_1000_std": 0.412223,
        "nauc_recall_at_1000_diff1": 0.821844,
        "nauc_precision_at_1_max": 0.781287,
        "nauc_precision_at_1_std": 0.027963,
        "nauc_precision_at_1_diff1": 0.870079,
        "nauc_precision_at_3_max": 0.783697,
        "nauc_precision_at_3_std": -0.001623,
        "nauc_precision_at_3_diff1": 0.826415,
        "nauc_precision_at_5_max": 0.776844,
        "nauc_precision_at_5_std": -0.013656,
        "nauc_precision_at_5_diff1": 0.817415,
        "nauc_precision_at_10_max": 0.769507,
        "nauc_precision_at_10_std": 0.014265,
        "nauc_precision_at_10_diff1": 0.802425,
        "nauc_precision_at_20_max": 0.77506,
        "nauc_precision_at_20_std": 0.062247,
        "nauc_precision_at_20_diff1": 0.795595,
        "nauc_precision_at_100_max": 0.796096,
        "nauc_precision_at_100_std": 0.195994,
        "nauc_precision_at_100_diff1": 0.803824,
        "nauc_precision_at_1000_max": 0.84159,
        "nauc_precision_at_1000_std": 0.412223,
        "nauc_precision_at_1000_diff1": 0.821844,
        "nauc_mrr_at_1_max": 0.781316,
        "nauc_mrr_at_1_std": 0.028197,
        "nauc_mrr_at_1_diff1": 0.8703,
        "nauc_mrr_at_3_max": 0.782389,
        "nauc_mrr_at_3_std": 0.017706,
        "nauc_mrr_at_3_diff1": 0.852779,
        "nauc_mrr_at_5_max": 0.781252,
        "nauc_mrr_at_5_std": 0.016205,
        "nauc_mrr_at_5_diff1": 0.852051,
        "nauc_mrr_at_10_max": 0.780741,
        "nauc_mrr_at_10_std": 0.01877,
        "nauc_mrr_at_10_diff1": 0.851679,
        "nauc_mrr_at_20_max": 0.780926,
        "nauc_mrr_at_20_std": 0.020305,
        "nauc_mrr_at_20_diff1": 0.851817,
        "nauc_mrr_at_100_max": 0.781123,
        "nauc_mrr_at_100_std": 0.020818,
        "nauc_mrr_at_100_diff1": 0.852243,
        "nauc_mrr_at_1000_max": 0.781128,
        "nauc_mrr_at_1000_std": 0.020796,
        "nauc_mrr_at_1000_diff1": 0.852279,
        "main_score": 0.81884,
        "hf_subset": "python",
        "languages": [
          "python-Code"
        ]
      }
    ]
  },
  "evaluation_time": 643.7820880413055,
  "kg_co2_emissions": null
}