{
  "dataset_revision": "ec0fa4fe99da2ff19ca1214b7966684033a58814",
  "task_name": "NFCorpus",
  "mteb_version": "1.34.8",
  "scores": {
    "test": [
      {
        "ndcg_at_1": 0.47678,
        "ndcg_at_3": 0.45056,
        "ndcg_at_5": 0.43105,
        "ndcg_at_10": 0.40097,
        "ndcg_at_20": 0.38264,
        "ndcg_at_100": 0.37733,
        "ndcg_at_1000": 0.46627,
        "map_at_1": 0.06555,
        "map_at_3": 0.10668,
        "map_at_5": 0.12717,
        "map_at_10": 0.15189,
        "map_at_20": 0.17338,
        "map_at_100": 0.2017,
        "map_at_1000": 0.22137,
        "recall_at_1": 0.06555,
        "recall_at_3": 0.12149,
        "recall_at_5": 0.15514,
        "recall_at_10": 0.205,
        "recall_at_20": 0.25749,
        "recall_at_100": 0.39269,
        "recall_at_1000": 0.70953,
        "precision_at_1": 0.49226,
        "precision_at_3": 0.42931,
        "precision_at_5": 0.38266,
        "precision_at_10": 0.30402,
        "precision_at_20": 0.23282,
        "precision_at_100": 0.10056,
        "precision_at_1000": 0.02391,
        "mrr_at_1": 0.495356,
        "mrr_at_3": 0.574819,
        "mrr_at_5": 0.585965,
        "mrr_at_10": 0.595001,
        "mrr_at_20": 0.597065,
        "mrr_at_100": 0.598581,
        "mrr_at_1000": 0.598961,
        "nauc_ndcg_at_1_max": 0.319292,
        "nauc_ndcg_at_1_std": 0.280747,
        "nauc_ndcg_at_1_diff1": 0.192217,
        "nauc_ndcg_at_3_max": 0.3021,
        "nauc_ndcg_at_3_std": 0.271925,
        "nauc_ndcg_at_3_diff1": 0.115286,
        "nauc_ndcg_at_5_max": 0.318079,
        "nauc_ndcg_at_5_std": 0.285206,
        "nauc_ndcg_at_5_diff1": 0.129869,
        "nauc_ndcg_at_10_max": 0.296859,
        "nauc_ndcg_at_10_std": 0.282563,
        "nauc_ndcg_at_10_diff1": 0.113119,
        "nauc_ndcg_at_20_max": 0.295972,
        "nauc_ndcg_at_20_std": 0.286983,
        "nauc_ndcg_at_20_diff1": 0.1291,
        "nauc_ndcg_at_100_max": 0.3399,
        "nauc_ndcg_at_100_std": 0.285922,
        "nauc_ndcg_at_100_diff1": 0.14676,
        "nauc_ndcg_at_1000_max": 0.408975,
        "nauc_ndcg_at_1000_std": 0.33317,
        "nauc_ndcg_at_1000_diff1": 0.148125,
        "nauc_map_at_1_max": 0.047445,
        "nauc_map_at_1_std": -0.08586,
        "nauc_map_at_1_diff1": 0.377246,
        "nauc_map_at_3_max": 0.091043,
        "nauc_map_at_3_std": -0.052977,
        "nauc_map_at_3_diff1": 0.316262,
        "nauc_map_at_5_max": 0.145773,
        "nauc_map_at_5_std": -0.030457,
        "nauc_map_at_5_diff1": 0.300504,
        "nauc_map_at_10_max": 0.186621,
        "nauc_map_at_10_std": 0.004735,
        "nauc_map_at_10_diff1": 0.260786,
        "nauc_map_at_20_max": 0.219321,
        "nauc_map_at_20_std": 0.047744,
        "nauc_map_at_20_diff1": 0.243425,
        "nauc_map_at_100_max": 0.251301,
        "nauc_map_at_100_std": 0.123749,
        "nauc_map_at_100_diff1": 0.218312,
        "nauc_map_at_1000_max": 0.250686,
        "nauc_map_at_1000_std": 0.171753,
        "nauc_map_at_1000_diff1": 0.201531,
        "nauc_recall_at_1_max": 0.047445,
        "nauc_recall_at_1_std": -0.08586,
        "nauc_recall_at_1_diff1": 0.377246,
        "nauc_recall_at_3_max": 0.063473,
        "nauc_recall_at_3_std": -0.065895,
        "nauc_recall_at_3_diff1": 0.287707,
        "nauc_recall_at_5_max": 0.117677,
        "nauc_recall_at_5_std": -0.046121,
        "nauc_recall_at_5_diff1": 0.263138,
        "nauc_recall_at_10_max": 0.14605,
        "nauc_recall_at_10_std": -0.028881,
        "nauc_recall_at_10_diff1": 0.20771,
        "nauc_recall_at_20_max": 0.176036,
        "nauc_recall_at_20_std": 0.017219,
        "nauc_recall_at_20_diff1": 0.1895,
        "nauc_recall_at_100_max": 0.223937,
        "nauc_recall_at_100_std": 0.130056,
        "nauc_recall_at_100_diff1": 0.1119,
        "nauc_recall_at_1000_max": 0.284986,
        "nauc_recall_at_1000_std": 0.209239,
        "nauc_recall_at_1000_diff1": 0.046559,
        "nauc_precision_at_1_max": 0.33904,
        "nauc_precision_at_1_std": 0.274268,
        "nauc_precision_at_1_diff1": 0.192746,
        "nauc_precision_at_3_max": 0.310828,
        "nauc_precision_at_3_std": 0.289736,
        "nauc_precision_at_3_diff1": 0.030393,
        "nauc_precision_at_5_max": 0.336517,
        "nauc_precision_at_5_std": 0.3256,
        "nauc_precision_at_5_diff1": 0.010059,
        "nauc_precision_at_10_max": 0.287343,
        "nauc_precision_at_10_std": 0.361268,
        "nauc_precision_at_10_diff1": -0.053021,
        "nauc_precision_at_20_max": 0.238451,
        "nauc_precision_at_20_std": 0.398132,
        "nauc_precision_at_20_diff1": -0.071718,
        "nauc_precision_at_100_max": 0.092334,
        "nauc_precision_at_100_std": 0.454423,
        "nauc_precision_at_100_diff1": -0.112043,
        "nauc_precision_at_1000_max": -0.043254,
        "nauc_precision_at_1000_std": 0.419869,
        "nauc_precision_at_1000_diff1": -0.128816,
        "nauc_mrr_at_1_max": 0.334522,
        "nauc_mrr_at_1_std": 0.266901,
        "nauc_mrr_at_1_diff1": 0.184141,
        "nauc_mrr_at_3_max": 0.371492,
        "nauc_mrr_at_3_std": 0.286123,
        "nauc_mrr_at_3_diff1": 0.189998,
        "nauc_mrr_at_5_max": 0.378066,
        "nauc_mrr_at_5_std": 0.290902,
        "nauc_mrr_at_5_diff1": 0.187751,
        "nauc_mrr_at_10_max": 0.379512,
        "nauc_mrr_at_10_std": 0.291446,
        "nauc_mrr_at_10_diff1": 0.188227,
        "nauc_mrr_at_20_max": 0.383636,
        "nauc_mrr_at_20_std": 0.296711,
        "nauc_mrr_at_20_diff1": 0.189976,
        "nauc_mrr_at_100_max": 0.382997,
        "nauc_mrr_at_100_std": 0.29605,
        "nauc_mrr_at_100_diff1": 0.187999,
        "nauc_mrr_at_1000_max": 0.382773,
        "nauc_mrr_at_1000_std": 0.295635,
        "nauc_mrr_at_1000_diff1": 0.187919,
        "main_score": 0.40097,
        "hf_subset": "default",
        "languages": [
          "eng-Latn"
        ]
      }
    ]
  },
  "evaluation_time": 35.20319962501526,
  "kg_co2_emissions": null
}