{
  "dataset_revision": "f8c2fcf00f625baaa80f62ec5bd9e1fff3b8ae88",
  "task_name": "SCIDOCS",
  "mteb_version": "1.34.8",
  "scores": {
    "test": [
      {
        "ndcg_at_1": 0.267,
        "ndcg_at_3": 0.21506,
        "ndcg_at_5": 0.19248,
        "ndcg_at_10": 0.2361,
        "ndcg_at_20": 0.27251,
        "ndcg_at_100": 0.33404,
        "ndcg_at_1000": 0.39034,
        "map_at_1": 0.05418,
        "map_at_3": 0.09649,
        "map_at_5": 0.11857,
        "map_at_10": 0.14253,
        "map_at_20": 0.1566,
        "map_at_100": 0.17004,
        "map_at_1000": 0.17361,
        "recall_at_1": 0.05418,
        "recall_at_3": 0.12132,
        "recall_at_5": 0.17322,
        "recall_at_10": 0.25347,
        "recall_at_20": 0.339,
        "recall_at_100": 0.5391,
        "recall_at_1000": 0.81287,
        "precision_at_1": 0.267,
        "precision_at_3": 0.19967,
        "precision_at_5": 0.171,
        "precision_at_10": 0.1251,
        "precision_at_20": 0.08345,
        "precision_at_100": 0.02655,
        "precision_at_1000": 0.004,
        "mrr_at_1": 0.267,
        "mrr_at_3": 0.349333,
        "mrr_at_5": 0.370583,
        "mrr_at_10": 0.385785,
        "mrr_at_20": 0.39301,
        "mrr_at_100": 0.39667,
        "mrr_at_1000": 0.397073,
        "nauc_ndcg_at_1_max": 0.299479,
        "nauc_ndcg_at_1_std": 0.012011,
        "nauc_ndcg_at_1_diff1": 0.163093,
        "nauc_ndcg_at_3_max": 0.346362,
        "nauc_ndcg_at_3_std": 0.044139,
        "nauc_ndcg_at_3_diff1": 0.130481,
        "nauc_ndcg_at_5_max": 0.357843,
        "nauc_ndcg_at_5_std": 0.071461,
        "nauc_ndcg_at_5_diff1": 0.11958,
        "nauc_ndcg_at_10_max": 0.370773,
        "nauc_ndcg_at_10_std": 0.084806,
        "nauc_ndcg_at_10_diff1": 0.106377,
        "nauc_ndcg_at_20_max": 0.393371,
        "nauc_ndcg_at_20_std": 0.111541,
        "nauc_ndcg_at_20_diff1": 0.097569,
        "nauc_ndcg_at_100_max": 0.418702,
        "nauc_ndcg_at_100_std": 0.153938,
        "nauc_ndcg_at_100_diff1": 0.090931,
        "nauc_ndcg_at_1000_max": 0.41393,
        "nauc_ndcg_at_1000_std": 0.15682,
        "nauc_ndcg_at_1000_diff1": 0.080018,
        "nauc_map_at_1_max": 0.294867,
        "nauc_map_at_1_std": 0.011234,
        "nauc_map_at_1_diff1": 0.163122,
        "nauc_map_at_3_max": 0.34369,
        "nauc_map_at_3_std": 0.029523,
        "nauc_map_at_3_diff1": 0.139607,
        "nauc_map_at_5_max": 0.35605,
        "nauc_map_at_5_std": 0.052356,
        "nauc_map_at_5_diff1": 0.125141,
        "nauc_map_at_10_max": 0.365804,
        "nauc_map_at_10_std": 0.058398,
        "nauc_map_at_10_diff1": 0.115824,
        "nauc_map_at_20_max": 0.383756,
        "nauc_map_at_20_std": 0.078244,
        "nauc_map_at_20_diff1": 0.108398,
        "nauc_map_at_100_max": 0.394084,
        "nauc_map_at_100_std": 0.094507,
        "nauc_map_at_100_diff1": 0.105213,
        "nauc_map_at_1000_max": 0.393958,
        "nauc_map_at_1000_std": 0.095521,
        "nauc_map_at_1000_diff1": 0.104017,
        "nauc_recall_at_1_max": 0.294867,
        "nauc_recall_at_1_std": 0.011234,
        "nauc_recall_at_1_diff1": 0.163122,
        "nauc_recall_at_3_max": 0.35223,
        "nauc_recall_at_3_std": 0.053933,
        "nauc_recall_at_3_diff1": 0.113541,
        "nauc_recall_at_5_max": 0.355951,
        "nauc_recall_at_5_std": 0.096029,
        "nauc_recall_at_5_diff1": 0.093579,
        "nauc_recall_at_10_max": 0.356015,
        "nauc_recall_at_10_std": 0.108651,
        "nauc_recall_at_10_diff1": 0.067192,
        "nauc_recall_at_20_max": 0.379262,
        "nauc_recall_at_20_std": 0.154934,
        "nauc_recall_at_20_diff1": 0.044794,
        "nauc_recall_at_100_max": 0.401981,
        "nauc_recall_at_100_std": 0.252439,
        "nauc_recall_at_100_diff1": 0.020397,
        "nauc_recall_at_1000_max": 0.356133,
        "nauc_recall_at_1000_std": 0.31693,
        "nauc_recall_at_1000_diff1": -0.085691,
        "nauc_precision_at_1_max": 0.299479,
        "nauc_precision_at_1_std": 0.012011,
        "nauc_precision_at_1_diff1": 0.163093,
        "nauc_precision_at_3_max": 0.356792,
        "nauc_precision_at_3_std": 0.053978,
        "nauc_precision_at_3_diff1": 0.115767,
        "nauc_precision_at_5_max": 0.36008,
        "nauc_precision_at_5_std": 0.096899,
        "nauc_precision_at_5_diff1": 0.095455,
        "nauc_precision_at_10_max": 0.36074,
        "nauc_precision_at_10_std": 0.109859,
        "nauc_precision_at_10_diff1": 0.068545,
        "nauc_precision_at_20_max": 0.380905,
        "nauc_precision_at_20_std": 0.156256,
        "nauc_precision_at_20_diff1": 0.046785,
        "nauc_precision_at_100_max": 0.39897,
        "nauc_precision_at_100_std": 0.253304,
        "nauc_precision_at_100_diff1": 0.022642,
        "nauc_precision_at_1000_max": 0.341306,
        "nauc_precision_at_1000_std": 0.31116,
        "nauc_precision_at_1000_diff1": -0.083707,
        "nauc_mrr_at_1_max": 0.299479,
        "nauc_mrr_at_1_std": 0.012011,
        "nauc_mrr_at_1_diff1": 0.163093,
        "nauc_mrr_at_3_max": 0.332705,
        "nauc_mrr_at_3_std": 0.051637,
        "nauc_mrr_at_3_diff1": 0.131108,
        "nauc_mrr_at_5_max": 0.336535,
        "nauc_mrr_at_5_std": 0.064569,
        "nauc_mrr_at_5_diff1": 0.133698,
        "nauc_mrr_at_10_max": 0.339816,
        "nauc_mrr_at_10_std": 0.068923,
        "nauc_mrr_at_10_diff1": 0.134611,
        "nauc_mrr_at_20_max": 0.339339,
        "nauc_mrr_at_20_std": 0.069158,
        "nauc_mrr_at_20_diff1": 0.134761,
        "nauc_mrr_at_100_max": 0.338738,
        "nauc_mrr_at_100_std": 0.068178,
        "nauc_mrr_at_100_diff1": 0.134968,
        "nauc_mrr_at_1000_max": 0.338661,
        "nauc_mrr_at_1000_std": 0.068038,
        "nauc_mrr_at_1000_diff1": 0.134958,
        "main_score": 0.2361,
        "hf_subset": "default",
        "languages": [
          "eng-Latn"
        ]
      }
    ]
  },
  "evaluation_time": 197.92600321769714,
  "kg_co2_emissions": null
}