{
  "dataset_revision": "0228b52cf27578f30900b9e5271d331663a030d7",
  "task_name": "SciFact",
  "mteb_version": "1.34.8",
  "scores": {
    "test": [
      {
        "ndcg_at_1": 0.63667,
        "ndcg_at_3": 0.71365,
        "ndcg_at_5": 0.7427,
        "ndcg_at_10": 0.76749,
        "ndcg_at_20": 0.77617,
        "ndcg_at_100": 0.7822,
        "ndcg_at_1000": 0.78541,
        "map_at_1": 0.60494,
        "map_at_3": 0.68441,
        "map_at_5": 0.70482,
        "map_at_10": 0.71765,
        "map_at_20": 0.72024,
        "map_at_100": 0.7209,
        "map_at_1000": 0.72106,
        "recall_at_1": 0.60494,
        "recall_at_3": 0.76556,
        "recall_at_5": 0.837,
        "recall_at_10": 0.90833,
        "recall_at_20": 0.94167,
        "recall_at_100": 0.97667,
        "recall_at_1000": 1.0,
        "precision_at_1": 0.63667,
        "precision_at_3": 0.27889,
        "precision_at_5": 0.18733,
        "precision_at_10": 0.10333,
        "precision_at_20": 0.0535,
        "precision_at_100": 0.01107,
        "precision_at_1000": 0.00113,
        "mrr_at_1": 0.636667,
        "mrr_at_3": 0.705556,
        "mrr_at_5": 0.720889,
        "mrr_at_10": 0.728784,
        "mrr_at_20": 0.7309,
        "mrr_at_100": 0.731492,
        "mrr_at_1000": 0.731655,
        "nauc_ndcg_at_1_max": 0.580063,
        "nauc_ndcg_at_1_std": 0.034091,
        "nauc_ndcg_at_1_diff1": 0.732551,
        "nauc_ndcg_at_3_max": 0.549482,
        "nauc_ndcg_at_3_std": -0.028722,
        "nauc_ndcg_at_3_diff1": 0.698818,
        "nauc_ndcg_at_5_max": 0.549697,
        "nauc_ndcg_at_5_std": -0.029471,
        "nauc_ndcg_at_5_diff1": 0.695525,
        "nauc_ndcg_at_10_max": 0.595021,
        "nauc_ndcg_at_10_std": 0.002039,
        "nauc_ndcg_at_10_diff1": 0.695432,
        "nauc_ndcg_at_20_max": 0.58509,
        "nauc_ndcg_at_20_std": -0.00686,
        "nauc_ndcg_at_20_diff1": 0.701677,
        "nauc_ndcg_at_100_max": 0.579206,
        "nauc_ndcg_at_100_std": -0.005356,
        "nauc_ndcg_at_100_diff1": 0.70422,
        "nauc_ndcg_at_1000_max": 0.576601,
        "nauc_ndcg_at_1000_std": -0.000753,
        "nauc_ndcg_at_1000_diff1": 0.70448,
        "nauc_map_at_1_max": 0.478906,
        "nauc_map_at_1_std": -0.073918,
        "nauc_map_at_1_diff1": 0.738044,
        "nauc_map_at_3_max": 0.514344,
        "nauc_map_at_3_std": -0.055714,
        "nauc_map_at_3_diff1": 0.711274,
        "nauc_map_at_5_max": 0.531742,
        "nauc_map_at_5_std": -0.037907,
        "nauc_map_at_5_diff1": 0.708346,
        "nauc_map_at_10_max": 0.556785,
        "nauc_map_at_10_std": -0.015612,
        "nauc_map_at_10_diff1": 0.708481,
        "nauc_map_at_20_max": 0.553838,
        "nauc_map_at_20_std": -0.017972,
        "nauc_map_at_20_diff1": 0.709895,
        "nauc_map_at_100_max": 0.553272,
        "nauc_map_at_100_std": -0.017702,
        "nauc_map_at_100_diff1": 0.710124,
        "nauc_map_at_1000_max": 0.553135,
        "nauc_map_at_1000_std": -0.017421,
        "nauc_map_at_1000_diff1": 0.710152,
        "nauc_recall_at_1_max": 0.478906,
        "nauc_recall_at_1_std": -0.073918,
        "nauc_recall_at_1_diff1": 0.738044,
        "nauc_recall_at_3_max": 0.515372,
        "nauc_recall_at_3_std": -0.098613,
        "nauc_recall_at_3_diff1": 0.662681,
        "nauc_recall_at_5_max": 0.519257,
        "nauc_recall_at_5_std": -0.103385,
        "nauc_recall_at_5_diff1": 0.635333,
        "nauc_recall_at_10_max": 0.765724,
        "nauc_recall_at_10_std": 0.007317,
        "nauc_recall_at_10_diff1": 0.610432,
        "nauc_recall_at_20_max": 0.744431,
        "nauc_recall_at_20_std": -0.103108,
        "nauc_recall_at_20_diff1": 0.648273,
        "nauc_recall_at_100_max": 0.715553,
        "nauc_recall_at_100_std": -0.210884,
        "nauc_recall_at_100_diff1": 0.694544,
        "nauc_recall_at_1000_max": NaN,
        "nauc_recall_at_1000_std": NaN,
        "nauc_recall_at_1000_diff1": NaN,
        "nauc_precision_at_1_max": 0.580063,
        "nauc_precision_at_1_std": 0.034091,
        "nauc_precision_at_1_diff1": 0.732551,
        "nauc_precision_at_3_max": 0.539977,
        "nauc_precision_at_3_std": 0.154833,
        "nauc_precision_at_3_diff1": 0.393508,
        "nauc_precision_at_5_max": 0.499691,
        "nauc_precision_at_5_std": 0.284913,
        "nauc_precision_at_5_diff1": 0.176057,
        "nauc_precision_at_10_max": 0.488128,
        "nauc_precision_at_10_std": 0.428386,
        "nauc_precision_at_10_diff1": -0.021931,
        "nauc_precision_at_20_max": 0.412694,
        "nauc_precision_at_20_std": 0.427623,
        "nauc_precision_at_20_diff1": -0.100107,
        "nauc_precision_at_100_max": 0.344434,
        "nauc_precision_at_100_std": 0.473386,
        "nauc_precision_at_100_diff1": -0.202579,
        "nauc_precision_at_1000_max": 0.306151,
        "nauc_precision_at_1000_std": 0.543972,
        "nauc_precision_at_1000_diff1": -0.295123,
        "nauc_mrr_at_1_max": 0.580063,
        "nauc_mrr_at_1_std": 0.034091,
        "nauc_mrr_at_1_diff1": 0.732551,
        "nauc_mrr_at_3_max": 0.59233,
        "nauc_mrr_at_3_std": 0.026179,
        "nauc_mrr_at_3_diff1": 0.70303,
        "nauc_mrr_at_5_max": 0.588091,
        "nauc_mrr_at_5_std": 0.025726,
        "nauc_mrr_at_5_diff1": 0.702179,
        "nauc_mrr_at_10_max": 0.595937,
        "nauc_mrr_at_10_std": 0.025873,
        "nauc_mrr_at_10_diff1": 0.703469,
        "nauc_mrr_at_20_max": 0.594209,
        "nauc_mrr_at_20_std": 0.024705,
        "nauc_mrr_at_20_diff1": 0.705536,
        "nauc_mrr_at_100_max": 0.593894,
        "nauc_mrr_at_100_std": 0.025329,
        "nauc_mrr_at_100_diff1": 0.705816,
        "nauc_mrr_at_1000_max": 0.593782,
        "nauc_mrr_at_1000_std": 0.025649,
        "nauc_mrr_at_1000_diff1": 0.705841,
        "main_score": 0.76749,
        "hf_subset": "default",
        "languages": [
          "eng-Latn"
        ]
      }
    ]
  },
  "evaluation_time": 55.06889319419861,
  "kg_co2_emissions": null
}