{
  "dataset_revision": "c22ab2a51041ffd869aaddef7af8d8215647e41a",
  "task_name": "ArguAna",
  "mteb_version": "1.34.8",
  "scores": {
    "test": [
      {
        "ndcg_at_1": 0.28734,
        "ndcg_at_3": 0.43927,
        "ndcg_at_5": 0.49468,
        "ndcg_at_10": 0.54021,
        "ndcg_at_20": 0.56621,
        "ndcg_at_100": 0.57752,
        "ndcg_at_1000": 0.57918,
        "map_at_1": 0.28734,
        "map_at_3": 0.40161,
        "map_at_5": 0.43255,
        "map_at_10": 0.45146,
        "map_at_20": 0.45875,
        "map_at_100": 0.46049,
        "map_at_1000": 0.46056,
        "recall_at_1": 0.28734,
        "recall_at_3": 0.54836,
        "recall_at_5": 0.68208,
        "recall_at_10": 0.82219,
        "recall_at_20": 0.9239,
        "recall_at_100": 0.98222,
        "recall_at_1000": 0.99502,
        "precision_at_1": 0.28734,
        "precision_at_3": 0.18279,
        "precision_at_5": 0.13642,
        "precision_at_10": 0.08222,
        "precision_at_20": 0.04619,
        "precision_at_100": 0.00982,
        "precision_at_1000": 0.001,
        "mrr_at_1": 0.290185,
        "mrr_at_3": 0.40422,
        "mrr_at_5": 0.433701,
        "mrr_at_10": 0.452745,
        "mrr_at_20": 0.460025,
        "mrr_at_100": 0.461765,
        "mrr_at_1000": 0.461831,
        "nauc_ndcg_at_1_max": -0.10314,
        "nauc_ndcg_at_1_std": -0.06783,
        "nauc_ndcg_at_1_diff1": 0.048656,
        "nauc_ndcg_at_3_max": -0.065032,
        "nauc_ndcg_at_3_std": -0.069384,
        "nauc_ndcg_at_3_diff1": 0.027631,
        "nauc_ndcg_at_5_max": -0.046849,
        "nauc_ndcg_at_5_std": -0.065774,
        "nauc_ndcg_at_5_diff1": 0.032449,
        "nauc_ndcg_at_10_max": -0.053975,
        "nauc_ndcg_at_10_std": -0.052346,
        "nauc_ndcg_at_10_diff1": 0.024155,
        "nauc_ndcg_at_20_max": -0.058876,
        "nauc_ndcg_at_20_std": -0.061409,
        "nauc_ndcg_at_20_diff1": 0.023286,
        "nauc_ndcg_at_100_max": -0.063678,
        "nauc_ndcg_at_100_std": -0.057579,
        "nauc_ndcg_at_100_diff1": 0.02697,
        "nauc_ndcg_at_1000_max": -0.065112,
        "nauc_ndcg_at_1000_std": -0.060711,
        "nauc_ndcg_at_1000_diff1": 0.026378,
        "nauc_map_at_1_max": -0.10314,
        "nauc_map_at_1_std": -0.06783,
        "nauc_map_at_1_diff1": 0.048656,
        "nauc_map_at_3_max": -0.075353,
        "nauc_map_at_3_std": -0.070303,
        "nauc_map_at_3_diff1": 0.029801,
        "nauc_map_at_5_max": -0.066101,
        "nauc_map_at_5_std": -0.068409,
        "nauc_map_at_5_diff1": 0.032525,
        "nauc_map_at_10_max": -0.070224,
        "nauc_map_at_10_std": -0.063876,
        "nauc_map_at_10_diff1": 0.028908,
        "nauc_map_at_20_max": -0.071772,
        "nauc_map_at_20_std": -0.0666,
        "nauc_map_at_20_diff1": 0.028474,
        "nauc_map_at_100_max": -0.072304,
        "nauc_map_at_100_std": -0.065988,
        "nauc_map_at_100_diff1": 0.028978,
        "nauc_map_at_1000_max": -0.072323,
        "nauc_map_at_1000_std": -0.066064,
        "nauc_map_at_1000_diff1": 0.02898,
        "nauc_recall_at_1_max": -0.10314,
        "nauc_recall_at_1_std": -0.06783,
        "nauc_recall_at_1_diff1": 0.048656,
        "nauc_recall_at_3_max": -0.034172,
        "nauc_recall_at_3_std": -0.066135,
        "nauc_recall_at_3_diff1": 0.02246,
        "nauc_recall_at_5_max": 0.024114,
        "nauc_recall_at_5_std": -0.055276,
        "nauc_recall_at_5_diff1": 0.034471,
        "nauc_recall_at_10_max": 0.036858,
        "nauc_recall_at_10_std": 0.023319,
        "nauc_recall_at_10_diff1": -0.001611,
        "nauc_recall_at_20_max": 0.082839,
        "nauc_recall_at_20_std": 0.005553,
        "nauc_recall_at_20_diff1": -0.034464,
        "nauc_recall_at_100_max": 0.16905,
        "nauc_recall_at_100_std": 0.459291,
        "nauc_recall_at_100_diff1": 0.028764,
        "nauc_recall_at_1000_max": 0.140472,
        "nauc_recall_at_1000_std": 0.535618,
        "nauc_recall_at_1000_diff1": -0.260997,
        "nauc_precision_at_1_max": -0.10314,
        "nauc_precision_at_1_std": -0.06783,
        "nauc_precision_at_1_diff1": 0.048656,
        "nauc_precision_at_3_max": -0.034172,
        "nauc_precision_at_3_std": -0.066135,
        "nauc_precision_at_3_diff1": 0.02246,
        "nauc_precision_at_5_max": 0.024114,
        "nauc_precision_at_5_std": -0.055276,
        "nauc_precision_at_5_diff1": 0.034471,
        "nauc_precision_at_10_max": 0.036858,
        "nauc_precision_at_10_std": 0.023319,
        "nauc_precision_at_10_diff1": -0.001611,
        "nauc_precision_at_20_max": 0.082839,
        "nauc_precision_at_20_std": 0.005553,
        "nauc_precision_at_20_diff1": -0.034464,
        "nauc_precision_at_100_max": 0.16905,
        "nauc_precision_at_100_std": 0.459291,
        "nauc_precision_at_100_diff1": 0.028764,
        "nauc_precision_at_1000_max": 0.140472,
        "nauc_precision_at_1000_std": 0.535618,
        "nauc_precision_at_1000_diff1": -0.260997,
        "nauc_mrr_at_1_max": -0.106463,
        "nauc_mrr_at_1_std": -0.066492,
        "nauc_mrr_at_1_diff1": 0.040059,
        "nauc_mrr_at_3_max": -0.081425,
        "nauc_mrr_at_3_std": -0.067492,
        "nauc_mrr_at_3_diff1": 0.018738,
        "nauc_mrr_at_5_max": -0.073512,
        "nauc_mrr_at_5_std": -0.068488,
        "nauc_mrr_at_5_diff1": 0.021798,
        "nauc_mrr_at_10_max": -0.07775,
        "nauc_mrr_at_10_std": -0.063666,
        "nauc_mrr_at_10_diff1": 0.017792,
        "nauc_mrr_at_20_max": -0.079175,
        "nauc_mrr_at_20_std": -0.066297,
        "nauc_mrr_at_20_diff1": 0.017524,
        "nauc_mrr_at_100_max": -0.079768,
        "nauc_mrr_at_100_std": -0.065687,
        "nauc_mrr_at_100_diff1": 0.017952,
        "nauc_mrr_at_1000_max": -0.079789,
        "nauc_mrr_at_1000_std": -0.065763,
        "nauc_mrr_at_1000_diff1": 0.017951,
        "main_score": 0.54021,
        "hf_subset": "default",
        "languages": [
          "eng-Latn"
        ]
      }
    ]
  },
  "evaluation_time": 58.9814670085907,
  "kg_co2_emissions": null
}