{
  "dataset_revision": "4adc7bc41202b5c13543c9c886a25f340634dab3",
  "task_name": "COIRCodeSearchNetRetrieval",
  "mteb_version": "1.34.8",
  "scores": {
    "test": [
      {
        "ndcg_at_1": 0.83175,
        "ndcg_at_3": 0.87438,
        "ndcg_at_5": 0.88184,
        "ndcg_at_10": 0.88934,
        "ndcg_at_20": 0.89332,
        "ndcg_at_100": 0.89753,
        "ndcg_at_1000": 0.89906,
        "map_at_1": 0.83175,
        "map_at_3": 0.86419,
        "map_at_5": 0.86832,
        "map_at_10": 0.87144,
        "map_at_20": 0.87255,
        "map_at_100": 0.87313,
        "map_at_1000": 0.87319,
        "recall_at_1": 0.83175,
        "recall_at_3": 0.90374,
        "recall_at_5": 0.92191,
        "recall_at_10": 0.94497,
        "recall_at_20": 0.96058,
        "recall_at_100": 0.98317,
        "recall_at_1000": 0.99531,
        "precision_at_1": 0.83175,
        "precision_at_3": 0.30125,
        "precision_at_5": 0.18438,
        "precision_at_10": 0.0945,
        "precision_at_20": 0.04803,
        "precision_at_100": 0.00983,
        "precision_at_1000": 0.001,
        "mrr_at_1": 0.831546,
        "mrr_at_3": 0.86409,
        "mrr_at_5": 0.868216,
        "mrr_at_10": 0.871337,
        "mrr_at_20": 0.872445,
        "mrr_at_100": 0.873033,
        "mrr_at_1000": 0.873089,
        "nauc_ndcg_at_1_max": 0.809224,
        "nauc_ndcg_at_1_std": 0.156409,
        "nauc_ndcg_at_1_diff1": 0.902938,
        "nauc_ndcg_at_3_max": 0.818758,
        "nauc_ndcg_at_3_std": 0.161275,
        "nauc_ndcg_at_3_diff1": 0.88533,
        "nauc_ndcg_at_5_max": 0.819343,
        "nauc_ndcg_at_5_std": 0.165521,
        "nauc_ndcg_at_5_diff1": 0.886486,
        "nauc_ndcg_at_10_max": 0.820089,
        "nauc_ndcg_at_10_std": 0.170281,
        "nauc_ndcg_at_10_diff1": 0.889658,
        "nauc_ndcg_at_20_max": 0.821069,
        "nauc_ndcg_at_20_std": 0.173615,
        "nauc_ndcg_at_20_diff1": 0.890898,
        "nauc_ndcg_at_100_max": 0.820571,
        "nauc_ndcg_at_100_std": 0.175748,
        "nauc_ndcg_at_100_diff1": 0.891104,
        "nauc_ndcg_at_1000_max": 0.819877,
        "nauc_ndcg_at_1000_std": 0.172598,
        "nauc_ndcg_at_1000_diff1": 0.891478,
        "nauc_map_at_1_max": 0.809224,
        "nauc_map_at_1_std": 0.156409,
        "nauc_map_at_1_diff1": 0.902938,
        "nauc_map_at_3_max": 0.816852,
        "nauc_map_at_3_std": 0.160177,
        "nauc_map_at_3_diff1": 0.890234,
        "nauc_map_at_5_max": 0.817124,
        "nauc_map_at_5_std": 0.162383,
        "nauc_map_at_5_diff1": 0.89099,
        "nauc_map_at_10_max": 0.817344,
        "nauc_map_at_10_std": 0.163942,
        "nauc_map_at_10_diff1": 0.892281,
        "nauc_map_at_20_max": 0.817545,
        "nauc_map_at_20_std": 0.164699,
        "nauc_map_at_20_diff1": 0.89259,
        "nauc_map_at_100_max": 0.817463,
        "nauc_map_at_100_std": 0.164926,
        "nauc_map_at_100_diff1": 0.892615,
        "nauc_map_at_1000_max": 0.817451,
        "nauc_map_at_1000_std": 0.164859,
        "nauc_map_at_1000_diff1": 0.892632,
        "nauc_recall_at_1_max": 0.809224,
        "nauc_recall_at_1_std": 0.156409,
        "nauc_recall_at_1_diff1": 0.902938,
        "nauc_recall_at_3_max": 0.825743,
        "nauc_recall_at_3_std": 0.165402,
        "nauc_recall_at_3_diff1": 0.866225,
        "nauc_recall_at_5_max": 0.82917,
        "nauc_recall_at_5_std": 0.180716,
        "nauc_recall_at_5_diff1": 0.865778,
        "nauc_recall_at_10_max": 0.837674,
        "nauc_recall_at_10_std": 0.216511,
        "nauc_recall_at_10_diff1": 0.875645,
        "nauc_recall_at_20_max": 0.854769,
        "nauc_recall_at_20_std": 0.268231,
        "nauc_recall_at_20_diff1": 0.882941,
        "nauc_recall_at_100_max": 0.885391,
        "nauc_recall_at_100_std": 0.459916,
        "nauc_recall_at_100_diff1": 0.879727,
        "nauc_recall_at_1000_max": 0.924169,
        "nauc_recall_at_1000_std": 0.626745,
        "nauc_recall_at_1000_diff1": 0.9043,
        "nauc_precision_at_1_max": 0.809224,
        "nauc_precision_at_1_std": 0.156409,
        "nauc_precision_at_1_diff1": 0.902938,
        "nauc_precision_at_3_max": 0.825743,
        "nauc_precision_at_3_std": 0.165402,
        "nauc_precision_at_3_diff1": 0.866225,
        "nauc_precision_at_5_max": 0.82917,
        "nauc_precision_at_5_std": 0.180716,
        "nauc_precision_at_5_diff1": 0.865778,
        "nauc_precision_at_10_max": 0.837674,
        "nauc_precision_at_10_std": 0.216511,
        "nauc_precision_at_10_diff1": 0.875645,
        "nauc_precision_at_20_max": 0.854769,
        "nauc_precision_at_20_std": 0.268231,
        "nauc_precision_at_20_diff1": 0.882941,
        "nauc_precision_at_100_max": 0.885391,
        "nauc_precision_at_100_std": 0.459916,
        "nauc_precision_at_100_diff1": 0.879727,
        "nauc_precision_at_1000_max": 0.924169,
        "nauc_precision_at_1000_std": 0.626745,
        "nauc_precision_at_1000_diff1": 0.9043,
        "nauc_mrr_at_1_max": 0.808661,
        "nauc_mrr_at_1_std": 0.154539,
        "nauc_mrr_at_1_diff1": 0.903209,
        "nauc_mrr_at_3_max": 0.816504,
        "nauc_mrr_at_3_std": 0.159036,
        "nauc_mrr_at_3_diff1": 0.890407,
        "nauc_mrr_at_5_max": 0.816765,
        "nauc_mrr_at_5_std": 0.161204,
        "nauc_mrr_at_5_diff1": 0.891169,
        "nauc_mrr_at_10_max": 0.816975,
        "nauc_mrr_at_10_std": 0.162731,
        "nauc_mrr_at_10_diff1": 0.892463,
        "nauc_mrr_at_20_max": 0.817174,
        "nauc_mrr_at_20_std": 0.163477,
        "nauc_mrr_at_20_diff1": 0.892773,
        "nauc_mrr_at_100_max": 0.81709,
        "nauc_mrr_at_100_std": 0.163699,
        "nauc_mrr_at_100_diff1": 0.892799,
        "nauc_mrr_at_1000_max": 0.817077,
        "nauc_mrr_at_1000_std": 0.163631,
        "nauc_mrr_at_1000_diff1": 0.892816,
        "main_score": 0.88934,
        "hf_subset": "python",
        "languages": [
          "python-Code"
        ]
      }
    ]
  },
  "evaluation_time": 1045.6256885528564,
  "kg_co2_emissions": null
}