{
  "dataset_revision": "27a168819829fe9bcd655c2df245fb19452e8e06",
  "task_name": "FiQA2018",
  "mteb_version": "1.34.8",
  "scores": {
    "test": [
      {
        "ndcg_at_1": 0.41975,
        "ndcg_at_3": 0.38769,
        "ndcg_at_5": 0.39106,
        "ndcg_at_10": 0.41299,
        "ndcg_at_20": 0.43904,
        "ndcg_at_100": 0.47768,
        "ndcg_at_1000": 0.50882,
        "map_at_1": 0.20737,
        "map_at_3": 0.29882,
        "map_at_5": 0.31818,
        "map_at_10": 0.33566,
        "map_at_20": 0.34601,
        "map_at_100": 0.35367,
        "map_at_1000": 0.35546,
        "recall_at_1": 0.20737,
        "recall_at_3": 0.35411,
        "recall_at_5": 0.39987,
        "recall_at_10": 0.47284,
        "recall_at_20": 0.55187,
        "recall_at_100": 0.71286,
        "recall_at_1000": 0.89897,
        "precision_at_1": 0.41975,
        "precision_at_3": 0.26029,
        "precision_at_5": 0.18457,
        "precision_at_10": 0.11296,
        "precision_at_20": 0.0679,
        "precision_at_100": 0.01784,
        "precision_at_1000": 0.00235,
        "mrr_at_1": 0.419753,
        "mrr_at_3": 0.486111,
        "mrr_at_5": 0.495216,
        "mrr_at_10": 0.504114,
        "mrr_at_20": 0.508515,
        "mrr_at_100": 0.511719,
        "mrr_at_1000": 0.512153,
        "nauc_ndcg_at_1_max": 0.319767,
        "nauc_ndcg_at_1_std": -0.02288,
        "nauc_ndcg_at_1_diff1": 0.542929,
        "nauc_ndcg_at_3_max": 0.269405,
        "nauc_ndcg_at_3_std": 0.00334,
        "nauc_ndcg_at_3_diff1": 0.402117,
        "nauc_ndcg_at_5_max": 0.263503,
        "nauc_ndcg_at_5_std": 0.013994,
        "nauc_ndcg_at_5_diff1": 0.411133,
        "nauc_ndcg_at_10_max": 0.258549,
        "nauc_ndcg_at_10_std": 0.027121,
        "nauc_ndcg_at_10_diff1": 0.406632,
        "nauc_ndcg_at_20_max": 0.270607,
        "nauc_ndcg_at_20_std": 0.045923,
        "nauc_ndcg_at_20_diff1": 0.403732,
        "nauc_ndcg_at_100_max": 0.28146,
        "nauc_ndcg_at_100_std": 0.06166,
        "nauc_ndcg_at_100_diff1": 0.402315,
        "nauc_ndcg_at_1000_max": 0.296707,
        "nauc_ndcg_at_1000_std": 0.057209,
        "nauc_ndcg_at_1000_diff1": 0.41513,
        "nauc_map_at_1_max": 0.159099,
        "nauc_map_at_1_std": -0.027041,
        "nauc_map_at_1_diff1": 0.481719,
        "nauc_map_at_3_max": 0.188233,
        "nauc_map_at_3_std": -0.00739,
        "nauc_map_at_3_diff1": 0.412275,
        "nauc_map_at_5_max": 0.215789,
        "nauc_map_at_5_std": 0.005549,
        "nauc_map_at_5_diff1": 0.409909,
        "nauc_map_at_10_max": 0.231065,
        "nauc_map_at_10_std": 0.013928,
        "nauc_map_at_10_diff1": 0.407005,
        "nauc_map_at_20_max": 0.238301,
        "nauc_map_at_20_std": 0.021163,
        "nauc_map_at_20_diff1": 0.405293,
        "nauc_map_at_100_max": 0.241504,
        "nauc_map_at_100_std": 0.024012,
        "nauc_map_at_100_diff1": 0.404211,
        "nauc_map_at_1000_max": 0.243157,
        "nauc_map_at_1000_std": 0.023958,
        "nauc_map_at_1000_diff1": 0.405262,
        "nauc_recall_at_1_max": 0.159099,
        "nauc_recall_at_1_std": -0.027041,
        "nauc_recall_at_1_diff1": 0.481719,
        "nauc_recall_at_3_max": 0.160871,
        "nauc_recall_at_3_std": 0.004049,
        "nauc_recall_at_3_diff1": 0.318199,
        "nauc_recall_at_5_max": 0.186749,
        "nauc_recall_at_5_std": 0.031326,
        "nauc_recall_at_5_diff1": 0.316716,
        "nauc_recall_at_10_max": 0.18922,
        "nauc_recall_at_10_std": 0.059568,
        "nauc_recall_at_10_diff1": 0.278588,
        "nauc_recall_at_20_max": 0.208919,
        "nauc_recall_at_20_std": 0.112992,
        "nauc_recall_at_20_diff1": 0.261848,
        "nauc_recall_at_100_max": 0.202148,
        "nauc_recall_at_100_std": 0.222462,
        "nauc_recall_at_100_diff1": 0.200465,
        "nauc_recall_at_1000_max": 0.276648,
        "nauc_recall_at_1000_std": 0.369427,
        "nauc_recall_at_1000_diff1": 0.199791,
        "nauc_precision_at_1_max": 0.319767,
        "nauc_precision_at_1_std": -0.02288,
        "nauc_precision_at_1_diff1": 0.542929,
        "nauc_precision_at_3_max": 0.315437,
        "nauc_precision_at_3_std": 0.024104,
        "nauc_precision_at_3_diff1": 0.25675,
        "nauc_precision_at_5_max": 0.358228,
        "nauc_precision_at_5_std": 0.056066,
        "nauc_precision_at_5_diff1": 0.231675,
        "nauc_precision_at_10_max": 0.367592,
        "nauc_precision_at_10_std": 0.078282,
        "nauc_precision_at_10_diff1": 0.187503,
        "nauc_precision_at_20_max": 0.382662,
        "nauc_precision_at_20_std": 0.122789,
        "nauc_precision_at_20_diff1": 0.14217,
        "nauc_precision_at_100_max": 0.374279,
        "nauc_precision_at_100_std": 0.125619,
        "nauc_precision_at_100_diff1": 0.077611,
        "nauc_precision_at_1000_max": 0.360654,
        "nauc_precision_at_1000_std": 0.081286,
        "nauc_precision_at_1000_diff1": 0.036601,
        "nauc_mrr_at_1_max": 0.319767,
        "nauc_mrr_at_1_std": -0.02288,
        "nauc_mrr_at_1_diff1": 0.542929,
        "nauc_mrr_at_3_max": 0.324966,
        "nauc_mrr_at_3_std": -0.01348,
        "nauc_mrr_at_3_diff1": 0.500942,
        "nauc_mrr_at_5_max": 0.327864,
        "nauc_mrr_at_5_std": -0.002626,
        "nauc_mrr_at_5_diff1": 0.500405,
        "nauc_mrr_at_10_max": 0.326537,
        "nauc_mrr_at_10_std": -0.001506,
        "nauc_mrr_at_10_diff1": 0.495076,
        "nauc_mrr_at_20_max": 0.329226,
        "nauc_mrr_at_20_std": 0.002821,
        "nauc_mrr_at_20_diff1": 0.496002,
        "nauc_mrr_at_100_max": 0.328811,
        "nauc_mrr_at_100_std": 0.003246,
        "nauc_mrr_at_100_diff1": 0.496291,
        "nauc_mrr_at_1000_max": 0.328621,
        "nauc_mrr_at_1000_std": 0.003111,
        "nauc_mrr_at_1000_diff1": 0.496391,
        "main_score": 0.41299,
        "hf_subset": "default",
        "languages": [
          "eng-Latn"
        ]
      }
    ]
  },
  "evaluation_time": 287.9631464481354,
  "kg_co2_emissions": null
}