{
  "dataset_revision": "ec0fa4fe99da2ff19ca1214b7966684033a58814",
  "task_name": "NFCorpus",
  "mteb_version": "1.34.8",
  "scores": {
    "test": [
      {
        "ndcg_at_1": 0.41641,
        "ndcg_at_3": 0.37814,
        "ndcg_at_5": 0.35157,
        "ndcg_at_10": 0.31436,
        "ndcg_at_20": 0.29156,
        "ndcg_at_100": 0.28474,
        "ndcg_at_1000": 0.37129,
        "map_at_1": 0.05245,
        "map_at_3": 0.08957,
        "map_at_5": 0.10239,
        "map_at_10": 0.11724,
        "map_at_20": 0.12861,
        "map_at_100": 0.14402,
        "map_at_1000": 0.15667,
        "recall_at_1": 0.05245,
        "recall_at_3": 0.1008,
        "recall_at_5": 0.11985,
        "recall_at_10": 0.14745,
        "recall_at_20": 0.1801,
        "recall_at_100": 0.28259,
        "recall_at_1000": 0.59164,
        "precision_at_1": 0.43344,
        "precision_at_3": 0.35707,
        "precision_at_5": 0.30279,
        "precision_at_10": 0.22879,
        "precision_at_20": 0.16873,
        "precision_at_100": 0.07093,
        "precision_at_1000": 0.01956,
        "mrr_at_1": 0.436533,
        "mrr_at_3": 0.509804,
        "mrr_at_5": 0.517853,
        "mrr_at_10": 0.52471,
        "mrr_at_20": 0.528019,
        "mrr_at_100": 0.53039,
        "mrr_at_1000": 0.530857,
        "nauc_ndcg_at_1_max": 0.439514,
        "nauc_ndcg_at_1_std": 0.296934,
        "nauc_ndcg_at_1_diff1": 0.402686,
        "nauc_ndcg_at_3_max": 0.427595,
        "nauc_ndcg_at_3_std": 0.319619,
        "nauc_ndcg_at_3_diff1": 0.300139,
        "nauc_ndcg_at_5_max": 0.418135,
        "nauc_ndcg_at_5_std": 0.324105,
        "nauc_ndcg_at_5_diff1": 0.263597,
        "nauc_ndcg_at_10_max": 0.424959,
        "nauc_ndcg_at_10_std": 0.330304,
        "nauc_ndcg_at_10_diff1": 0.247588,
        "nauc_ndcg_at_20_max": 0.412468,
        "nauc_ndcg_at_20_std": 0.322014,
        "nauc_ndcg_at_20_diff1": 0.249724,
        "nauc_ndcg_at_100_max": 0.404118,
        "nauc_ndcg_at_100_std": 0.337816,
        "nauc_ndcg_at_100_diff1": 0.257822,
        "nauc_ndcg_at_1000_max": 0.459539,
        "nauc_ndcg_at_1000_std": 0.378303,
        "nauc_ndcg_at_1000_diff1": 0.2783,
        "nauc_map_at_1_max": 0.173316,
        "nauc_map_at_1_std": -0.056379,
        "nauc_map_at_1_diff1": 0.515665,
        "nauc_map_at_3_max": 0.209293,
        "nauc_map_at_3_std": -0.000182,
        "nauc_map_at_3_diff1": 0.422245,
        "nauc_map_at_5_max": 0.242109,
        "nauc_map_at_5_std": 0.041031,
        "nauc_map_at_5_diff1": 0.384422,
        "nauc_map_at_10_max": 0.271972,
        "nauc_map_at_10_std": 0.089552,
        "nauc_map_at_10_diff1": 0.334407,
        "nauc_map_at_20_max": 0.292492,
        "nauc_map_at_20_std": 0.127548,
        "nauc_map_at_20_diff1": 0.31523,
        "nauc_map_at_100_max": 0.312624,
        "nauc_map_at_100_std": 0.186162,
        "nauc_map_at_100_diff1": 0.290778,
        "nauc_map_at_1000_max": 0.320255,
        "nauc_map_at_1000_std": 0.210562,
        "nauc_map_at_1000_diff1": 0.27856,
        "nauc_recall_at_1_max": 0.173316,
        "nauc_recall_at_1_std": -0.056379,
        "nauc_recall_at_1_diff1": 0.515665,
        "nauc_recall_at_3_max": 0.195051,
        "nauc_recall_at_3_std": 0.002526,
        "nauc_recall_at_3_diff1": 0.351664,
        "nauc_recall_at_5_max": 0.236356,
        "nauc_recall_at_5_std": 0.047181,
        "nauc_recall_at_5_diff1": 0.310403,
        "nauc_recall_at_10_max": 0.261987,
        "nauc_recall_at_10_std": 0.086581,
        "nauc_recall_at_10_diff1": 0.244599,
        "nauc_recall_at_20_max": 0.286158,
        "nauc_recall_at_20_std": 0.14391,
        "nauc_recall_at_20_diff1": 0.210263,
        "nauc_recall_at_100_max": 0.232388,
        "nauc_recall_at_100_std": 0.222532,
        "nauc_recall_at_100_diff1": 0.136209,
        "nauc_recall_at_1000_max": 0.25919,
        "nauc_recall_at_1000_std": 0.231562,
        "nauc_recall_at_1000_diff1": 0.094728,
        "nauc_precision_at_1_max": 0.446702,
        "nauc_precision_at_1_std": 0.307341,
        "nauc_precision_at_1_diff1": 0.397338,
        "nauc_precision_at_3_max": 0.421751,
        "nauc_precision_at_3_std": 0.374939,
        "nauc_precision_at_3_diff1": 0.184267,
        "nauc_precision_at_5_max": 0.400945,
        "nauc_precision_at_5_std": 0.389517,
        "nauc_precision_at_5_diff1": 0.101672,
        "nauc_precision_at_10_max": 0.39517,
        "nauc_precision_at_10_std": 0.420306,
        "nauc_precision_at_10_diff1": 0.039737,
        "nauc_precision_at_20_max": 0.338698,
        "nauc_precision_at_20_std": 0.426883,
        "nauc_precision_at_20_diff1": -0.005904,
        "nauc_precision_at_100_max": 0.221324,
        "nauc_precision_at_100_std": 0.444457,
        "nauc_precision_at_100_diff1": -0.100497,
        "nauc_precision_at_1000_max": 0.104098,
        "nauc_precision_at_1000_std": 0.285192,
        "nauc_precision_at_1000_diff1": -0.109995,
        "nauc_mrr_at_1_max": 0.448662,
        "nauc_mrr_at_1_std": 0.306611,
        "nauc_mrr_at_1_diff1": 0.38912,
        "nauc_mrr_at_3_max": 0.472792,
        "nauc_mrr_at_3_std": 0.349528,
        "nauc_mrr_at_3_diff1": 0.348232,
        "nauc_mrr_at_5_max": 0.478542,
        "nauc_mrr_at_5_std": 0.350728,
        "nauc_mrr_at_5_diff1": 0.347301,
        "nauc_mrr_at_10_max": 0.480056,
        "nauc_mrr_at_10_std": 0.356775,
        "nauc_mrr_at_10_diff1": 0.34637,
        "nauc_mrr_at_20_max": 0.482355,
        "nauc_mrr_at_20_std": 0.361629,
        "nauc_mrr_at_20_diff1": 0.344435,
        "nauc_mrr_at_100_max": 0.481733,
        "nauc_mrr_at_100_std": 0.360443,
        "nauc_mrr_at_100_diff1": 0.344661,
        "nauc_mrr_at_1000_max": 0.481672,
        "nauc_mrr_at_1000_std": 0.360031,
        "nauc_mrr_at_1000_diff1": 0.344811,
        "main_score": 0.31436,
        "hf_subset": "default",
        "languages": [
          "eng-Latn"
        ]
      }
    ]
  },
  "evaluation_time": 35.33521747589111,
  "kg_co2_emissions": null
}