{
  "dataset_revision": "f8c2fcf00f625baaa80f62ec5bd9e1fff3b8ae88",
  "task_name": "SCIDOCS",
  "mteb_version": "1.34.8",
  "scores": {
    "test": [
      {
        "ndcg_at_1": 0.19,
        "ndcg_at_3": 0.15702,
        "ndcg_at_5": 0.13443,
        "ndcg_at_10": 0.16333,
        "ndcg_at_20": 0.18641,
        "ndcg_at_100": 0.23395,
        "ndcg_at_1000": 0.28666,
        "map_at_1": 0.03858,
        "map_at_3": 0.0688,
        "map_at_5": 0.08042,
        "map_at_10": 0.09438,
        "map_at_20": 0.10233,
        "map_at_100": 0.11098,
        "map_at_1000": 0.11371,
        "recall_at_1": 0.03858,
        "recall_at_3": 0.08948,
        "recall_at_5": 0.11843,
        "recall_at_10": 0.17167,
        "recall_at_20": 0.22628,
        "recall_at_100": 0.3811,
        "recall_at_1000": 0.63883,
        "precision_at_1": 0.19,
        "precision_at_3": 0.14733,
        "precision_at_5": 0.117,
        "precision_at_10": 0.0847,
        "precision_at_20": 0.0557,
        "precision_at_100": 0.01877,
        "precision_at_1000": 0.00315,
        "mrr_at_1": 0.19,
        "mrr_at_3": 0.26,
        "mrr_at_5": 0.2748,
        "mrr_at_10": 0.28839,
        "mrr_at_20": 0.29445,
        "mrr_at_100": 0.299408,
        "mrr_at_1000": 0.300138,
        "nauc_ndcg_at_1_max": 0.195606,
        "nauc_ndcg_at_1_std": 0.05449,
        "nauc_ndcg_at_1_diff1": 0.172061,
        "nauc_ndcg_at_3_max": 0.233429,
        "nauc_ndcg_at_3_std": 0.132947,
        "nauc_ndcg_at_3_diff1": 0.109804,
        "nauc_ndcg_at_5_max": 0.265533,
        "nauc_ndcg_at_5_std": 0.148352,
        "nauc_ndcg_at_5_diff1": 0.118138,
        "nauc_ndcg_at_10_max": 0.277,
        "nauc_ndcg_at_10_std": 0.200317,
        "nauc_ndcg_at_10_diff1": 0.11122,
        "nauc_ndcg_at_20_max": 0.283714,
        "nauc_ndcg_at_20_std": 0.222822,
        "nauc_ndcg_at_20_diff1": 0.123124,
        "nauc_ndcg_at_100_max": 0.298033,
        "nauc_ndcg_at_100_std": 0.275233,
        "nauc_ndcg_at_100_diff1": 0.125509,
        "nauc_ndcg_at_1000_max": 0.307762,
        "nauc_ndcg_at_1000_std": 0.294472,
        "nauc_ndcg_at_1000_diff1": 0.126321,
        "nauc_map_at_1_max": 0.198263,
        "nauc_map_at_1_std": 0.053638,
        "nauc_map_at_1_diff1": 0.178354,
        "nauc_map_at_3_max": 0.23875,
        "nauc_map_at_3_std": 0.120183,
        "nauc_map_at_3_diff1": 0.111092,
        "nauc_map_at_5_max": 0.26837,
        "nauc_map_at_5_std": 0.136772,
        "nauc_map_at_5_diff1": 0.119826,
        "nauc_map_at_10_max": 0.284088,
        "nauc_map_at_10_std": 0.186094,
        "nauc_map_at_10_diff1": 0.113811,
        "nauc_map_at_20_max": 0.2905,
        "nauc_map_at_20_std": 0.202795,
        "nauc_map_at_20_diff1": 0.120131,
        "nauc_map_at_100_max": 0.293569,
        "nauc_map_at_100_std": 0.220712,
        "nauc_map_at_100_diff1": 0.120722,
        "nauc_map_at_1000_max": 0.294801,
        "nauc_map_at_1000_std": 0.223688,
        "nauc_map_at_1000_diff1": 0.121197,
        "nauc_recall_at_1_max": 0.198263,
        "nauc_recall_at_1_std": 0.053638,
        "nauc_recall_at_1_diff1": 0.178354,
        "nauc_recall_at_3_max": 0.244509,
        "nauc_recall_at_3_std": 0.166633,
        "nauc_recall_at_3_diff1": 0.086979,
        "nauc_recall_at_5_max": 0.289284,
        "nauc_recall_at_5_std": 0.184603,
        "nauc_recall_at_5_diff1": 0.100488,
        "nauc_recall_at_10_max": 0.285386,
        "nauc_recall_at_10_std": 0.261495,
        "nauc_recall_at_10_diff1": 0.083342,
        "nauc_recall_at_20_max": 0.281106,
        "nauc_recall_at_20_std": 0.286555,
        "nauc_recall_at_20_diff1": 0.10554,
        "nauc_recall_at_100_max": 0.285928,
        "nauc_recall_at_100_std": 0.380197,
        "nauc_recall_at_100_diff1": 0.103585,
        "nauc_recall_at_1000_max": 0.279072,
        "nauc_recall_at_1000_std": 0.423643,
        "nauc_recall_at_1000_diff1": 0.084237,
        "nauc_precision_at_1_max": 0.195606,
        "nauc_precision_at_1_std": 0.05449,
        "nauc_precision_at_1_diff1": 0.172061,
        "nauc_precision_at_3_max": 0.245796,
        "nauc_precision_at_3_std": 0.168849,
        "nauc_precision_at_3_diff1": 0.086467,
        "nauc_precision_at_5_max": 0.292805,
        "nauc_precision_at_5_std": 0.187135,
        "nauc_precision_at_5_diff1": 0.100692,
        "nauc_precision_at_10_max": 0.289777,
        "nauc_precision_at_10_std": 0.264008,
        "nauc_precision_at_10_diff1": 0.081568,
        "nauc_precision_at_20_max": 0.286768,
        "nauc_precision_at_20_std": 0.288667,
        "nauc_precision_at_20_diff1": 0.103873,
        "nauc_precision_at_100_max": 0.291709,
        "nauc_precision_at_100_std": 0.379005,
        "nauc_precision_at_100_diff1": 0.102986,
        "nauc_precision_at_1000_max": 0.283222,
        "nauc_precision_at_1000_std": 0.413189,
        "nauc_precision_at_1000_diff1": 0.084678,
        "nauc_mrr_at_1_max": 0.195606,
        "nauc_mrr_at_1_std": 0.05449,
        "nauc_mrr_at_1_diff1": 0.172061,
        "nauc_mrr_at_3_max": 0.212165,
        "nauc_mrr_at_3_std": 0.109001,
        "nauc_mrr_at_3_diff1": 0.131088,
        "nauc_mrr_at_5_max": 0.223496,
        "nauc_mrr_at_5_std": 0.114771,
        "nauc_mrr_at_5_diff1": 0.132201,
        "nauc_mrr_at_10_max": 0.221133,
        "nauc_mrr_at_10_std": 0.122086,
        "nauc_mrr_at_10_diff1": 0.132355,
        "nauc_mrr_at_20_max": 0.220398,
        "nauc_mrr_at_20_std": 0.122886,
        "nauc_mrr_at_20_diff1": 0.135002,
        "nauc_mrr_at_100_max": 0.221551,
        "nauc_mrr_at_100_std": 0.124907,
        "nauc_mrr_at_100_diff1": 0.134955,
        "nauc_mrr_at_1000_max": 0.221435,
        "nauc_mrr_at_1000_std": 0.124413,
        "nauc_mrr_at_1000_diff1": 0.13487,
        "main_score": 0.16333,
        "hf_subset": "default",
        "languages": [
          "eng-Latn"
        ]
      }
    ]
  },
  "evaluation_time": 175.8766806125641,
  "kg_co2_emissions": null
}