{
  "dataset_revision": "f22508f96b7a36c2415181ed8bb76f76e04ae2d5",
  "task_name": "AppsRetrieval",
  "mteb_version": "1.34.8",
  "scores": {
    "test": [
      {
        "ndcg_at_1": 0.35963,
        "ndcg_at_3": 0.43886,
        "ndcg_at_5": 0.46478,
        "ndcg_at_10": 0.49004,
        "ndcg_at_20": 0.50924,
        "ndcg_at_100": 0.53531,
        "ndcg_at_1000": 0.55016,
        "map_at_1": 0.35963,
        "map_at_3": 0.41974,
        "map_at_5": 0.43399,
        "map_at_10": 0.44442,
        "map_at_20": 0.44973,
        "map_at_100": 0.45332,
        "map_at_1000": 0.45384,
        "recall_at_1": 0.35963,
        "recall_at_3": 0.49402,
        "recall_at_5": 0.5575,
        "recall_at_10": 0.63559,
        "recall_at_20": 0.71129,
        "recall_at_100": 0.85179,
        "recall_at_1000": 0.97052,
        "precision_at_1": 0.35963,
        "precision_at_3": 0.16467,
        "precision_at_5": 0.1115,
        "precision_at_10": 0.06356,
        "precision_at_20": 0.03556,
        "precision_at_100": 0.00852,
        "precision_at_1000": 0.00097,
        "mrr_at_1": 0.359628,
        "mrr_at_3": 0.419743,
        "mrr_at_5": 0.434006,
        "mrr_at_10": 0.444436,
        "mrr_at_20": 0.44974,
        "mrr_at_100": 0.453338,
        "mrr_at_1000": 0.453858,
        "nauc_ndcg_at_1_max": 0.541049,
        "nauc_ndcg_at_1_std": 0.072288,
        "nauc_ndcg_at_1_diff1": 0.633908,
        "nauc_ndcg_at_3_max": 0.549616,
        "nauc_ndcg_at_3_std": 0.115862,
        "nauc_ndcg_at_3_diff1": 0.556498,
        "nauc_ndcg_at_5_max": 0.549166,
        "nauc_ndcg_at_5_std": 0.124378,
        "nauc_ndcg_at_5_diff1": 0.545208,
        "nauc_ndcg_at_10_max": 0.547848,
        "nauc_ndcg_at_10_std": 0.131726,
        "nauc_ndcg_at_10_diff1": 0.542062,
        "nauc_ndcg_at_20_max": 0.55406,
        "nauc_ndcg_at_20_std": 0.141892,
        "nauc_ndcg_at_20_diff1": 0.541495,
        "nauc_ndcg_at_100_max": 0.555287,
        "nauc_ndcg_at_100_std": 0.146432,
        "nauc_ndcg_at_100_diff1": 0.545548,
        "nauc_ndcg_at_1000_max": 0.552691,
        "nauc_ndcg_at_1000_std": 0.135597,
        "nauc_ndcg_at_1000_diff1": 0.552365,
        "nauc_map_at_1_max": 0.541049,
        "nauc_map_at_1_std": 0.072288,
        "nauc_map_at_1_diff1": 0.633908,
        "nauc_map_at_3_max": 0.548244,
        "nauc_map_at_3_std": 0.105671,
        "nauc_map_at_3_diff1": 0.574919,
        "nauc_map_at_5_max": 0.547969,
        "nauc_map_at_5_std": 0.110184,
        "nauc_map_at_5_diff1": 0.569012,
        "nauc_map_at_10_max": 0.547131,
        "nauc_map_at_10_std": 0.112639,
        "nauc_map_at_10_diff1": 0.567894,
        "nauc_map_at_20_max": 0.548784,
        "nauc_map_at_20_std": 0.115199,
        "nauc_map_at_20_diff1": 0.567886,
        "nauc_map_at_100_max": 0.549027,
        "nauc_map_at_100_std": 0.115797,
        "nauc_map_at_100_diff1": 0.568617,
        "nauc_map_at_1000_max": 0.548948,
        "nauc_map_at_1000_std": 0.115491,
        "nauc_map_at_1000_diff1": 0.568819,
        "nauc_recall_at_1_max": 0.541049,
        "nauc_recall_at_1_std": 0.072288,
        "nauc_recall_at_1_diff1": 0.633908,
        "nauc_recall_at_3_max": 0.553316,
        "nauc_recall_at_3_std": 0.145389,
        "nauc_recall_at_3_diff1": 0.502992,
        "nauc_recall_at_5_max": 0.552459,
        "nauc_recall_at_5_std": 0.168956,
        "nauc_recall_at_5_diff1": 0.470772,
        "nauc_recall_at_10_max": 0.550034,
        "nauc_recall_at_10_std": 0.201748,
        "nauc_recall_at_10_diff1": 0.451977,
        "nauc_recall_at_20_max": 0.581498,
        "nauc_recall_at_20_std": 0.264686,
        "nauc_recall_at_20_diff1": 0.434301,
        "nauc_recall_at_100_max": 0.612595,
        "nauc_recall_at_100_std": 0.402983,
        "nauc_recall_at_100_diff1": 0.397869,
        "nauc_recall_at_1000_max": 0.625114,
        "nauc_recall_at_1000_std": 0.49421,
        "nauc_recall_at_1000_diff1": 0.391009,
        "nauc_precision_at_1_max": 0.541049,
        "nauc_precision_at_1_std": 0.072288,
        "nauc_precision_at_1_diff1": 0.633908,
        "nauc_precision_at_3_max": 0.553316,
        "nauc_precision_at_3_std": 0.145389,
        "nauc_precision_at_3_diff1": 0.502992,
        "nauc_precision_at_5_max": 0.552459,
        "nauc_precision_at_5_std": 0.168956,
        "nauc_precision_at_5_diff1": 0.470772,
        "nauc_precision_at_10_max": 0.550034,
        "nauc_precision_at_10_std": 0.201748,
        "nauc_precision_at_10_diff1": 0.451977,
        "nauc_precision_at_20_max": 0.581498,
        "nauc_precision_at_20_std": 0.264686,
        "nauc_precision_at_20_diff1": 0.434301,
        "nauc_precision_at_100_max": 0.612595,
        "nauc_precision_at_100_std": 0.402983,
        "nauc_precision_at_100_diff1": 0.397869,
        "nauc_precision_at_1000_max": 0.625114,
        "nauc_precision_at_1000_std": 0.49421,
        "nauc_precision_at_1000_diff1": 0.391009,
        "nauc_mrr_at_1_max": 0.541049,
        "nauc_mrr_at_1_std": 0.072288,
        "nauc_mrr_at_1_diff1": 0.633908,
        "nauc_mrr_at_3_max": 0.548244,
        "nauc_mrr_at_3_std": 0.105671,
        "nauc_mrr_at_3_diff1": 0.574919,
        "nauc_mrr_at_5_max": 0.547956,
        "nauc_mrr_at_5_std": 0.110181,
        "nauc_mrr_at_5_diff1": 0.568992,
        "nauc_mrr_at_10_max": 0.547117,
        "nauc_mrr_at_10_std": 0.112636,
        "nauc_mrr_at_10_diff1": 0.567874,
        "nauc_mrr_at_20_max": 0.54877,
        "nauc_mrr_at_20_std": 0.115196,
        "nauc_mrr_at_20_diff1": 0.567866,
        "nauc_mrr_at_100_max": 0.549013,
        "nauc_mrr_at_100_std": 0.115794,
        "nauc_mrr_at_100_diff1": 0.568596,
        "nauc_mrr_at_1000_max": 0.548934,
        "nauc_mrr_at_1000_std": 0.115487,
        "nauc_mrr_at_1000_diff1": 0.568798,
        "main_score": 0.49004,
        "hf_subset": "default",
        "languages": [
          "eng-Latn",
          "python-Code"
        ]
      }
    ]
  },
  "evaluation_time": 411.0145010948181,
  "kg_co2_emissions": null
}