{
  "dataset_revision": "5d958fb6b31055495347724d46431ba41309b03a",
  "task_name": "ChemNQRetrieval",
  "mteb_version": "1.34.8",
  "scores": {
    "test": [
      {
        "ndcg_at_1": 0.48148,
        "ndcg_at_3": 0.57922,
        "ndcg_at_5": 0.6209,
        "ndcg_at_10": 0.67143,
        "ndcg_at_20": 0.6873,
        "ndcg_at_100": 0.6912,
        "ndcg_at_1000": 0.6956,
        "map_at_1": 0.38272,
        "map_at_3": 0.53704,
        "map_at_5": 0.56481,
        "map_at_10": 0.58705,
        "map_at_20": 0.59298,
        "map_at_100": 0.59475,
        "map_at_1000": 0.59486,
        "recall_at_1": 0.38272,
        "recall_at_3": 0.66049,
        "recall_at_5": 0.75309,
        "recall_at_10": 0.89506,
        "recall_at_20": 0.95062,
        "recall_at_100": 0.96296,
        "recall_at_1000": 1.0,
        "precision_at_1": 0.48148,
        "precision_at_3": 0.28395,
        "precision_at_5": 0.19259,
        "precision_at_10": 0.11481,
        "precision_at_20": 0.06111,
        "precision_at_100": 0.01259,
        "precision_at_1000": 0.0013,
        "mrr_at_1": 0.481481,
        "mrr_at_3": 0.580247,
        "mrr_at_5": 0.598765,
        "mrr_at_10": 0.620106,
        "mrr_at_20": 0.622955,
        "mrr_at_100": 0.622955,
        "mrr_at_1000": 0.623064,
        "nauc_ndcg_at_1_max": 0.15761,
        "nauc_ndcg_at_1_std": 0.162107,
        "nauc_ndcg_at_1_diff1": 0.118318,
        "nauc_ndcg_at_3_max": 0.262908,
        "nauc_ndcg_at_3_std": 0.098014,
        "nauc_ndcg_at_3_diff1": -0.075645,
        "nauc_ndcg_at_5_max": 0.252146,
        "nauc_ndcg_at_5_std": 0.015594,
        "nauc_ndcg_at_5_diff1": 0.022102,
        "nauc_ndcg_at_10_max": 0.266495,
        "nauc_ndcg_at_10_std": 0.045984,
        "nauc_ndcg_at_10_diff1": 0.03067,
        "nauc_ndcg_at_20_max": 0.257484,
        "nauc_ndcg_at_20_std": 0.081655,
        "nauc_ndcg_at_20_diff1": 0.020545,
        "nauc_ndcg_at_100_max": 0.24858,
        "nauc_ndcg_at_100_std": 0.092041,
        "nauc_ndcg_at_100_diff1": 0.005315,
        "nauc_ndcg_at_1000_max": 0.246365,
        "nauc_ndcg_at_1000_std": 0.09161,
        "nauc_ndcg_at_1000_diff1": 0.008993,
        "nauc_map_at_1_max": 0.174934,
        "nauc_map_at_1_std": 0.115904,
        "nauc_map_at_1_diff1": 0.168949,
        "nauc_map_at_3_max": 0.226097,
        "nauc_map_at_3_std": 0.082549,
        "nauc_map_at_3_diff1": -0.009553,
        "nauc_map_at_5_max": 0.240344,
        "nauc_map_at_5_std": 0.040361,
        "nauc_map_at_5_diff1": 0.044786,
        "nauc_map_at_10_max": 0.238817,
        "nauc_map_at_10_std": 0.044772,
        "nauc_map_at_10_diff1": 0.048658,
        "nauc_map_at_20_max": 0.240018,
        "nauc_map_at_20_std": 0.061252,
        "nauc_map_at_20_diff1": 0.043497,
        "nauc_map_at_100_max": 0.237343,
        "nauc_map_at_100_std": 0.065092,
        "nauc_map_at_100_diff1": 0.038159,
        "nauc_map_at_1000_max": 0.237296,
        "nauc_map_at_1000_std": 0.065073,
        "nauc_map_at_1000_diff1": 0.038243,
        "nauc_recall_at_1_max": 0.174934,
        "nauc_recall_at_1_std": 0.115904,
        "nauc_recall_at_1_diff1": 0.168949,
        "nauc_recall_at_3_max": 0.334345,
        "nauc_recall_at_3_std": 0.066523,
        "nauc_recall_at_3_diff1": -0.239161,
        "nauc_recall_at_5_max": 0.281277,
        "nauc_recall_at_5_std": -0.190713,
        "nauc_recall_at_5_diff1": 0.008367,
        "nauc_recall_at_10_max": 0.45052,
        "nauc_recall_at_10_std": -0.211093,
        "nauc_recall_at_10_diff1": 0.107456,
        "nauc_recall_at_20_max": 0.407182,
        "nauc_recall_at_20_std": -0.058251,
        "nauc_recall_at_20_diff1": 0.085239,
        "nauc_recall_at_100_max": 0.35755,
        "nauc_recall_at_100_std": 0.113206,
        "nauc_recall_at_100_diff1": -0.175564,
        "nauc_recall_at_1000_max": NaN,
        "nauc_recall_at_1000_std": NaN,
        "nauc_recall_at_1000_diff1": NaN,
        "nauc_precision_at_1_max": 0.15761,
        "nauc_precision_at_1_std": 0.162107,
        "nauc_precision_at_1_diff1": 0.118318,
        "nauc_precision_at_3_max": 0.260916,
        "nauc_precision_at_3_std": 0.084827,
        "nauc_precision_at_3_diff1": -0.166391,
        "nauc_precision_at_5_max": 0.266748,
        "nauc_precision_at_5_std": -0.031894,
        "nauc_precision_at_5_diff1": -0.031901,
        "nauc_precision_at_10_max": 0.293317,
        "nauc_precision_at_10_std": 0.135016,
        "nauc_precision_at_10_diff1": -0.108576,
        "nauc_precision_at_20_max": 0.262414,
        "nauc_precision_at_20_std": 0.282102,
        "nauc_precision_at_20_diff1": -0.169365,
        "nauc_precision_at_100_max": 0.174495,
        "nauc_precision_at_100_std": 0.289271,
        "nauc_precision_at_100_diff1": -0.219182,
        "nauc_precision_at_1000_max": 0.157078,
        "nauc_precision_at_1000_std": 0.306023,
        "nauc_precision_at_1000_diff1": -0.223331,
        "nauc_mrr_at_1_max": 0.15761,
        "nauc_mrr_at_1_std": 0.162107,
        "nauc_mrr_at_1_diff1": 0.118318,
        "nauc_mrr_at_3_max": 0.245251,
        "nauc_mrr_at_3_std": 0.160638,
        "nauc_mrr_at_3_diff1": -0.06757,
        "nauc_mrr_at_5_max": 0.20301,
        "nauc_mrr_at_5_std": 0.114619,
        "nauc_mrr_at_5_diff1": -0.011542,
        "nauc_mrr_at_10_max": 0.208516,
        "nauc_mrr_at_10_std": 0.129749,
        "nauc_mrr_at_10_diff1": -0.007494,
        "nauc_mrr_at_20_max": 0.200434,
        "nauc_mrr_at_20_std": 0.127423,
        "nauc_mrr_at_20_diff1": -0.005777,
        "nauc_mrr_at_100_max": 0.200434,
        "nauc_mrr_at_100_std": 0.127423,
        "nauc_mrr_at_100_diff1": -0.005777,
        "nauc_mrr_at_1000_max": 0.200373,
        "nauc_mrr_at_1000_std": 0.127428,
        "nauc_mrr_at_1000_diff1": -0.005711,
        "main_score": 0.67143,
        "hf_subset": "default",
        "languages": [
          "eng-Latn"
        ]
      }
    ]
  },
  "evaluation_time": 93.42226529121399,
  "kg_co2_emissions": null
}