{
  "dataset_revision": "4adc7bc41202b5c13543c9c886a25f340634dab3",
  "task_name": "COIRCodeSearchNetRetrieval",
  "mteb_version": "1.34.8",
  "scores": {
    "test": [
      {
        "ndcg_at_1": 0.94168,
        "ndcg_at_3": 0.96516,
        "ndcg_at_5": 0.96785,
        "ndcg_at_10": 0.96912,
        "ndcg_at_20": 0.96984,
        "ndcg_at_100": 0.97042,
        "ndcg_at_1000": 0.97062,
        "map_at_1": 0.94168,
        "map_at_3": 0.95972,
        "map_at_5": 0.9612,
        "map_at_10": 0.96174,
        "map_at_20": 0.96194,
        "map_at_100": 0.96202,
        "map_at_1000": 0.96203,
        "recall_at_1": 0.94168,
        "recall_at_3": 0.98076,
        "recall_at_5": 0.98733,
        "recall_at_10": 0.99122,
        "recall_at_20": 0.99403,
        "recall_at_100": 0.99712,
        "recall_at_1000": 0.99873,
        "precision_at_1": 0.94168,
        "precision_at_3": 0.32692,
        "precision_at_5": 0.19747,
        "precision_at_10": 0.09912,
        "precision_at_20": 0.0497,
        "precision_at_100": 0.00997,
        "precision_at_1000": 0.001,
        "mrr_at_1": 0.941547,
        "mrr_at_3": 0.959657,
        "mrr_at_5": 0.961135,
        "mrr_at_10": 0.961673,
        "mrr_at_20": 0.961872,
        "mrr_at_100": 0.961956,
        "mrr_at_1000": 0.961962,
        "nauc_ndcg_at_1_max": 0.771579,
        "nauc_ndcg_at_1_std": -0.190247,
        "nauc_ndcg_at_1_diff1": 0.934049,
        "nauc_ndcg_at_3_max": 0.824807,
        "nauc_ndcg_at_3_std": -0.170841,
        "nauc_ndcg_at_3_diff1": 0.934266,
        "nauc_ndcg_at_5_max": 0.819548,
        "nauc_ndcg_at_5_std": -0.160591,
        "nauc_ndcg_at_5_diff1": 0.933604,
        "nauc_ndcg_at_10_max": 0.817086,
        "nauc_ndcg_at_10_std": -0.150567,
        "nauc_ndcg_at_10_diff1": 0.933057,
        "nauc_ndcg_at_20_max": 0.814258,
        "nauc_ndcg_at_20_std": -0.150464,
        "nauc_ndcg_at_20_diff1": 0.934329,
        "nauc_ndcg_at_100_max": 0.811898,
        "nauc_ndcg_at_100_std": -0.151892,
        "nauc_ndcg_at_100_diff1": 0.93442,
        "nauc_ndcg_at_1000_max": 0.810683,
        "nauc_ndcg_at_1000_std": -0.155725,
        "nauc_ndcg_at_1000_diff1": 0.934185,
        "nauc_map_at_1_max": 0.771579,
        "nauc_map_at_1_std": -0.190247,
        "nauc_map_at_1_diff1": 0.934049,
        "nauc_map_at_3_max": 0.808937,
        "nauc_map_at_3_std": -0.178062,
        "nauc_map_at_3_diff1": 0.934001,
        "nauc_map_at_5_max": 0.805985,
        "nauc_map_at_5_std": -0.173617,
        "nauc_map_at_5_diff1": 0.933717,
        "nauc_map_at_10_max": 0.804963,
        "nauc_map_at_10_std": -0.170418,
        "nauc_map_at_10_diff1": 0.933549,
        "nauc_map_at_20_max": 0.804269,
        "nauc_map_at_20_std": -0.170561,
        "nauc_map_at_20_diff1": 0.933822,
        "nauc_map_at_100_max": 0.804017,
        "nauc_map_at_100_std": -0.170537,
        "nauc_map_at_100_diff1": 0.933858,
        "nauc_map_at_1000_max": 0.803985,
        "nauc_map_at_1000_std": -0.170617,
        "nauc_map_at_1000_diff1": 0.933854,
        "nauc_recall_at_1_max": 0.771579,
        "nauc_recall_at_1_std": -0.190247,
        "nauc_recall_at_1_diff1": 0.934049,
        "nauc_recall_at_3_max": 0.918335,
        "nauc_recall_at_3_std": -0.126828,
        "nauc_recall_at_3_diff1": 0.936032,
        "nauc_recall_at_5_max": 0.933518,
        "nauc_recall_at_5_std": -0.040935,
        "nauc_recall_at_5_diff1": 0.932481,
        "nauc_recall_at_10_max": 0.957484,
        "nauc_recall_at_10_std": 0.119972,
        "nauc_recall_at_10_diff1": 0.925734,
        "nauc_recall_at_20_max": 0.967949,
        "nauc_recall_at_20_std": 0.252657,
        "nauc_recall_at_20_diff1": 0.947916,
        "nauc_recall_at_100_max": 0.99696,
        "nauc_recall_at_100_std": 0.561635,
        "nauc_recall_at_100_diff1": 0.96276,
        "nauc_recall_at_1000_max": 1.0,
        "nauc_recall_at_1000_std": 0.705937,
        "nauc_recall_at_1000_diff1": 0.95098,
        "nauc_precision_at_1_max": 0.771579,
        "nauc_precision_at_1_std": -0.190247,
        "nauc_precision_at_1_diff1": 0.934049,
        "nauc_precision_at_3_max": 0.918335,
        "nauc_precision_at_3_std": -0.126828,
        "nauc_precision_at_3_diff1": 0.936032,
        "nauc_precision_at_5_max": 0.933518,
        "nauc_precision_at_5_std": -0.040935,
        "nauc_precision_at_5_diff1": 0.932481,
        "nauc_precision_at_10_max": 0.957484,
        "nauc_precision_at_10_std": 0.119972,
        "nauc_precision_at_10_diff1": 0.925734,
        "nauc_precision_at_20_max": 0.967949,
        "nauc_precision_at_20_std": 0.252657,
        "nauc_precision_at_20_diff1": 0.947916,
        "nauc_precision_at_100_max": 0.99696,
        "nauc_precision_at_100_std": 0.561635,
        "nauc_precision_at_100_diff1": 0.96276,
        "nauc_precision_at_1000_max": 1.0,
        "nauc_precision_at_1000_std": 0.705937,
        "nauc_precision_at_1000_diff1": 0.95098,
        "nauc_mrr_at_1_max": 0.770216,
        "nauc_mrr_at_1_std": -0.189348,
        "nauc_mrr_at_1_diff1": 0.9342,
        "nauc_mrr_at_3_max": 0.807888,
        "nauc_mrr_at_3_std": -0.177431,
        "nauc_mrr_at_3_diff1": 0.934111,
        "nauc_mrr_at_5_max": 0.804901,
        "nauc_mrr_at_5_std": -0.172784,
        "nauc_mrr_at_5_diff1": 0.933807,
        "nauc_mrr_at_10_max": 0.803865,
        "nauc_mrr_at_10_std": -0.169579,
        "nauc_mrr_at_10_diff1": 0.933641,
        "nauc_mrr_at_20_max": 0.803167,
        "nauc_mrr_at_20_std": -0.169717,
        "nauc_mrr_at_20_diff1": 0.933914,
        "nauc_mrr_at_100_max": 0.802912,
        "nauc_mrr_at_100_std": -0.169692,
        "nauc_mrr_at_100_diff1": 0.93395,
        "nauc_mrr_at_1000_max": 0.802881,
        "nauc_mrr_at_1000_std": -0.169771,
        "nauc_mrr_at_1000_diff1": 0.933946,
        "main_score": 0.96912,
        "hf_subset": "python",
        "languages": [
          "python-Code"
        ]
      }
    ]
  },
  "evaluation_time": 1225.0614819526672,
  "kg_co2_emissions": null
}