{
  "dataset_revision": "27a168819829fe9bcd655c2df245fb19452e8e06",
  "task_name": "FiQA2018",
  "mteb_version": "1.34.8",
  "scores": {
    "test": [
      {
        "ndcg_at_1": 0.57099,
        "ndcg_at_3": 0.55419,
        "ndcg_at_5": 0.57044,
        "ndcg_at_10": 0.60102,
        "ndcg_at_20": 0.63344,
        "ndcg_at_100": 0.66354,
        "ndcg_at_1000": 0.67648,
        "map_at_1": 0.29739,
        "map_at_3": 0.44394,
        "map_at_5": 0.48025,
        "map_at_10": 0.50854,
        "map_at_20": 0.52336,
        "map_at_100": 0.53081,
        "map_at_1000": 0.53188,
        "recall_at_1": 0.29739,
        "recall_at_3": 0.51624,
        "recall_at_5": 0.59512,
        "recall_at_10": 0.69167,
        "recall_at_20": 0.79105,
        "recall_at_100": 0.90906,
        "recall_at_1000": 0.97835,
        "precision_at_1": 0.57099,
        "precision_at_3": 0.36934,
        "precision_at_5": 0.2713,
        "precision_at_10": 0.16512,
        "precision_at_20": 0.0963,
        "precision_at_100": 0.0229,
        "precision_at_1000": 0.00255,
        "mrr_at_1": 0.570988,
        "mrr_at_3": 0.653807,
        "mrr_at_5": 0.665612,
        "mrr_at_10": 0.673735,
        "mrr_at_20": 0.678076,
        "mrr_at_100": 0.679556,
        "mrr_at_1000": 0.679636,
        "nauc_ndcg_at_1_max": 0.476587,
        "nauc_ndcg_at_1_std": -0.112128,
        "nauc_ndcg_at_1_diff1": 0.557488,
        "nauc_ndcg_at_3_max": 0.367874,
        "nauc_ndcg_at_3_std": -0.145285,
        "nauc_ndcg_at_3_diff1": 0.3895,
        "nauc_ndcg_at_5_max": 0.36413,
        "nauc_ndcg_at_5_std": -0.137795,
        "nauc_ndcg_at_5_diff1": 0.400409,
        "nauc_ndcg_at_10_max": 0.365758,
        "nauc_ndcg_at_10_std": -0.142364,
        "nauc_ndcg_at_10_diff1": 0.408407,
        "nauc_ndcg_at_20_max": 0.397253,
        "nauc_ndcg_at_20_std": -0.116385,
        "nauc_ndcg_at_20_diff1": 0.421654,
        "nauc_ndcg_at_100_max": 0.405003,
        "nauc_ndcg_at_100_std": -0.10379,
        "nauc_ndcg_at_100_diff1": 0.416576,
        "nauc_ndcg_at_1000_max": 0.407668,
        "nauc_ndcg_at_1000_std": -0.10765,
        "nauc_ndcg_at_1000_diff1": 0.424829,
        "nauc_map_at_1_max": 0.164912,
        "nauc_map_at_1_std": -0.18905,
        "nauc_map_at_1_diff1": 0.453192,
        "nauc_map_at_3_max": 0.242945,
        "nauc_map_at_3_std": -0.190538,
        "nauc_map_at_3_diff1": 0.389046,
        "nauc_map_at_5_max": 0.288835,
        "nauc_map_at_5_std": -0.176708,
        "nauc_map_at_5_diff1": 0.393717,
        "nauc_map_at_10_max": 0.316156,
        "nauc_map_at_10_std": -0.173103,
        "nauc_map_at_10_diff1": 0.393687,
        "nauc_map_at_20_max": 0.333007,
        "nauc_map_at_20_std": -0.161313,
        "nauc_map_at_20_diff1": 0.398108,
        "nauc_map_at_100_max": 0.337251,
        "nauc_map_at_100_std": -0.156628,
        "nauc_map_at_100_diff1": 0.396024,
        "nauc_map_at_1000_max": 0.337846,
        "nauc_map_at_1000_std": -0.156398,
        "nauc_map_at_1000_diff1": 0.396466,
        "nauc_recall_at_1_max": 0.164912,
        "nauc_recall_at_1_std": -0.18905,
        "nauc_recall_at_1_diff1": 0.453192,
        "nauc_recall_at_3_max": 0.183043,
        "nauc_recall_at_3_std": -0.183641,
        "nauc_recall_at_3_diff1": 0.299056,
        "nauc_recall_at_5_max": 0.227797,
        "nauc_recall_at_5_std": -0.137862,
        "nauc_recall_at_5_diff1": 0.290784,
        "nauc_recall_at_10_max": 0.257242,
        "nauc_recall_at_10_std": -0.135988,
        "nauc_recall_at_10_diff1": 0.28973,
        "nauc_recall_at_20_max": 0.334486,
        "nauc_recall_at_20_std": -0.040975,
        "nauc_recall_at_20_diff1": 0.304078,
        "nauc_recall_at_100_max": 0.306875,
        "nauc_recall_at_100_std": 0.082169,
        "nauc_recall_at_100_diff1": 0.176338,
        "nauc_recall_at_1000_max": 0.245677,
        "nauc_recall_at_1000_std": 0.080082,
        "nauc_recall_at_1000_diff1": 0.22427,
        "nauc_precision_at_1_max": 0.476587,
        "nauc_precision_at_1_std": -0.112128,
        "nauc_precision_at_1_diff1": 0.557488,
        "nauc_precision_at_3_max": 0.416346,
        "nauc_precision_at_3_std": -0.007313,
        "nauc_precision_at_3_diff1": 0.172763,
        "nauc_precision_at_5_max": 0.421107,
        "nauc_precision_at_5_std": 0.056348,
        "nauc_precision_at_5_diff1": 0.112779,
        "nauc_precision_at_10_max": 0.400852,
        "nauc_precision_at_10_std": 0.090909,
        "nauc_precision_at_10_diff1": 0.050727,
        "nauc_precision_at_20_max": 0.39254,
        "nauc_precision_at_20_std": 0.160619,
        "nauc_precision_at_20_diff1": 0.010668,
        "nauc_precision_at_100_max": 0.326973,
        "nauc_precision_at_100_std": 0.208795,
        "nauc_precision_at_100_diff1": -0.062669,
        "nauc_precision_at_1000_max": 0.270461,
        "nauc_precision_at_1000_std": 0.19894,
        "nauc_precision_at_1000_diff1": -0.073435,
        "nauc_mrr_at_1_max": 0.476587,
        "nauc_mrr_at_1_std": -0.112128,
        "nauc_mrr_at_1_diff1": 0.557488,
        "nauc_mrr_at_3_max": 0.498601,
        "nauc_mrr_at_3_std": -0.084013,
        "nauc_mrr_at_3_diff1": 0.517943,
        "nauc_mrr_at_5_max": 0.49803,
        "nauc_mrr_at_5_std": -0.074878,
        "nauc_mrr_at_5_diff1": 0.514742,
        "nauc_mrr_at_10_max": 0.498332,
        "nauc_mrr_at_10_std": -0.076382,
        "nauc_mrr_at_10_diff1": 0.518997,
        "nauc_mrr_at_20_max": 0.500493,
        "nauc_mrr_at_20_std": -0.073636,
        "nauc_mrr_at_20_diff1": 0.520236,
        "nauc_mrr_at_100_max": 0.499564,
        "nauc_mrr_at_100_std": -0.075452,
        "nauc_mrr_at_100_diff1": 0.520848,
        "nauc_mrr_at_1000_max": 0.499466,
        "nauc_mrr_at_1000_std": -0.075615,
        "nauc_mrr_at_1000_diff1": 0.520809,
        "main_score": 0.60102,
        "hf_subset": "default",
        "languages": [
          "eng-Latn"
        ]
      }
    ]
  },
  "evaluation_time": 356.50775623321533,
  "kg_co2_emissions": null
}