{
  "dataset_revision": "ec0fa4fe99da2ff19ca1214b7966684033a58814",
  "task_name": "NFCorpus",
  "mteb_version": "1.34.8",
  "scores": {
    "test": [
      {
        "ndcg_at_1": 0.42879,
        "ndcg_at_3": 0.40188,
        "ndcg_at_5": 0.37945,
        "ndcg_at_10": 0.35097,
        "ndcg_at_20": 0.32892,
        "ndcg_at_100": 0.32506,
        "ndcg_at_1000": 0.4135,
        "map_at_1": 0.05221,
        "map_at_3": 0.08923,
        "map_at_5": 0.10619,
        "map_at_10": 0.12538,
        "map_at_20": 0.14168,
        "map_at_100": 0.16485,
        "map_at_1000": 0.18061,
        "recall_at_1": 0.05221,
        "recall_at_3": 0.10424,
        "recall_at_5": 0.13369,
        "recall_at_10": 0.17378,
        "recall_at_20": 0.21307,
        "recall_at_100": 0.33134,
        "recall_at_1000": 0.64869,
        "precision_at_1": 0.44582,
        "precision_at_3": 0.38493,
        "precision_at_5": 0.33313,
        "precision_at_10": 0.2644,
        "precision_at_20": 0.19628,
        "precision_at_100": 0.08474,
        "precision_at_1000": 0.02135,
        "mrr_at_1": 0.448916,
        "mrr_at_3": 0.532508,
        "mrr_at_5": 0.543653,
        "mrr_at_10": 0.550247,
        "mrr_at_20": 0.553738,
        "mrr_at_100": 0.555682,
        "mrr_at_1000": 0.556033,
        "nauc_ndcg_at_1_max": 0.493519,
        "nauc_ndcg_at_1_std": 0.270802,
        "nauc_ndcg_at_1_diff1": 0.253025,
        "nauc_ndcg_at_3_max": 0.495088,
        "nauc_ndcg_at_3_std": 0.280422,
        "nauc_ndcg_at_3_diff1": 0.227443,
        "nauc_ndcg_at_5_max": 0.49979,
        "nauc_ndcg_at_5_std": 0.327543,
        "nauc_ndcg_at_5_diff1": 0.184812,
        "nauc_ndcg_at_10_max": 0.494375,
        "nauc_ndcg_at_10_std": 0.331314,
        "nauc_ndcg_at_10_diff1": 0.185246,
        "nauc_ndcg_at_20_max": 0.480066,
        "nauc_ndcg_at_20_std": 0.315155,
        "nauc_ndcg_at_20_diff1": 0.188778,
        "nauc_ndcg_at_100_max": 0.514969,
        "nauc_ndcg_at_100_std": 0.334424,
        "nauc_ndcg_at_100_diff1": 0.226728,
        "nauc_ndcg_at_1000_max": 0.570912,
        "nauc_ndcg_at_1000_std": 0.403808,
        "nauc_ndcg_at_1000_diff1": 0.237212,
        "nauc_map_at_1_max": 0.226037,
        "nauc_map_at_1_std": -0.158371,
        "nauc_map_at_1_diff1": 0.454718,
        "nauc_map_at_3_max": 0.284311,
        "nauc_map_at_3_std": -0.086466,
        "nauc_map_at_3_diff1": 0.397112,
        "nauc_map_at_5_max": 0.315384,
        "nauc_map_at_5_std": -0.023809,
        "nauc_map_at_5_diff1": 0.348342,
        "nauc_map_at_10_max": 0.36215,
        "nauc_map_at_10_std": 0.044775,
        "nauc_map_at_10_diff1": 0.328351,
        "nauc_map_at_20_max": 0.392,
        "nauc_map_at_20_std": 0.099337,
        "nauc_map_at_20_diff1": 0.301984,
        "nauc_map_at_100_max": 0.430297,
        "nauc_map_at_100_std": 0.186478,
        "nauc_map_at_100_diff1": 0.271452,
        "nauc_map_at_1000_max": 0.435955,
        "nauc_map_at_1000_std": 0.220643,
        "nauc_map_at_1000_diff1": 0.255787,
        "nauc_recall_at_1_max": 0.226037,
        "nauc_recall_at_1_std": -0.158371,
        "nauc_recall_at_1_diff1": 0.454718,
        "nauc_recall_at_3_max": 0.246903,
        "nauc_recall_at_3_std": -0.070206,
        "nauc_recall_at_3_diff1": 0.335519,
        "nauc_recall_at_5_max": 0.257134,
        "nauc_recall_at_5_std": -0.004609,
        "nauc_recall_at_5_diff1": 0.257578,
        "nauc_recall_at_10_max": 0.295284,
        "nauc_recall_at_10_std": 0.066041,
        "nauc_recall_at_10_diff1": 0.258922,
        "nauc_recall_at_20_max": 0.305512,
        "nauc_recall_at_20_std": 0.101753,
        "nauc_recall_at_20_diff1": 0.229302,
        "nauc_recall_at_100_max": 0.339274,
        "nauc_recall_at_100_std": 0.226423,
        "nauc_recall_at_100_diff1": 0.170236,
        "nauc_recall_at_1000_max": 0.346064,
        "nauc_recall_at_1000_std": 0.264403,
        "nauc_recall_at_1000_diff1": 0.162982,
        "nauc_precision_at_1_max": 0.515993,
        "nauc_precision_at_1_std": 0.266062,
        "nauc_precision_at_1_diff1": 0.247084,
        "nauc_precision_at_3_max": 0.483059,
        "nauc_precision_at_3_std": 0.323758,
        "nauc_precision_at_3_diff1": 0.151395,
        "nauc_precision_at_5_max": 0.467411,
        "nauc_precision_at_5_std": 0.412285,
        "nauc_precision_at_5_diff1": 0.048784,
        "nauc_precision_at_10_max": 0.428485,
        "nauc_precision_at_10_std": 0.432339,
        "nauc_precision_at_10_diff1": 0.006551,
        "nauc_precision_at_20_max": 0.360334,
        "nauc_precision_at_20_std": 0.431978,
        "nauc_precision_at_20_diff1": -0.047867,
        "nauc_precision_at_100_max": 0.210775,
        "nauc_precision_at_100_std": 0.408958,
        "nauc_precision_at_100_diff1": -0.115259,
        "nauc_precision_at_1000_max": 0.032428,
        "nauc_precision_at_1000_std": 0.260989,
        "nauc_precision_at_1000_diff1": -0.12463,
        "nauc_mrr_at_1_max": 0.507866,
        "nauc_mrr_at_1_std": 0.258803,
        "nauc_mrr_at_1_diff1": 0.238672,
        "nauc_mrr_at_3_max": 0.547684,
        "nauc_mrr_at_3_std": 0.303341,
        "nauc_mrr_at_3_diff1": 0.250223,
        "nauc_mrr_at_5_max": 0.548022,
        "nauc_mrr_at_5_std": 0.322197,
        "nauc_mrr_at_5_diff1": 0.241523,
        "nauc_mrr_at_10_max": 0.549091,
        "nauc_mrr_at_10_std": 0.323112,
        "nauc_mrr_at_10_diff1": 0.244485,
        "nauc_mrr_at_20_max": 0.553148,
        "nauc_mrr_at_20_std": 0.327265,
        "nauc_mrr_at_20_diff1": 0.244518,
        "nauc_mrr_at_100_max": 0.553191,
        "nauc_mrr_at_100_std": 0.32677,
        "nauc_mrr_at_100_diff1": 0.245199,
        "nauc_mrr_at_1000_max": 0.553052,
        "nauc_mrr_at_1000_std": 0.326565,
        "nauc_mrr_at_1000_diff1": 0.245163,
        "main_score": 0.35097,
        "hf_subset": "default",
        "languages": [
          "eng-Latn"
        ]
      }
    ]
  },
  "evaluation_time": 42.648149490356445,
  "kg_co2_emissions": null
}