{
  "dataset_revision": "f8c2fcf00f625baaa80f62ec5bd9e1fff3b8ae88",
  "task_name": "SCIDOCS",
  "mteb_version": "1.34.8",
  "scores": {
    "test": [
      {
        "ndcg_at_1": 0.294,
        "ndcg_at_3": 0.24165,
        "ndcg_at_5": 0.214,
        "ndcg_at_10": 0.25832,
        "ndcg_at_20": 0.29714,
        "ndcg_at_100": 0.3608,
        "ndcg_at_1000": 0.41342,
        "map_at_1": 0.05972,
        "map_at_3": 0.10888,
        "map_at_5": 0.13344,
        "map_at_10": 0.158,
        "map_at_20": 0.17314,
        "map_at_100": 0.18717,
        "map_at_1000": 0.19084,
        "recall_at_1": 0.05972,
        "recall_at_3": 0.13837,
        "recall_at_5": 0.19302,
        "recall_at_10": 0.27425,
        "recall_at_20": 0.36552,
        "recall_at_100": 0.57282,
        "recall_at_1000": 0.8246,
        "precision_at_1": 0.294,
        "precision_at_3": 0.22767,
        "precision_at_5": 0.1906,
        "precision_at_10": 0.1353,
        "precision_at_20": 0.09005,
        "precision_at_100": 0.0282,
        "precision_at_1000": 0.00406,
        "mrr_at_1": 0.294,
        "mrr_at_3": 0.386167,
        "mrr_at_5": 0.407617,
        "mrr_at_10": 0.422421,
        "mrr_at_20": 0.429873,
        "mrr_at_100": 0.433678,
        "mrr_at_1000": 0.433904,
        "nauc_ndcg_at_1_max": 0.293465,
        "nauc_ndcg_at_1_std": 0.079958,
        "nauc_ndcg_at_1_diff1": 0.195015,
        "nauc_ndcg_at_3_max": 0.344675,
        "nauc_ndcg_at_3_std": 0.117476,
        "nauc_ndcg_at_3_diff1": 0.139427,
        "nauc_ndcg_at_5_max": 0.351132,
        "nauc_ndcg_at_5_std": 0.134989,
        "nauc_ndcg_at_5_diff1": 0.119558,
        "nauc_ndcg_at_10_max": 0.377292,
        "nauc_ndcg_at_10_std": 0.177609,
        "nauc_ndcg_at_10_diff1": 0.105737,
        "nauc_ndcg_at_20_max": 0.394509,
        "nauc_ndcg_at_20_std": 0.220263,
        "nauc_ndcg_at_20_diff1": 0.09871,
        "nauc_ndcg_at_100_max": 0.413865,
        "nauc_ndcg_at_100_std": 0.274586,
        "nauc_ndcg_at_100_diff1": 0.090273,
        "nauc_ndcg_at_1000_max": 0.411192,
        "nauc_ndcg_at_1000_std": 0.260047,
        "nauc_ndcg_at_1000_diff1": 0.097178,
        "nauc_map_at_1_max": 0.286432,
        "nauc_map_at_1_std": 0.076665,
        "nauc_map_at_1_diff1": 0.189704,
        "nauc_map_at_3_max": 0.341577,
        "nauc_map_at_3_std": 0.10737,
        "nauc_map_at_3_diff1": 0.133112,
        "nauc_map_at_5_max": 0.34939,
        "nauc_map_at_5_std": 0.127595,
        "nauc_map_at_5_diff1": 0.10736,
        "nauc_map_at_10_max": 0.370093,
        "nauc_map_at_10_std": 0.15993,
        "nauc_map_at_10_diff1": 0.096605,
        "nauc_map_at_20_max": 0.383018,
        "nauc_map_at_20_std": 0.185882,
        "nauc_map_at_20_diff1": 0.091891,
        "nauc_map_at_100_max": 0.391916,
        "nauc_map_at_100_std": 0.205819,
        "nauc_map_at_100_diff1": 0.088947,
        "nauc_map_at_1000_max": 0.392305,
        "nauc_map_at_1000_std": 0.205891,
        "nauc_map_at_1000_diff1": 0.088906,
        "nauc_recall_at_1_max": 0.286432,
        "nauc_recall_at_1_std": 0.076665,
        "nauc_recall_at_1_diff1": 0.189704,
        "nauc_recall_at_3_max": 0.351654,
        "nauc_recall_at_3_std": 0.127467,
        "nauc_recall_at_3_diff1": 0.105782,
        "nauc_recall_at_5_max": 0.347644,
        "nauc_recall_at_5_std": 0.151346,
        "nauc_recall_at_5_diff1": 0.07698,
        "nauc_recall_at_10_max": 0.368311,
        "nauc_recall_at_10_std": 0.2163,
        "nauc_recall_at_10_diff1": 0.047979,
        "nauc_recall_at_20_max": 0.378571,
        "nauc_recall_at_20_std": 0.291853,
        "nauc_recall_at_20_diff1": 0.031119,
        "nauc_recall_at_100_max": 0.388287,
        "nauc_recall_at_100_std": 0.419709,
        "nauc_recall_at_100_diff1": -0.000659,
        "nauc_recall_at_1000_max": 0.354034,
        "nauc_recall_at_1000_std": 0.415019,
        "nauc_recall_at_1000_diff1": -0.014099,
        "nauc_precision_at_1_max": 0.293465,
        "nauc_precision_at_1_std": 0.079958,
        "nauc_precision_at_1_diff1": 0.195015,
        "nauc_precision_at_3_max": 0.35866,
        "nauc_precision_at_3_std": 0.133093,
        "nauc_precision_at_3_diff1": 0.110276,
        "nauc_precision_at_5_max": 0.35453,
        "nauc_precision_at_5_std": 0.155578,
        "nauc_precision_at_5_diff1": 0.082273,
        "nauc_precision_at_10_max": 0.373768,
        "nauc_precision_at_10_std": 0.219608,
        "nauc_precision_at_10_diff1": 0.052248,
        "nauc_precision_at_20_max": 0.383512,
        "nauc_precision_at_20_std": 0.293747,
        "nauc_precision_at_20_diff1": 0.037448,
        "nauc_precision_at_100_max": 0.389707,
        "nauc_precision_at_100_std": 0.416084,
        "nauc_precision_at_100_diff1": 0.007502,
        "nauc_precision_at_1000_max": 0.341609,
        "nauc_precision_at_1000_std": 0.390959,
        "nauc_precision_at_1000_diff1": 0.003714,
        "nauc_mrr_at_1_max": 0.293465,
        "nauc_mrr_at_1_std": 0.079958,
        "nauc_mrr_at_1_diff1": 0.195015,
        "nauc_mrr_at_3_max": 0.321557,
        "nauc_mrr_at_3_std": 0.106297,
        "nauc_mrr_at_3_diff1": 0.176053,
        "nauc_mrr_at_5_max": 0.323771,
        "nauc_mrr_at_5_std": 0.110762,
        "nauc_mrr_at_5_diff1": 0.175467,
        "nauc_mrr_at_10_max": 0.328298,
        "nauc_mrr_at_10_std": 0.119067,
        "nauc_mrr_at_10_diff1": 0.175123,
        "nauc_mrr_at_20_max": 0.327511,
        "nauc_mrr_at_20_std": 0.120141,
        "nauc_mrr_at_20_diff1": 0.174184,
        "nauc_mrr_at_100_max": 0.326705,
        "nauc_mrr_at_100_std": 0.118503,
        "nauc_mrr_at_100_diff1": 0.175311,
        "nauc_mrr_at_1000_max": 0.326518,
        "nauc_mrr_at_1000_std": 0.118245,
        "nauc_mrr_at_1000_diff1": 0.175325,
        "main_score": 0.25832,
        "hf_subset": "default",
        "languages": [
          "eng-Latn"
        ]
      }
    ]
  },
  "evaluation_time": 204.5130476951599,
  "kg_co2_emissions": null
}