{
  "dataset_revision": "f22508f96b7a36c2415181ed8bb76f76e04ae2d5",
  "task_name": "AppsRetrieval",
  "mteb_version": "1.34.8",
  "scores": {
    "test": [
      {
        "ndcg_at_1": 0.04356,
        "ndcg_at_3": 0.06069,
        "ndcg_at_5": 0.06581,
        "ndcg_at_10": 0.07366,
        "ndcg_at_20": 0.08183,
        "ndcg_at_100": 0.10028,
        "ndcg_at_1000": 0.13781,
        "map_at_1": 0.04356,
        "map_at_3": 0.05635,
        "map_at_5": 0.05918,
        "map_at_10": 0.06239,
        "map_at_20": 0.06458,
        "map_at_100": 0.06691,
        "map_at_1000": 0.06802,
        "recall_at_1": 0.04356,
        "recall_at_3": 0.07331,
        "recall_at_5": 0.08579,
        "recall_at_10": 0.11023,
        "recall_at_20": 0.1429,
        "recall_at_100": 0.24568,
        "recall_at_1000": 0.5591,
        "precision_at_1": 0.04356,
        "precision_at_3": 0.02444,
        "precision_at_5": 0.01716,
        "precision_at_10": 0.01102,
        "precision_at_20": 0.00714,
        "precision_at_100": 0.00246,
        "precision_at_1000": 0.00056,
        "mrr_at_1": 0.043559,
        "mrr_at_3": 0.056352,
        "mrr_at_5": 0.059181,
        "mrr_at_10": 0.062388,
        "mrr_at_20": 0.064578,
        "mrr_at_100": 0.066915,
        "mrr_at_1000": 0.068022,
        "nauc_ndcg_at_1_max": 0.382823,
        "nauc_ndcg_at_1_std": 0.092623,
        "nauc_ndcg_at_1_diff1": 0.365391,
        "nauc_ndcg_at_3_max": 0.325546,
        "nauc_ndcg_at_3_std": 0.067829,
        "nauc_ndcg_at_3_diff1": 0.235816,
        "nauc_ndcg_at_5_max": 0.316099,
        "nauc_ndcg_at_5_std": 0.072078,
        "nauc_ndcg_at_5_diff1": 0.221569,
        "nauc_ndcg_at_10_max": 0.291418,
        "nauc_ndcg_at_10_std": 0.072775,
        "nauc_ndcg_at_10_diff1": 0.187297,
        "nauc_ndcg_at_20_max": 0.285969,
        "nauc_ndcg_at_20_std": 0.077612,
        "nauc_ndcg_at_20_diff1": 0.171909,
        "nauc_ndcg_at_100_max": 0.272168,
        "nauc_ndcg_at_100_std": 0.094196,
        "nauc_ndcg_at_100_diff1": 0.150337,
        "nauc_ndcg_at_1000_max": 0.273291,
        "nauc_ndcg_at_1000_std": 0.114778,
        "nauc_ndcg_at_1000_diff1": 0.139137,
        "nauc_map_at_1_max": 0.382823,
        "nauc_map_at_1_std": 0.092623,
        "nauc_map_at_1_diff1": 0.365391,
        "nauc_map_at_3_max": 0.337298,
        "nauc_map_at_3_std": 0.072655,
        "nauc_map_at_3_diff1": 0.260986,
        "nauc_map_at_5_max": 0.331021,
        "nauc_map_at_5_std": 0.074981,
        "nauc_map_at_5_diff1": 0.251045,
        "nauc_map_at_10_max": 0.318378,
        "nauc_map_at_10_std": 0.075332,
        "nauc_map_at_10_diff1": 0.233184,
        "nauc_map_at_20_max": 0.316346,
        "nauc_map_at_20_std": 0.076872,
        "nauc_map_at_20_diff1": 0.227695,
        "nauc_map_at_100_max": 0.313294,
        "nauc_map_at_100_std": 0.079593,
        "nauc_map_at_100_diff1": 0.222912,
        "nauc_map_at_1000_max": 0.312893,
        "nauc_map_at_1000_std": 0.080505,
        "nauc_map_at_1000_diff1": 0.22198,
        "nauc_recall_at_1_max": 0.382823,
        "nauc_recall_at_1_std": 0.092623,
        "nauc_recall_at_1_diff1": 0.365391,
        "nauc_recall_at_3_max": 0.299133,
        "nauc_recall_at_3_std": 0.057061,
        "nauc_recall_at_3_diff1": 0.179659,
        "nauc_recall_at_5_max": 0.285056,
        "nauc_recall_at_5_std": 0.066726,
        "nauc_recall_at_5_diff1": 0.16114,
        "nauc_recall_at_10_max": 0.239384,
        "nauc_recall_at_10_std": 0.068793,
        "nauc_recall_at_10_diff1": 0.100852,
        "nauc_recall_at_20_max": 0.233503,
        "nauc_recall_at_20_std": 0.081194,
        "nauc_recall_at_20_diff1": 0.075666,
        "nauc_recall_at_100_max": 0.211914,
        "nauc_recall_at_100_std": 0.125462,
        "nauc_recall_at_100_diff1": 0.045393,
        "nauc_recall_at_1000_max": 0.226496,
        "nauc_recall_at_1000_std": 0.204533,
        "nauc_recall_at_1000_diff1": 0.011887,
        "nauc_precision_at_1_max": 0.382823,
        "nauc_precision_at_1_std": 0.092623,
        "nauc_precision_at_1_diff1": 0.365391,
        "nauc_precision_at_3_max": 0.299133,
        "nauc_precision_at_3_std": 0.057061,
        "nauc_precision_at_3_diff1": 0.179659,
        "nauc_precision_at_5_max": 0.285056,
        "nauc_precision_at_5_std": 0.066726,
        "nauc_precision_at_5_diff1": 0.16114,
        "nauc_precision_at_10_max": 0.239384,
        "nauc_precision_at_10_std": 0.068793,
        "nauc_precision_at_10_diff1": 0.100852,
        "nauc_precision_at_20_max": 0.233503,
        "nauc_precision_at_20_std": 0.081194,
        "nauc_precision_at_20_diff1": 0.075666,
        "nauc_precision_at_100_max": 0.211914,
        "nauc_precision_at_100_std": 0.125462,
        "nauc_precision_at_100_diff1": 0.045393,
        "nauc_precision_at_1000_max": 0.226496,
        "nauc_precision_at_1000_std": 0.204533,
        "nauc_precision_at_1000_diff1": 0.011887,
        "nauc_mrr_at_1_max": 0.382823,
        "nauc_mrr_at_1_std": 0.092623,
        "nauc_mrr_at_1_diff1": 0.365391,
        "nauc_mrr_at_3_max": 0.337298,
        "nauc_mrr_at_3_std": 0.072655,
        "nauc_mrr_at_3_diff1": 0.260986,
        "nauc_mrr_at_5_max": 0.331021,
        "nauc_mrr_at_5_std": 0.074981,
        "nauc_mrr_at_5_diff1": 0.251024,
        "nauc_mrr_at_10_max": 0.318378,
        "nauc_mrr_at_10_std": 0.075332,
        "nauc_mrr_at_10_diff1": 0.233163,
        "nauc_mrr_at_20_max": 0.316346,
        "nauc_mrr_at_20_std": 0.076872,
        "nauc_mrr_at_20_diff1": 0.227675,
        "nauc_mrr_at_100_max": 0.313294,
        "nauc_mrr_at_100_std": 0.079593,
        "nauc_mrr_at_100_diff1": 0.222892,
        "nauc_mrr_at_1000_max": 0.312893,
        "nauc_mrr_at_1000_std": 0.080505,
        "nauc_mrr_at_1000_diff1": 0.22196,
        "main_score": 0.07366,
        "hf_subset": "default",
        "languages": [
          "eng-Latn",
          "python-Code"
        ]
      }
    ]
  },
  "evaluation_time": 33.57124185562134,
  "kg_co2_emissions": null
}