{
  "dataset_revision": "5d958fb6b31055495347724d46431ba41309b03a",
  "task_name": "ChemNQRetrieval",
  "mteb_version": "1.34.8",
  "scores": {
    "test": [
      {
        "ndcg_at_1": 0.2963,
        "ndcg_at_3": 0.44624,
        "ndcg_at_5": 0.4853,
        "ndcg_at_10": 0.53832,
        "ndcg_at_20": 0.55689,
        "ndcg_at_100": 0.57079,
        "ndcg_at_1000": 0.58091,
        "map_at_1": 0.27778,
        "map_at_3": 0.40021,
        "map_at_5": 0.42058,
        "map_at_10": 0.44721,
        "map_at_20": 0.45409,
        "map_at_100": 0.45615,
        "map_at_1000": 0.45662,
        "recall_at_1": 0.27778,
        "recall_at_3": 0.54321,
        "recall_at_5": 0.6358,
        "recall_at_10": 0.78395,
        "recall_at_20": 0.85185,
        "recall_at_100": 0.92593,
        "recall_at_1000": 1.0,
        "precision_at_1": 0.2963,
        "precision_at_3": 0.23457,
        "precision_at_5": 0.16296,
        "precision_at_10": 0.1037,
        "precision_at_20": 0.05741,
        "precision_at_100": 0.01222,
        "precision_at_1000": 0.0013,
        "mrr_at_1": 0.296296,
        "mrr_at_3": 0.425926,
        "mrr_at_5": 0.45,
        "mrr_at_10": 0.464697,
        "mrr_at_20": 0.466549,
        "mrr_at_100": 0.468617,
        "mrr_at_1000": 0.469086,
        "nauc_ndcg_at_1_max": 0.579249,
        "nauc_ndcg_at_1_std": 0.024217,
        "nauc_ndcg_at_1_diff1": 0.484235,
        "nauc_ndcg_at_3_max": 0.620015,
        "nauc_ndcg_at_3_std": 0.069916,
        "nauc_ndcg_at_3_diff1": 0.434837,
        "nauc_ndcg_at_5_max": 0.594494,
        "nauc_ndcg_at_5_std": 0.039489,
        "nauc_ndcg_at_5_diff1": 0.421057,
        "nauc_ndcg_at_10_max": 0.648644,
        "nauc_ndcg_at_10_std": 0.068578,
        "nauc_ndcg_at_10_diff1": 0.412101,
        "nauc_ndcg_at_20_max": 0.635402,
        "nauc_ndcg_at_20_std": 0.0777,
        "nauc_ndcg_at_20_diff1": 0.369597,
        "nauc_ndcg_at_100_max": 0.623206,
        "nauc_ndcg_at_100_std": 0.077088,
        "nauc_ndcg_at_100_diff1": 0.344245,
        "nauc_ndcg_at_1000_max": 0.619407,
        "nauc_ndcg_at_1000_std": 0.062728,
        "nauc_ndcg_at_1000_diff1": 0.372584,
        "nauc_map_at_1_max": 0.587866,
        "nauc_map_at_1_std": 0.055673,
        "nauc_map_at_1_diff1": 0.403653,
        "nauc_map_at_3_max": 0.620221,
        "nauc_map_at_3_std": 0.049333,
        "nauc_map_at_3_diff1": 0.432263,
        "nauc_map_at_5_max": 0.603493,
        "nauc_map_at_5_std": 0.026022,
        "nauc_map_at_5_diff1": 0.424877,
        "nauc_map_at_10_max": 0.623324,
        "nauc_map_at_10_std": 0.037098,
        "nauc_map_at_10_diff1": 0.4134,
        "nauc_map_at_20_max": 0.620154,
        "nauc_map_at_20_std": 0.045437,
        "nauc_map_at_20_diff1": 0.397424,
        "nauc_map_at_100_max": 0.61783,
        "nauc_map_at_100_std": 0.04365,
        "nauc_map_at_100_diff1": 0.393755,
        "nauc_map_at_1000_max": 0.617648,
        "nauc_map_at_1000_std": 0.042942,
        "nauc_map_at_1000_diff1": 0.395072,
        "nauc_recall_at_1_max": 0.587866,
        "nauc_recall_at_1_std": 0.055673,
        "nauc_recall_at_1_diff1": 0.403653,
        "nauc_recall_at_3_max": 0.633381,
        "nauc_recall_at_3_std": 0.123134,
        "nauc_recall_at_3_diff1": 0.489465,
        "nauc_recall_at_5_max": 0.546573,
        "nauc_recall_at_5_std": 0.033057,
        "nauc_recall_at_5_diff1": 0.455771,
        "nauc_recall_at_10_max": 0.763839,
        "nauc_recall_at_10_std": 0.162734,
        "nauc_recall_at_10_diff1": 0.448605,
        "nauc_recall_at_20_max": 0.770444,
        "nauc_recall_at_20_std": 0.208885,
        "nauc_recall_at_20_diff1": 0.233796,
        "nauc_recall_at_100_max": 0.711863,
        "nauc_recall_at_100_std": 0.412218,
        "nauc_recall_at_100_diff1": -0.325919,
        "nauc_recall_at_1000_max": NaN,
        "nauc_recall_at_1000_std": NaN,
        "nauc_recall_at_1000_diff1": NaN,
        "nauc_precision_at_1_max": 0.579249,
        "nauc_precision_at_1_std": 0.024217,
        "nauc_precision_at_1_diff1": 0.484235,
        "nauc_precision_at_3_max": 0.480928,
        "nauc_precision_at_3_std": 0.049122,
        "nauc_precision_at_3_diff1": 0.274688,
        "nauc_precision_at_5_max": 0.45218,
        "nauc_precision_at_5_std": 0.057045,
        "nauc_precision_at_5_diff1": 0.227763,
        "nauc_precision_at_10_max": 0.373263,
        "nauc_precision_at_10_std": 0.112062,
        "nauc_precision_at_10_diff1": 0.113384,
        "nauc_precision_at_20_max": 0.239804,
        "nauc_precision_at_20_std": 0.146739,
        "nauc_precision_at_20_diff1": -0.078189,
        "nauc_precision_at_100_max": 0.151221,
        "nauc_precision_at_100_std": 0.169968,
        "nauc_precision_at_100_diff1": -0.214245,
        "nauc_precision_at_1000_max": 0.044538,
        "nauc_precision_at_1000_std": 0.123871,
        "nauc_precision_at_1000_diff1": -0.192995,
        "nauc_mrr_at_1_max": 0.579249,
        "nauc_mrr_at_1_std": 0.024217,
        "nauc_mrr_at_1_diff1": 0.484235,
        "nauc_mrr_at_3_max": 0.585633,
        "nauc_mrr_at_3_std": 0.05783,
        "nauc_mrr_at_3_diff1": 0.401587,
        "nauc_mrr_at_5_max": 0.577834,
        "nauc_mrr_at_5_std": 0.054835,
        "nauc_mrr_at_5_diff1": 0.391559,
        "nauc_mrr_at_10_max": 0.596308,
        "nauc_mrr_at_10_std": 0.05974,
        "nauc_mrr_at_10_diff1": 0.394103,
        "nauc_mrr_at_20_max": 0.593451,
        "nauc_mrr_at_20_std": 0.055765,
        "nauc_mrr_at_20_diff1": 0.391846,
        "nauc_mrr_at_100_max": 0.590994,
        "nauc_mrr_at_100_std": 0.05406,
        "nauc_mrr_at_100_diff1": 0.388187,
        "nauc_mrr_at_1000_max": 0.590773,
        "nauc_mrr_at_1000_std": 0.053376,
        "nauc_mrr_at_1000_diff1": 0.38948,
        "main_score": 0.53832,
        "hf_subset": "default",
        "languages": [
          "eng-Latn"
        ]
      }
    ]
  },
  "evaluation_time": 23.339134693145752,
  "kg_co2_emissions": null
}