{
  "dataset_revision": "4adc7bc41202b5c13543c9c886a25f340634dab3",
  "task_name": "COIRCodeSearchNetRetrieval",
  "mteb_version": "1.34.8",
  "scores": {
    "test": [
      {
        "ndcg_at_1": 0.67777,
        "ndcg_at_3": 0.73882,
        "ndcg_at_5": 0.752,
        "ndcg_at_10": 0.76513,
        "ndcg_at_20": 0.77285,
        "ndcg_at_100": 0.78326,
        "ndcg_at_1000": 0.7883,
        "map_at_1": 0.67777,
        "map_at_3": 0.72419,
        "map_at_5": 0.73146,
        "map_at_10": 0.73696,
        "map_at_20": 0.7391,
        "map_at_100": 0.74056,
        "map_at_1000": 0.74074,
        "recall_at_1": 0.67777,
        "recall_at_3": 0.781,
        "recall_at_5": 0.81318,
        "recall_at_10": 0.85333,
        "recall_at_20": 0.88376,
        "recall_at_100": 0.93947,
        "recall_at_1000": 0.97982,
        "precision_at_1": 0.67777,
        "precision_at_3": 0.26033,
        "precision_at_5": 0.16264,
        "precision_at_10": 0.08533,
        "precision_at_20": 0.04419,
        "precision_at_100": 0.00939,
        "precision_at_1000": 0.00098,
        "mrr_at_1": 0.677705,
        "mrr_at_3": 0.724148,
        "mrr_at_5": 0.731414,
        "mrr_at_10": 0.736917,
        "mrr_at_20": 0.739053,
        "mrr_at_100": 0.740518,
        "mrr_at_1000": 0.740697,
        "nauc_ndcg_at_1_max": 0.698442,
        "nauc_ndcg_at_1_std": -0.013348,
        "nauc_ndcg_at_1_diff1": 0.817105,
        "nauc_ndcg_at_3_max": 0.716861,
        "nauc_ndcg_at_3_std": 0.008069,
        "nauc_ndcg_at_3_diff1": 0.783783,
        "nauc_ndcg_at_5_max": 0.714025,
        "nauc_ndcg_at_5_std": 0.014016,
        "nauc_ndcg_at_5_diff1": 0.77963,
        "nauc_ndcg_at_10_max": 0.713941,
        "nauc_ndcg_at_10_std": 0.023283,
        "nauc_ndcg_at_10_diff1": 0.779421,
        "nauc_ndcg_at_20_max": 0.714428,
        "nauc_ndcg_at_20_std": 0.028571,
        "nauc_ndcg_at_20_diff1": 0.780018,
        "nauc_ndcg_at_100_max": 0.713967,
        "nauc_ndcg_at_100_std": 0.028193,
        "nauc_ndcg_at_100_diff1": 0.782484,
        "nauc_ndcg_at_1000_max": 0.713763,
        "nauc_ndcg_at_1000_std": 0.024488,
        "nauc_ndcg_at_1000_diff1": 0.784594,
        "nauc_map_at_1_max": 0.698442,
        "nauc_map_at_1_std": -0.013348,
        "nauc_map_at_1_diff1": 0.817105,
        "nauc_map_at_3_max": 0.712804,
        "nauc_map_at_3_std": 0.002585,
        "nauc_map_at_3_diff1": 0.792443,
        "nauc_map_at_5_max": 0.71119,
        "nauc_map_at_5_std": 0.005633,
        "nauc_map_at_5_diff1": 0.790422,
        "nauc_map_at_10_max": 0.711081,
        "nauc_map_at_10_std": 0.008864,
        "nauc_map_at_10_diff1": 0.790571,
        "nauc_map_at_20_max": 0.711169,
        "nauc_map_at_20_std": 0.009952,
        "nauc_map_at_20_diff1": 0.790842,
        "nauc_map_at_100_max": 0.711023,
        "nauc_map_at_100_std": 0.009783,
        "nauc_map_at_100_diff1": 0.791125,
        "nauc_map_at_1000_max": 0.711027,
        "nauc_map_at_1000_std": 0.009708,
        "nauc_map_at_1000_diff1": 0.7912,
        "nauc_recall_at_1_max": 0.698442,
        "nauc_recall_at_1_std": -0.013348,
        "nauc_recall_at_1_diff1": 0.817105,
        "nauc_recall_at_3_max": 0.730371,
        "nauc_recall_at_3_std": 0.026802,
        "nauc_recall_at_3_diff1": 0.754132,
        "nauc_recall_at_5_max": 0.723935,
        "nauc_recall_at_5_std": 0.04707,
        "nauc_recall_at_5_diff1": 0.737647,
        "nauc_recall_at_10_max": 0.726156,
        "nauc_recall_at_10_std": 0.098274,
        "nauc_recall_at_10_diff1": 0.726244,
        "nauc_recall_at_20_max": 0.732474,
        "nauc_recall_at_20_std": 0.153672,
        "nauc_recall_at_20_diff1": 0.717575,
        "nauc_recall_at_100_max": 0.744163,
        "nauc_recall_at_100_std": 0.258795,
        "nauc_recall_at_100_diff1": 0.707746,
        "nauc_recall_at_1000_max": 0.781446,
        "nauc_recall_at_1000_std": 0.417519,
        "nauc_recall_at_1000_diff1": 0.710731,
        "nauc_precision_at_1_max": 0.698442,
        "nauc_precision_at_1_std": -0.013348,
        "nauc_precision_at_1_diff1": 0.817105,
        "nauc_precision_at_3_max": 0.730371,
        "nauc_precision_at_3_std": 0.026802,
        "nauc_precision_at_3_diff1": 0.754132,
        "nauc_precision_at_5_max": 0.723935,
        "nauc_precision_at_5_std": 0.04707,
        "nauc_precision_at_5_diff1": 0.737647,
        "nauc_precision_at_10_max": 0.726156,
        "nauc_precision_at_10_std": 0.098274,
        "nauc_precision_at_10_diff1": 0.726244,
        "nauc_precision_at_20_max": 0.732474,
        "nauc_precision_at_20_std": 0.153672,
        "nauc_precision_at_20_diff1": 0.717575,
        "nauc_precision_at_100_max": 0.744163,
        "nauc_precision_at_100_std": 0.258795,
        "nauc_precision_at_100_diff1": 0.707746,
        "nauc_precision_at_1000_max": 0.781446,
        "nauc_precision_at_1000_std": 0.417519,
        "nauc_precision_at_1000_diff1": 0.710731,
        "nauc_mrr_at_1_max": 0.698377,
        "nauc_mrr_at_1_std": -0.013099,
        "nauc_mrr_at_1_diff1": 0.81724,
        "nauc_mrr_at_3_max": 0.712789,
        "nauc_mrr_at_3_std": 0.002765,
        "nauc_mrr_at_3_diff1": 0.792511,
        "nauc_mrr_at_5_max": 0.711174,
        "nauc_mrr_at_5_std": 0.005817,
        "nauc_mrr_at_5_diff1": 0.790492,
        "nauc_mrr_at_10_max": 0.711065,
        "nauc_mrr_at_10_std": 0.009052,
        "nauc_mrr_at_10_diff1": 0.790643,
        "nauc_mrr_at_20_max": 0.711153,
        "nauc_mrr_at_20_std": 0.010141,
        "nauc_mrr_at_20_diff1": 0.790914,
        "nauc_mrr_at_100_max": 0.711006,
        "nauc_mrr_at_100_std": 0.009973,
        "nauc_mrr_at_100_diff1": 0.791198,
        "nauc_mrr_at_1000_max": 0.711011,
        "nauc_mrr_at_1000_std": 0.009898,
        "nauc_mrr_at_1000_diff1": 0.791272,
        "main_score": 0.76513,
        "hf_subset": "python",
        "languages": [
          "python-Code"
        ]
      }
    ]
  },
  "evaluation_time": 301.9740364551544,
  "kg_co2_emissions": null
}