{
  "dataset_revision": "ae763399273d8b20506b80cf6f6f9a31a6a2b238",
  "task_name": "MedicalQARetrieval",
  "mteb_version": "1.34.8",
  "scores": {
    "test": [
      {
        "ndcg_at_1": 0.50439,
        "ndcg_at_3": 0.62016,
        "ndcg_at_5": 0.65049,
        "ndcg_at_10": 0.67398,
        "ndcg_at_20": 0.68536,
        "ndcg_at_100": 0.69779,
        "ndcg_at_1000": 0.70308,
        "map_at_1": 0.50439,
        "map_at_3": 0.59196,
        "map_at_5": 0.609,
        "map_at_10": 0.61886,
        "map_at_20": 0.62206,
        "map_at_100": 0.6239,
        "map_at_1000": 0.62409,
        "recall_at_1": 0.50439,
        "recall_at_3": 0.70166,
        "recall_at_5": 0.77441,
        "recall_at_10": 0.84619,
        "recall_at_20": 0.89062,
        "recall_at_100": 0.95605,
        "recall_at_1000": 0.99805,
        "precision_at_1": 0.50439,
        "precision_at_3": 0.23389,
        "precision_at_5": 0.15488,
        "precision_at_10": 0.08462,
        "precision_at_20": 0.04453,
        "precision_at_100": 0.00956,
        "precision_at_1000": 0.001,
        "mrr_at_1": 0.503906,
        "mrr_at_3": 0.591227,
        "mrr_at_5": 0.608634,
        "mrr_at_10": 0.618415,
        "mrr_at_20": 0.621614,
        "mrr_at_100": 0.623453,
        "mrr_at_1000": 0.623645,
        "nauc_ndcg_at_1_max": 0.309059,
        "nauc_ndcg_at_1_std": -0.071634,
        "nauc_ndcg_at_1_diff1": 0.523893,
        "nauc_ndcg_at_3_max": 0.328063,
        "nauc_ndcg_at_3_std": -0.068718,
        "nauc_ndcg_at_3_diff1": 0.465227,
        "nauc_ndcg_at_5_max": 0.339098,
        "nauc_ndcg_at_5_std": -0.063893,
        "nauc_ndcg_at_5_diff1": 0.454652,
        "nauc_ndcg_at_10_max": 0.354938,
        "nauc_ndcg_at_10_std": -0.046751,
        "nauc_ndcg_at_10_diff1": 0.449745,
        "nauc_ndcg_at_20_max": 0.358501,
        "nauc_ndcg_at_20_std": -0.036341,
        "nauc_ndcg_at_20_diff1": 0.451797,
        "nauc_ndcg_at_100_max": 0.353551,
        "nauc_ndcg_at_100_std": -0.035414,
        "nauc_ndcg_at_100_diff1": 0.457153,
        "nauc_ndcg_at_1000_max": 0.343896,
        "nauc_ndcg_at_1000_std": -0.047602,
        "nauc_ndcg_at_1000_diff1": 0.463715,
        "nauc_map_at_1_max": 0.309059,
        "nauc_map_at_1_std": -0.071634,
        "nauc_map_at_1_diff1": 0.523893,
        "nauc_map_at_3_max": 0.322523,
        "nauc_map_at_3_std": -0.069942,
        "nauc_map_at_3_diff1": 0.480572,
        "nauc_map_at_5_max": 0.32769,
        "nauc_map_at_5_std": -0.067959,
        "nauc_map_at_5_diff1": 0.475792,
        "nauc_map_at_10_max": 0.332845,
        "nauc_map_at_10_std": -0.062009,
        "nauc_map_at_10_diff1": 0.474281,
        "nauc_map_at_20_max": 0.333631,
        "nauc_map_at_20_std": -0.059597,
        "nauc_map_at_20_diff1": 0.474987,
        "nauc_map_at_100_max": 0.333107,
        "nauc_map_at_100_std": -0.059283,
        "nauc_map_at_100_diff1": 0.475541,
        "nauc_map_at_1000_max": 0.332807,
        "nauc_map_at_1000_std": -0.059641,
        "nauc_map_at_1000_diff1": 0.475739,
        "nauc_recall_at_1_max": 0.309059,
        "nauc_recall_at_1_std": -0.071634,
        "nauc_recall_at_1_diff1": 0.523893,
        "nauc_recall_at_3_max": 0.347435,
        "nauc_recall_at_3_std": -0.064263,
        "nauc_recall_at_3_diff1": 0.412385,
        "nauc_recall_at_5_max": 0.389717,
        "nauc_recall_at_5_std": -0.044851,
        "nauc_recall_at_5_diff1": 0.364562,
        "nauc_recall_at_10_max": 0.498344,
        "nauc_recall_at_10_std": 0.056858,
        "nauc_recall_at_10_diff1": 0.305292,
        "nauc_recall_at_20_max": 0.578187,
        "nauc_recall_at_20_std": 0.185137,
        "nauc_recall_at_20_diff1": 0.272356,
        "nauc_recall_at_100_max": 0.737999,
        "nauc_recall_at_100_std": 0.498772,
        "nauc_recall_at_100_diff1": 0.182526,
        "nauc_recall_at_1000_max": 0.169292,
        "nauc_recall_at_1000_std": 0.641789,
        "nauc_recall_at_1000_diff1": 0.368249,
        "nauc_precision_at_1_max": 0.309059,
        "nauc_precision_at_1_std": -0.071634,
        "nauc_precision_at_1_diff1": 0.523893,
        "nauc_precision_at_3_max": 0.347435,
        "nauc_precision_at_3_std": -0.064263,
        "nauc_precision_at_3_diff1": 0.412385,
        "nauc_precision_at_5_max": 0.389717,
        "nauc_precision_at_5_std": -0.044851,
        "nauc_precision_at_5_diff1": 0.364562,
        "nauc_precision_at_10_max": 0.498344,
        "nauc_precision_at_10_std": 0.056858,
        "nauc_precision_at_10_diff1": 0.305292,
        "nauc_precision_at_20_max": 0.578187,
        "nauc_precision_at_20_std": 0.185137,
        "nauc_precision_at_20_diff1": 0.272356,
        "nauc_precision_at_100_max": 0.737999,
        "nauc_precision_at_100_std": 0.498772,
        "nauc_precision_at_100_diff1": 0.182526,
        "nauc_precision_at_1000_max": 0.169292,
        "nauc_precision_at_1000_std": 0.641789,
        "nauc_precision_at_1000_diff1": 0.368249,
        "nauc_mrr_at_1_max": 0.309914,
        "nauc_mrr_at_1_std": -0.070381,
        "nauc_mrr_at_1_diff1": 0.525029,
        "nauc_mrr_at_3_max": 0.322778,
        "nauc_mrr_at_3_std": -0.069164,
        "nauc_mrr_at_3_diff1": 0.482295,
        "nauc_mrr_at_5_max": 0.328535,
        "nauc_mrr_at_5_std": -0.066998,
        "nauc_mrr_at_5_diff1": 0.476786,
        "nauc_mrr_at_10_max": 0.333318,
        "nauc_mrr_at_10_std": -0.061171,
        "nauc_mrr_at_10_diff1": 0.475488,
        "nauc_mrr_at_20_max": 0.334108,
        "nauc_mrr_at_20_std": -0.058752,
        "nauc_mrr_at_20_diff1": 0.476205,
        "nauc_mrr_at_100_max": 0.333594,
        "nauc_mrr_at_100_std": -0.058431,
        "nauc_mrr_at_100_diff1": 0.476768,
        "nauc_mrr_at_1000_max": 0.333294,
        "nauc_mrr_at_1000_std": -0.058787,
        "nauc_mrr_at_1000_diff1": 0.476966,
        "main_score": 0.67398,
        "hf_subset": "default",
        "languages": [
          "eng-Latn"
        ]
      }
    ]
  },
  "evaluation_time": 7.093246221542358,
  "kg_co2_emissions": null
}