{
  "dataset_revision": "ec0fa4fe99da2ff19ca1214b7966684033a58814",
  "task_name": "NFCorpus",
  "mteb_version": "1.34.8",
  "scores": {
    "test": [
      {
        "ndcg_at_1": 0.38854,
        "ndcg_at_3": 0.35393,
        "ndcg_at_5": 0.33466,
        "ndcg_at_10": 0.30467,
        "ndcg_at_20": 0.28541,
        "ndcg_at_100": 0.29072,
        "ndcg_at_1000": 0.37585,
        "map_at_1": 0.04289,
        "map_at_3": 0.07225,
        "map_at_5": 0.08677,
        "map_at_10": 0.10388,
        "map_at_20": 0.11766,
        "map_at_100": 0.1399,
        "map_at_1000": 0.15458,
        "recall_at_1": 0.04289,
        "recall_at_3": 0.08231,
        "recall_at_5": 0.10543,
        "recall_at_10": 0.14365,
        "recall_at_20": 0.18068,
        "recall_at_100": 0.31132,
        "recall_at_1000": 0.60904,
        "precision_at_1": 0.40867,
        "precision_at_3": 0.34262,
        "precision_at_5": 0.30402,
        "precision_at_10": 0.23529,
        "precision_at_20": 0.17632,
        "precision_at_100": 0.07935,
        "precision_at_1000": 0.0207,
        "mrr_at_1": 0.408669,
        "mrr_at_3": 0.472652,
        "mrr_at_5": 0.483333,
        "mrr_at_10": 0.492893,
        "mrr_at_20": 0.494714,
        "mrr_at_100": 0.497978,
        "mrr_at_1000": 0.498459,
        "nauc_ndcg_at_1_max": 0.376748,
        "nauc_ndcg_at_1_std": 0.17893,
        "nauc_ndcg_at_1_diff1": 0.305142,
        "nauc_ndcg_at_3_max": 0.425257,
        "nauc_ndcg_at_3_std": 0.231456,
        "nauc_ndcg_at_3_diff1": 0.24227,
        "nauc_ndcg_at_5_max": 0.453417,
        "nauc_ndcg_at_5_std": 0.275616,
        "nauc_ndcg_at_5_diff1": 0.227138,
        "nauc_ndcg_at_10_max": 0.467321,
        "nauc_ndcg_at_10_std": 0.291572,
        "nauc_ndcg_at_10_diff1": 0.220094,
        "nauc_ndcg_at_20_max": 0.464042,
        "nauc_ndcg_at_20_std": 0.292603,
        "nauc_ndcg_at_20_diff1": 0.217141,
        "nauc_ndcg_at_100_max": 0.483018,
        "nauc_ndcg_at_100_std": 0.31795,
        "nauc_ndcg_at_100_diff1": 0.204649,
        "nauc_ndcg_at_1000_max": 0.532287,
        "nauc_ndcg_at_1000_std": 0.399684,
        "nauc_ndcg_at_1000_diff1": 0.220993,
        "nauc_map_at_1_max": 0.083647,
        "nauc_map_at_1_std": -0.121575,
        "nauc_map_at_1_diff1": 0.375909,
        "nauc_map_at_3_max": 0.180584,
        "nauc_map_at_3_std": -0.052377,
        "nauc_map_at_3_diff1": 0.312824,
        "nauc_map_at_5_max": 0.23588,
        "nauc_map_at_5_std": 0.005354,
        "nauc_map_at_5_diff1": 0.274201,
        "nauc_map_at_10_max": 0.298677,
        "nauc_map_at_10_std": 0.071194,
        "nauc_map_at_10_diff1": 0.238968,
        "nauc_map_at_20_max": 0.339653,
        "nauc_map_at_20_std": 0.119542,
        "nauc_map_at_20_diff1": 0.218378,
        "nauc_map_at_100_max": 0.383676,
        "nauc_map_at_100_std": 0.188086,
        "nauc_map_at_100_diff1": 0.201022,
        "nauc_map_at_1000_max": 0.396258,
        "nauc_map_at_1000_std": 0.22078,
        "nauc_map_at_1000_diff1": 0.195494,
        "nauc_recall_at_1_max": 0.083647,
        "nauc_recall_at_1_std": -0.121575,
        "nauc_recall_at_1_diff1": 0.375909,
        "nauc_recall_at_3_max": 0.190908,
        "nauc_recall_at_3_std": -0.029001,
        "nauc_recall_at_3_diff1": 0.279611,
        "nauc_recall_at_5_max": 0.264194,
        "nauc_recall_at_5_std": 0.053156,
        "nauc_recall_at_5_diff1": 0.221393,
        "nauc_recall_at_10_max": 0.28599,
        "nauc_recall_at_10_std": 0.100261,
        "nauc_recall_at_10_diff1": 0.168845,
        "nauc_recall_at_20_max": 0.326608,
        "nauc_recall_at_20_std": 0.142795,
        "nauc_recall_at_20_diff1": 0.180144,
        "nauc_recall_at_100_max": 0.342007,
        "nauc_recall_at_100_std": 0.227159,
        "nauc_recall_at_100_diff1": 0.122391,
        "nauc_recall_at_1000_max": 0.355162,
        "nauc_recall_at_1000_std": 0.319177,
        "nauc_recall_at_1000_diff1": 0.102599,
        "nauc_precision_at_1_max": 0.376972,
        "nauc_precision_at_1_std": 0.178146,
        "nauc_precision_at_1_diff1": 0.297058,
        "nauc_precision_at_3_max": 0.459442,
        "nauc_precision_at_3_std": 0.28437,
        "nauc_precision_at_3_diff1": 0.17428,
        "nauc_precision_at_5_max": 0.481997,
        "nauc_precision_at_5_std": 0.356193,
        "nauc_precision_at_5_diff1": 0.124335,
        "nauc_precision_at_10_max": 0.473554,
        "nauc_precision_at_10_std": 0.376395,
        "nauc_precision_at_10_diff1": 0.090902,
        "nauc_precision_at_20_max": 0.425775,
        "nauc_precision_at_20_std": 0.379932,
        "nauc_precision_at_20_diff1": 0.052526,
        "nauc_precision_at_100_max": 0.292695,
        "nauc_precision_at_100_std": 0.358822,
        "nauc_precision_at_100_diff1": -0.00221,
        "nauc_precision_at_1000_max": 0.108941,
        "nauc_precision_at_1000_std": 0.228975,
        "nauc_precision_at_1000_diff1": -0.013508,
        "nauc_mrr_at_1_max": 0.376972,
        "nauc_mrr_at_1_std": 0.178146,
        "nauc_mrr_at_1_diff1": 0.297058,
        "nauc_mrr_at_3_max": 0.449798,
        "nauc_mrr_at_3_std": 0.253486,
        "nauc_mrr_at_3_diff1": 0.306957,
        "nauc_mrr_at_5_max": 0.459196,
        "nauc_mrr_at_5_std": 0.266901,
        "nauc_mrr_at_5_diff1": 0.300869,
        "nauc_mrr_at_10_max": 0.457083,
        "nauc_mrr_at_10_std": 0.266194,
        "nauc_mrr_at_10_diff1": 0.300144,
        "nauc_mrr_at_20_max": 0.459764,
        "nauc_mrr_at_20_std": 0.27045,
        "nauc_mrr_at_20_diff1": 0.302059,
        "nauc_mrr_at_100_max": 0.459328,
        "nauc_mrr_at_100_std": 0.270074,
        "nauc_mrr_at_100_diff1": 0.301486,
        "nauc_mrr_at_1000_max": 0.458969,
        "nauc_mrr_at_1000_std": 0.269717,
        "nauc_mrr_at_1000_diff1": 0.301403,
        "main_score": 0.30467,
        "hf_subset": "default",
        "languages": [
          "eng-Latn"
        ]
      }
    ]
  },
  "evaluation_time": 11.381478071212769,
  "kg_co2_emissions": null
}