{
  "dataset_revision": "0228b52cf27578f30900b9e5271d331663a030d7",
  "task_name": "SciFact",
  "mteb_version": "1.34.8",
  "scores": {
    "test": [
      {
        "ndcg_at_1": 0.53333,
        "ndcg_at_3": 0.59678,
        "ndcg_at_5": 0.6223,
        "ndcg_at_10": 0.65003,
        "ndcg_at_20": 0.66953,
        "ndcg_at_100": 0.68752,
        "ndcg_at_1000": 0.6942,
        "map_at_1": 0.51289,
        "map_at_3": 0.57351,
        "map_at_5": 0.59125,
        "map_at_10": 0.60467,
        "map_at_20": 0.61075,
        "map_at_100": 0.61349,
        "map_at_1000": 0.61376,
        "recall_at_1": 0.51289,
        "recall_at_3": 0.63672,
        "recall_at_5": 0.69878,
        "recall_at_10": 0.77744,
        "recall_at_20": 0.85033,
        "recall_at_100": 0.945,
        "recall_at_1000": 0.99667,
        "precision_at_1": 0.53333,
        "precision_at_3": 0.23111,
        "precision_at_5": 0.15533,
        "precision_at_10": 0.08833,
        "precision_at_20": 0.0485,
        "precision_at_100": 0.01073,
        "precision_at_1000": 0.00113,
        "mrr_at_1": 0.533333,
        "mrr_at_3": 0.591111,
        "mrr_at_5": 0.604444,
        "mrr_at_10": 0.614806,
        "mrr_at_20": 0.61969,
        "mrr_at_100": 0.621997,
        "mrr_at_1000": 0.622247,
        "nauc_ndcg_at_1_max": 0.419032,
        "nauc_ndcg_at_1_std": 0.041636,
        "nauc_ndcg_at_1_diff1": 0.667087,
        "nauc_ndcg_at_3_max": 0.481251,
        "nauc_ndcg_at_3_std": 0.060144,
        "nauc_ndcg_at_3_diff1": 0.66521,
        "nauc_ndcg_at_5_max": 0.501673,
        "nauc_ndcg_at_5_std": 0.084108,
        "nauc_ndcg_at_5_diff1": 0.667091,
        "nauc_ndcg_at_10_max": 0.510905,
        "nauc_ndcg_at_10_std": 0.110931,
        "nauc_ndcg_at_10_diff1": 0.651422,
        "nauc_ndcg_at_20_max": 0.522733,
        "nauc_ndcg_at_20_std": 0.125622,
        "nauc_ndcg_at_20_diff1": 0.649462,
        "nauc_ndcg_at_100_max": 0.503907,
        "nauc_ndcg_at_100_std": 0.116639,
        "nauc_ndcg_at_100_diff1": 0.652105,
        "nauc_ndcg_at_1000_max": 0.498579,
        "nauc_ndcg_at_1000_std": 0.10391,
        "nauc_ndcg_at_1000_diff1": 0.654336,
        "nauc_map_at_1_max": 0.388024,
        "nauc_map_at_1_std": 0.006327,
        "nauc_map_at_1_diff1": 0.676467,
        "nauc_map_at_3_max": 0.451504,
        "nauc_map_at_3_std": 0.035268,
        "nauc_map_at_3_diff1": 0.671724,
        "nauc_map_at_5_max": 0.471404,
        "nauc_map_at_5_std": 0.058885,
        "nauc_map_at_5_diff1": 0.668285,
        "nauc_map_at_10_max": 0.479322,
        "nauc_map_at_10_std": 0.074157,
        "nauc_map_at_10_diff1": 0.661398,
        "nauc_map_at_20_max": 0.482258,
        "nauc_map_at_20_std": 0.078647,
        "nauc_map_at_20_diff1": 0.660202,
        "nauc_map_at_100_max": 0.47928,
        "nauc_map_at_100_std": 0.076794,
        "nauc_map_at_100_diff1": 0.660528,
        "nauc_map_at_1000_max": 0.479011,
        "nauc_map_at_1000_std": 0.076388,
        "nauc_map_at_1000_diff1": 0.66058,
        "nauc_recall_at_1_max": 0.388024,
        "nauc_recall_at_1_std": 0.006327,
        "nauc_recall_at_1_diff1": 0.676467,
        "nauc_recall_at_3_max": 0.509127,
        "nauc_recall_at_3_std": 0.062932,
        "nauc_recall_at_3_diff1": 0.666087,
        "nauc_recall_at_5_max": 0.572907,
        "nauc_recall_at_5_std": 0.133756,
        "nauc_recall_at_5_diff1": 0.66584,
        "nauc_recall_at_10_max": 0.616661,
        "nauc_recall_at_10_std": 0.233617,
        "nauc_recall_at_10_diff1": 0.612033,
        "nauc_recall_at_20_max": 0.744076,
        "nauc_recall_at_20_std": 0.376102,
        "nauc_recall_at_20_diff1": 0.591479,
        "nauc_recall_at_100_max": 0.681889,
        "nauc_recall_at_100_std": 0.604646,
        "nauc_recall_at_100_diff1": 0.56792,
        "nauc_recall_at_1000_max": 1.0,
        "nauc_recall_at_1000_std": 1.0,
        "nauc_recall_at_1000_diff1": 0.722222,
        "nauc_precision_at_1_max": 0.419032,
        "nauc_precision_at_1_std": 0.041636,
        "nauc_precision_at_1_diff1": 0.667087,
        "nauc_precision_at_3_max": 0.548105,
        "nauc_precision_at_3_std": 0.19619,
        "nauc_precision_at_3_diff1": 0.510136,
        "nauc_precision_at_5_max": 0.566019,
        "nauc_precision_at_5_std": 0.297666,
        "nauc_precision_at_5_diff1": 0.383875,
        "nauc_precision_at_10_max": 0.512655,
        "nauc_precision_at_10_std": 0.393231,
        "nauc_precision_at_10_diff1": 0.201818,
        "nauc_precision_at_20_max": 0.493884,
        "nauc_precision_at_20_std": 0.471039,
        "nauc_precision_at_20_diff1": 0.065707,
        "nauc_precision_at_100_max": 0.329521,
        "nauc_precision_at_100_std": 0.503883,
        "nauc_precision_at_100_diff1": -0.13132,
        "nauc_precision_at_1000_max": 0.236842,
        "nauc_precision_at_1000_std": 0.46329,
        "nauc_precision_at_1000_diff1": -0.288518,
        "nauc_mrr_at_1_max": 0.419032,
        "nauc_mrr_at_1_std": 0.041636,
        "nauc_mrr_at_1_diff1": 0.667087,
        "nauc_mrr_at_3_max": 0.478157,
        "nauc_mrr_at_3_std": 0.074224,
        "nauc_mrr_at_3_diff1": 0.66187,
        "nauc_mrr_at_5_max": 0.486098,
        "nauc_mrr_at_5_std": 0.08043,
        "nauc_mrr_at_5_diff1": 0.664208,
        "nauc_mrr_at_10_max": 0.486468,
        "nauc_mrr_at_10_std": 0.088705,
        "nauc_mrr_at_10_diff1": 0.657294,
        "nauc_mrr_at_20_max": 0.486578,
        "nauc_mrr_at_20_std": 0.088636,
        "nauc_mrr_at_20_diff1": 0.657488,
        "nauc_mrr_at_100_max": 0.484038,
        "nauc_mrr_at_100_std": 0.086411,
        "nauc_mrr_at_100_diff1": 0.657911,
        "nauc_mrr_at_1000_max": 0.483818,
        "nauc_mrr_at_1000_std": 0.086079,
        "nauc_mrr_at_1000_diff1": 0.65799,
        "main_score": 0.65003,
        "hf_subset": "default",
        "languages": [
          "eng-Latn"
        ]
      }
    ]
  },
  "evaluation_time": 15.483697175979614,
  "kg_co2_emissions": null
}