{
  "dataset_revision": "f22508f96b7a36c2415181ed8bb76f76e04ae2d5",
  "task_name": "AppsRetrieval",
  "mteb_version": "1.34.8",
  "scores": {
    "test": [
      {
        "ndcg_at_1": 0.03825,
        "ndcg_at_3": 0.05274,
        "ndcg_at_5": 0.05977,
        "ndcg_at_10": 0.06816,
        "ndcg_at_20": 0.07591,
        "ndcg_at_100": 0.09301,
        "ndcg_at_1000": 0.12935,
        "map_at_1": 0.03825,
        "map_at_3": 0.04905,
        "map_at_5": 0.05297,
        "map_at_10": 0.05641,
        "map_at_20": 0.05852,
        "map_at_100": 0.06064,
        "map_at_1000": 0.06166,
        "recall_at_1": 0.03825,
        "recall_at_3": 0.06348,
        "recall_at_5": 0.08048,
        "recall_at_10": 0.10651,
        "recall_at_20": 0.13732,
        "recall_at_100": 0.2332,
        "recall_at_1000": 0.53944,
        "precision_at_1": 0.03825,
        "precision_at_3": 0.02116,
        "precision_at_5": 0.0161,
        "precision_at_10": 0.01065,
        "precision_at_20": 0.00687,
        "precision_at_100": 0.00233,
        "precision_at_1000": 0.00054,
        "mrr_at_1": 0.037981,
        "mrr_at_3": 0.04896,
        "mrr_at_5": 0.052877,
        "mrr_at_10": 0.05632,
        "mrr_at_20": 0.058429,
        "mrr_at_100": 0.060547,
        "mrr_at_1000": 0.061575,
        "nauc_ndcg_at_1_max": 0.352165,
        "nauc_ndcg_at_1_std": 0.0633,
        "nauc_ndcg_at_1_diff1": 0.307869,
        "nauc_ndcg_at_3_max": 0.3438,
        "nauc_ndcg_at_3_std": 0.074245,
        "nauc_ndcg_at_3_diff1": 0.224637,
        "nauc_ndcg_at_5_max": 0.312994,
        "nauc_ndcg_at_5_std": 0.069675,
        "nauc_ndcg_at_5_diff1": 0.193326,
        "nauc_ndcg_at_10_max": 0.293199,
        "nauc_ndcg_at_10_std": 0.070807,
        "nauc_ndcg_at_10_diff1": 0.167931,
        "nauc_ndcg_at_20_max": 0.288149,
        "nauc_ndcg_at_20_std": 0.080116,
        "nauc_ndcg_at_20_diff1": 0.153224,
        "nauc_ndcg_at_100_max": 0.272352,
        "nauc_ndcg_at_100_std": 0.09094,
        "nauc_ndcg_at_100_diff1": 0.138929,
        "nauc_ndcg_at_1000_max": 0.271846,
        "nauc_ndcg_at_1000_std": 0.112173,
        "nauc_ndcg_at_1000_diff1": 0.11784,
        "nauc_map_at_1_max": 0.352165,
        "nauc_map_at_1_std": 0.0633,
        "nauc_map_at_1_diff1": 0.307869,
        "nauc_map_at_3_max": 0.346335,
        "nauc_map_at_3_std": 0.07202,
        "nauc_map_at_3_diff1": 0.24104,
        "nauc_map_at_5_max": 0.326881,
        "nauc_map_at_5_std": 0.069159,
        "nauc_map_at_5_diff1": 0.220359,
        "nauc_map_at_10_max": 0.316341,
        "nauc_map_at_10_std": 0.070033,
        "nauc_map_at_10_diff1": 0.205626,
        "nauc_map_at_20_max": 0.313972,
        "nauc_map_at_20_std": 0.073391,
        "nauc_map_at_20_diff1": 0.199378,
        "nauc_map_at_100_max": 0.310717,
        "nauc_map_at_100_std": 0.075415,
        "nauc_map_at_100_diff1": 0.1956,
        "nauc_map_at_1000_max": 0.310495,
        "nauc_map_at_1000_std": 0.076479,
        "nauc_map_at_1000_diff1": 0.1944,
        "nauc_recall_at_1_max": 0.352165,
        "nauc_recall_at_1_std": 0.0633,
        "nauc_recall_at_1_diff1": 0.307869,
        "nauc_recall_at_3_max": 0.337841,
        "nauc_recall_at_3_std": 0.079259,
        "nauc_recall_at_3_diff1": 0.187824,
        "nauc_recall_at_5_max": 0.283485,
        "nauc_recall_at_5_std": 0.070407,
        "nauc_recall_at_5_diff1": 0.13876,
        "nauc_recall_at_10_max": 0.250441,
        "nauc_recall_at_10_std": 0.071685,
        "nauc_recall_at_10_diff1": 0.102148,
        "nauc_recall_at_20_max": 0.245965,
        "nauc_recall_at_20_std": 0.092554,
        "nauc_recall_at_20_diff1": 0.07985,
        "nauc_recall_at_100_max": 0.21736,
        "nauc_recall_at_100_std": 0.117013,
        "nauc_recall_at_100_diff1": 0.066033,
        "nauc_recall_at_1000_max": 0.221526,
        "nauc_recall_at_1000_std": 0.190987,
        "nauc_recall_at_1000_diff1": -0.003311,
        "nauc_precision_at_1_max": 0.352165,
        "nauc_precision_at_1_std": 0.0633,
        "nauc_precision_at_1_diff1": 0.307869,
        "nauc_precision_at_3_max": 0.337841,
        "nauc_precision_at_3_std": 0.079259,
        "nauc_precision_at_3_diff1": 0.187824,
        "nauc_precision_at_5_max": 0.283485,
        "nauc_precision_at_5_std": 0.070407,
        "nauc_precision_at_5_diff1": 0.13876,
        "nauc_precision_at_10_max": 0.250441,
        "nauc_precision_at_10_std": 0.071685,
        "nauc_precision_at_10_diff1": 0.102148,
        "nauc_precision_at_20_max": 0.245965,
        "nauc_precision_at_20_std": 0.092554,
        "nauc_precision_at_20_diff1": 0.07985,
        "nauc_precision_at_100_max": 0.21736,
        "nauc_precision_at_100_std": 0.117013,
        "nauc_precision_at_100_diff1": 0.066033,
        "nauc_precision_at_1000_max": 0.221526,
        "nauc_precision_at_1000_std": 0.190987,
        "nauc_precision_at_1000_diff1": -0.003311,
        "nauc_mrr_at_1_max": 0.355121,
        "nauc_mrr_at_1_std": 0.059112,
        "nauc_mrr_at_1_diff1": 0.314043,
        "nauc_mrr_at_3_max": 0.347089,
        "nauc_mrr_at_3_std": 0.070952,
        "nauc_mrr_at_3_diff1": 0.24266,
        "nauc_mrr_at_5_max": 0.327546,
        "nauc_mrr_at_5_std": 0.068166,
        "nauc_mrr_at_5_diff1": 0.221824,
        "nauc_mrr_at_10_max": 0.316952,
        "nauc_mrr_at_10_std": 0.069098,
        "nauc_mrr_at_10_diff1": 0.206984,
        "nauc_mrr_at_20_max": 0.314564,
        "nauc_mrr_at_20_std": 0.072484,
        "nauc_mrr_at_20_diff1": 0.200694,
        "nauc_mrr_at_100_max": 0.311291,
        "nauc_mrr_at_100_std": 0.074531,
        "nauc_mrr_at_100_diff1": 0.196881,
        "nauc_mrr_at_1000_max": 0.311068,
        "nauc_mrr_at_1000_std": 0.075598,
        "nauc_mrr_at_1000_diff1": 0.195676,
        "main_score": 0.06816,
        "hf_subset": "default",
        "languages": [
          "eng-Latn",
          "python-Code"
        ]
      }
    ]
  },
  "evaluation_time": 98.782222032547,
  "kg_co2_emissions": null
}