{
  "dataset_revision": "c22ab2a51041ffd869aaddef7af8d8215647e41a",
  "task_name": "ArguAna",
  "mteb_version": "1.34.8",
  "scores": {
    "test": [
      {
        "ndcg_at_1": 0.30299,
        "ndcg_at_3": 0.4588,
        "ndcg_at_5": 0.51272,
        "ndcg_at_10": 0.56386,
        "ndcg_at_20": 0.58678,
        "ndcg_at_100": 0.59442,
        "ndcg_at_1000": 0.59534,
        "map_at_1": 0.30299,
        "map_at_3": 0.41939,
        "map_at_5": 0.44916,
        "map_at_10": 0.47058,
        "map_at_20": 0.4771,
        "map_at_100": 0.4783,
        "map_at_1000": 0.47833,
        "recall_at_1": 0.30299,
        "recall_at_3": 0.57326,
        "recall_at_5": 0.70484,
        "recall_at_10": 0.86131,
        "recall_at_20": 0.95021,
        "recall_at_100": 0.98933,
        "recall_at_1000": 0.99644,
        "precision_at_1": 0.30299,
        "precision_at_3": 0.19109,
        "precision_at_5": 0.14097,
        "precision_at_10": 0.08613,
        "precision_at_20": 0.04751,
        "precision_at_100": 0.00989,
        "precision_at_1000": 0.001,
        "mrr_at_1": 0.305832,
        "mrr_at_3": 0.42046,
        "mrr_at_5": 0.450119,
        "mrr_at_10": 0.471764,
        "mrr_at_20": 0.478285,
        "mrr_at_100": 0.479478,
        "mrr_at_1000": 0.479516,
        "nauc_ndcg_at_1_max": -0.136773,
        "nauc_ndcg_at_1_std": -0.209064,
        "nauc_ndcg_at_1_diff1": 0.097084,
        "nauc_ndcg_at_3_max": -0.135955,
        "nauc_ndcg_at_3_std": -0.20513,
        "nauc_ndcg_at_3_diff1": 0.056498,
        "nauc_ndcg_at_5_max": -0.126085,
        "nauc_ndcg_at_5_std": -0.212581,
        "nauc_ndcg_at_5_diff1": 0.060239,
        "nauc_ndcg_at_10_max": -0.126147,
        "nauc_ndcg_at_10_std": -0.209316,
        "nauc_ndcg_at_10_diff1": 0.054744,
        "nauc_ndcg_at_20_max": -0.116832,
        "nauc_ndcg_at_20_std": -0.204707,
        "nauc_ndcg_at_20_diff1": 0.0608,
        "nauc_ndcg_at_100_max": -0.123441,
        "nauc_ndcg_at_100_std": -0.202431,
        "nauc_ndcg_at_100_diff1": 0.063218,
        "nauc_ndcg_at_1000_max": -0.126164,
        "nauc_ndcg_at_1000_std": -0.204211,
        "nauc_ndcg_at_1000_diff1": 0.063183,
        "nauc_map_at_1_max": -0.136773,
        "nauc_map_at_1_std": -0.209064,
        "nauc_map_at_1_diff1": 0.097084,
        "nauc_map_at_3_max": -0.136715,
        "nauc_map_at_3_std": -0.205865,
        "nauc_map_at_3_diff1": 0.064461,
        "nauc_map_at_5_max": -0.132121,
        "nauc_map_at_5_std": -0.209677,
        "nauc_map_at_5_diff1": 0.066265,
        "nauc_map_at_10_max": -0.132403,
        "nauc_map_at_10_std": -0.207581,
        "nauc_map_at_10_diff1": 0.064154,
        "nauc_map_at_20_max": -0.130043,
        "nauc_map_at_20_std": -0.206456,
        "nauc_map_at_20_diff1": 0.065602,
        "nauc_map_at_100_max": -0.130659,
        "nauc_map_at_100_std": -0.206322,
        "nauc_map_at_100_diff1": 0.066039,
        "nauc_map_at_1000_max": -0.130766,
        "nauc_map_at_1000_std": -0.206363,
        "nauc_map_at_1000_diff1": 0.066025,
        "nauc_recall_at_1_max": -0.136773,
        "nauc_recall_at_1_std": -0.209064,
        "nauc_recall_at_1_diff1": 0.097084,
        "nauc_recall_at_3_max": -0.13341,
        "nauc_recall_at_3_std": -0.203002,
        "nauc_recall_at_3_diff1": 0.033236,
        "nauc_recall_at_5_max": -0.100838,
        "nauc_recall_at_5_std": -0.225022,
        "nauc_recall_at_5_diff1": 0.040816,
        "nauc_recall_at_10_max": -0.078885,
        "nauc_recall_at_10_std": -0.225492,
        "nauc_recall_at_10_diff1": -0.005587,
        "nauc_recall_at_20_max": 0.165175,
        "nauc_recall_at_20_std": -0.165405,
        "nauc_recall_at_20_diff1": 0.015652,
        "nauc_recall_at_100_max": 0.344034,
        "nauc_recall_at_100_std": 0.286952,
        "nauc_recall_at_100_diff1": 0.087038,
        "nauc_recall_at_1000_max": -0.039184,
        "nauc_recall_at_1000_std": 0.259434,
        "nauc_recall_at_1000_diff1": 0.184725,
        "nauc_precision_at_1_max": -0.136773,
        "nauc_precision_at_1_std": -0.209064,
        "nauc_precision_at_1_diff1": 0.097084,
        "nauc_precision_at_3_max": -0.13341,
        "nauc_precision_at_3_std": -0.203002,
        "nauc_precision_at_3_diff1": 0.033236,
        "nauc_precision_at_5_max": -0.100838,
        "nauc_precision_at_5_std": -0.225022,
        "nauc_precision_at_5_diff1": 0.040816,
        "nauc_precision_at_10_max": -0.078885,
        "nauc_precision_at_10_std": -0.225492,
        "nauc_precision_at_10_diff1": -0.005587,
        "nauc_precision_at_20_max": 0.165175,
        "nauc_precision_at_20_std": -0.165405,
        "nauc_precision_at_20_diff1": 0.015652,
        "nauc_precision_at_100_max": 0.344034,
        "nauc_precision_at_100_std": 0.286952,
        "nauc_precision_at_100_diff1": 0.087038,
        "nauc_precision_at_1000_max": -0.039184,
        "nauc_precision_at_1000_std": 0.259434,
        "nauc_precision_at_1000_diff1": 0.184725,
        "nauc_mrr_at_1_max": -0.136829,
        "nauc_mrr_at_1_std": -0.207161,
        "nauc_mrr_at_1_diff1": 0.088738,
        "nauc_mrr_at_3_max": -0.143315,
        "nauc_mrr_at_3_std": -0.207884,
        "nauc_mrr_at_3_diff1": 0.054786,
        "nauc_mrr_at_5_max": -0.137043,
        "nauc_mrr_at_5_std": -0.207346,
        "nauc_mrr_at_5_diff1": 0.056849,
        "nauc_mrr_at_10_max": -0.136419,
        "nauc_mrr_at_10_std": -0.206937,
        "nauc_mrr_at_10_diff1": 0.055764,
        "nauc_mrr_at_20_max": -0.134168,
        "nauc_mrr_at_20_std": -0.205802,
        "nauc_mrr_at_20_diff1": 0.057023,
        "nauc_mrr_at_100_max": -0.134818,
        "nauc_mrr_at_100_std": -0.20567,
        "nauc_mrr_at_100_diff1": 0.057404,
        "nauc_mrr_at_1000_max": -0.134925,
        "nauc_mrr_at_1000_std": -0.205712,
        "nauc_mrr_at_1000_diff1": 0.057388,
        "main_score": 0.56386,
        "hf_subset": "default",
        "languages": [
          "eng-Latn"
        ]
      }
    ]
  },
  "evaluation_time": 62.19254660606384,
  "kg_co2_emissions": null
}