{
  "dataset_revision": "5d958fb6b31055495347724d46431ba41309b03a",
  "task_name": "ChemNQRetrieval",
  "mteb_version": "1.34.8",
  "scores": {
    "test": [
      {
        "ndcg_at_1": 0.2963,
        "ndcg_at_3": 0.40461,
        "ndcg_at_5": 0.44891,
        "ndcg_at_10": 0.48396,
        "ndcg_at_20": 0.52087,
        "ndcg_at_100": 0.54636,
        "ndcg_at_1000": 0.55138,
        "map_at_1": 0.23457,
        "map_at_3": 0.34877,
        "map_at_5": 0.38395,
        "map_at_10": 0.39815,
        "map_at_20": 0.40797,
        "map_at_100": 0.41294,
        "map_at_1000": 0.41316,
        "recall_at_1": 0.23457,
        "recall_at_3": 0.49383,
        "recall_at_5": 0.58642,
        "recall_at_10": 0.69136,
        "recall_at_20": 0.83951,
        "recall_at_100": 0.96296,
        "recall_at_1000": 1.0,
        "precision_at_1": 0.2963,
        "precision_at_3": 0.20988,
        "precision_at_5": 0.15556,
        "precision_at_10": 0.09259,
        "precision_at_20": 0.0537,
        "precision_at_100": 0.01259,
        "precision_at_1000": 0.0013,
        "mrr_at_1": 0.296296,
        "mrr_at_3": 0.425926,
        "mrr_at_5": 0.435185,
        "mrr_at_10": 0.447119,
        "mrr_at_20": 0.456945,
        "mrr_at_100": 0.458434,
        "mrr_at_1000": 0.458657,
        "nauc_ndcg_at_1_max": -0.196583,
        "nauc_ndcg_at_1_std": -0.263273,
        "nauc_ndcg_at_1_diff1": 0.10597,
        "nauc_ndcg_at_3_max": -0.032505,
        "nauc_ndcg_at_3_std": -0.284947,
        "nauc_ndcg_at_3_diff1": 0.050848,
        "nauc_ndcg_at_5_max": -0.048295,
        "nauc_ndcg_at_5_std": -0.340992,
        "nauc_ndcg_at_5_diff1": 0.038003,
        "nauc_ndcg_at_10_max": -0.025494,
        "nauc_ndcg_at_10_std": -0.323862,
        "nauc_ndcg_at_10_diff1": 0.105275,
        "nauc_ndcg_at_20_max": -0.068173,
        "nauc_ndcg_at_20_std": -0.334009,
        "nauc_ndcg_at_20_diff1": 0.036421,
        "nauc_ndcg_at_100_max": -0.068614,
        "nauc_ndcg_at_100_std": -0.316494,
        "nauc_ndcg_at_100_diff1": 0.082055,
        "nauc_ndcg_at_1000_max": -0.081523,
        "nauc_ndcg_at_1000_std": -0.319407,
        "nauc_ndcg_at_1000_diff1": 0.063086,
        "nauc_map_at_1_max": -0.138807,
        "nauc_map_at_1_std": -0.30939,
        "nauc_map_at_1_diff1": 0.157273,
        "nauc_map_at_3_max": -0.065073,
        "nauc_map_at_3_std": -0.300585,
        "nauc_map_at_3_diff1": 0.080768,
        "nauc_map_at_5_max": -0.068191,
        "nauc_map_at_5_std": -0.331529,
        "nauc_map_at_5_diff1": 0.060261,
        "nauc_map_at_10_max": -0.065937,
        "nauc_map_at_10_std": -0.329403,
        "nauc_map_at_10_diff1": 0.080094,
        "nauc_map_at_20_max": -0.076546,
        "nauc_map_at_20_std": -0.333565,
        "nauc_map_at_20_diff1": 0.062916,
        "nauc_map_at_100_max": -0.077132,
        "nauc_map_at_100_std": -0.327257,
        "nauc_map_at_100_diff1": 0.071495,
        "nauc_map_at_1000_max": -0.077614,
        "nauc_map_at_1000_std": -0.327372,
        "nauc_map_at_1000_diff1": 0.070788,
        "nauc_recall_at_1_max": -0.138807,
        "nauc_recall_at_1_std": -0.30939,
        "nauc_recall_at_1_diff1": 0.157273,
        "nauc_recall_at_3_max": 0.112609,
        "nauc_recall_at_3_std": -0.216482,
        "nauc_recall_at_3_diff1": 0.035061,
        "nauc_recall_at_5_max": 0.079905,
        "nauc_recall_at_5_std": -0.351248,
        "nauc_recall_at_5_diff1": 0.018992,
        "nauc_recall_at_10_max": 0.209378,
        "nauc_recall_at_10_std": -0.291089,
        "nauc_recall_at_10_diff1": 0.260991,
        "nauc_recall_at_20_max": 0.074047,
        "nauc_recall_at_20_std": -0.293895,
        "nauc_recall_at_20_diff1": -0.107634,
        "nauc_recall_at_100_max": 0.556079,
        "nauc_recall_at_100_std": -0.175564,
        "nauc_recall_at_100_diff1": 1.0,
        "nauc_recall_at_1000_max": NaN,
        "nauc_recall_at_1000_std": NaN,
        "nauc_recall_at_1000_diff1": NaN,
        "nauc_precision_at_1_max": -0.196583,
        "nauc_precision_at_1_std": -0.263273,
        "nauc_precision_at_1_diff1": 0.10597,
        "nauc_precision_at_3_max": -0.037559,
        "nauc_precision_at_3_std": -0.31928,
        "nauc_precision_at_3_diff1": -0.108295,
        "nauc_precision_at_5_max": -0.038283,
        "nauc_precision_at_5_std": -0.306396,
        "nauc_precision_at_5_diff1": -0.139551,
        "nauc_precision_at_10_max": 0.002461,
        "nauc_precision_at_10_std": -0.223645,
        "nauc_precision_at_10_diff1": 0.001223,
        "nauc_precision_at_20_max": -0.106216,
        "nauc_precision_at_20_std": -0.212308,
        "nauc_precision_at_20_diff1": -0.212091,
        "nauc_precision_at_100_max": -0.117364,
        "nauc_precision_at_100_std": -0.066985,
        "nauc_precision_at_100_diff1": -0.031142,
        "nauc_precision_at_1000_max": -0.181439,
        "nauc_precision_at_1000_std": -0.056655,
        "nauc_precision_at_1000_diff1": -0.129249,
        "nauc_mrr_at_1_max": -0.196583,
        "nauc_mrr_at_1_std": -0.263273,
        "nauc_mrr_at_1_diff1": 0.10597,
        "nauc_mrr_at_3_max": -0.119569,
        "nauc_mrr_at_3_std": -0.275053,
        "nauc_mrr_at_3_diff1": 0.012774,
        "nauc_mrr_at_5_max": -0.136865,
        "nauc_mrr_at_5_std": -0.303405,
        "nauc_mrr_at_5_diff1": 0.028879,
        "nauc_mrr_at_10_max": -0.124099,
        "nauc_mrr_at_10_std": -0.290319,
        "nauc_mrr_at_10_diff1": 0.058152,
        "nauc_mrr_at_20_max": -0.135362,
        "nauc_mrr_at_20_std": -0.293284,
        "nauc_mrr_at_20_diff1": 0.041692,
        "nauc_mrr_at_100_max": -0.135696,
        "nauc_mrr_at_100_std": -0.293285,
        "nauc_mrr_at_100_diff1": 0.042802,
        "nauc_mrr_at_1000_max": -0.136184,
        "nauc_mrr_at_1000_std": -0.293368,
        "nauc_mrr_at_1000_diff1": 0.042127,
        "main_score": 0.48396,
        "hf_subset": "default",
        "languages": [
          "eng-Latn"
        ]
      }
    ]
  },
  "evaluation_time": 78.16574382781982,
  "kg_co2_emissions": null
}