{
  "dataset_revision": "4adc7bc41202b5c13543c9c886a25f340634dab3",
  "task_name": "COIRCodeSearchNetRetrieval",
  "mteb_version": "1.34.8",
  "scores": {
    "test": [
      {
        "ndcg_at_1": 0.84261,
        "ndcg_at_3": 0.88691,
        "ndcg_at_5": 0.89459,
        "ndcg_at_10": 0.90041,
        "ndcg_at_20": 0.90379,
        "ndcg_at_100": 0.90692,
        "ndcg_at_1000": 0.90828,
        "map_at_1": 0.84261,
        "map_at_3": 0.87647,
        "map_at_5": 0.88071,
        "map_at_10": 0.88317,
        "map_at_20": 0.8841,
        "map_at_100": 0.88454,
        "map_at_1000": 0.88459,
        "recall_at_1": 0.84261,
        "recall_at_3": 0.91695,
        "recall_at_5": 0.93565,
        "recall_at_10": 0.95334,
        "recall_at_20": 0.96668,
        "recall_at_100": 0.98351,
        "recall_at_1000": 0.99417,
        "precision_at_1": 0.84261,
        "precision_at_3": 0.30565,
        "precision_at_5": 0.18713,
        "precision_at_10": 0.09533,
        "precision_at_20": 0.04833,
        "precision_at_100": 0.00984,
        "precision_at_1000": 0.00099,
        "mrr_at_1": 0.842539,
        "mrr_at_3": 0.876436,
        "mrr_at_5": 0.880679,
        "mrr_at_10": 0.883137,
        "mrr_at_20": 0.88407,
        "mrr_at_100": 0.884505,
        "mrr_at_1000": 0.884558,
        "nauc_ndcg_at_1_max": 0.753959,
        "nauc_ndcg_at_1_std": -0.054362,
        "nauc_ndcg_at_1_diff1": 0.890207,
        "nauc_ndcg_at_3_max": 0.776556,
        "nauc_ndcg_at_3_std": -0.047125,
        "nauc_ndcg_at_3_diff1": 0.870185,
        "nauc_ndcg_at_5_max": 0.779854,
        "nauc_ndcg_at_5_std": -0.035907,
        "nauc_ndcg_at_5_diff1": 0.873431,
        "nauc_ndcg_at_10_max": 0.781892,
        "nauc_ndcg_at_10_std": -0.024378,
        "nauc_ndcg_at_10_diff1": 0.874347,
        "nauc_ndcg_at_20_max": 0.780773,
        "nauc_ndcg_at_20_std": -0.024259,
        "nauc_ndcg_at_20_diff1": 0.875021,
        "nauc_ndcg_at_100_max": 0.779203,
        "nauc_ndcg_at_100_std": -0.023692,
        "nauc_ndcg_at_100_diff1": 0.875863,
        "nauc_ndcg_at_1000_max": 0.777456,
        "nauc_ndcg_at_1000_std": -0.027559,
        "nauc_ndcg_at_1000_diff1": 0.875977,
        "nauc_map_at_1_max": 0.753959,
        "nauc_map_at_1_std": -0.054362,
        "nauc_map_at_1_diff1": 0.890207,
        "nauc_map_at_3_max": 0.770178,
        "nauc_map_at_3_std": -0.05032,
        "nauc_map_at_3_diff1": 0.875158,
        "nauc_map_at_5_max": 0.771593,
        "nauc_map_at_5_std": -0.044905,
        "nauc_map_at_5_diff1": 0.876957,
        "nauc_map_at_10_max": 0.772166,
        "nauc_map_at_10_std": -0.040897,
        "nauc_map_at_10_diff1": 0.877358,
        "nauc_map_at_20_max": 0.771845,
        "nauc_map_at_20_std": -0.04091,
        "nauc_map_at_20_diff1": 0.877534,
        "nauc_map_at_100_max": 0.771667,
        "nauc_map_at_100_std": -0.040767,
        "nauc_map_at_100_diff1": 0.877669,
        "nauc_map_at_1000_max": 0.77161,
        "nauc_map_at_1000_std": -0.040879,
        "nauc_map_at_1000_diff1": 0.877674,
        "nauc_recall_at_1_max": 0.753959,
        "nauc_recall_at_1_std": -0.054362,
        "nauc_recall_at_1_diff1": 0.890207,
        "nauc_recall_at_3_max": 0.802817,
        "nauc_recall_at_3_std": -0.033232,
        "nauc_recall_at_3_diff1": 0.850137,
        "nauc_recall_at_5_max": 0.823044,
        "nauc_recall_at_5_std": 0.014215,
        "nauc_recall_at_5_diff1": 0.856753,
        "nauc_recall_at_10_max": 0.852096,
        "nauc_recall_at_10_std": 0.105593,
        "nauc_recall_at_10_diff1": 0.856302,
        "nauc_recall_at_20_max": 0.867421,
        "nauc_recall_at_20_std": 0.156473,
        "nauc_recall_at_20_diff1": 0.856673,
        "nauc_recall_at_100_max": 0.906285,
        "nauc_recall_at_100_std": 0.342949,
        "nauc_recall_at_100_diff1": 0.860009,
        "nauc_recall_at_1000_max": 0.929118,
        "nauc_recall_at_1000_std": 0.538178,
        "nauc_recall_at_1000_diff1": 0.842647,
        "nauc_precision_at_1_max": 0.753959,
        "nauc_precision_at_1_std": -0.054362,
        "nauc_precision_at_1_diff1": 0.890207,
        "nauc_precision_at_3_max": 0.802817,
        "nauc_precision_at_3_std": -0.033232,
        "nauc_precision_at_3_diff1": 0.850137,
        "nauc_precision_at_5_max": 0.823044,
        "nauc_precision_at_5_std": 0.014215,
        "nauc_precision_at_5_diff1": 0.856753,
        "nauc_precision_at_10_max": 0.852096,
        "nauc_precision_at_10_std": 0.105593,
        "nauc_precision_at_10_diff1": 0.856302,
        "nauc_precision_at_20_max": 0.867421,
        "nauc_precision_at_20_std": 0.156473,
        "nauc_precision_at_20_diff1": 0.856673,
        "nauc_precision_at_100_max": 0.906285,
        "nauc_precision_at_100_std": 0.342949,
        "nauc_precision_at_100_diff1": 0.860009,
        "nauc_precision_at_1000_max": 0.929118,
        "nauc_precision_at_1000_std": 0.538178,
        "nauc_precision_at_1000_diff1": 0.842647,
        "nauc_mrr_at_1_max": 0.753151,
        "nauc_mrr_at_1_std": -0.054855,
        "nauc_mrr_at_1_diff1": 0.890308,
        "nauc_mrr_at_3_max": 0.769669,
        "nauc_mrr_at_3_std": -0.05063,
        "nauc_mrr_at_3_diff1": 0.875225,
        "nauc_mrr_at_5_max": 0.771064,
        "nauc_mrr_at_5_std": -0.045228,
        "nauc_mrr_at_5_diff1": 0.877026,
        "nauc_mrr_at_10_max": 0.771626,
        "nauc_mrr_at_10_std": -0.041227,
        "nauc_mrr_at_10_diff1": 0.877428,
        "nauc_mrr_at_20_max": 0.7713,
        "nauc_mrr_at_20_std": -0.041244,
        "nauc_mrr_at_20_diff1": 0.877605,
        "nauc_mrr_at_100_max": 0.77112,
        "nauc_mrr_at_100_std": -0.041102,
        "nauc_mrr_at_100_diff1": 0.87774,
        "nauc_mrr_at_1000_max": 0.771063,
        "nauc_mrr_at_1000_std": -0.041214,
        "nauc_mrr_at_1000_diff1": 0.877745,
        "main_score": 0.90041,
        "hf_subset": "python",
        "languages": [
          "python-Code"
        ]
      }
    ]
  },
  "evaluation_time": 799.6689867973328,
  "kg_co2_emissions": null
}