{
  "dataset_revision": "ae763399273d8b20506b80cf6f6f9a31a6a2b238",
  "task_name": "MedicalQARetrieval",
  "mteb_version": "1.34.8",
  "scores": {
    "test": [
      {
        "ndcg_at_1": 0.521,
        "ndcg_at_3": 0.63065,
        "ndcg_at_5": 0.66169,
        "ndcg_at_10": 0.6847,
        "ndcg_at_20": 0.6964,
        "ndcg_at_100": 0.70812,
        "ndcg_at_1000": 0.71267,
        "map_at_1": 0.521,
        "map_at_3": 0.6036,
        "map_at_5": 0.62098,
        "map_at_10": 0.63053,
        "map_at_20": 0.63373,
        "map_at_100": 0.63544,
        "map_at_1000": 0.6356,
        "recall_at_1": 0.521,
        "recall_at_3": 0.70898,
        "recall_at_5": 0.78369,
        "recall_at_10": 0.85449,
        "recall_at_20": 0.90088,
        "recall_at_100": 0.96289,
        "recall_at_1000": 0.99902,
        "precision_at_1": 0.521,
        "precision_at_3": 0.23633,
        "precision_at_5": 0.15674,
        "precision_at_10": 0.08545,
        "precision_at_20": 0.04504,
        "precision_at_100": 0.00963,
        "precision_at_1000": 0.001,
        "mrr_at_1": 0.520996,
        "mrr_at_3": 0.603597,
        "mrr_at_5": 0.620955,
        "mrr_at_10": 0.630508,
        "mrr_at_20": 0.633706,
        "mrr_at_100": 0.635414,
        "mrr_at_1000": 0.635579,
        "nauc_ndcg_at_1_max": 0.269495,
        "nauc_ndcg_at_1_std": -0.119766,
        "nauc_ndcg_at_1_diff1": 0.527939,
        "nauc_ndcg_at_3_max": 0.292038,
        "nauc_ndcg_at_3_std": -0.12764,
        "nauc_ndcg_at_3_diff1": 0.460186,
        "nauc_ndcg_at_5_max": 0.293141,
        "nauc_ndcg_at_5_std": -0.130175,
        "nauc_ndcg_at_5_diff1": 0.448769,
        "nauc_ndcg_at_10_max": 0.302364,
        "nauc_ndcg_at_10_std": -0.119786,
        "nauc_ndcg_at_10_diff1": 0.446852,
        "nauc_ndcg_at_20_max": 0.30544,
        "nauc_ndcg_at_20_std": -0.10659,
        "nauc_ndcg_at_20_diff1": 0.445921,
        "nauc_ndcg_at_100_max": 0.300976,
        "nauc_ndcg_at_100_std": -0.103841,
        "nauc_ndcg_at_100_diff1": 0.456138,
        "nauc_ndcg_at_1000_max": 0.296242,
        "nauc_ndcg_at_1000_std": -0.112299,
        "nauc_ndcg_at_1000_diff1": 0.461337,
        "nauc_map_at_1_max": 0.269495,
        "nauc_map_at_1_std": -0.119766,
        "nauc_map_at_1_diff1": 0.527939,
        "nauc_map_at_3_max": 0.286385,
        "nauc_map_at_3_std": -0.124774,
        "nauc_map_at_3_diff1": 0.477884,
        "nauc_map_at_5_max": 0.286559,
        "nauc_map_at_5_std": -0.126228,
        "nauc_map_at_5_diff1": 0.472569,
        "nauc_map_at_10_max": 0.289638,
        "nauc_map_at_10_std": -0.122153,
        "nauc_map_at_10_diff1": 0.472624,
        "nauc_map_at_20_max": 0.290297,
        "nauc_map_at_20_std": -0.119073,
        "nauc_map_at_20_diff1": 0.472621,
        "nauc_map_at_100_max": 0.289658,
        "nauc_map_at_100_std": -0.118623,
        "nauc_map_at_100_diff1": 0.473791,
        "nauc_map_at_1000_max": 0.289538,
        "nauc_map_at_1000_std": -0.118854,
        "nauc_map_at_1000_diff1": 0.473941,
        "nauc_recall_at_1_max": 0.269495,
        "nauc_recall_at_1_std": -0.119766,
        "nauc_recall_at_1_diff1": 0.527939,
        "nauc_recall_at_3_max": 0.31145,
        "nauc_recall_at_3_std": -0.137961,
        "nauc_recall_at_3_diff1": 0.399033,
        "nauc_recall_at_5_max": 0.321232,
        "nauc_recall_at_5_std": -0.147369,
        "nauc_recall_at_5_diff1": 0.346428,
        "nauc_recall_at_10_max": 0.385066,
        "nauc_recall_at_10_std": -0.099253,
        "nauc_recall_at_10_diff1": 0.29142,
        "nauc_recall_at_20_max": 0.446905,
        "nauc_recall_at_20_std": 0.034838,
        "nauc_recall_at_20_diff1": 0.219927,
        "nauc_recall_at_100_max": 0.541105,
        "nauc_recall_at_100_std": 0.338339,
        "nauc_recall_at_100_diff1": 0.195612,
        "nauc_recall_at_1000_max": 0.613686,
        "nauc_recall_at_1000_std": 0.934633,
        "nauc_recall_at_1000_diff1": 0.218105,
        "nauc_precision_at_1_max": 0.269495,
        "nauc_precision_at_1_std": -0.119766,
        "nauc_precision_at_1_diff1": 0.527939,
        "nauc_precision_at_3_max": 0.31145,
        "nauc_precision_at_3_std": -0.137961,
        "nauc_precision_at_3_diff1": 0.399033,
        "nauc_precision_at_5_max": 0.321232,
        "nauc_precision_at_5_std": -0.147369,
        "nauc_precision_at_5_diff1": 0.346428,
        "nauc_precision_at_10_max": 0.385066,
        "nauc_precision_at_10_std": -0.099253,
        "nauc_precision_at_10_diff1": 0.29142,
        "nauc_precision_at_20_max": 0.446905,
        "nauc_precision_at_20_std": 0.034838,
        "nauc_precision_at_20_diff1": 0.219927,
        "nauc_precision_at_100_max": 0.541105,
        "nauc_precision_at_100_std": 0.338339,
        "nauc_precision_at_100_diff1": 0.195612,
        "nauc_precision_at_1000_max": 0.613686,
        "nauc_precision_at_1000_std": 0.934633,
        "nauc_precision_at_1000_diff1": 0.218105,
        "nauc_mrr_at_1_max": 0.270349,
        "nauc_mrr_at_1_std": -0.118494,
        "nauc_mrr_at_1_diff1": 0.527939,
        "nauc_mrr_at_3_max": 0.285575,
        "nauc_mrr_at_3_std": -0.123939,
        "nauc_mrr_at_3_diff1": 0.477884,
        "nauc_mrr_at_5_max": 0.286433,
        "nauc_mrr_at_5_std": -0.125201,
        "nauc_mrr_at_5_diff1": 0.472624,
        "nauc_mrr_at_10_max": 0.289508,
        "nauc_mrr_at_10_std": -0.121265,
        "nauc_mrr_at_10_diff1": 0.47268,
        "nauc_mrr_at_20_max": 0.290166,
        "nauc_mrr_at_20_std": -0.118177,
        "nauc_mrr_at_20_diff1": 0.472678,
        "nauc_mrr_at_100_max": 0.289527,
        "nauc_mrr_at_100_std": -0.117724,
        "nauc_mrr_at_100_diff1": 0.47385,
        "nauc_mrr_at_1000_max": 0.289406,
        "nauc_mrr_at_1000_std": -0.117955,
        "nauc_mrr_at_1000_diff1": 0.473999,
        "main_score": 0.6847,
        "hf_subset": "default",
        "languages": [
          "eng-Latn"
        ]
      }
    ]
  },
  "evaluation_time": 15.75574517250061,
  "kg_co2_emissions": null
}