{
  "dataset_revision": "ec0fa4fe99da2ff19ca1214b7966684033a58814",
  "task_name": "NFCorpus",
  "mteb_version": "1.34.8",
  "scores": {
    "test": [
      {
        "ndcg_at_1": 0.41022,
        "ndcg_at_3": 0.37205,
        "ndcg_at_5": 0.35476,
        "ndcg_at_10": 0.3252,
        "ndcg_at_20": 0.30797,
        "ndcg_at_100": 0.30647,
        "ndcg_at_1000": 0.39369,
        "map_at_1": 0.05636,
        "map_at_3": 0.08995,
        "map_at_5": 0.10422,
        "map_at_10": 0.11911,
        "map_at_20": 0.13372,
        "map_at_100": 0.15402,
        "map_at_1000": 0.16906,
        "recall_at_1": 0.05636,
        "recall_at_3": 0.10258,
        "recall_at_5": 0.12582,
        "recall_at_10": 0.1552,
        "recall_at_20": 0.19549,
        "recall_at_100": 0.31391,
        "recall_at_1000": 0.63253,
        "precision_at_1": 0.42415,
        "precision_at_3": 0.34675,
        "precision_at_5": 0.3065,
        "precision_at_10": 0.23994,
        "precision_at_20": 0.18359,
        "precision_at_100": 0.08084,
        "precision_at_1000": 0.02082,
        "mrr_at_1": 0.424149,
        "mrr_at_3": 0.491228,
        "mrr_at_5": 0.502683,
        "mrr_at_10": 0.511164,
        "mrr_at_20": 0.515576,
        "mrr_at_100": 0.517799,
        "mrr_at_1000": 0.518352,
        "nauc_ndcg_at_1_max": 0.401421,
        "nauc_ndcg_at_1_std": 0.126475,
        "nauc_ndcg_at_1_diff1": 0.326976,
        "nauc_ndcg_at_3_max": 0.429586,
        "nauc_ndcg_at_3_std": 0.152974,
        "nauc_ndcg_at_3_diff1": 0.273384,
        "nauc_ndcg_at_5_max": 0.402409,
        "nauc_ndcg_at_5_std": 0.159799,
        "nauc_ndcg_at_5_diff1": 0.231371,
        "nauc_ndcg_at_10_max": 0.372472,
        "nauc_ndcg_at_10_std": 0.162828,
        "nauc_ndcg_at_10_diff1": 0.196268,
        "nauc_ndcg_at_20_max": 0.371665,
        "nauc_ndcg_at_20_std": 0.172626,
        "nauc_ndcg_at_20_diff1": 0.19363,
        "nauc_ndcg_at_100_max": 0.417046,
        "nauc_ndcg_at_100_std": 0.220304,
        "nauc_ndcg_at_100_diff1": 0.214534,
        "nauc_ndcg_at_1000_max": 0.479313,
        "nauc_ndcg_at_1000_std": 0.305771,
        "nauc_ndcg_at_1000_diff1": 0.229684,
        "nauc_map_at_1_max": 0.066312,
        "nauc_map_at_1_std": -0.133241,
        "nauc_map_at_1_diff1": 0.322771,
        "nauc_map_at_3_max": 0.183253,
        "nauc_map_at_3_std": -0.065376,
        "nauc_map_at_3_diff1": 0.342601,
        "nauc_map_at_5_max": 0.214342,
        "nauc_map_at_5_std": -0.03898,
        "nauc_map_at_5_diff1": 0.330082,
        "nauc_map_at_10_max": 0.249681,
        "nauc_map_at_10_std": -0.007461,
        "nauc_map_at_10_diff1": 0.307006,
        "nauc_map_at_20_max": 0.279561,
        "nauc_map_at_20_std": 0.02704,
        "nauc_map_at_20_diff1": 0.283186,
        "nauc_map_at_100_max": 0.312471,
        "nauc_map_at_100_std": 0.086155,
        "nauc_map_at_100_diff1": 0.257494,
        "nauc_map_at_1000_max": 0.321611,
        "nauc_map_at_1000_std": 0.118711,
        "nauc_map_at_1000_diff1": 0.243075,
        "nauc_recall_at_1_max": 0.066312,
        "nauc_recall_at_1_std": -0.133241,
        "nauc_recall_at_1_diff1": 0.322771,
        "nauc_recall_at_3_max": 0.19551,
        "nauc_recall_at_3_std": -0.047439,
        "nauc_recall_at_3_diff1": 0.312048,
        "nauc_recall_at_5_max": 0.214489,
        "nauc_recall_at_5_std": -0.025289,
        "nauc_recall_at_5_diff1": 0.298807,
        "nauc_recall_at_10_max": 0.237645,
        "nauc_recall_at_10_std": 0.002681,
        "nauc_recall_at_10_diff1": 0.266935,
        "nauc_recall_at_20_max": 0.265975,
        "nauc_recall_at_20_std": 0.058292,
        "nauc_recall_at_20_diff1": 0.219155,
        "nauc_recall_at_100_max": 0.297379,
        "nauc_recall_at_100_std": 0.172453,
        "nauc_recall_at_100_diff1": 0.147064,
        "nauc_recall_at_1000_max": 0.292606,
        "nauc_recall_at_1000_std": 0.267769,
        "nauc_recall_at_1000_diff1": 0.059468,
        "nauc_precision_at_1_max": 0.408453,
        "nauc_precision_at_1_std": 0.112226,
        "nauc_precision_at_1_diff1": 0.331766,
        "nauc_precision_at_3_max": 0.450207,
        "nauc_precision_at_3_std": 0.194182,
        "nauc_precision_at_3_diff1": 0.206586,
        "nauc_precision_at_5_max": 0.408416,
        "nauc_precision_at_5_std": 0.227676,
        "nauc_precision_at_5_diff1": 0.121524,
        "nauc_precision_at_10_max": 0.347484,
        "nauc_precision_at_10_std": 0.25197,
        "nauc_precision_at_10_diff1": 0.021805,
        "nauc_precision_at_20_max": 0.300786,
        "nauc_precision_at_20_std": 0.268505,
        "nauc_precision_at_20_diff1": -0.03142,
        "nauc_precision_at_100_max": 0.195064,
        "nauc_precision_at_100_std": 0.302099,
        "nauc_precision_at_100_diff1": -0.105668,
        "nauc_precision_at_1000_max": 0.031472,
        "nauc_precision_at_1000_std": 0.196109,
        "nauc_precision_at_1000_diff1": -0.136405,
        "nauc_mrr_at_1_max": 0.408453,
        "nauc_mrr_at_1_std": 0.112226,
        "nauc_mrr_at_1_diff1": 0.331766,
        "nauc_mrr_at_3_max": 0.469789,
        "nauc_mrr_at_3_std": 0.164379,
        "nauc_mrr_at_3_diff1": 0.326246,
        "nauc_mrr_at_5_max": 0.463734,
        "nauc_mrr_at_5_std": 0.163786,
        "nauc_mrr_at_5_diff1": 0.319344,
        "nauc_mrr_at_10_max": 0.466013,
        "nauc_mrr_at_10_std": 0.170043,
        "nauc_mrr_at_10_diff1": 0.317454,
        "nauc_mrr_at_20_max": 0.46772,
        "nauc_mrr_at_20_std": 0.175317,
        "nauc_mrr_at_20_diff1": 0.317914,
        "nauc_mrr_at_100_max": 0.468149,
        "nauc_mrr_at_100_std": 0.175936,
        "nauc_mrr_at_100_diff1": 0.318594,
        "nauc_mrr_at_1000_max": 0.467728,
        "nauc_mrr_at_1000_std": 0.175443,
        "nauc_mrr_at_1000_diff1": 0.318408,
        "main_score": 0.3252,
        "hf_subset": "default",
        "languages": [
          "eng-Latn"
        ]
      }
    ]
  },
  "evaluation_time": 37.36592411994934,
  "kg_co2_emissions": null
}