{
  "dataset_revision": "0228b52cf27578f30900b9e5271d331663a030d7",
  "task_name": "SciFact",
  "mteb_version": "1.34.8",
  "scores": {
    "test": [
      {
        "ndcg_at_1": 0.51333,
        "ndcg_at_3": 0.59444,
        "ndcg_at_5": 0.62372,
        "ndcg_at_10": 0.6421,
        "ndcg_at_20": 0.65276,
        "ndcg_at_100": 0.66847,
        "ndcg_at_1000": 0.67924,
        "map_at_1": 0.4865,
        "map_at_3": 0.56491,
        "map_at_5": 0.58398,
        "map_at_10": 0.5925,
        "map_at_20": 0.59596,
        "map_at_100": 0.59852,
        "map_at_1000": 0.59891,
        "recall_at_1": 0.4865,
        "recall_at_3": 0.65072,
        "recall_at_5": 0.725,
        "recall_at_10": 0.77789,
        "recall_at_20": 0.818,
        "recall_at_100": 0.89833,
        "recall_at_1000": 0.98333,
        "precision_at_1": 0.51333,
        "precision_at_3": 0.23778,
        "precision_at_5": 0.16067,
        "precision_at_10": 0.08733,
        "precision_at_20": 0.04633,
        "precision_at_100": 0.0102,
        "precision_at_1000": 0.00111,
        "mrr_at_1": 0.513333,
        "mrr_at_3": 0.583889,
        "mrr_at_5": 0.599722,
        "mrr_at_10": 0.606586,
        "mrr_at_20": 0.60885,
        "mrr_at_100": 0.610914,
        "mrr_at_1000": 0.611234,
        "nauc_ndcg_at_1_max": 0.607672,
        "nauc_ndcg_at_1_std": 0.213934,
        "nauc_ndcg_at_1_diff1": 0.728208,
        "nauc_ndcg_at_3_max": 0.621101,
        "nauc_ndcg_at_3_std": 0.209097,
        "nauc_ndcg_at_3_diff1": 0.687937,
        "nauc_ndcg_at_5_max": 0.602957,
        "nauc_ndcg_at_5_std": 0.185028,
        "nauc_ndcg_at_5_diff1": 0.673632,
        "nauc_ndcg_at_10_max": 0.615063,
        "nauc_ndcg_at_10_std": 0.18991,
        "nauc_ndcg_at_10_diff1": 0.680243,
        "nauc_ndcg_at_20_max": 0.639618,
        "nauc_ndcg_at_20_std": 0.232384,
        "nauc_ndcg_at_20_diff1": 0.680415,
        "nauc_ndcg_at_100_max": 0.629544,
        "nauc_ndcg_at_100_std": 0.223213,
        "nauc_ndcg_at_100_diff1": 0.68003,
        "nauc_ndcg_at_1000_max": 0.627872,
        "nauc_ndcg_at_1000_std": 0.221671,
        "nauc_ndcg_at_1000_diff1": 0.686121,
        "nauc_map_at_1_max": 0.529169,
        "nauc_map_at_1_std": 0.120617,
        "nauc_map_at_1_diff1": 0.718974,
        "nauc_map_at_3_max": 0.588588,
        "nauc_map_at_3_std": 0.173778,
        "nauc_map_at_3_diff1": 0.69863,
        "nauc_map_at_5_max": 0.588307,
        "nauc_map_at_5_std": 0.170511,
        "nauc_map_at_5_diff1": 0.689635,
        "nauc_map_at_10_max": 0.596285,
        "nauc_map_at_10_std": 0.17599,
        "nauc_map_at_10_diff1": 0.693999,
        "nauc_map_at_20_max": 0.604689,
        "nauc_map_at_20_std": 0.189245,
        "nauc_map_at_20_diff1": 0.693595,
        "nauc_map_at_100_max": 0.603246,
        "nauc_map_at_100_std": 0.18882,
        "nauc_map_at_100_diff1": 0.693597,
        "nauc_map_at_1000_max": 0.603161,
        "nauc_map_at_1000_std": 0.188706,
        "nauc_map_at_1000_diff1": 0.693756,
        "nauc_recall_at_1_max": 0.529169,
        "nauc_recall_at_1_std": 0.120617,
        "nauc_recall_at_1_diff1": 0.718974,
        "nauc_recall_at_3_max": 0.616156,
        "nauc_recall_at_3_std": 0.191564,
        "nauc_recall_at_3_diff1": 0.649129,
        "nauc_recall_at_5_max": 0.578018,
        "nauc_recall_at_5_std": 0.151228,
        "nauc_recall_at_5_diff1": 0.587402,
        "nauc_recall_at_10_max": 0.614439,
        "nauc_recall_at_10_std": 0.152898,
        "nauc_recall_at_10_diff1": 0.600234,
        "nauc_recall_at_20_max": 0.7498,
        "nauc_recall_at_20_std": 0.388355,
        "nauc_recall_at_20_diff1": 0.592101,
        "nauc_recall_at_100_max": 0.707514,
        "nauc_recall_at_100_std": 0.357243,
        "nauc_recall_at_100_diff1": 0.542659,
        "nauc_recall_at_1000_max": 0.918301,
        "nauc_recall_at_1000_std": 0.892157,
        "nauc_recall_at_1000_diff1": 0.602334,
        "nauc_precision_at_1_max": 0.607672,
        "nauc_precision_at_1_std": 0.213934,
        "nauc_precision_at_1_diff1": 0.728208,
        "nauc_precision_at_3_max": 0.679905,
        "nauc_precision_at_3_std": 0.367873,
        "nauc_precision_at_3_diff1": 0.531814,
        "nauc_precision_at_5_max": 0.627489,
        "nauc_precision_at_5_std": 0.364713,
        "nauc_precision_at_5_diff1": 0.398623,
        "nauc_precision_at_10_max": 0.61476,
        "nauc_precision_at_10_std": 0.389068,
        "nauc_precision_at_10_diff1": 0.328535,
        "nauc_precision_at_20_max": 0.653271,
        "nauc_precision_at_20_std": 0.542832,
        "nauc_precision_at_20_diff1": 0.244344,
        "nauc_precision_at_100_max": 0.5275,
        "nauc_precision_at_100_std": 0.508088,
        "nauc_precision_at_100_diff1": 0.094587,
        "nauc_precision_at_1000_max": 0.399723,
        "nauc_precision_at_1000_std": 0.531753,
        "nauc_precision_at_1000_diff1": -0.097864,
        "nauc_mrr_at_1_max": 0.607672,
        "nauc_mrr_at_1_std": 0.213934,
        "nauc_mrr_at_1_diff1": 0.728208,
        "nauc_mrr_at_3_max": 0.641256,
        "nauc_mrr_at_3_std": 0.2374,
        "nauc_mrr_at_3_diff1": 0.70632,
        "nauc_mrr_at_5_max": 0.631399,
        "nauc_mrr_at_5_std": 0.229317,
        "nauc_mrr_at_5_diff1": 0.696101,
        "nauc_mrr_at_10_max": 0.632538,
        "nauc_mrr_at_10_std": 0.226714,
        "nauc_mrr_at_10_diff1": 0.698323,
        "nauc_mrr_at_20_max": 0.636613,
        "nauc_mrr_at_20_std": 0.23488,
        "nauc_mrr_at_20_diff1": 0.698819,
        "nauc_mrr_at_100_max": 0.635351,
        "nauc_mrr_at_100_std": 0.233881,
        "nauc_mrr_at_100_diff1": 0.698929,
        "nauc_mrr_at_1000_max": 0.635318,
        "nauc_mrr_at_1000_std": 0.233803,
        "nauc_mrr_at_1000_diff1": 0.699151,
        "main_score": 0.6421,
        "hf_subset": "default",
        "languages": [
          "eng-Latn"
        ]
      }
    ]
  },
  "evaluation_time": 50.91026043891907,
  "kg_co2_emissions": null
}