{
  "dataset_revision": "bb9466bac8153a0349341eb1b22e06409e78ef4e",
  "task_name": "TRECCOVID",
  "mteb_version": "1.34.8",
  "scores": {
    "test": [
      {
        "ndcg_at_1": 0.66,
        "ndcg_at_3": 0.56816,
        "ndcg_at_5": 0.5402,
        "ndcg_at_10": 0.49422,
        "ndcg_at_20": 0.43937,
        "ndcg_at_100": 0.35065,
        "ndcg_at_1000": 0.35334,
        "map_at_1": 0.00197,
        "map_at_3": 0.00444,
        "map_at_5": 0.00621,
        "map_at_10": 0.01024,
        "map_at_20": 0.01643,
        "map_at_100": 0.05074,
        "map_at_1000": 0.14133,
        "recall_at_1": 0.00197,
        "recall_at_3": 0.00463,
        "recall_at_5": 0.007,
        "recall_at_10": 0.01287,
        "recall_at_20": 0.02227,
        "recall_at_100": 0.08317,
        "recall_at_1000": 0.34078,
        "precision_at_1": 0.72,
        "precision_at_3": 0.60667,
        "precision_at_5": 0.568,
        "precision_at_10": 0.516,
        "precision_at_20": 0.443,
        "precision_at_100": 0.353,
        "precision_at_1000": 0.1617,
        "mrr_at_1": 0.72,
        "mrr_at_3": 0.783333,
        "mrr_at_5": 0.805333,
        "mrr_at_10": 0.811524,
        "mrr_at_20": 0.811524,
        "mrr_at_100": 0.811524,
        "mrr_at_1000": 0.811524,
        "nauc_ndcg_at_1_max": 0.376707,
        "nauc_ndcg_at_1_std": 0.424572,
        "nauc_ndcg_at_1_diff1": 0.033974,
        "nauc_ndcg_at_3_max": 0.371847,
        "nauc_ndcg_at_3_std": 0.509836,
        "nauc_ndcg_at_3_diff1": -0.054187,
        "nauc_ndcg_at_5_max": 0.365697,
        "nauc_ndcg_at_5_std": 0.550872,
        "nauc_ndcg_at_5_diff1": -0.064145,
        "nauc_ndcg_at_10_max": 0.424872,
        "nauc_ndcg_at_10_std": 0.6372,
        "nauc_ndcg_at_10_diff1": -0.031562,
        "nauc_ndcg_at_20_max": 0.415509,
        "nauc_ndcg_at_20_std": 0.683344,
        "nauc_ndcg_at_20_diff1": -0.063801,
        "nauc_ndcg_at_100_max": 0.441908,
        "nauc_ndcg_at_100_std": 0.738509,
        "nauc_ndcg_at_100_diff1": -0.106922,
        "nauc_ndcg_at_1000_max": 0.498297,
        "nauc_ndcg_at_1000_std": 0.691899,
        "nauc_ndcg_at_1000_diff1": -0.062327,
        "nauc_map_at_1_max": 0.182579,
        "nauc_map_at_1_std": 0.054955,
        "nauc_map_at_1_diff1": 0.076939,
        "nauc_map_at_3_max": 0.162459,
        "nauc_map_at_3_std": 0.193366,
        "nauc_map_at_3_diff1": 0.040872,
        "nauc_map_at_5_max": 0.226549,
        "nauc_map_at_5_std": 0.313525,
        "nauc_map_at_5_diff1": 0.01232,
        "nauc_map_at_10_max": 0.348625,
        "nauc_map_at_10_std": 0.433964,
        "nauc_map_at_10_diff1": 0.018375,
        "nauc_map_at_20_max": 0.353509,
        "nauc_map_at_20_std": 0.508185,
        "nauc_map_at_20_diff1": -0.020202,
        "nauc_map_at_100_max": 0.461438,
        "nauc_map_at_100_std": 0.725696,
        "nauc_map_at_100_diff1": -0.108791,
        "nauc_map_at_1000_max": 0.4992,
        "nauc_map_at_1000_std": 0.746075,
        "nauc_map_at_1000_diff1": -0.110816,
        "nauc_recall_at_1_max": 0.182579,
        "nauc_recall_at_1_std": 0.054955,
        "nauc_recall_at_1_diff1": 0.076939,
        "nauc_recall_at_3_max": 0.155648,
        "nauc_recall_at_3_std": 0.185132,
        "nauc_recall_at_3_diff1": 0.034802,
        "nauc_recall_at_5_max": 0.218809,
        "nauc_recall_at_5_std": 0.268694,
        "nauc_recall_at_5_diff1": 0.035682,
        "nauc_recall_at_10_max": 0.319937,
        "nauc_recall_at_10_std": 0.317179,
        "nauc_recall_at_10_diff1": 0.080904,
        "nauc_recall_at_20_max": 0.273123,
        "nauc_recall_at_20_std": 0.367504,
        "nauc_recall_at_20_diff1": 0.040998,
        "nauc_recall_at_100_max": 0.404193,
        "nauc_recall_at_100_std": 0.594082,
        "nauc_recall_at_100_diff1": -0.039356,
        "nauc_recall_at_1000_max": 0.46637,
        "nauc_recall_at_1000_std": 0.634116,
        "nauc_recall_at_1000_diff1": -0.0588,
        "nauc_precision_at_1_max": 0.504693,
        "nauc_precision_at_1_std": 0.601915,
        "nauc_precision_at_1_diff1": -0.02919,
        "nauc_precision_at_3_max": 0.386674,
        "nauc_precision_at_3_std": 0.561104,
        "nauc_precision_at_3_diff1": -0.072087,
        "nauc_precision_at_5_max": 0.379066,
        "nauc_precision_at_5_std": 0.593933,
        "nauc_precision_at_5_diff1": -0.076032,
        "nauc_precision_at_10_max": 0.469706,
        "nauc_precision_at_10_std": 0.678687,
        "nauc_precision_at_10_diff1": -0.027526,
        "nauc_precision_at_20_max": 0.434209,
        "nauc_precision_at_20_std": 0.704728,
        "nauc_precision_at_20_diff1": -0.064795,
        "nauc_precision_at_100_max": 0.455106,
        "nauc_precision_at_100_std": 0.749372,
        "nauc_precision_at_100_diff1": -0.103563,
        "nauc_precision_at_1000_max": 0.402661,
        "nauc_precision_at_1000_std": 0.603875,
        "nauc_precision_at_1000_diff1": -0.133191,
        "nauc_mrr_at_1_max": 0.504693,
        "nauc_mrr_at_1_std": 0.601915,
        "nauc_mrr_at_1_diff1": -0.02919,
        "nauc_mrr_at_3_max": 0.56608,
        "nauc_mrr_at_3_std": 0.657668,
        "nauc_mrr_at_3_diff1": -0.079164,
        "nauc_mrr_at_5_max": 0.551547,
        "nauc_mrr_at_5_std": 0.645817,
        "nauc_mrr_at_5_diff1": -0.061923,
        "nauc_mrr_at_10_max": 0.548129,
        "nauc_mrr_at_10_std": 0.641628,
        "nauc_mrr_at_10_diff1": -0.043512,
        "nauc_mrr_at_20_max": 0.548129,
        "nauc_mrr_at_20_std": 0.641628,
        "nauc_mrr_at_20_diff1": -0.043512,
        "nauc_mrr_at_100_max": 0.548129,
        "nauc_mrr_at_100_std": 0.641628,
        "nauc_mrr_at_100_diff1": -0.043512,
        "nauc_mrr_at_1000_max": 0.548129,
        "nauc_mrr_at_1000_std": 0.641628,
        "nauc_mrr_at_1000_diff1": -0.043512,
        "main_score": 0.49422,
        "hf_subset": "default",
        "languages": [
          "eng-Latn"
        ]
      }
    ]
  },
  "evaluation_time": 1234.8259761333466,
  "kg_co2_emissions": null
}