{
  "dataset_revision": "4adc7bc41202b5c13543c9c886a25f340634dab3",
  "task_name": "COIRCodeSearchNetRetrieval",
  "mteb_version": "1.34.8",
  "scores": {
    "test": [
      {
        "ndcg_at_1": 0.6838,
        "ndcg_at_3": 0.74627,
        "ndcg_at_5": 0.75962,
        "ndcg_at_10": 0.77271,
        "ndcg_at_20": 0.78025,
        "ndcg_at_100": 0.79029,
        "ndcg_at_1000": 0.79506,
        "map_at_1": 0.6838,
        "map_at_3": 0.73135,
        "map_at_5": 0.73877,
        "map_at_10": 0.74425,
        "map_at_20": 0.74633,
        "map_at_100": 0.74774,
        "map_at_1000": 0.74792,
        "recall_at_1": 0.6838,
        "recall_at_3": 0.78925,
        "recall_at_5": 0.82162,
        "recall_at_10": 0.86171,
        "recall_at_20": 0.89147,
        "recall_at_100": 0.94523,
        "recall_at_1000": 0.98311,
        "precision_at_1": 0.6838,
        "precision_at_3": 0.26308,
        "precision_at_5": 0.16432,
        "precision_at_10": 0.08617,
        "precision_at_20": 0.04457,
        "precision_at_100": 0.00945,
        "precision_at_1000": 0.00098,
        "mrr_at_1": 0.683805,
        "mrr_at_3": 0.731342,
        "mrr_at_5": 0.738763,
        "mrr_at_10": 0.74424,
        "mrr_at_20": 0.746318,
        "mrr_at_100": 0.747733,
        "mrr_at_1000": 0.747907,
        "nauc_ndcg_at_1_max": 0.702238,
        "nauc_ndcg_at_1_std": -0.005593,
        "nauc_ndcg_at_1_diff1": 0.82223,
        "nauc_ndcg_at_3_max": 0.720906,
        "nauc_ndcg_at_3_std": 0.016335,
        "nauc_ndcg_at_3_diff1": 0.790028,
        "nauc_ndcg_at_5_max": 0.720142,
        "nauc_ndcg_at_5_std": 0.024893,
        "nauc_ndcg_at_5_diff1": 0.787208,
        "nauc_ndcg_at_10_max": 0.71874,
        "nauc_ndcg_at_10_std": 0.031478,
        "nauc_ndcg_at_10_diff1": 0.786636,
        "nauc_ndcg_at_20_max": 0.718858,
        "nauc_ndcg_at_20_std": 0.036692,
        "nauc_ndcg_at_20_diff1": 0.786421,
        "nauc_ndcg_at_100_max": 0.718906,
        "nauc_ndcg_at_100_std": 0.036825,
        "nauc_ndcg_at_100_diff1": 0.789606,
        "nauc_ndcg_at_1000_max": 0.718536,
        "nauc_ndcg_at_1000_std": 0.032731,
        "nauc_ndcg_at_1000_diff1": 0.791461,
        "nauc_map_at_1_max": 0.702238,
        "nauc_map_at_1_std": -0.005593,
        "nauc_map_at_1_diff1": 0.82223,
        "nauc_map_at_3_max": 0.71688,
        "nauc_map_at_3_std": 0.010676,
        "nauc_map_at_3_diff1": 0.798529,
        "nauc_map_at_5_max": 0.716319,
        "nauc_map_at_5_std": 0.014979,
        "nauc_map_at_5_diff1": 0.797246,
        "nauc_map_at_10_max": 0.715668,
        "nauc_map_at_10_std": 0.017251,
        "nauc_map_at_10_diff1": 0.797175,
        "nauc_map_at_20_max": 0.715702,
        "nauc_map_at_20_std": 0.018425,
        "nauc_map_at_20_diff1": 0.797212,
        "nauc_map_at_100_max": 0.715642,
        "nauc_map_at_100_std": 0.018345,
        "nauc_map_at_100_diff1": 0.797591,
        "nauc_map_at_1000_max": 0.715633,
        "nauc_map_at_1000_std": 0.018231,
        "nauc_map_at_1000_diff1": 0.797655,
        "nauc_recall_at_1_max": 0.702238,
        "nauc_recall_at_1_std": -0.005593,
        "nauc_recall_at_1_diff1": 0.82223,
        "nauc_recall_at_3_max": 0.734385,
        "nauc_recall_at_3_std": 0.035875,
        "nauc_recall_at_3_diff1": 0.760578,
        "nauc_recall_at_5_max": 0.734489,
        "nauc_recall_at_5_std": 0.065261,
        "nauc_recall_at_5_diff1": 0.747482,
        "nauc_recall_at_10_max": 0.732088,
        "nauc_recall_at_10_std": 0.106487,
        "nauc_recall_at_10_diff1": 0.735038,
        "nauc_recall_at_20_max": 0.735662,
        "nauc_recall_at_20_std": 0.161657,
        "nauc_recall_at_20_diff1": 0.72102,
        "nauc_recall_at_100_max": 0.75487,
        "nauc_recall_at_100_std": 0.282565,
        "nauc_recall_at_100_diff1": 0.719669,
        "nauc_recall_at_1000_max": 0.800015,
        "nauc_recall_at_1000_std": 0.467424,
        "nauc_recall_at_1000_diff1": 0.71987,
        "nauc_precision_at_1_max": 0.702238,
        "nauc_precision_at_1_std": -0.005593,
        "nauc_precision_at_1_diff1": 0.82223,
        "nauc_precision_at_3_max": 0.734385,
        "nauc_precision_at_3_std": 0.035875,
        "nauc_precision_at_3_diff1": 0.760578,
        "nauc_precision_at_5_max": 0.734489,
        "nauc_precision_at_5_std": 0.065261,
        "nauc_precision_at_5_diff1": 0.747482,
        "nauc_precision_at_10_max": 0.732088,
        "nauc_precision_at_10_std": 0.106487,
        "nauc_precision_at_10_diff1": 0.735038,
        "nauc_precision_at_20_max": 0.735662,
        "nauc_precision_at_20_std": 0.161657,
        "nauc_precision_at_20_diff1": 0.72102,
        "nauc_precision_at_100_max": 0.75487,
        "nauc_precision_at_100_std": 0.282565,
        "nauc_precision_at_100_diff1": 0.719669,
        "nauc_precision_at_1000_max": 0.800015,
        "nauc_precision_at_1000_std": 0.467424,
        "nauc_precision_at_1000_diff1": 0.71987,
        "nauc_mrr_at_1_max": 0.702462,
        "nauc_mrr_at_1_std": -0.004908,
        "nauc_mrr_at_1_diff1": 0.82223,
        "nauc_mrr_at_3_max": 0.71703,
        "nauc_mrr_at_3_std": 0.011107,
        "nauc_mrr_at_3_diff1": 0.798528,
        "nauc_mrr_at_5_max": 0.716473,
        "nauc_mrr_at_5_std": 0.015422,
        "nauc_mrr_at_5_diff1": 0.797245,
        "nauc_mrr_at_10_max": 0.715826,
        "nauc_mrr_at_10_std": 0.017703,
        "nauc_mrr_at_10_diff1": 0.797174,
        "nauc_mrr_at_20_max": 0.71586,
        "nauc_mrr_at_20_std": 0.01888,
        "nauc_mrr_at_20_diff1": 0.797211,
        "nauc_mrr_at_100_max": 0.715802,
        "nauc_mrr_at_100_std": 0.018804,
        "nauc_mrr_at_100_diff1": 0.79759,
        "nauc_mrr_at_1000_max": 0.715793,
        "nauc_mrr_at_1000_std": 0.018691,
        "nauc_mrr_at_1000_diff1": 0.797654,
        "main_score": 0.77271,
        "hf_subset": "python",
        "languages": [
          "python-Code"
        ]
      }
    ]
  },
  "evaluation_time": 293.7899422645569,
  "kg_co2_emissions": null
}