{
  "dataset_revision": "27a168819829fe9bcd655c2df245fb19452e8e06",
  "task_name": "FiQA2018",
  "mteb_version": "1.34.8",
  "scores": {
    "test": [
      {
        "ndcg_at_1": 0.49074,
        "ndcg_at_3": 0.45489,
        "ndcg_at_5": 0.47133,
        "ndcg_at_10": 0.49963,
        "ndcg_at_20": 0.52544,
        "ndcg_at_100": 0.56564,
        "ndcg_at_1000": 0.58932,
        "map_at_1": 0.244,
        "map_at_3": 0.35744,
        "map_at_5": 0.38708,
        "map_at_10": 0.41117,
        "map_at_20": 0.42223,
        "map_at_100": 0.43167,
        "map_at_1000": 0.43323,
        "recall_at_1": 0.244,
        "recall_at_3": 0.41661,
        "recall_at_5": 0.4924,
        "recall_at_10": 0.58112,
        "recall_at_20": 0.65873,
        "recall_at_100": 0.81969,
        "recall_at_1000": 0.96187,
        "precision_at_1": 0.49074,
        "precision_at_3": 0.30658,
        "precision_at_5": 0.22593,
        "precision_at_10": 0.13889,
        "precision_at_20": 0.08117,
        "precision_at_100": 0.02091,
        "precision_at_1000": 0.00251,
        "mrr_at_1": 0.490741,
        "mrr_at_3": 0.557613,
        "mrr_at_5": 0.57428,
        "mrr_at_10": 0.58229,
        "mrr_at_20": 0.585825,
        "mrr_at_100": 0.588614,
        "mrr_at_1000": 0.588866,
        "nauc_ndcg_at_1_max": 0.457103,
        "nauc_ndcg_at_1_std": -0.031916,
        "nauc_ndcg_at_1_diff1": 0.488549,
        "nauc_ndcg_at_3_max": 0.382348,
        "nauc_ndcg_at_3_std": -0.067472,
        "nauc_ndcg_at_3_diff1": 0.394472,
        "nauc_ndcg_at_5_max": 0.370981,
        "nauc_ndcg_at_5_std": -0.092913,
        "nauc_ndcg_at_5_diff1": 0.390178,
        "nauc_ndcg_at_10_max": 0.37201,
        "nauc_ndcg_at_10_std": -0.05922,
        "nauc_ndcg_at_10_diff1": 0.394494,
        "nauc_ndcg_at_20_max": 0.390943,
        "nauc_ndcg_at_20_std": -0.033166,
        "nauc_ndcg_at_20_diff1": 0.40112,
        "nauc_ndcg_at_100_max": 0.405375,
        "nauc_ndcg_at_100_std": -0.012576,
        "nauc_ndcg_at_100_diff1": 0.404584,
        "nauc_ndcg_at_1000_max": 0.406131,
        "nauc_ndcg_at_1000_std": -0.026293,
        "nauc_ndcg_at_1000_diff1": 0.401785,
        "nauc_map_at_1_max": 0.246368,
        "nauc_map_at_1_std": -0.08829,
        "nauc_map_at_1_diff1": 0.446854,
        "nauc_map_at_3_max": 0.297122,
        "nauc_map_at_3_std": -0.08487,
        "nauc_map_at_3_diff1": 0.398165,
        "nauc_map_at_5_max": 0.321082,
        "nauc_map_at_5_std": -0.099675,
        "nauc_map_at_5_diff1": 0.390993,
        "nauc_map_at_10_max": 0.345221,
        "nauc_map_at_10_std": -0.078559,
        "nauc_map_at_10_diff1": 0.390281,
        "nauc_map_at_20_max": 0.357133,
        "nauc_map_at_20_std": -0.068518,
        "nauc_map_at_20_diff1": 0.391105,
        "nauc_map_at_100_max": 0.362267,
        "nauc_map_at_100_std": -0.063988,
        "nauc_map_at_100_diff1": 0.391449,
        "nauc_map_at_1000_max": 0.362723,
        "nauc_map_at_1000_std": -0.064288,
        "nauc_map_at_1000_diff1": 0.391231,
        "nauc_recall_at_1_max": 0.246368,
        "nauc_recall_at_1_std": -0.08829,
        "nauc_recall_at_1_diff1": 0.446854,
        "nauc_recall_at_3_max": 0.234243,
        "nauc_recall_at_3_std": -0.08765,
        "nauc_recall_at_3_diff1": 0.330851,
        "nauc_recall_at_5_max": 0.246287,
        "nauc_recall_at_5_std": -0.116786,
        "nauc_recall_at_5_diff1": 0.301388,
        "nauc_recall_at_10_max": 0.272073,
        "nauc_recall_at_10_std": -0.045048,
        "nauc_recall_at_10_diff1": 0.29564,
        "nauc_recall_at_20_max": 0.306468,
        "nauc_recall_at_20_std": 0.037246,
        "nauc_recall_at_20_diff1": 0.313293,
        "nauc_recall_at_100_max": 0.334392,
        "nauc_recall_at_100_std": 0.214194,
        "nauc_recall_at_100_diff1": 0.305374,
        "nauc_recall_at_1000_max": 0.156335,
        "nauc_recall_at_1000_std": 0.246046,
        "nauc_recall_at_1000_diff1": 0.110151,
        "nauc_precision_at_1_max": 0.457103,
        "nauc_precision_at_1_std": -0.031916,
        "nauc_precision_at_1_diff1": 0.488549,
        "nauc_precision_at_3_max": 0.394498,
        "nauc_precision_at_3_std": -0.01422,
        "nauc_precision_at_3_diff1": 0.231316,
        "nauc_precision_at_5_max": 0.408696,
        "nauc_precision_at_5_std": -0.034377,
        "nauc_precision_at_5_diff1": 0.16746,
        "nauc_precision_at_10_max": 0.409286,
        "nauc_precision_at_10_std": 0.046746,
        "nauc_precision_at_10_diff1": 0.119078,
        "nauc_precision_at_20_max": 0.415507,
        "nauc_precision_at_20_std": 0.113779,
        "nauc_precision_at_20_diff1": 0.0752,
        "nauc_precision_at_100_max": 0.352286,
        "nauc_precision_at_100_std": 0.150513,
        "nauc_precision_at_100_diff1": 0.000362,
        "nauc_precision_at_1000_max": 0.276925,
        "nauc_precision_at_1000_std": 0.111289,
        "nauc_precision_at_1000_diff1": -0.069934,
        "nauc_mrr_at_1_max": 0.457103,
        "nauc_mrr_at_1_std": -0.031916,
        "nauc_mrr_at_1_diff1": 0.488549,
        "nauc_mrr_at_3_max": 0.445973,
        "nauc_mrr_at_3_std": -0.029345,
        "nauc_mrr_at_3_diff1": 0.463339,
        "nauc_mrr_at_5_max": 0.452676,
        "nauc_mrr_at_5_std": -0.032069,
        "nauc_mrr_at_5_diff1": 0.46011,
        "nauc_mrr_at_10_max": 0.450546,
        "nauc_mrr_at_10_std": -0.028075,
        "nauc_mrr_at_10_diff1": 0.459788,
        "nauc_mrr_at_20_max": 0.45155,
        "nauc_mrr_at_20_std": -0.024712,
        "nauc_mrr_at_20_diff1": 0.461987,
        "nauc_mrr_at_100_max": 0.451919,
        "nauc_mrr_at_100_std": -0.024851,
        "nauc_mrr_at_100_diff1": 0.462668,
        "nauc_mrr_at_1000_max": 0.451816,
        "nauc_mrr_at_1000_std": -0.025174,
        "nauc_mrr_at_1000_diff1": 0.462718,
        "main_score": 0.49963,
        "hf_subset": "default",
        "languages": [
          "eng-Latn"
        ]
      }
    ]
  },
  "evaluation_time": 92.80700421333313,
  "kg_co2_emissions": null
}