{
  "dataset_revision": "f22508f96b7a36c2415181ed8bb76f76e04ae2d5",
  "task_name": "AppsRetrieval",
  "mteb_version": "1.34.8",
  "scores": {
    "test": [
      {
        "ndcg_at_1": 0.02895,
        "ndcg_at_3": 0.04041,
        "ndcg_at_5": 0.04553,
        "ndcg_at_10": 0.05211,
        "ndcg_at_20": 0.05702,
        "ndcg_at_100": 0.07334,
        "ndcg_at_1000": 0.10651,
        "map_at_1": 0.02895,
        "map_at_3": 0.03749,
        "map_at_5": 0.04032,
        "map_at_10": 0.04302,
        "map_at_20": 0.04434,
        "map_at_100": 0.04632,
        "map_at_1000": 0.04728,
        "recall_at_1": 0.02895,
        "recall_at_3": 0.04887,
        "recall_at_5": 0.06135,
        "recall_at_10": 0.08181,
        "recall_at_20": 0.10146,
        "recall_at_100": 0.19363,
        "recall_at_1000": 0.47224,
        "precision_at_1": 0.02895,
        "precision_at_3": 0.01629,
        "precision_at_5": 0.01227,
        "precision_at_10": 0.00818,
        "precision_at_20": 0.00507,
        "precision_at_100": 0.00194,
        "precision_at_1000": 0.00047,
        "mrr_at_1": 0.028951,
        "mrr_at_3": 0.037494,
        "mrr_at_5": 0.040323,
        "mrr_at_10": 0.043019,
        "mrr_at_20": 0.044341,
        "mrr_at_100": 0.046323,
        "mrr_at_1000": 0.04728,
        "nauc_ndcg_at_1_max": 0.360045,
        "nauc_ndcg_at_1_std": 0.062118,
        "nauc_ndcg_at_1_diff1": 0.393092,
        "nauc_ndcg_at_3_max": 0.32415,
        "nauc_ndcg_at_3_std": 0.059179,
        "nauc_ndcg_at_3_diff1": 0.281799,
        "nauc_ndcg_at_5_max": 0.30834,
        "nauc_ndcg_at_5_std": 0.070794,
        "nauc_ndcg_at_5_diff1": 0.241604,
        "nauc_ndcg_at_10_max": 0.298003,
        "nauc_ndcg_at_10_std": 0.085213,
        "nauc_ndcg_at_10_diff1": 0.225119,
        "nauc_ndcg_at_20_max": 0.287226,
        "nauc_ndcg_at_20_std": 0.09921,
        "nauc_ndcg_at_20_diff1": 0.202236,
        "nauc_ndcg_at_100_max": 0.270539,
        "nauc_ndcg_at_100_std": 0.118327,
        "nauc_ndcg_at_100_diff1": 0.166243,
        "nauc_ndcg_at_1000_max": 0.260915,
        "nauc_ndcg_at_1000_std": 0.14241,
        "nauc_ndcg_at_1000_diff1": 0.134905,
        "nauc_map_at_1_max": 0.360045,
        "nauc_map_at_1_std": 0.062118,
        "nauc_map_at_1_diff1": 0.393092,
        "nauc_map_at_3_max": 0.331914,
        "nauc_map_at_3_std": 0.059725,
        "nauc_map_at_3_diff1": 0.30336,
        "nauc_map_at_5_max": 0.321029,
        "nauc_map_at_5_std": 0.066611,
        "nauc_map_at_5_diff1": 0.276488,
        "nauc_map_at_10_max": 0.315351,
        "nauc_map_at_10_std": 0.074089,
        "nauc_map_at_10_diff1": 0.266262,
        "nauc_map_at_20_max": 0.310952,
        "nauc_map_at_20_std": 0.078967,
        "nauc_map_at_20_diff1": 0.257114,
        "nauc_map_at_100_max": 0.30718,
        "nauc_map_at_100_std": 0.083265,
        "nauc_map_at_100_diff1": 0.248712,
        "nauc_map_at_1000_max": 0.306359,
        "nauc_map_at_1000_std": 0.084917,
        "nauc_map_at_1000_diff1": 0.24668,
        "nauc_recall_at_1_max": 0.360045,
        "nauc_recall_at_1_std": 0.062118,
        "nauc_recall_at_1_diff1": 0.393092,
        "nauc_recall_at_3_max": 0.306618,
        "nauc_recall_at_3_std": 0.05797,
        "nauc_recall_at_3_diff1": 0.233795,
        "nauc_recall_at_5_max": 0.282887,
        "nauc_recall_at_5_std": 0.080101,
        "nauc_recall_at_5_diff1": 0.171631,
        "nauc_recall_at_10_max": 0.268066,
        "nauc_recall_at_10_std": 0.106121,
        "nauc_recall_at_10_diff1": 0.156111,
        "nauc_recall_at_20_max": 0.250072,
        "nauc_recall_at_20_std": 0.134681,
        "nauc_recall_at_20_diff1": 0.117785,
        "nauc_recall_at_100_max": 0.225064,
        "nauc_recall_at_100_std": 0.165649,
        "nauc_recall_at_100_diff1": 0.065627,
        "nauc_recall_at_1000_max": 0.207873,
        "nauc_recall_at_1000_std": 0.22458,
        "nauc_recall_at_1000_diff1": -0.006797,
        "nauc_precision_at_1_max": 0.360045,
        "nauc_precision_at_1_std": 0.062118,
        "nauc_precision_at_1_diff1": 0.393092,
        "nauc_precision_at_3_max": 0.306618,
        "nauc_precision_at_3_std": 0.05797,
        "nauc_precision_at_3_diff1": 0.233795,
        "nauc_precision_at_5_max": 0.282887,
        "nauc_precision_at_5_std": 0.080101,
        "nauc_precision_at_5_diff1": 0.171631,
        "nauc_precision_at_10_max": 0.268066,
        "nauc_precision_at_10_std": 0.106121,
        "nauc_precision_at_10_diff1": 0.156111,
        "nauc_precision_at_20_max": 0.250072,
        "nauc_precision_at_20_std": 0.134681,
        "nauc_precision_at_20_diff1": 0.117785,
        "nauc_precision_at_100_max": 0.225064,
        "nauc_precision_at_100_std": 0.165649,
        "nauc_precision_at_100_diff1": 0.065627,
        "nauc_precision_at_1000_max": 0.207873,
        "nauc_precision_at_1000_std": 0.22458,
        "nauc_precision_at_1000_diff1": -0.006797,
        "nauc_mrr_at_1_max": 0.360045,
        "nauc_mrr_at_1_std": 0.062118,
        "nauc_mrr_at_1_diff1": 0.393092,
        "nauc_mrr_at_3_max": 0.331914,
        "nauc_mrr_at_3_std": 0.059725,
        "nauc_mrr_at_3_diff1": 0.30336,
        "nauc_mrr_at_5_max": 0.321029,
        "nauc_mrr_at_5_std": 0.066611,
        "nauc_mrr_at_5_diff1": 0.276488,
        "nauc_mrr_at_10_max": 0.315351,
        "nauc_mrr_at_10_std": 0.074089,
        "nauc_mrr_at_10_diff1": 0.266262,
        "nauc_mrr_at_20_max": 0.310952,
        "nauc_mrr_at_20_std": 0.078967,
        "nauc_mrr_at_20_diff1": 0.257114,
        "nauc_mrr_at_100_max": 0.30718,
        "nauc_mrr_at_100_std": 0.083265,
        "nauc_mrr_at_100_diff1": 0.248712,
        "nauc_mrr_at_1000_max": 0.306359,
        "nauc_mrr_at_1000_std": 0.084917,
        "nauc_mrr_at_1000_diff1": 0.24668,
        "main_score": 0.05211,
        "hf_subset": "default",
        "languages": [
          "eng-Latn",
          "python-Code"
        ]
      }
    ]
  },
  "evaluation_time": 14.672979831695557,
  "kg_co2_emissions": null
}