{
  "dataset_revision": "c22ab2a51041ffd869aaddef7af8d8215647e41a",
  "task_name": "ArguAna",
  "mteb_version": "1.34.8",
  "scores": {
    "test": [
      {
        "ndcg_at_1": 0.26245,
        "ndcg_at_3": 0.40025,
        "ndcg_at_5": 0.44805,
        "ndcg_at_10": 0.50361,
        "ndcg_at_20": 0.53323,
        "ndcg_at_100": 0.54681,
        "ndcg_at_1000": 0.54927,
        "map_at_1": 0.26245,
        "map_at_3": 0.36498,
        "map_at_5": 0.39137,
        "map_at_10": 0.41424,
        "map_at_20": 0.42253,
        "map_at_100": 0.42471,
        "map_at_1000": 0.42482,
        "recall_at_1": 0.26245,
        "recall_at_3": 0.50284,
        "recall_at_5": 0.61949,
        "recall_at_10": 0.79161,
        "recall_at_20": 0.90754,
        "recall_at_100": 0.97653,
        "recall_at_1000": 0.99502,
        "precision_at_1": 0.26245,
        "precision_at_3": 0.16761,
        "precision_at_5": 0.1239,
        "precision_at_10": 0.07916,
        "precision_at_20": 0.04538,
        "precision_at_100": 0.00977,
        "precision_at_1000": 0.001,
        "mrr_at_1": 0.268848,
        "mrr_at_3": 0.367117,
        "mrr_at_5": 0.393433,
        "mrr_at_10": 0.416565,
        "mrr_at_20": 0.42489,
        "mrr_at_100": 0.427033,
        "mrr_at_1000": 0.427141,
        "nauc_ndcg_at_1_max": -0.037197,
        "nauc_ndcg_at_1_std": -0.09662,
        "nauc_ndcg_at_1_diff1": 0.124794,
        "nauc_ndcg_at_3_max": -0.012715,
        "nauc_ndcg_at_3_std": -0.089229,
        "nauc_ndcg_at_3_diff1": 0.085995,
        "nauc_ndcg_at_5_max": -0.017063,
        "nauc_ndcg_at_5_std": -0.089924,
        "nauc_ndcg_at_5_diff1": 0.071416,
        "nauc_ndcg_at_10_max": -0.001909,
        "nauc_ndcg_at_10_std": -0.079635,
        "nauc_ndcg_at_10_diff1": 0.074408,
        "nauc_ndcg_at_20_max": 0.000452,
        "nauc_ndcg_at_20_std": -0.086747,
        "nauc_ndcg_at_20_diff1": 0.083461,
        "nauc_ndcg_at_100_max": -0.001816,
        "nauc_ndcg_at_100_std": -0.079338,
        "nauc_ndcg_at_100_diff1": 0.087443,
        "nauc_ndcg_at_1000_max": -0.007949,
        "nauc_ndcg_at_1000_std": -0.083698,
        "nauc_ndcg_at_1000_diff1": 0.087324,
        "nauc_map_at_1_max": -0.037197,
        "nauc_map_at_1_std": -0.09662,
        "nauc_map_at_1_diff1": 0.124794,
        "nauc_map_at_3_max": -0.019496,
        "nauc_map_at_3_std": -0.091844,
        "nauc_map_at_3_diff1": 0.093712,
        "nauc_map_at_5_max": -0.022258,
        "nauc_map_at_5_std": -0.092119,
        "nauc_map_at_5_diff1": 0.086102,
        "nauc_map_at_10_max": -0.016422,
        "nauc_map_at_10_std": -0.088399,
        "nauc_map_at_10_diff1": 0.088722,
        "nauc_map_at_20_max": -0.016234,
        "nauc_map_at_20_std": -0.090212,
        "nauc_map_at_20_diff1": 0.090965,
        "nauc_map_at_100_max": -0.016312,
        "nauc_map_at_100_std": -0.089325,
        "nauc_map_at_100_diff1": 0.09192,
        "nauc_map_at_1000_max": -0.016524,
        "nauc_map_at_1000_std": -0.089465,
        "nauc_map_at_1000_diff1": 0.091918,
        "nauc_recall_at_1_max": -0.037197,
        "nauc_recall_at_1_std": -0.09662,
        "nauc_recall_at_1_diff1": 0.124794,
        "nauc_recall_at_3_max": 0.006728,
        "nauc_recall_at_3_std": -0.081542,
        "nauc_recall_at_3_diff1": 0.064881,
        "nauc_recall_at_5_max": -0.000783,
        "nauc_recall_at_5_std": -0.083017,
        "nauc_recall_at_5_diff1": 0.023592,
        "nauc_recall_at_10_max": 0.075529,
        "nauc_recall_at_10_std": -0.031135,
        "nauc_recall_at_10_diff1": 0.002857,
        "nauc_recall_at_20_max": 0.186804,
        "nauc_recall_at_20_std": -0.059533,
        "nauc_recall_at_20_diff1": 0.031526,
        "nauc_recall_at_100_max": 0.54398,
        "nauc_recall_at_100_std": 0.426993,
        "nauc_recall_at_100_diff1": 0.025573,
        "nauc_recall_at_1000_max": 0.267126,
        "nauc_recall_at_1000_std": 0.637562,
        "nauc_recall_at_1000_diff1": -0.249228,
        "nauc_precision_at_1_max": -0.037197,
        "nauc_precision_at_1_std": -0.09662,
        "nauc_precision_at_1_diff1": 0.124794,
        "nauc_precision_at_3_max": 0.006728,
        "nauc_precision_at_3_std": -0.081542,
        "nauc_precision_at_3_diff1": 0.064881,
        "nauc_precision_at_5_max": -0.000783,
        "nauc_precision_at_5_std": -0.083017,
        "nauc_precision_at_5_diff1": 0.023592,
        "nauc_precision_at_10_max": 0.075529,
        "nauc_precision_at_10_std": -0.031135,
        "nauc_precision_at_10_diff1": 0.002857,
        "nauc_precision_at_20_max": 0.186804,
        "nauc_precision_at_20_std": -0.059533,
        "nauc_precision_at_20_diff1": 0.031526,
        "nauc_precision_at_100_max": 0.54398,
        "nauc_precision_at_100_std": 0.426993,
        "nauc_precision_at_100_diff1": 0.025573,
        "nauc_precision_at_1000_max": 0.267126,
        "nauc_precision_at_1000_std": 0.637562,
        "nauc_precision_at_1000_diff1": -0.249228,
        "nauc_mrr_at_1_max": -0.045535,
        "nauc_mrr_at_1_std": -0.096625,
        "nauc_mrr_at_1_diff1": 0.103903,
        "nauc_mrr_at_3_max": -0.031502,
        "nauc_mrr_at_3_std": -0.091846,
        "nauc_mrr_at_3_diff1": 0.075891,
        "nauc_mrr_at_5_max": -0.034313,
        "nauc_mrr_at_5_std": -0.092816,
        "nauc_mrr_at_5_diff1": 0.068355,
        "nauc_mrr_at_10_max": -0.028111,
        "nauc_mrr_at_10_std": -0.088655,
        "nauc_mrr_at_10_diff1": 0.070525,
        "nauc_mrr_at_20_max": -0.028229,
        "nauc_mrr_at_20_std": -0.090416,
        "nauc_mrr_at_20_diff1": 0.072259,
        "nauc_mrr_at_100_max": -0.028425,
        "nauc_mrr_at_100_std": -0.08959,
        "nauc_mrr_at_100_diff1": 0.07311,
        "nauc_mrr_at_1000_max": -0.02864,
        "nauc_mrr_at_1000_std": -0.08973,
        "nauc_mrr_at_1000_diff1": 0.073101,
        "main_score": 0.50361,
        "hf_subset": "default",
        "languages": [
          "eng-Latn"
        ]
      }
    ]
  },
  "evaluation_time": 8.265329599380493,
  "kg_co2_emissions": null
}