{
  "dataset_revision": "5d958fb6b31055495347724d46431ba41309b03a",
  "task_name": "ChemNQRetrieval",
  "mteb_version": "1.34.8",
  "scores": {
    "test": [
      {
        "ndcg_at_1": 0.37037,
        "ndcg_at_3": 0.43339,
        "ndcg_at_5": 0.47245,
        "ndcg_at_10": 0.54931,
        "ndcg_at_20": 0.56888,
        "ndcg_at_100": 0.58469,
        "ndcg_at_1000": 0.58866,
        "map_at_1": 0.29012,
        "map_at_3": 0.38889,
        "map_at_5": 0.41296,
        "map_at_10": 0.44974,
        "map_at_20": 0.4567,
        "map_at_100": 0.45918,
        "map_at_1000": 0.45924,
        "recall_at_1": 0.29012,
        "recall_at_3": 0.49383,
        "recall_at_5": 0.58642,
        "recall_at_10": 0.80864,
        "recall_at_20": 0.87654,
        "recall_at_100": 0.96296,
        "recall_at_1000": 1.0,
        "precision_at_1": 0.37037,
        "precision_at_3": 0.20988,
        "precision_at_5": 0.14815,
        "precision_at_10": 0.1037,
        "precision_at_20": 0.05741,
        "precision_at_100": 0.01259,
        "precision_at_1000": 0.0013,
        "mrr_at_1": 0.37037,
        "mrr_at_3": 0.462963,
        "mrr_at_5": 0.47963,
        "mrr_at_10": 0.503542,
        "mrr_at_20": 0.506011,
        "mrr_at_100": 0.507168,
        "mrr_at_1000": 0.507225,
        "nauc_ndcg_at_1_max": 0.123931,
        "nauc_ndcg_at_1_std": 0.047894,
        "nauc_ndcg_at_1_diff1": 0.27844,
        "nauc_ndcg_at_3_max": 0.208283,
        "nauc_ndcg_at_3_std": 0.019751,
        "nauc_ndcg_at_3_diff1": 0.104894,
        "nauc_ndcg_at_5_max": 0.126247,
        "nauc_ndcg_at_5_std": -0.082061,
        "nauc_ndcg_at_5_diff1": 0.084596,
        "nauc_ndcg_at_10_max": 0.21591,
        "nauc_ndcg_at_10_std": -0.0316,
        "nauc_ndcg_at_10_diff1": 0.164782,
        "nauc_ndcg_at_20_max": 0.237574,
        "nauc_ndcg_at_20_std": 0.007701,
        "nauc_ndcg_at_20_diff1": 0.199036,
        "nauc_ndcg_at_100_max": 0.195065,
        "nauc_ndcg_at_100_std": 0.001339,
        "nauc_ndcg_at_100_diff1": 0.155097,
        "nauc_ndcg_at_1000_max": 0.196388,
        "nauc_ndcg_at_1000_std": -0.00047,
        "nauc_ndcg_at_1000_diff1": 0.160443,
        "nauc_map_at_1_max": 0.139494,
        "nauc_map_at_1_std": -0.032643,
        "nauc_map_at_1_diff1": 0.255327,
        "nauc_map_at_3_max": 0.173804,
        "nauc_map_at_3_std": -0.025579,
        "nauc_map_at_3_diff1": 0.118119,
        "nauc_map_at_5_max": 0.124104,
        "nauc_map_at_5_std": -0.0869,
        "nauc_map_at_5_diff1": 0.106184,
        "nauc_map_at_10_max": 0.168224,
        "nauc_map_at_10_std": -0.065059,
        "nauc_map_at_10_diff1": 0.142819,
        "nauc_map_at_20_max": 0.174765,
        "nauc_map_at_20_std": -0.055359,
        "nauc_map_at_20_diff1": 0.148612,
        "nauc_map_at_100_max": 0.169423,
        "nauc_map_at_100_std": -0.050517,
        "nauc_map_at_100_diff1": 0.1433,
        "nauc_map_at_1000_max": 0.169434,
        "nauc_map_at_1000_std": -0.050548,
        "nauc_map_at_1000_diff1": 0.14336,
        "nauc_recall_at_1_max": 0.139494,
        "nauc_recall_at_1_std": -0.032643,
        "nauc_recall_at_1_diff1": 0.255327,
        "nauc_recall_at_3_max": 0.275121,
        "nauc_recall_at_3_std": 0.071538,
        "nauc_recall_at_3_diff1": 0.018603,
        "nauc_recall_at_5_max": 0.075121,
        "nauc_recall_at_5_std": -0.1678,
        "nauc_recall_at_5_diff1": -0.045658,
        "nauc_recall_at_10_max": 0.393056,
        "nauc_recall_at_10_std": -0.03318,
        "nauc_recall_at_10_diff1": 0.215001,
        "nauc_recall_at_20_max": 0.65858,
        "nauc_recall_at_20_std": 0.247305,
        "nauc_recall_at_20_diff1": 0.570787,
        "nauc_recall_at_100_max": 0.113206,
        "nauc_recall_at_100_std": 0.113206,
        "nauc_recall_at_100_diff1": -0.175564,
        "nauc_recall_at_1000_max": NaN,
        "nauc_recall_at_1000_std": NaN,
        "nauc_recall_at_1000_diff1": NaN,
        "nauc_precision_at_1_max": 0.123931,
        "nauc_precision_at_1_std": 0.047894,
        "nauc_precision_at_1_diff1": 0.27844,
        "nauc_precision_at_3_max": 0.181934,
        "nauc_precision_at_3_std": 0.043197,
        "nauc_precision_at_3_diff1": -0.043169,
        "nauc_precision_at_5_max": -0.036896,
        "nauc_precision_at_5_std": -0.182989,
        "nauc_precision_at_5_diff1": -0.108192,
        "nauc_precision_at_10_max": 0.16651,
        "nauc_precision_at_10_std": -0.092748,
        "nauc_precision_at_10_diff1": 0.062051,
        "nauc_precision_at_20_max": 0.178901,
        "nauc_precision_at_20_std": 0.075276,
        "nauc_precision_at_20_diff1": 0.085585,
        "nauc_precision_at_100_max": -0.027585,
        "nauc_precision_at_100_std": 0.116782,
        "nauc_precision_at_100_diff1": -0.123031,
        "nauc_precision_at_1000_max": -0.04098,
        "nauc_precision_at_1000_std": 0.117123,
        "nauc_precision_at_1000_diff1": -0.118033,
        "nauc_mrr_at_1_max": 0.123931,
        "nauc_mrr_at_1_std": 0.047894,
        "nauc_mrr_at_1_diff1": 0.27844,
        "nauc_mrr_at_3_max": 0.192229,
        "nauc_mrr_at_3_std": 0.083672,
        "nauc_mrr_at_3_diff1": 0.173923,
        "nauc_mrr_at_5_max": 0.160131,
        "nauc_mrr_at_5_std": 0.043966,
        "nauc_mrr_at_5_diff1": 0.171297,
        "nauc_mrr_at_10_max": 0.18852,
        "nauc_mrr_at_10_std": 0.075288,
        "nauc_mrr_at_10_diff1": 0.197122,
        "nauc_mrr_at_20_max": 0.191164,
        "nauc_mrr_at_20_std": 0.080261,
        "nauc_mrr_at_20_diff1": 0.207872,
        "nauc_mrr_at_100_max": 0.188373,
        "nauc_mrr_at_100_std": 0.078124,
        "nauc_mrr_at_100_diff1": 0.205278,
        "nauc_mrr_at_1000_max": 0.188387,
        "nauc_mrr_at_1000_std": 0.078118,
        "nauc_mrr_at_1000_diff1": 0.205348,
        "main_score": 0.54931,
        "hf_subset": "default",
        "languages": [
          "eng-Latn"
        ]
      }
    ]
  },
  "evaluation_time": 8.115055799484253,
  "kg_co2_emissions": null
}