{
  "dataset_revision": "27a168819829fe9bcd655c2df245fb19452e8e06",
  "task_name": "FiQA2018",
  "mteb_version": "1.34.8",
  "scores": {
    "test": [
      {
        "ndcg_at_1": 0.35031,
        "ndcg_at_3": 0.33215,
        "ndcg_at_5": 0.34427,
        "ndcg_at_10": 0.36808,
        "ndcg_at_20": 0.39608,
        "ndcg_at_100": 0.44301,
        "ndcg_at_1000": 0.47457,
        "map_at_1": 0.17642,
        "map_at_3": 0.25436,
        "map_at_5": 0.27587,
        "map_at_10": 0.2917,
        "map_at_20": 0.30205,
        "map_at_100": 0.3113,
        "map_at_1000": 0.31313,
        "recall_at_1": 0.17642,
        "recall_at_3": 0.3018,
        "recall_at_5": 0.36127,
        "recall_at_10": 0.43731,
        "recall_at_20": 0.52305,
        "recall_at_100": 0.71847,
        "recall_at_1000": 0.90943,
        "precision_at_1": 0.35031,
        "precision_at_3": 0.22274,
        "precision_at_5": 0.16636,
        "precision_at_10": 0.10309,
        "precision_at_20": 0.06319,
        "precision_at_100": 0.01804,
        "precision_at_1000": 0.00236,
        "mrr_at_1": 0.350309,
        "mrr_at_3": 0.419239,
        "mrr_at_5": 0.434285,
        "mrr_at_10": 0.446111,
        "mrr_at_20": 0.45171,
        "mrr_at_100": 0.455254,
        "mrr_at_1000": 0.455651,
        "nauc_ndcg_at_1_max": 0.374126,
        "nauc_ndcg_at_1_std": -0.039861,
        "nauc_ndcg_at_1_diff1": 0.448702,
        "nauc_ndcg_at_3_max": 0.340872,
        "nauc_ndcg_at_3_std": -0.050579,
        "nauc_ndcg_at_3_diff1": 0.353983,
        "nauc_ndcg_at_5_max": 0.334816,
        "nauc_ndcg_at_5_std": -0.050763,
        "nauc_ndcg_at_5_diff1": 0.332527,
        "nauc_ndcg_at_10_max": 0.327147,
        "nauc_ndcg_at_10_std": -0.043281,
        "nauc_ndcg_at_10_diff1": 0.326091,
        "nauc_ndcg_at_20_max": 0.335443,
        "nauc_ndcg_at_20_std": -0.027263,
        "nauc_ndcg_at_20_diff1": 0.320548,
        "nauc_ndcg_at_100_max": 0.348816,
        "nauc_ndcg_at_100_std": -0.005296,
        "nauc_ndcg_at_100_diff1": 0.327644,
        "nauc_ndcg_at_1000_max": 0.360455,
        "nauc_ndcg_at_1000_std": 0.00107,
        "nauc_ndcg_at_1000_diff1": 0.335739,
        "nauc_map_at_1_max": 0.246184,
        "nauc_map_at_1_std": -0.079059,
        "nauc_map_at_1_diff1": 0.395019,
        "nauc_map_at_3_max": 0.29474,
        "nauc_map_at_3_std": -0.075373,
        "nauc_map_at_3_diff1": 0.353216,
        "nauc_map_at_5_max": 0.309388,
        "nauc_map_at_5_std": -0.071855,
        "nauc_map_at_5_diff1": 0.337796,
        "nauc_map_at_10_max": 0.312318,
        "nauc_map_at_10_std": -0.062335,
        "nauc_map_at_10_diff1": 0.328632,
        "nauc_map_at_20_max": 0.317503,
        "nauc_map_at_20_std": -0.055509,
        "nauc_map_at_20_diff1": 0.328157,
        "nauc_map_at_100_max": 0.320496,
        "nauc_map_at_100_std": -0.050786,
        "nauc_map_at_100_diff1": 0.328153,
        "nauc_map_at_1000_max": 0.321453,
        "nauc_map_at_1000_std": -0.049788,
        "nauc_map_at_1000_diff1": 0.32828,
        "nauc_recall_at_1_max": 0.246184,
        "nauc_recall_at_1_std": -0.079059,
        "nauc_recall_at_1_diff1": 0.395019,
        "nauc_recall_at_3_max": 0.270813,
        "nauc_recall_at_3_std": -0.059181,
        "nauc_recall_at_3_diff1": 0.288534,
        "nauc_recall_at_5_max": 0.271359,
        "nauc_recall_at_5_std": -0.049944,
        "nauc_recall_at_5_diff1": 0.244054,
        "nauc_recall_at_10_max": 0.244158,
        "nauc_recall_at_10_std": -0.031026,
        "nauc_recall_at_10_diff1": 0.202256,
        "nauc_recall_at_20_max": 0.249061,
        "nauc_recall_at_20_std": 0.011518,
        "nauc_recall_at_20_diff1": 0.164912,
        "nauc_recall_at_100_max": 0.278712,
        "nauc_recall_at_100_std": 0.124538,
        "nauc_recall_at_100_diff1": 0.162316,
        "nauc_recall_at_1000_max": 0.451357,
        "nauc_recall_at_1000_std": 0.380644,
        "nauc_recall_at_1000_diff1": 0.180293,
        "nauc_precision_at_1_max": 0.374126,
        "nauc_precision_at_1_std": -0.039861,
        "nauc_precision_at_1_diff1": 0.448702,
        "nauc_precision_at_3_max": 0.362753,
        "nauc_precision_at_3_std": -0.022433,
        "nauc_precision_at_3_diff1": 0.278149,
        "nauc_precision_at_5_max": 0.357473,
        "nauc_precision_at_5_std": 0.003364,
        "nauc_precision_at_5_diff1": 0.199208,
        "nauc_precision_at_10_max": 0.332587,
        "nauc_precision_at_10_std": 0.044851,
        "nauc_precision_at_10_diff1": 0.138535,
        "nauc_precision_at_20_max": 0.31986,
        "nauc_precision_at_20_std": 0.096897,
        "nauc_precision_at_20_diff1": 0.102222,
        "nauc_precision_at_100_max": 0.267557,
        "nauc_precision_at_100_std": 0.144032,
        "nauc_precision_at_100_diff1": 0.053706,
        "nauc_precision_at_1000_max": 0.209536,
        "nauc_precision_at_1000_std": 0.15115,
        "nauc_precision_at_1000_diff1": 0.010432,
        "nauc_mrr_at_1_max": 0.374126,
        "nauc_mrr_at_1_std": -0.039861,
        "nauc_mrr_at_1_diff1": 0.448702,
        "nauc_mrr_at_3_max": 0.377694,
        "nauc_mrr_at_3_std": -0.023651,
        "nauc_mrr_at_3_diff1": 0.412691,
        "nauc_mrr_at_5_max": 0.382818,
        "nauc_mrr_at_5_std": -0.019846,
        "nauc_mrr_at_5_diff1": 0.409028,
        "nauc_mrr_at_10_max": 0.378278,
        "nauc_mrr_at_10_std": -0.020446,
        "nauc_mrr_at_10_diff1": 0.405909,
        "nauc_mrr_at_20_max": 0.378516,
        "nauc_mrr_at_20_std": -0.017094,
        "nauc_mrr_at_20_diff1": 0.403168,
        "nauc_mrr_at_100_max": 0.378903,
        "nauc_mrr_at_100_std": -0.016207,
        "nauc_mrr_at_100_diff1": 0.404516,
        "nauc_mrr_at_1000_max": 0.37909,
        "nauc_mrr_at_1000_std": -0.01632,
        "nauc_mrr_at_1000_diff1": 0.404784,
        "main_score": 0.36808,
        "hf_subset": "default",
        "languages": [
          "eng-Latn"
        ]
      }
    ]
  },
  "evaluation_time": 27.332455158233643,
  "kg_co2_emissions": null
}