{
  "dataset_revision": "ae763399273d8b20506b80cf6f6f9a31a6a2b238",
  "task_name": "MedicalQARetrieval",
  "mteb_version": "1.34.8",
  "scores": {
    "test": [
      {
        "ndcg_at_1": 0.41699,
        "ndcg_at_3": 0.55582,
        "ndcg_at_5": 0.5914,
        "ndcg_at_10": 0.61464,
        "ndcg_at_20": 0.62783,
        "ndcg_at_100": 0.64052,
        "ndcg_at_1000": 0.64865,
        "map_at_1": 0.41699,
        "map_at_3": 0.52148,
        "map_at_5": 0.54146,
        "map_at_10": 0.55114,
        "map_at_20": 0.55482,
        "map_at_100": 0.55659,
        "map_at_1000": 0.5569,
        "recall_at_1": 0.41699,
        "recall_at_3": 0.65527,
        "recall_at_5": 0.74072,
        "recall_at_10": 0.81201,
        "recall_at_20": 0.86377,
        "recall_at_100": 0.93213,
        "recall_at_1000": 0.99609,
        "precision_at_1": 0.41699,
        "precision_at_3": 0.21842,
        "precision_at_5": 0.14814,
        "precision_at_10": 0.0812,
        "precision_at_20": 0.04319,
        "precision_at_100": 0.00932,
        "precision_at_1000": 0.001,
        "mrr_at_1": 0.416992,
        "mrr_at_3": 0.521484,
        "mrr_at_5": 0.541333,
        "mrr_at_10": 0.551151,
        "mrr_at_20": 0.554785,
        "mrr_at_100": 0.556557,
        "mrr_at_1000": 0.556862,
        "nauc_ndcg_at_1_max": 0.266688,
        "nauc_ndcg_at_1_std": -0.08227,
        "nauc_ndcg_at_1_diff1": 0.3654,
        "nauc_ndcg_at_3_max": 0.275426,
        "nauc_ndcg_at_3_std": -0.097517,
        "nauc_ndcg_at_3_diff1": 0.305613,
        "nauc_ndcg_at_5_max": 0.291382,
        "nauc_ndcg_at_5_std": -0.087895,
        "nauc_ndcg_at_5_diff1": 0.296798,
        "nauc_ndcg_at_10_max": 0.312118,
        "nauc_ndcg_at_10_std": -0.069255,
        "nauc_ndcg_at_10_diff1": 0.296198,
        "nauc_ndcg_at_20_max": 0.318852,
        "nauc_ndcg_at_20_std": -0.049945,
        "nauc_ndcg_at_20_diff1": 0.292321,
        "nauc_ndcg_at_100_max": 0.313673,
        "nauc_ndcg_at_100_std": -0.046169,
        "nauc_ndcg_at_100_diff1": 0.293477,
        "nauc_ndcg_at_1000_max": 0.302082,
        "nauc_ndcg_at_1000_std": -0.06076,
        "nauc_ndcg_at_1000_diff1": 0.30169,
        "nauc_map_at_1_max": 0.266688,
        "nauc_map_at_1_std": -0.08227,
        "nauc_map_at_1_diff1": 0.3654,
        "nauc_map_at_3_max": 0.273717,
        "nauc_map_at_3_std": -0.09262,
        "nauc_map_at_3_diff1": 0.318831,
        "nauc_map_at_5_max": 0.2819,
        "nauc_map_at_5_std": -0.087424,
        "nauc_map_at_5_diff1": 0.314586,
        "nauc_map_at_10_max": 0.289282,
        "nauc_map_at_10_std": -0.08027,
        "nauc_map_at_10_diff1": 0.314584,
        "nauc_map_at_20_max": 0.290616,
        "nauc_map_at_20_std": -0.075839,
        "nauc_map_at_20_diff1": 0.31379,
        "nauc_map_at_100_max": 0.289939,
        "nauc_map_at_100_std": -0.074951,
        "nauc_map_at_100_diff1": 0.313869,
        "nauc_map_at_1000_max": 0.289526,
        "nauc_map_at_1000_std": -0.075357,
        "nauc_map_at_1000_diff1": 0.314134,
        "nauc_recall_at_1_max": 0.266688,
        "nauc_recall_at_1_std": -0.08227,
        "nauc_recall_at_1_diff1": 0.3654,
        "nauc_recall_at_3_max": 0.28086,
        "nauc_recall_at_3_std": -0.114322,
        "nauc_recall_at_3_diff1": 0.262607,
        "nauc_recall_at_5_max": 0.331946,
        "nauc_recall_at_5_std": -0.088398,
        "nauc_recall_at_5_diff1": 0.226146,
        "nauc_recall_at_10_max": 0.446003,
        "nauc_recall_at_10_std": -6e-06,
        "nauc_recall_at_10_diff1": 0.20377,
        "nauc_recall_at_20_max": 0.546478,
        "nauc_recall_at_20_std": 0.179554,
        "nauc_recall_at_20_diff1": 0.142206,
        "nauc_recall_at_100_max": 0.649783,
        "nauc_recall_at_100_std": 0.434477,
        "nauc_recall_at_100_diff1": 0.033233,
        "nauc_recall_at_1000_max": 0.58342,
        "nauc_recall_at_1000_std": 0.797847,
        "nauc_recall_at_1000_diff1": -0.092041,
        "nauc_precision_at_1_max": 0.266688,
        "nauc_precision_at_1_std": -0.08227,
        "nauc_precision_at_1_diff1": 0.3654,
        "nauc_precision_at_3_max": 0.28086,
        "nauc_precision_at_3_std": -0.114322,
        "nauc_precision_at_3_diff1": 0.262607,
        "nauc_precision_at_5_max": 0.331946,
        "nauc_precision_at_5_std": -0.088398,
        "nauc_precision_at_5_diff1": 0.226146,
        "nauc_precision_at_10_max": 0.446003,
        "nauc_precision_at_10_std": -6e-06,
        "nauc_precision_at_10_diff1": 0.20377,
        "nauc_precision_at_20_max": 0.546478,
        "nauc_precision_at_20_std": 0.179554,
        "nauc_precision_at_20_diff1": 0.142206,
        "nauc_precision_at_100_max": 0.649783,
        "nauc_precision_at_100_std": 0.434477,
        "nauc_precision_at_100_diff1": 0.033233,
        "nauc_precision_at_1000_max": 0.58342,
        "nauc_precision_at_1000_std": 0.797847,
        "nauc_precision_at_1000_diff1": -0.092041,
        "nauc_mrr_at_1_max": 0.266461,
        "nauc_mrr_at_1_std": -0.08227,
        "nauc_mrr_at_1_diff1": 0.3654,
        "nauc_mrr_at_3_max": 0.27346,
        "nauc_mrr_at_3_std": -0.093209,
        "nauc_mrr_at_3_diff1": 0.318831,
        "nauc_mrr_at_5_max": 0.282052,
        "nauc_mrr_at_5_std": -0.087554,
        "nauc_mrr_at_5_diff1": 0.314884,
        "nauc_mrr_at_10_max": 0.289575,
        "nauc_mrr_at_10_std": -0.080251,
        "nauc_mrr_at_10_diff1": 0.314911,
        "nauc_mrr_at_20_max": 0.29062,
        "nauc_mrr_at_20_std": -0.076069,
        "nauc_mrr_at_20_diff1": 0.313915,
        "nauc_mrr_at_100_max": 0.289944,
        "nauc_mrr_at_100_std": -0.075182,
        "nauc_mrr_at_100_diff1": 0.313994,
        "nauc_mrr_at_1000_max": 0.28953,
        "nauc_mrr_at_1000_std": -0.075589,
        "nauc_mrr_at_1000_diff1": 0.314259,
        "main_score": 0.61464,
        "hf_subset": "default",
        "languages": [
          "eng-Latn"
        ]
      }
    ]
  },
  "evaluation_time": 4.693901062011719,
  "kg_co2_emissions": null
}