{
  "dataset_revision": "ec0fa4fe99da2ff19ca1214b7966684033a58814",
  "task_name": "NFCorpus",
  "mteb_version": "1.34.8",
  "scores": {
    "test": [
      {
        "ndcg_at_1": 0.36378,
        "ndcg_at_3": 0.32781,
        "ndcg_at_5": 0.31356,
        "ndcg_at_10": 0.29109,
        "ndcg_at_20": 0.27165,
        "ndcg_at_100": 0.27294,
        "ndcg_at_1000": 0.35686,
        "map_at_1": 0.03601,
        "map_at_3": 0.06744,
        "map_at_5": 0.08009,
        "map_at_10": 0.09732,
        "map_at_20": 0.1096,
        "map_at_100": 0.12781,
        "map_at_1000": 0.14172,
        "recall_at_1": 0.03601,
        "recall_at_3": 0.08068,
        "recall_at_5": 0.09994,
        "recall_at_10": 0.14084,
        "recall_at_20": 0.17574,
        "recall_at_100": 0.28952,
        "recall_at_1000": 0.58446,
        "precision_at_1": 0.3839,
        "precision_at_3": 0.31579,
        "precision_at_5": 0.28297,
        "precision_at_10": 0.22724,
        "precision_at_20": 0.16718,
        "precision_at_100": 0.07424,
        "precision_at_1000": 0.02011,
        "mrr_at_1": 0.386997,
        "mrr_at_3": 0.455624,
        "mrr_at_5": 0.467389,
        "mrr_at_10": 0.477495,
        "mrr_at_20": 0.479737,
        "mrr_at_100": 0.482269,
        "mrr_at_1000": 0.482751,
        "nauc_ndcg_at_1_max": 0.452718,
        "nauc_ndcg_at_1_std": 0.145935,
        "nauc_ndcg_at_1_diff1": 0.351991,
        "nauc_ndcg_at_3_max": 0.464252,
        "nauc_ndcg_at_3_std": 0.21461,
        "nauc_ndcg_at_3_diff1": 0.227827,
        "nauc_ndcg_at_5_max": 0.469269,
        "nauc_ndcg_at_5_std": 0.246403,
        "nauc_ndcg_at_5_diff1": 0.208114,
        "nauc_ndcg_at_10_max": 0.451098,
        "nauc_ndcg_at_10_std": 0.284729,
        "nauc_ndcg_at_10_diff1": 0.160753,
        "nauc_ndcg_at_20_max": 0.442511,
        "nauc_ndcg_at_20_std": 0.305696,
        "nauc_ndcg_at_20_diff1": 0.14647,
        "nauc_ndcg_at_100_max": 0.478038,
        "nauc_ndcg_at_100_std": 0.32529,
        "nauc_ndcg_at_100_diff1": 0.187031,
        "nauc_ndcg_at_1000_max": 0.546614,
        "nauc_ndcg_at_1000_std": 0.41567,
        "nauc_ndcg_at_1000_diff1": 0.205459,
        "nauc_map_at_1_max": 0.171397,
        "nauc_map_at_1_std": -0.076433,
        "nauc_map_at_1_diff1": 0.340429,
        "nauc_map_at_3_max": 0.229589,
        "nauc_map_at_3_std": -0.020011,
        "nauc_map_at_3_diff1": 0.28319,
        "nauc_map_at_5_max": 0.276124,
        "nauc_map_at_5_std": 0.02235,
        "nauc_map_at_5_diff1": 0.259609,
        "nauc_map_at_10_max": 0.320061,
        "nauc_map_at_10_std": 0.089345,
        "nauc_map_at_10_diff1": 0.21028,
        "nauc_map_at_20_max": 0.356319,
        "nauc_map_at_20_std": 0.144168,
        "nauc_map_at_20_diff1": 0.193518,
        "nauc_map_at_100_max": 0.39196,
        "nauc_map_at_100_std": 0.21605,
        "nauc_map_at_100_diff1": 0.173529,
        "nauc_map_at_1000_max": 0.404234,
        "nauc_map_at_1000_std": 0.258298,
        "nauc_map_at_1000_diff1": 0.15848,
        "nauc_recall_at_1_max": 0.171397,
        "nauc_recall_at_1_std": -0.076433,
        "nauc_recall_at_1_diff1": 0.340429,
        "nauc_recall_at_3_max": 0.198678,
        "nauc_recall_at_3_std": -0.028753,
        "nauc_recall_at_3_diff1": 0.260855,
        "nauc_recall_at_5_max": 0.25746,
        "nauc_recall_at_5_std": 0.03077,
        "nauc_recall_at_5_diff1": 0.248268,
        "nauc_recall_at_10_max": 0.240178,
        "nauc_recall_at_10_std": 0.08713,
        "nauc_recall_at_10_diff1": 0.135527,
        "nauc_recall_at_20_max": 0.270298,
        "nauc_recall_at_20_std": 0.130326,
        "nauc_recall_at_20_diff1": 0.135886,
        "nauc_recall_at_100_max": 0.328036,
        "nauc_recall_at_100_std": 0.229886,
        "nauc_recall_at_100_diff1": 0.137395,
        "nauc_recall_at_1000_max": 0.344904,
        "nauc_recall_at_1000_std": 0.329907,
        "nauc_recall_at_1000_diff1": 0.1198,
        "nauc_precision_at_1_max": 0.476119,
        "nauc_precision_at_1_std": 0.169783,
        "nauc_precision_at_1_diff1": 0.348777,
        "nauc_precision_at_3_max": 0.483968,
        "nauc_precision_at_3_std": 0.273855,
        "nauc_precision_at_3_diff1": 0.167912,
        "nauc_precision_at_5_max": 0.474974,
        "nauc_precision_at_5_std": 0.324409,
        "nauc_precision_at_5_diff1": 0.115902,
        "nauc_precision_at_10_max": 0.436391,
        "nauc_precision_at_10_std": 0.395208,
        "nauc_precision_at_10_diff1": 0.01122,
        "nauc_precision_at_20_max": 0.397279,
        "nauc_precision_at_20_std": 0.435289,
        "nauc_precision_at_20_diff1": -0.043392,
        "nauc_precision_at_100_max": 0.273123,
        "nauc_precision_at_100_std": 0.435559,
        "nauc_precision_at_100_diff1": -0.120319,
        "nauc_precision_at_1000_max": 0.106072,
        "nauc_precision_at_1000_std": 0.317252,
        "nauc_precision_at_1000_diff1": -0.156566,
        "nauc_mrr_at_1_max": 0.472342,
        "nauc_mrr_at_1_std": 0.164778,
        "nauc_mrr_at_1_diff1": 0.339682,
        "nauc_mrr_at_3_max": 0.50236,
        "nauc_mrr_at_3_std": 0.206116,
        "nauc_mrr_at_3_diff1": 0.332158,
        "nauc_mrr_at_5_max": 0.514743,
        "nauc_mrr_at_5_std": 0.225839,
        "nauc_mrr_at_5_diff1": 0.341481,
        "nauc_mrr_at_10_max": 0.517828,
        "nauc_mrr_at_10_std": 0.23197,
        "nauc_mrr_at_10_diff1": 0.33486,
        "nauc_mrr_at_20_max": 0.519351,
        "nauc_mrr_at_20_std": 0.234106,
        "nauc_mrr_at_20_diff1": 0.333993,
        "nauc_mrr_at_100_max": 0.519792,
        "nauc_mrr_at_100_std": 0.235736,
        "nauc_mrr_at_100_diff1": 0.334461,
        "nauc_mrr_at_1000_max": 0.519707,
        "nauc_mrr_at_1000_std": 0.235524,
        "nauc_mrr_at_1000_diff1": 0.334384,
        "main_score": 0.29109,
        "hf_subset": "default",
        "languages": [
          "eng-Latn"
        ]
      }
    ]
  },
  "evaluation_time": 3.3521244525909424,
  "kg_co2_emissions": null
}