{
  "dataset_revision": "f8c2fcf00f625baaa80f62ec5bd9e1fff3b8ae88",
  "task_name": "SCIDOCS",
  "mteb_version": "1.34.8",
  "scores": {
    "test": [
      {
        "ndcg_at_1": 0.24,
        "ndcg_at_3": 0.19959,
        "ndcg_at_5": 0.17618,
        "ndcg_at_10": 0.21551,
        "ndcg_at_20": 0.24999,
        "ndcg_at_100": 0.30964,
        "ndcg_at_1000": 0.36544,
        "map_at_1": 0.04863,
        "map_at_3": 0.08982,
        "map_at_5": 0.10901,
        "map_at_10": 0.12892,
        "map_at_20": 0.14233,
        "map_at_100": 0.15481,
        "map_at_1000": 0.15835,
        "recall_at_1": 0.04863,
        "recall_at_3": 0.11443,
        "recall_at_5": 0.15853,
        "recall_at_10": 0.23078,
        "recall_at_20": 0.31148,
        "recall_at_100": 0.50542,
        "recall_at_1000": 0.77613,
        "precision_at_1": 0.24,
        "precision_at_3": 0.188,
        "precision_at_5": 0.1564,
        "precision_at_10": 0.114,
        "precision_at_20": 0.07685,
        "precision_at_100": 0.02492,
        "precision_at_1000": 0.00382,
        "mrr_at_1": 0.24,
        "mrr_at_3": 0.319667,
        "mrr_at_5": 0.340017,
        "mrr_at_10": 0.356519,
        "mrr_at_20": 0.363335,
        "mrr_at_100": 0.367571,
        "mrr_at_1000": 0.367926,
        "nauc_ndcg_at_1_max": 0.265317,
        "nauc_ndcg_at_1_std": 0.069153,
        "nauc_ndcg_at_1_diff1": 0.21333,
        "nauc_ndcg_at_3_max": 0.307848,
        "nauc_ndcg_at_3_std": 0.090772,
        "nauc_ndcg_at_3_diff1": 0.156068,
        "nauc_ndcg_at_5_max": 0.330051,
        "nauc_ndcg_at_5_std": 0.117697,
        "nauc_ndcg_at_5_diff1": 0.142829,
        "nauc_ndcg_at_10_max": 0.354503,
        "nauc_ndcg_at_10_std": 0.155346,
        "nauc_ndcg_at_10_diff1": 0.123537,
        "nauc_ndcg_at_20_max": 0.380224,
        "nauc_ndcg_at_20_std": 0.191707,
        "nauc_ndcg_at_20_diff1": 0.117223,
        "nauc_ndcg_at_100_max": 0.395259,
        "nauc_ndcg_at_100_std": 0.239779,
        "nauc_ndcg_at_100_diff1": 0.121139,
        "nauc_ndcg_at_1000_max": 0.392024,
        "nauc_ndcg_at_1000_std": 0.243441,
        "nauc_ndcg_at_1000_diff1": 0.11589,
        "nauc_map_at_1_max": 0.266136,
        "nauc_map_at_1_std": 0.067563,
        "nauc_map_at_1_diff1": 0.214386,
        "nauc_map_at_3_max": 0.300906,
        "nauc_map_at_3_std": 0.071949,
        "nauc_map_at_3_diff1": 0.156902,
        "nauc_map_at_5_max": 0.314614,
        "nauc_map_at_5_std": 0.096105,
        "nauc_map_at_5_diff1": 0.140574,
        "nauc_map_at_10_max": 0.339723,
        "nauc_map_at_10_std": 0.129783,
        "nauc_map_at_10_diff1": 0.124877,
        "nauc_map_at_20_max": 0.359028,
        "nauc_map_at_20_std": 0.15414,
        "nauc_map_at_20_diff1": 0.120496,
        "nauc_map_at_100_max": 0.367212,
        "nauc_map_at_100_std": 0.173421,
        "nauc_map_at_100_diff1": 0.120605,
        "nauc_map_at_1000_max": 0.367876,
        "nauc_map_at_1000_std": 0.175772,
        "nauc_map_at_1000_diff1": 0.119949,
        "nauc_recall_at_1_max": 0.266136,
        "nauc_recall_at_1_std": 0.067563,
        "nauc_recall_at_1_diff1": 0.214386,
        "nauc_recall_at_3_max": 0.322068,
        "nauc_recall_at_3_std": 0.095881,
        "nauc_recall_at_3_diff1": 0.134532,
        "nauc_recall_at_5_max": 0.339752,
        "nauc_recall_at_5_std": 0.137558,
        "nauc_recall_at_5_diff1": 0.107346,
        "nauc_recall_at_10_max": 0.36459,
        "nauc_recall_at_10_std": 0.195495,
        "nauc_recall_at_10_diff1": 0.071256,
        "nauc_recall_at_20_max": 0.393831,
        "nauc_recall_at_20_std": 0.256925,
        "nauc_recall_at_20_diff1": 0.055684,
        "nauc_recall_at_100_max": 0.375689,
        "nauc_recall_at_100_std": 0.346847,
        "nauc_recall_at_100_diff1": 0.057602,
        "nauc_recall_at_1000_max": 0.346351,
        "nauc_recall_at_1000_std": 0.396626,
        "nauc_recall_at_1000_diff1": 0.009854,
        "nauc_precision_at_1_max": 0.265317,
        "nauc_precision_at_1_std": 0.069153,
        "nauc_precision_at_1_diff1": 0.21333,
        "nauc_precision_at_3_max": 0.32122,
        "nauc_precision_at_3_std": 0.099588,
        "nauc_precision_at_3_diff1": 0.130925,
        "nauc_precision_at_5_max": 0.33932,
        "nauc_precision_at_5_std": 0.140739,
        "nauc_precision_at_5_diff1": 0.104423,
        "nauc_precision_at_10_max": 0.364187,
        "nauc_precision_at_10_std": 0.198797,
        "nauc_precision_at_10_diff1": 0.068627,
        "nauc_precision_at_20_max": 0.393559,
        "nauc_precision_at_20_std": 0.259071,
        "nauc_precision_at_20_diff1": 0.052906,
        "nauc_precision_at_100_max": 0.372516,
        "nauc_precision_at_100_std": 0.344506,
        "nauc_precision_at_100_diff1": 0.053594,
        "nauc_precision_at_1000_max": 0.332655,
        "nauc_precision_at_1000_std": 0.381689,
        "nauc_precision_at_1000_diff1": 0.000246,
        "nauc_mrr_at_1_max": 0.265317,
        "nauc_mrr_at_1_std": 0.069153,
        "nauc_mrr_at_1_diff1": 0.21333,
        "nauc_mrr_at_3_max": 0.299515,
        "nauc_mrr_at_3_std": 0.097725,
        "nauc_mrr_at_3_diff1": 0.185127,
        "nauc_mrr_at_5_max": 0.312168,
        "nauc_mrr_at_5_std": 0.111886,
        "nauc_mrr_at_5_diff1": 0.184135,
        "nauc_mrr_at_10_max": 0.312425,
        "nauc_mrr_at_10_std": 0.115829,
        "nauc_mrr_at_10_diff1": 0.182956,
        "nauc_mrr_at_20_max": 0.312776,
        "nauc_mrr_at_20_std": 0.118215,
        "nauc_mrr_at_20_diff1": 0.18229,
        "nauc_mrr_at_100_max": 0.312274,
        "nauc_mrr_at_100_std": 0.117537,
        "nauc_mrr_at_100_diff1": 0.182688,
        "nauc_mrr_at_1000_max": 0.312105,
        "nauc_mrr_at_1000_std": 0.117253,
        "nauc_mrr_at_1000_diff1": 0.182744,
        "main_score": 0.21551,
        "hf_subset": "default",
        "languages": [
          "eng-Latn"
        ]
      }
    ]
  },
  "evaluation_time": 18.392184734344482,
  "kg_co2_emissions": null
}