{
  "dataset_revision": "0228b52cf27578f30900b9e5271d331663a030d7",
  "task_name": "SciFact",
  "mteb_version": "1.34.8",
  "scores": {
    "test": [
      {
        "ndcg_at_1": 0.48333,
        "ndcg_at_3": 0.58025,
        "ndcg_at_5": 0.61597,
        "ndcg_at_10": 0.63704,
        "ndcg_at_20": 0.6499,
        "ndcg_at_100": 0.66285,
        "ndcg_at_1000": 0.67411,
        "map_at_1": 0.46233,
        "map_at_3": 0.54851,
        "map_at_5": 0.57176,
        "map_at_10": 0.58212,
        "map_at_20": 0.58594,
        "map_at_100": 0.58802,
        "map_at_1000": 0.58851,
        "recall_at_1": 0.46233,
        "recall_at_3": 0.64533,
        "recall_at_5": 0.73283,
        "recall_at_10": 0.79333,
        "recall_at_20": 0.84167,
        "recall_at_100": 0.90833,
        "recall_at_1000": 0.99333,
        "precision_at_1": 0.48333,
        "precision_at_3": 0.23444,
        "precision_at_5": 0.162,
        "precision_at_10": 0.08933,
        "precision_at_20": 0.0475,
        "precision_at_100": 0.01037,
        "precision_at_1000": 0.00112,
        "mrr_at_1": 0.483333,
        "mrr_at_3": 0.565556,
        "mrr_at_5": 0.585056,
        "mrr_at_10": 0.592127,
        "mrr_at_20": 0.595534,
        "mrr_at_100": 0.597033,
        "mrr_at_1000": 0.597501,
        "nauc_ndcg_at_1_max": 0.41394,
        "nauc_ndcg_at_1_std": -0.031404,
        "nauc_ndcg_at_1_diff1": 0.704206,
        "nauc_ndcg_at_3_max": 0.465079,
        "nauc_ndcg_at_3_std": -0.008466,
        "nauc_ndcg_at_3_diff1": 0.630833,
        "nauc_ndcg_at_5_max": 0.464878,
        "nauc_ndcg_at_5_std": 0.018778,
        "nauc_ndcg_at_5_diff1": 0.60432,
        "nauc_ndcg_at_10_max": 0.482372,
        "nauc_ndcg_at_10_std": 0.0222,
        "nauc_ndcg_at_10_diff1": 0.612202,
        "nauc_ndcg_at_20_max": 0.497261,
        "nauc_ndcg_at_20_std": 0.031596,
        "nauc_ndcg_at_20_diff1": 0.62706,
        "nauc_ndcg_at_100_max": 0.494687,
        "nauc_ndcg_at_100_std": 0.038926,
        "nauc_ndcg_at_100_diff1": 0.631986,
        "nauc_ndcg_at_1000_max": 0.47884,
        "nauc_ndcg_at_1000_std": 0.021252,
        "nauc_ndcg_at_1000_diff1": 0.632369,
        "nauc_map_at_1_max": 0.379563,
        "nauc_map_at_1_std": -0.084641,
        "nauc_map_at_1_diff1": 0.712146,
        "nauc_map_at_3_max": 0.43658,
        "nauc_map_at_3_std": -0.037224,
        "nauc_map_at_3_diff1": 0.651865,
        "nauc_map_at_5_max": 0.444691,
        "nauc_map_at_5_std": -0.013342,
        "nauc_map_at_5_diff1": 0.638239,
        "nauc_map_at_10_max": 0.456395,
        "nauc_map_at_10_std": -0.006877,
        "nauc_map_at_10_diff1": 0.641449,
        "nauc_map_at_20_max": 0.460177,
        "nauc_map_at_20_std": -0.003957,
        "nauc_map_at_20_diff1": 0.645284,
        "nauc_map_at_100_max": 0.45926,
        "nauc_map_at_100_std": -0.004044,
        "nauc_map_at_100_diff1": 0.645729,
        "nauc_map_at_1000_max": 0.458626,
        "nauc_map_at_1000_std": -0.004787,
        "nauc_map_at_1000_diff1": 0.645687,
        "nauc_recall_at_1_max": 0.379563,
        "nauc_recall_at_1_std": -0.084641,
        "nauc_recall_at_1_diff1": 0.712146,
        "nauc_recall_at_3_max": 0.489416,
        "nauc_recall_at_3_std": 0.00106,
        "nauc_recall_at_3_diff1": 0.563233,
        "nauc_recall_at_5_max": 0.498741,
        "nauc_recall_at_5_std": 0.088156,
        "nauc_recall_at_5_diff1": 0.463124,
        "nauc_recall_at_10_max": 0.571205,
        "nauc_recall_at_10_std": 0.100035,
        "nauc_recall_at_10_diff1": 0.474741,
        "nauc_recall_at_20_max": 0.686024,
        "nauc_recall_at_20_std": 0.172643,
        "nauc_recall_at_20_diff1": 0.540208,
        "nauc_recall_at_100_max": 0.798082,
        "nauc_recall_at_100_std": 0.406298,
        "nauc_recall_at_100_diff1": 0.582591,
        "nauc_recall_at_1000_max": 0.348973,
        "nauc_recall_at_1000_std": 0.338469,
        "nauc_recall_at_1000_diff1": 0.24043,
        "nauc_precision_at_1_max": 0.41394,
        "nauc_precision_at_1_std": -0.031404,
        "nauc_precision_at_1_diff1": 0.704206,
        "nauc_precision_at_3_max": 0.506279,
        "nauc_precision_at_3_std": 0.140681,
        "nauc_precision_at_3_diff1": 0.426287,
        "nauc_precision_at_5_max": 0.496081,
        "nauc_precision_at_5_std": 0.286729,
        "nauc_precision_at_5_diff1": 0.259668,
        "nauc_precision_at_10_max": 0.470741,
        "nauc_precision_at_10_std": 0.319786,
        "nauc_precision_at_10_diff1": 0.166291,
        "nauc_precision_at_20_max": 0.504,
        "nauc_precision_at_20_std": 0.390838,
        "nauc_precision_at_20_diff1": 0.141505,
        "nauc_precision_at_100_max": 0.38508,
        "nauc_precision_at_100_std": 0.444204,
        "nauc_precision_at_100_diff1": 0.014424,
        "nauc_precision_at_1000_max": 0.201962,
        "nauc_precision_at_1000_std": 0.435634,
        "nauc_precision_at_1000_diff1": -0.207195,
        "nauc_mrr_at_1_max": 0.41394,
        "nauc_mrr_at_1_std": -0.031404,
        "nauc_mrr_at_1_diff1": 0.704206,
        "nauc_mrr_at_3_max": 0.467699,
        "nauc_mrr_at_3_std": 0.010088,
        "nauc_mrr_at_3_diff1": 0.650611,
        "nauc_mrr_at_5_max": 0.463914,
        "nauc_mrr_at_5_std": 0.023453,
        "nauc_mrr_at_5_diff1": 0.634905,
        "nauc_mrr_at_10_max": 0.467138,
        "nauc_mrr_at_10_std": 0.019493,
        "nauc_mrr_at_10_diff1": 0.639686,
        "nauc_mrr_at_20_max": 0.470579,
        "nauc_mrr_at_20_std": 0.020835,
        "nauc_mrr_at_20_diff1": 0.643678,
        "nauc_mrr_at_100_max": 0.46999,
        "nauc_mrr_at_100_std": 0.020517,
        "nauc_mrr_at_100_diff1": 0.644338,
        "nauc_mrr_at_1000_max": 0.46941,
        "nauc_mrr_at_1000_std": 0.019867,
        "nauc_mrr_at_1000_diff1": 0.644293,
        "main_score": 0.63704,
        "hf_subset": "default",
        "languages": [
          "eng-Latn"
        ]
      }
    ]
  },
  "evaluation_time": 5.361318826675415,
  "kg_co2_emissions": null
}