{
  "dataset_revision": "bb9466bac8153a0349341eb1b22e06409e78ef4e",
  "task_name": "TRECCOVID",
  "mteb_version": "1.34.8",
  "scores": {
    "test": [
      {
        "ndcg_at_1": 0.57,
        "ndcg_at_3": 0.49335,
        "ndcg_at_5": 0.49928,
        "ndcg_at_10": 0.46228,
        "ndcg_at_20": 0.43958,
        "ndcg_at_100": 0.34596,
        "ndcg_at_1000": 0.33974,
        "map_at_1": 0.00167,
        "map_at_3": 0.00386,
        "map_at_5": 0.00619,
        "map_at_10": 0.01068,
        "map_at_20": 0.01814,
        "map_at_100": 0.05343,
        "map_at_1000": 0.13335,
        "recall_at_1": 0.00167,
        "recall_at_3": 0.00428,
        "recall_at_5": 0.00731,
        "recall_at_10": 0.01294,
        "recall_at_20": 0.02386,
        "recall_at_100": 0.0852,
        "recall_at_1000": 0.32925,
        "precision_at_1": 0.62,
        "precision_at_3": 0.52667,
        "precision_at_5": 0.552,
        "precision_at_10": 0.496,
        "precision_at_20": 0.471,
        "precision_at_100": 0.355,
        "precision_at_1000": 0.15262,
        "mrr_at_1": 0.62,
        "mrr_at_3": 0.693333,
        "mrr_at_5": 0.722333,
        "mrr_at_10": 0.72519,
        "mrr_at_20": 0.726857,
        "mrr_at_100": 0.728411,
        "mrr_at_1000": 0.728578,
        "nauc_ndcg_at_1_max": 0.287074,
        "nauc_ndcg_at_1_std": 0.362311,
        "nauc_ndcg_at_1_diff1": -0.153867,
        "nauc_ndcg_at_3_max": 0.302335,
        "nauc_ndcg_at_3_std": 0.466839,
        "nauc_ndcg_at_3_diff1": -0.230519,
        "nauc_ndcg_at_5_max": 0.295365,
        "nauc_ndcg_at_5_std": 0.495974,
        "nauc_ndcg_at_5_diff1": -0.276083,
        "nauc_ndcg_at_10_max": 0.30112,
        "nauc_ndcg_at_10_std": 0.575551,
        "nauc_ndcg_at_10_diff1": -0.313034,
        "nauc_ndcg_at_20_max": 0.300783,
        "nauc_ndcg_at_20_std": 0.664717,
        "nauc_ndcg_at_20_diff1": -0.332566,
        "nauc_ndcg_at_100_max": 0.33828,
        "nauc_ndcg_at_100_std": 0.775631,
        "nauc_ndcg_at_100_diff1": -0.363685,
        "nauc_ndcg_at_1000_max": 0.3835,
        "nauc_ndcg_at_1000_std": 0.785496,
        "nauc_ndcg_at_1000_diff1": -0.303329,
        "nauc_map_at_1_max": 0.170643,
        "nauc_map_at_1_std": 0.133437,
        "nauc_map_at_1_diff1": -0.066923,
        "nauc_map_at_3_max": 0.243822,
        "nauc_map_at_3_std": 0.238013,
        "nauc_map_at_3_diff1": -0.12779,
        "nauc_map_at_5_max": 0.187184,
        "nauc_map_at_5_std": 0.285058,
        "nauc_map_at_5_diff1": -0.17603,
        "nauc_map_at_10_max": 0.171694,
        "nauc_map_at_10_std": 0.359444,
        "nauc_map_at_10_diff1": -0.203767,
        "nauc_map_at_20_max": 0.192217,
        "nauc_map_at_20_std": 0.455892,
        "nauc_map_at_20_diff1": -0.232792,
        "nauc_map_at_100_max": 0.323325,
        "nauc_map_at_100_std": 0.730091,
        "nauc_map_at_100_diff1": -0.334089,
        "nauc_map_at_1000_max": 0.416212,
        "nauc_map_at_1000_std": 0.834307,
        "nauc_map_at_1000_diff1": -0.330497,
        "nauc_recall_at_1_max": 0.170643,
        "nauc_recall_at_1_std": 0.133437,
        "nauc_recall_at_1_diff1": -0.066923,
        "nauc_recall_at_3_max": 0.179817,
        "nauc_recall_at_3_std": 0.227166,
        "nauc_recall_at_3_diff1": -0.100736,
        "nauc_recall_at_5_max": 0.109621,
        "nauc_recall_at_5_std": 0.264119,
        "nauc_recall_at_5_diff1": -0.159464,
        "nauc_recall_at_10_max": 0.140811,
        "nauc_recall_at_10_std": 0.349576,
        "nauc_recall_at_10_diff1": -0.183089,
        "nauc_recall_at_20_max": 0.147423,
        "nauc_recall_at_20_std": 0.415124,
        "nauc_recall_at_20_diff1": -0.204088,
        "nauc_recall_at_100_max": 0.28236,
        "nauc_recall_at_100_std": 0.658321,
        "nauc_recall_at_100_diff1": -0.314967,
        "nauc_recall_at_1000_max": 0.378209,
        "nauc_recall_at_1000_std": 0.750462,
        "nauc_recall_at_1000_diff1": -0.271955,
        "nauc_precision_at_1_max": 0.330123,
        "nauc_precision_at_1_std": 0.348306,
        "nauc_precision_at_1_diff1": -0.091776,
        "nauc_precision_at_3_max": 0.288284,
        "nauc_precision_at_3_std": 0.503299,
        "nauc_precision_at_3_diff1": -0.212587,
        "nauc_precision_at_5_max": 0.261823,
        "nauc_precision_at_5_std": 0.544348,
        "nauc_precision_at_5_diff1": -0.289142,
        "nauc_precision_at_10_max": 0.303627,
        "nauc_precision_at_10_std": 0.617994,
        "nauc_precision_at_10_diff1": -0.313891,
        "nauc_precision_at_20_max": 0.298098,
        "nauc_precision_at_20_std": 0.69244,
        "nauc_precision_at_20_diff1": -0.335073,
        "nauc_precision_at_100_max": 0.356863,
        "nauc_precision_at_100_std": 0.797968,
        "nauc_precision_at_100_diff1": -0.374328,
        "nauc_precision_at_1000_max": 0.397572,
        "nauc_precision_at_1000_std": 0.715418,
        "nauc_precision_at_1000_diff1": -0.270589,
        "nauc_mrr_at_1_max": 0.330123,
        "nauc_mrr_at_1_std": 0.348306,
        "nauc_mrr_at_1_diff1": -0.091776,
        "nauc_mrr_at_3_max": 0.309388,
        "nauc_mrr_at_3_std": 0.448023,
        "nauc_mrr_at_3_diff1": -0.118267,
        "nauc_mrr_at_5_max": 0.354108,
        "nauc_mrr_at_5_std": 0.449868,
        "nauc_mrr_at_5_diff1": -0.084957,
        "nauc_mrr_at_10_max": 0.351622,
        "nauc_mrr_at_10_std": 0.444656,
        "nauc_mrr_at_10_diff1": -0.094988,
        "nauc_mrr_at_20_max": 0.347842,
        "nauc_mrr_at_20_std": 0.4406,
        "nauc_mrr_at_20_diff1": -0.100955,
        "nauc_mrr_at_100_max": 0.346317,
        "nauc_mrr_at_100_std": 0.440283,
        "nauc_mrr_at_100_diff1": -0.096725,
        "nauc_mrr_at_1000_max": 0.34604,
        "nauc_mrr_at_1000_std": 0.440075,
        "nauc_mrr_at_1000_diff1": -0.096887,
        "main_score": 0.46228,
        "hf_subset": "default",
        "languages": [
          "eng-Latn"
        ]
      }
    ]
  },
  "evaluation_time": 106.32055020332336,
  "kg_co2_emissions": null
}