{
  "dataset_revision": "f22508f96b7a36c2415181ed8bb76f76e04ae2d5",
  "task_name": "AppsRetrieval",
  "mteb_version": "1.34.8",
  "scores": {
    "test": [
      {
        "ndcg_at_1": 0.03904,
        "ndcg_at_3": 0.05485,
        "ndcg_at_5": 0.06214,
        "ndcg_at_10": 0.06836,
        "ndcg_at_20": 0.07499,
        "ndcg_at_100": 0.09425,
        "ndcg_at_1000": 0.13063,
        "map_at_1": 0.03904,
        "map_at_3": 0.05095,
        "map_at_5": 0.05498,
        "map_at_10": 0.05756,
        "map_at_20": 0.05934,
        "map_at_100": 0.06179,
        "map_at_1000": 0.06285,
        "recall_at_1": 0.03904,
        "recall_at_3": 0.06614,
        "recall_at_5": 0.08393,
        "recall_at_10": 0.10305,
        "recall_at_20": 0.12961,
        "recall_at_100": 0.23665,
        "recall_at_1000": 0.5413,
        "precision_at_1": 0.03904,
        "precision_at_3": 0.02205,
        "precision_at_5": 0.01679,
        "precision_at_10": 0.01031,
        "precision_at_20": 0.00648,
        "precision_at_100": 0.00237,
        "precision_at_1000": 0.00054,
        "mrr_at_1": 0.039044,
        "mrr_at_3": 0.050952,
        "mrr_at_5": 0.054976,
        "mrr_at_10": 0.05756,
        "mrr_at_20": 0.059337,
        "mrr_at_100": 0.061789,
        "mrr_at_1000": 0.062854,
        "nauc_ndcg_at_1_max": 0.396918,
        "nauc_ndcg_at_1_std": 0.02471,
        "nauc_ndcg_at_1_diff1": 0.370761,
        "nauc_ndcg_at_3_max": 0.339151,
        "nauc_ndcg_at_3_std": 0.033256,
        "nauc_ndcg_at_3_diff1": 0.277714,
        "nauc_ndcg_at_5_max": 0.32019,
        "nauc_ndcg_at_5_std": 0.030899,
        "nauc_ndcg_at_5_diff1": 0.253806,
        "nauc_ndcg_at_10_max": 0.312919,
        "nauc_ndcg_at_10_std": 0.033329,
        "nauc_ndcg_at_10_diff1": 0.238416,
        "nauc_ndcg_at_20_max": 0.304943,
        "nauc_ndcg_at_20_std": 0.038239,
        "nauc_ndcg_at_20_diff1": 0.218698,
        "nauc_ndcg_at_100_max": 0.287177,
        "nauc_ndcg_at_100_std": 0.055941,
        "nauc_ndcg_at_100_diff1": 0.187946,
        "nauc_ndcg_at_1000_max": 0.284747,
        "nauc_ndcg_at_1000_std": 0.075049,
        "nauc_ndcg_at_1000_diff1": 0.169652,
        "nauc_map_at_1_max": 0.396918,
        "nauc_map_at_1_std": 0.02471,
        "nauc_map_at_1_diff1": 0.370761,
        "nauc_map_at_3_max": 0.349948,
        "nauc_map_at_3_std": 0.030416,
        "nauc_map_at_3_diff1": 0.295194,
        "nauc_map_at_5_max": 0.337128,
        "nauc_map_at_5_std": 0.028812,
        "nauc_map_at_5_diff1": 0.279082,
        "nauc_map_at_10_max": 0.333162,
        "nauc_map_at_10_std": 0.029839,
        "nauc_map_at_10_diff1": 0.27046,
        "nauc_map_at_20_max": 0.330191,
        "nauc_map_at_20_std": 0.031431,
        "nauc_map_at_20_diff1": 0.263291,
        "nauc_map_at_100_max": 0.325981,
        "nauc_map_at_100_std": 0.034188,
        "nauc_map_at_100_diff1": 0.25612,
        "nauc_map_at_1000_max": 0.325775,
        "nauc_map_at_1000_std": 0.035351,
        "nauc_map_at_1000_diff1": 0.254937,
        "nauc_recall_at_1_max": 0.396918,
        "nauc_recall_at_1_std": 0.02471,
        "nauc_recall_at_1_diff1": 0.370761,
        "nauc_recall_at_3_max": 0.31511,
        "nauc_recall_at_3_std": 0.039969,
        "nauc_recall_at_3_diff1": 0.238761,
        "nauc_recall_at_5_max": 0.286492,
        "nauc_recall_at_5_std": 0.035217,
        "nauc_recall_at_5_diff1": 0.2036,
        "nauc_recall_at_10_max": 0.276549,
        "nauc_recall_at_10_std": 0.040203,
        "nauc_recall_at_10_diff1": 0.180839,
        "nauc_recall_at_20_max": 0.262318,
        "nauc_recall_at_20_std": 0.051485,
        "nauc_recall_at_20_diff1": 0.141493,
        "nauc_recall_at_100_max": 0.232802,
        "nauc_recall_at_100_std": 0.096042,
        "nauc_recall_at_100_diff1": 0.090407,
        "nauc_recall_at_1000_max": 0.228944,
        "nauc_recall_at_1000_std": 0.159261,
        "nauc_recall_at_1000_diff1": 0.034146,
        "nauc_precision_at_1_max": 0.396918,
        "nauc_precision_at_1_std": 0.02471,
        "nauc_precision_at_1_diff1": 0.370761,
        "nauc_precision_at_3_max": 0.31511,
        "nauc_precision_at_3_std": 0.039969,
        "nauc_precision_at_3_diff1": 0.238761,
        "nauc_precision_at_5_max": 0.286492,
        "nauc_precision_at_5_std": 0.035217,
        "nauc_precision_at_5_diff1": 0.2036,
        "nauc_precision_at_10_max": 0.276549,
        "nauc_precision_at_10_std": 0.040203,
        "nauc_precision_at_10_diff1": 0.180839,
        "nauc_precision_at_20_max": 0.262318,
        "nauc_precision_at_20_std": 0.051485,
        "nauc_precision_at_20_diff1": 0.141493,
        "nauc_precision_at_100_max": 0.232802,
        "nauc_precision_at_100_std": 0.096042,
        "nauc_precision_at_100_diff1": 0.090407,
        "nauc_precision_at_1000_max": 0.228944,
        "nauc_precision_at_1000_std": 0.159261,
        "nauc_precision_at_1000_diff1": 0.034146,
        "nauc_mrr_at_1_max": 0.396918,
        "nauc_mrr_at_1_std": 0.02471,
        "nauc_mrr_at_1_diff1": 0.370761,
        "nauc_mrr_at_3_max": 0.349948,
        "nauc_mrr_at_3_std": 0.030416,
        "nauc_mrr_at_3_diff1": 0.295376,
        "nauc_mrr_at_5_max": 0.337128,
        "nauc_mrr_at_5_std": 0.028812,
        "nauc_mrr_at_5_diff1": 0.279251,
        "nauc_mrr_at_10_max": 0.333162,
        "nauc_mrr_at_10_std": 0.029839,
        "nauc_mrr_at_10_diff1": 0.270621,
        "nauc_mrr_at_20_max": 0.330191,
        "nauc_mrr_at_20_std": 0.031431,
        "nauc_mrr_at_20_diff1": 0.263449,
        "nauc_mrr_at_100_max": 0.325981,
        "nauc_mrr_at_100_std": 0.034188,
        "nauc_mrr_at_100_diff1": 0.256275,
        "nauc_mrr_at_1000_max": 0.325775,
        "nauc_mrr_at_1000_std": 0.035351,
        "nauc_mrr_at_1000_diff1": 0.255091,
        "main_score": 0.06836,
        "hf_subset": "default",
        "languages": [
          "eng-Latn",
          "python-Code"
        ]
      }
    ]
  },
  "evaluation_time": 40.763678789138794,
  "kg_co2_emissions": null
}