{
  "dataset_revision": "5d958fb6b31055495347724d46431ba41309b03a",
  "task_name": "ChemNQRetrieval",
  "mteb_version": "1.34.8",
  "scores": {
    "test": [
      {
        "ndcg_at_1": 0.2963,
        "ndcg_at_3": 0.38714,
        "ndcg_at_5": 0.43599,
        "ndcg_at_10": 0.46713,
        "ndcg_at_20": 0.51854,
        "ndcg_at_100": 0.53589,
        "ndcg_at_1000": 0.54576,
        "map_at_1": 0.21605,
        "map_at_3": 0.33642,
        "map_at_5": 0.36975,
        "map_at_10": 0.38492,
        "map_at_20": 0.40245,
        "map_at_100": 0.40485,
        "map_at_1000": 0.40529,
        "recall_at_1": 0.21605,
        "recall_at_3": 0.45062,
        "recall_at_5": 0.56173,
        "recall_at_10": 0.65432,
        "recall_at_20": 0.83333,
        "recall_at_100": 0.92593,
        "recall_at_1000": 1.0,
        "precision_at_1": 0.2963,
        "precision_at_3": 0.19753,
        "precision_at_5": 0.14815,
        "precision_at_10": 0.08519,
        "precision_at_20": 0.05556,
        "precision_at_100": 0.01222,
        "precision_at_1000": 0.0013,
        "mrr_at_1": 0.296296,
        "mrr_at_3": 0.419753,
        "mrr_at_5": 0.43642,
        "mrr_at_10": 0.445414,
        "mrr_at_20": 0.457803,
        "mrr_at_100": 0.459471,
        "mrr_at_1000": 0.459916,
        "nauc_ndcg_at_1_max": 0.280162,
        "nauc_ndcg_at_1_std": -0.22284,
        "nauc_ndcg_at_1_diff1": 0.282476,
        "nauc_ndcg_at_3_max": 0.419443,
        "nauc_ndcg_at_3_std": -0.253314,
        "nauc_ndcg_at_3_diff1": -0.028943,
        "nauc_ndcg_at_5_max": 0.549182,
        "nauc_ndcg_at_5_std": -0.250596,
        "nauc_ndcg_at_5_diff1": -0.118615,
        "nauc_ndcg_at_10_max": 0.548863,
        "nauc_ndcg_at_10_std": -0.283939,
        "nauc_ndcg_at_10_diff1": -0.147351,
        "nauc_ndcg_at_20_max": 0.494922,
        "nauc_ndcg_at_20_std": -0.228466,
        "nauc_ndcg_at_20_diff1": -0.021905,
        "nauc_ndcg_at_100_max": 0.470893,
        "nauc_ndcg_at_100_std": -0.175108,
        "nauc_ndcg_at_100_diff1": 0.017089,
        "nauc_ndcg_at_1000_max": 0.461142,
        "nauc_ndcg_at_1000_std": -0.214793,
        "nauc_ndcg_at_1000_diff1": -0.001163,
        "nauc_map_at_1_max": 0.330469,
        "nauc_map_at_1_std": -0.326753,
        "nauc_map_at_1_diff1": 0.361526,
        "nauc_map_at_3_max": 0.397757,
        "nauc_map_at_3_std": -0.264719,
        "nauc_map_at_3_diff1": 0.051942,
        "nauc_map_at_5_max": 0.481795,
        "nauc_map_at_5_std": -0.269537,
        "nauc_map_at_5_diff1": -0.000282,
        "nauc_map_at_10_max": 0.481911,
        "nauc_map_at_10_std": -0.289522,
        "nauc_map_at_10_diff1": -0.008552,
        "nauc_map_at_20_max": 0.459875,
        "nauc_map_at_20_std": -0.267985,
        "nauc_map_at_20_diff1": 0.030991,
        "nauc_map_at_100_max": 0.456576,
        "nauc_map_at_100_std": -0.260231,
        "nauc_map_at_100_diff1": 0.035934,
        "nauc_map_at_1000_max": 0.455988,
        "nauc_map_at_1000_std": -0.261923,
        "nauc_map_at_1000_diff1": 0.035206,
        "nauc_recall_at_1_max": 0.330469,
        "nauc_recall_at_1_std": -0.326753,
        "nauc_recall_at_1_diff1": 0.361526,
        "nauc_recall_at_3_max": 0.456069,
        "nauc_recall_at_3_std": -0.256588,
        "nauc_recall_at_3_diff1": -0.195446,
        "nauc_recall_at_5_max": 0.767835,
        "nauc_recall_at_5_std": -0.244095,
        "nauc_recall_at_5_diff1": -0.413037,
        "nauc_recall_at_10_max": 0.784514,
        "nauc_recall_at_10_std": -0.323104,
        "nauc_recall_at_10_diff1": -0.552862,
        "nauc_recall_at_20_max": 0.750092,
        "nauc_recall_at_20_std": -0.148129,
        "nauc_recall_at_20_diff1": -0.131453,
        "nauc_recall_at_100_max": 0.678775,
        "nauc_recall_at_100_std": 0.795455,
        "nauc_recall_at_100_diff1": 0.456815,
        "nauc_recall_at_1000_max": NaN,
        "nauc_recall_at_1000_std": NaN,
        "nauc_recall_at_1000_diff1": NaN,
        "nauc_precision_at_1_max": 0.280162,
        "nauc_precision_at_1_std": -0.22284,
        "nauc_precision_at_1_diff1": 0.282476,
        "nauc_precision_at_3_max": 0.319545,
        "nauc_precision_at_3_std": -0.030882,
        "nauc_precision_at_3_diff1": -0.266724,
        "nauc_precision_at_5_max": 0.515044,
        "nauc_precision_at_5_std": -0.03886,
        "nauc_precision_at_5_diff1": -0.359107,
        "nauc_precision_at_10_max": 0.462647,
        "nauc_precision_at_10_std": -0.076719,
        "nauc_precision_at_10_diff1": -0.406125,
        "nauc_precision_at_20_max": 0.176294,
        "nauc_precision_at_20_std": 0.248357,
        "nauc_precision_at_20_diff1": -0.091368,
        "nauc_precision_at_100_max": 0.022926,
        "nauc_precision_at_100_std": 0.500441,
        "nauc_precision_at_100_diff1": -0.017275,
        "nauc_precision_at_1000_max": -0.101874,
        "nauc_precision_at_1000_std": 0.444304,
        "nauc_precision_at_1000_diff1": -0.107489,
        "nauc_mrr_at_1_max": 0.280162,
        "nauc_mrr_at_1_std": -0.22284,
        "nauc_mrr_at_1_diff1": 0.282476,
        "nauc_mrr_at_3_max": 0.378824,
        "nauc_mrr_at_3_std": -0.219083,
        "nauc_mrr_at_3_diff1": 0.021107,
        "nauc_mrr_at_5_max": 0.422744,
        "nauc_mrr_at_5_std": -0.212569,
        "nauc_mrr_at_5_diff1": -0.022286,
        "nauc_mrr_at_10_max": 0.415047,
        "nauc_mrr_at_10_std": -0.221005,
        "nauc_mrr_at_10_diff1": -0.027957,
        "nauc_mrr_at_20_max": 0.405418,
        "nauc_mrr_at_20_std": -0.212645,
        "nauc_mrr_at_20_diff1": 0.005296,
        "nauc_mrr_at_100_max": 0.403067,
        "nauc_mrr_at_100_std": -0.207908,
        "nauc_mrr_at_100_diff1": 0.011605,
        "nauc_mrr_at_1000_max": 0.40246,
        "nauc_mrr_at_1000_std": -0.209366,
        "nauc_mrr_at_1000_diff1": 0.010913,
        "main_score": 0.46713,
        "hf_subset": "default",
        "languages": [
          "eng-Latn"
        ]
      }
    ]
  },
  "evaluation_time": 24.369126081466675,
  "kg_co2_emissions": null
}