{
  "dataset_revision": "4adc7bc41202b5c13543c9c886a25f340634dab3",
  "task_name": "COIRCodeSearchNetRetrieval",
  "mteb_version": "1.34.8",
  "scores": {
    "test": [
      {
        "ndcg_at_1": 0.74072,
        "ndcg_at_3": 0.79752,
        "ndcg_at_5": 0.80927,
        "ndcg_at_10": 0.81906,
        "ndcg_at_20": 0.82531,
        "ndcg_at_100": 0.83302,
        "ndcg_at_1000": 0.83644,
        "map_at_1": 0.74072,
        "map_at_3": 0.78395,
        "map_at_5": 0.79048,
        "map_at_10": 0.79454,
        "map_at_20": 0.79626,
        "map_at_100": 0.79734,
        "map_at_1000": 0.79747,
        "recall_at_1": 0.74072,
        "recall_at_3": 0.83664,
        "recall_at_5": 0.86513,
        "recall_at_10": 0.89529,
        "recall_at_20": 0.91996,
        "recall_at_100": 0.96125,
        "recall_at_1000": 0.98827,
        "precision_at_1": 0.74072,
        "precision_at_3": 0.27888,
        "precision_at_5": 0.17303,
        "precision_at_10": 0.08953,
        "precision_at_20": 0.046,
        "precision_at_100": 0.00961,
        "precision_at_1000": 0.00099,
        "mrr_at_1": 0.740649,
        "mrr_at_3": 0.783908,
        "mrr_at_5": 0.790433,
        "mrr_at_10": 0.794493,
        "mrr_at_20": 0.796215,
        "mrr_at_100": 0.797299,
        "mrr_at_1000": 0.797426,
        "nauc_ndcg_at_1_max": 0.736324,
        "nauc_ndcg_at_1_std": 0.022165,
        "nauc_ndcg_at_1_diff1": 0.849912,
        "nauc_ndcg_at_3_max": 0.756543,
        "nauc_ndcg_at_3_std": 0.030749,
        "nauc_ndcg_at_3_diff1": 0.823424,
        "nauc_ndcg_at_5_max": 0.756608,
        "nauc_ndcg_at_5_std": 0.038165,
        "nauc_ndcg_at_5_diff1": 0.82299,
        "nauc_ndcg_at_10_max": 0.754732,
        "nauc_ndcg_at_10_std": 0.043216,
        "nauc_ndcg_at_10_diff1": 0.820558,
        "nauc_ndcg_at_20_max": 0.754704,
        "nauc_ndcg_at_20_std": 0.04316,
        "nauc_ndcg_at_20_diff1": 0.82212,
        "nauc_ndcg_at_100_max": 0.754433,
        "nauc_ndcg_at_100_std": 0.04414,
        "nauc_ndcg_at_100_diff1": 0.82407,
        "nauc_ndcg_at_1000_max": 0.753845,
        "nauc_ndcg_at_1000_std": 0.042525,
        "nauc_ndcg_at_1000_diff1": 0.825431,
        "nauc_map_at_1_max": 0.736324,
        "nauc_map_at_1_std": 0.022165,
        "nauc_map_at_1_diff1": 0.849912,
        "nauc_map_at_3_max": 0.751244,
        "nauc_map_at_3_std": 0.027699,
        "nauc_map_at_3_diff1": 0.830072,
        "nauc_map_at_5_max": 0.751186,
        "nauc_map_at_5_std": 0.031486,
        "nauc_map_at_5_diff1": 0.830094,
        "nauc_map_at_10_max": 0.7504,
        "nauc_map_at_10_std": 0.033185,
        "nauc_map_at_10_diff1": 0.829312,
        "nauc_map_at_20_max": 0.750325,
        "nauc_map_at_20_std": 0.033043,
        "nauc_map_at_20_diff1": 0.829754,
        "nauc_map_at_100_max": 0.750295,
        "nauc_map_at_100_std": 0.033129,
        "nauc_map_at_100_diff1": 0.830041,
        "nauc_map_at_1000_max": 0.750276,
        "nauc_map_at_1000_std": 0.033087,
        "nauc_map_at_1000_diff1": 0.830087,
        "nauc_recall_at_1_max": 0.736324,
        "nauc_recall_at_1_std": 0.022165,
        "nauc_recall_at_1_diff1": 0.849912,
        "nauc_recall_at_3_max": 0.77571,
        "nauc_recall_at_3_std": 0.042234,
        "nauc_recall_at_3_diff1": 0.799542,
        "nauc_recall_at_5_max": 0.779167,
        "nauc_recall_at_5_std": 0.068141,
        "nauc_recall_at_5_diff1": 0.793302,
        "nauc_recall_at_10_max": 0.775475,
        "nauc_recall_at_10_std": 0.10109,
        "nauc_recall_at_10_diff1": 0.773955,
        "nauc_recall_at_20_max": 0.781955,
        "nauc_recall_at_20_std": 0.118628,
        "nauc_recall_at_20_diff1": 0.772483,
        "nauc_recall_at_100_max": 0.803724,
        "nauc_recall_at_100_std": 0.218608,
        "nauc_recall_at_100_diff1": 0.759946,
        "nauc_recall_at_1000_max": 0.859041,
        "nauc_recall_at_1000_std": 0.448609,
        "nauc_recall_at_1000_diff1": 0.749239,
        "nauc_precision_at_1_max": 0.736324,
        "nauc_precision_at_1_std": 0.022165,
        "nauc_precision_at_1_diff1": 0.849912,
        "nauc_precision_at_3_max": 0.77571,
        "nauc_precision_at_3_std": 0.042234,
        "nauc_precision_at_3_diff1": 0.799542,
        "nauc_precision_at_5_max": 0.779167,
        "nauc_precision_at_5_std": 0.068141,
        "nauc_precision_at_5_diff1": 0.793302,
        "nauc_precision_at_10_max": 0.775475,
        "nauc_precision_at_10_std": 0.10109,
        "nauc_precision_at_10_diff1": 0.773955,
        "nauc_precision_at_20_max": 0.781955,
        "nauc_precision_at_20_std": 0.118628,
        "nauc_precision_at_20_diff1": 0.772483,
        "nauc_precision_at_100_max": 0.803724,
        "nauc_precision_at_100_std": 0.218608,
        "nauc_precision_at_100_diff1": 0.759946,
        "nauc_precision_at_1000_max": 0.859041,
        "nauc_precision_at_1000_std": 0.448609,
        "nauc_precision_at_1000_diff1": 0.749239,
        "nauc_mrr_at_1_max": 0.736205,
        "nauc_mrr_at_1_std": 0.022371,
        "nauc_mrr_at_1_diff1": 0.850025,
        "nauc_mrr_at_3_max": 0.751185,
        "nauc_mrr_at_3_std": 0.027867,
        "nauc_mrr_at_3_diff1": 0.830149,
        "nauc_mrr_at_5_max": 0.751125,
        "nauc_mrr_at_5_std": 0.031658,
        "nauc_mrr_at_5_diff1": 0.830173,
        "nauc_mrr_at_10_max": 0.750338,
        "nauc_mrr_at_10_std": 0.03336,
        "nauc_mrr_at_10_diff1": 0.829392,
        "nauc_mrr_at_20_max": 0.750263,
        "nauc_mrr_at_20_std": 0.033219,
        "nauc_mrr_at_20_diff1": 0.829836,
        "nauc_mrr_at_100_max": 0.750232,
        "nauc_mrr_at_100_std": 0.033307,
        "nauc_mrr_at_100_diff1": 0.830122,
        "nauc_mrr_at_1000_max": 0.750213,
        "nauc_mrr_at_1000_std": 0.033265,
        "nauc_mrr_at_1000_diff1": 0.830168,
        "main_score": 0.81906,
        "hf_subset": "python",
        "languages": [
          "python-Code"
        ]
      }
    ]
  },
  "evaluation_time": 309.19104409217834,
  "kg_co2_emissions": null
}