{
  "dataset_revision": "27a168819829fe9bcd655c2df245fb19452e8e06",
  "task_name": "FiQA2018",
  "mteb_version": "1.34.8",
  "scores": {
    "test": [
      {
        "ndcg_at_1": 0.44444,
        "ndcg_at_3": 0.43222,
        "ndcg_at_5": 0.44708,
        "ndcg_at_10": 0.47349,
        "ndcg_at_20": 0.50149,
        "ndcg_at_100": 0.54155,
        "ndcg_at_1000": 0.5647,
        "map_at_1": 0.2208,
        "map_at_3": 0.33668,
        "map_at_5": 0.3656,
        "map_at_10": 0.38671,
        "map_at_20": 0.39893,
        "map_at_100": 0.40765,
        "map_at_1000": 0.40919,
        "recall_at_1": 0.2208,
        "recall_at_3": 0.40026,
        "recall_at_5": 0.47085,
        "recall_at_10": 0.5571,
        "recall_at_20": 0.64137,
        "recall_at_100": 0.80349,
        "recall_at_1000": 0.94083,
        "precision_at_1": 0.44444,
        "precision_at_3": 0.29424,
        "precision_at_5": 0.2179,
        "precision_at_10": 0.13256,
        "precision_at_20": 0.07878,
        "precision_at_100": 0.02039,
        "precision_at_1000": 0.00246,
        "mrr_at_1": 0.444444,
        "mrr_at_3": 0.524434,
        "mrr_at_5": 0.540561,
        "mrr_at_10": 0.550631,
        "mrr_at_20": 0.554204,
        "mrr_at_100": 0.557072,
        "mrr_at_1000": 0.557312,
        "nauc_ndcg_at_1_max": 0.49346,
        "nauc_ndcg_at_1_std": -0.034422,
        "nauc_ndcg_at_1_diff1": 0.58675,
        "nauc_ndcg_at_3_max": 0.411765,
        "nauc_ndcg_at_3_std": -0.059391,
        "nauc_ndcg_at_3_diff1": 0.458157,
        "nauc_ndcg_at_5_max": 0.405821,
        "nauc_ndcg_at_5_std": -0.072054,
        "nauc_ndcg_at_5_diff1": 0.461094,
        "nauc_ndcg_at_10_max": 0.406003,
        "nauc_ndcg_at_10_std": -0.064073,
        "nauc_ndcg_at_10_diff1": 0.471154,
        "nauc_ndcg_at_20_max": 0.416289,
        "nauc_ndcg_at_20_std": -0.042342,
        "nauc_ndcg_at_20_diff1": 0.467182,
        "nauc_ndcg_at_100_max": 0.437018,
        "nauc_ndcg_at_100_std": -0.019569,
        "nauc_ndcg_at_100_diff1": 0.469208,
        "nauc_ndcg_at_1000_max": 0.44146,
        "nauc_ndcg_at_1000_std": -0.021538,
        "nauc_ndcg_at_1000_diff1": 0.473653,
        "nauc_map_at_1_max": 0.307355,
        "nauc_map_at_1_std": -0.075487,
        "nauc_map_at_1_diff1": 0.536497,
        "nauc_map_at_3_max": 0.3452,
        "nauc_map_at_3_std": -0.081807,
        "nauc_map_at_3_diff1": 0.467745,
        "nauc_map_at_5_max": 0.367404,
        "nauc_map_at_5_std": -0.084064,
        "nauc_map_at_5_diff1": 0.461395,
        "nauc_map_at_10_max": 0.38116,
        "nauc_map_at_10_std": -0.078874,
        "nauc_map_at_10_diff1": 0.457796,
        "nauc_map_at_20_max": 0.388426,
        "nauc_map_at_20_std": -0.070577,
        "nauc_map_at_20_diff1": 0.456265,
        "nauc_map_at_100_max": 0.395107,
        "nauc_map_at_100_std": -0.065207,
        "nauc_map_at_100_diff1": 0.457184,
        "nauc_map_at_1000_max": 0.395975,
        "nauc_map_at_1000_std": -0.064872,
        "nauc_map_at_1000_diff1": 0.457309,
        "nauc_recall_at_1_max": 0.307355,
        "nauc_recall_at_1_std": -0.075487,
        "nauc_recall_at_1_diff1": 0.536497,
        "nauc_recall_at_3_max": 0.28375,
        "nauc_recall_at_3_std": -0.076165,
        "nauc_recall_at_3_diff1": 0.385821,
        "nauc_recall_at_5_max": 0.294857,
        "nauc_recall_at_5_std": -0.086545,
        "nauc_recall_at_5_diff1": 0.367086,
        "nauc_recall_at_10_max": 0.30095,
        "nauc_recall_at_10_std": -0.077434,
        "nauc_recall_at_10_diff1": 0.363119,
        "nauc_recall_at_20_max": 0.312403,
        "nauc_recall_at_20_std": -0.012896,
        "nauc_recall_at_20_diff1": 0.332489,
        "nauc_recall_at_100_max": 0.355283,
        "nauc_recall_at_100_std": 0.125496,
        "nauc_recall_at_100_diff1": 0.294599,
        "nauc_recall_at_1000_max": 0.332415,
        "nauc_recall_at_1000_std": 0.2351,
        "nauc_recall_at_1000_diff1": 0.26495,
        "nauc_precision_at_1_max": 0.49346,
        "nauc_precision_at_1_std": -0.034422,
        "nauc_precision_at_1_diff1": 0.58675,
        "nauc_precision_at_3_max": 0.407062,
        "nauc_precision_at_3_std": -0.015436,
        "nauc_precision_at_3_diff1": 0.290223,
        "nauc_precision_at_5_max": 0.404432,
        "nauc_precision_at_5_std": -0.011918,
        "nauc_precision_at_5_diff1": 0.225327,
        "nauc_precision_at_10_max": 0.399953,
        "nauc_precision_at_10_std": 0.032328,
        "nauc_precision_at_10_diff1": 0.170049,
        "nauc_precision_at_20_max": 0.368895,
        "nauc_precision_at_20_std": 0.08682,
        "nauc_precision_at_20_diff1": 0.110723,
        "nauc_precision_at_100_max": 0.336846,
        "nauc_precision_at_100_std": 0.145785,
        "nauc_precision_at_100_diff1": 0.013634,
        "nauc_precision_at_1000_max": 0.259696,
        "nauc_precision_at_1000_std": 0.138086,
        "nauc_precision_at_1000_diff1": -0.044705,
        "nauc_mrr_at_1_max": 0.49346,
        "nauc_mrr_at_1_std": -0.034422,
        "nauc_mrr_at_1_diff1": 0.58675,
        "nauc_mrr_at_3_max": 0.480507,
        "nauc_mrr_at_3_std": -0.025705,
        "nauc_mrr_at_3_diff1": 0.551402,
        "nauc_mrr_at_5_max": 0.484302,
        "nauc_mrr_at_5_std": -0.02591,
        "nauc_mrr_at_5_diff1": 0.548421,
        "nauc_mrr_at_10_max": 0.484332,
        "nauc_mrr_at_10_std": -0.023828,
        "nauc_mrr_at_10_diff1": 0.552968,
        "nauc_mrr_at_20_max": 0.485224,
        "nauc_mrr_at_20_std": -0.020575,
        "nauc_mrr_at_20_diff1": 0.551142,
        "nauc_mrr_at_100_max": 0.485799,
        "nauc_mrr_at_100_std": -0.019924,
        "nauc_mrr_at_100_diff1": 0.55143,
        "nauc_mrr_at_1000_max": 0.485777,
        "nauc_mrr_at_1000_std": -0.020096,
        "nauc_mrr_at_1000_diff1": 0.551554,
        "main_score": 0.47349,
        "hf_subset": "default",
        "languages": [
          "eng-Latn"
        ]
      }
    ]
  },
  "evaluation_time": 108.05175971984863,
  "kg_co2_emissions": null
}