{
  "dataset_revision": "f8c2fcf00f625baaa80f62ec5bd9e1fff3b8ae88",
  "task_name": "SCIDOCS",
  "mteb_version": "1.34.8",
  "scores": {
    "test": [
      {
        "ndcg_at_1": 0.232,
        "ndcg_at_3": 0.17556,
        "ndcg_at_5": 0.15364,
        "ndcg_at_10": 0.1797,
        "ndcg_at_20": 0.20454,
        "ndcg_at_100": 0.25159,
        "ndcg_at_1000": 0.3009,
        "map_at_1": 0.04693,
        "map_at_3": 0.07892,
        "map_at_5": 0.09429,
        "map_at_10": 0.10749,
        "map_at_20": 0.11594,
        "map_at_100": 0.12509,
        "map_at_1000": 0.12763,
        "recall_at_1": 0.04693,
        "recall_at_3": 0.09702,
        "recall_at_5": 0.1342,
        "recall_at_10": 0.18153,
        "recall_at_20": 0.23982,
        "recall_at_100": 0.39203,
        "recall_at_1000": 0.63483,
        "precision_at_1": 0.232,
        "precision_at_3": 0.15933,
        "precision_at_5": 0.1322,
        "precision_at_10": 0.0896,
        "precision_at_20": 0.05915,
        "precision_at_100": 0.01934,
        "precision_at_1000": 0.00312,
        "mrr_at_1": 0.232,
        "mrr_at_3": 0.291667,
        "mrr_at_5": 0.310117,
        "mrr_at_10": 0.321895,
        "mrr_at_20": 0.328772,
        "mrr_at_100": 0.333042,
        "mrr_at_1000": 0.33374,
        "nauc_ndcg_at_1_max": 0.202342,
        "nauc_ndcg_at_1_std": 0.015202,
        "nauc_ndcg_at_1_diff1": 0.197452,
        "nauc_ndcg_at_3_max": 0.249963,
        "nauc_ndcg_at_3_std": 0.040753,
        "nauc_ndcg_at_3_diff1": 0.173606,
        "nauc_ndcg_at_5_max": 0.289601,
        "nauc_ndcg_at_5_std": 0.057289,
        "nauc_ndcg_at_5_diff1": 0.179741,
        "nauc_ndcg_at_10_max": 0.300101,
        "nauc_ndcg_at_10_std": 0.087047,
        "nauc_ndcg_at_10_diff1": 0.17695,
        "nauc_ndcg_at_20_max": 0.317907,
        "nauc_ndcg_at_20_std": 0.119411,
        "nauc_ndcg_at_20_diff1": 0.169929,
        "nauc_ndcg_at_100_max": 0.348901,
        "nauc_ndcg_at_100_std": 0.169293,
        "nauc_ndcg_at_100_diff1": 0.169011,
        "nauc_ndcg_at_1000_max": 0.348986,
        "nauc_ndcg_at_1000_std": 0.190868,
        "nauc_ndcg_at_1000_diff1": 0.15986,
        "nauc_map_at_1_max": 0.202582,
        "nauc_map_at_1_std": 0.015703,
        "nauc_map_at_1_diff1": 0.19747,
        "nauc_map_at_3_max": 0.240787,
        "nauc_map_at_3_std": 0.029176,
        "nauc_map_at_3_diff1": 0.166872,
        "nauc_map_at_5_max": 0.279656,
        "nauc_map_at_5_std": 0.041128,
        "nauc_map_at_5_diff1": 0.174585,
        "nauc_map_at_10_max": 0.288979,
        "nauc_map_at_10_std": 0.058995,
        "nauc_map_at_10_diff1": 0.174432,
        "nauc_map_at_20_max": 0.296997,
        "nauc_map_at_20_std": 0.07647,
        "nauc_map_at_20_diff1": 0.168987,
        "nauc_map_at_100_max": 0.310977,
        "nauc_map_at_100_std": 0.096828,
        "nauc_map_at_100_diff1": 0.169046,
        "nauc_map_at_1000_max": 0.312148,
        "nauc_map_at_1000_std": 0.100716,
        "nauc_map_at_1000_diff1": 0.167937,
        "nauc_recall_at_1_max": 0.202582,
        "nauc_recall_at_1_std": 0.015703,
        "nauc_recall_at_1_diff1": 0.19747,
        "nauc_recall_at_3_max": 0.264481,
        "nauc_recall_at_3_std": 0.052448,
        "nauc_recall_at_3_diff1": 0.158224,
        "nauc_recall_at_5_max": 0.32031,
        "nauc_recall_at_5_std": 0.076298,
        "nauc_recall_at_5_diff1": 0.168147,
        "nauc_recall_at_10_max": 0.320316,
        "nauc_recall_at_10_std": 0.126433,
        "nauc_recall_at_10_diff1": 0.156497,
        "nauc_recall_at_20_max": 0.346474,
        "nauc_recall_at_20_std": 0.191141,
        "nauc_recall_at_20_diff1": 0.137055,
        "nauc_recall_at_100_max": 0.382837,
        "nauc_recall_at_100_std": 0.291923,
        "nauc_recall_at_100_diff1": 0.121513,
        "nauc_recall_at_1000_max": 0.339121,
        "nauc_recall_at_1000_std": 0.357255,
        "nauc_recall_at_1000_diff1": 0.063674,
        "nauc_precision_at_1_max": 0.202342,
        "nauc_precision_at_1_std": 0.015202,
        "nauc_precision_at_1_diff1": 0.197452,
        "nauc_precision_at_3_max": 0.263169,
        "nauc_precision_at_3_std": 0.050572,
        "nauc_precision_at_3_diff1": 0.160505,
        "nauc_precision_at_5_max": 0.320037,
        "nauc_precision_at_5_std": 0.074445,
        "nauc_precision_at_5_diff1": 0.171444,
        "nauc_precision_at_10_max": 0.319298,
        "nauc_precision_at_10_std": 0.124727,
        "nauc_precision_at_10_diff1": 0.160146,
        "nauc_precision_at_20_max": 0.344353,
        "nauc_precision_at_20_std": 0.188704,
        "nauc_precision_at_20_diff1": 0.140891,
        "nauc_precision_at_100_max": 0.381216,
        "nauc_precision_at_100_std": 0.289483,
        "nauc_precision_at_100_diff1": 0.126177,
        "nauc_precision_at_1000_max": 0.332775,
        "nauc_precision_at_1000_std": 0.351786,
        "nauc_precision_at_1000_diff1": 0.068149,
        "nauc_mrr_at_1_max": 0.202342,
        "nauc_mrr_at_1_std": 0.015202,
        "nauc_mrr_at_1_diff1": 0.197452,
        "nauc_mrr_at_3_max": 0.244354,
        "nauc_mrr_at_3_std": 0.046538,
        "nauc_mrr_at_3_diff1": 0.190366,
        "nauc_mrr_at_5_max": 0.254861,
        "nauc_mrr_at_5_std": 0.054773,
        "nauc_mrr_at_5_diff1": 0.191421,
        "nauc_mrr_at_10_max": 0.255403,
        "nauc_mrr_at_10_std": 0.064582,
        "nauc_mrr_at_10_diff1": 0.188951,
        "nauc_mrr_at_20_max": 0.258202,
        "nauc_mrr_at_20_std": 0.068192,
        "nauc_mrr_at_20_diff1": 0.188028,
        "nauc_mrr_at_100_max": 0.257509,
        "nauc_mrr_at_100_std": 0.068062,
        "nauc_mrr_at_100_diff1": 0.18768,
        "nauc_mrr_at_1000_max": 0.257271,
        "nauc_mrr_at_1000_std": 0.067836,
        "nauc_mrr_at_1000_diff1": 0.187815,
        "main_score": 0.1797,
        "hf_subset": "default",
        "languages": [
          "eng-Latn"
        ]
      }
    ]
  },
  "evaluation_time": 63.91345262527466,
  "kg_co2_emissions": null
}