{
  "dataset_revision": "0228b52cf27578f30900b9e5271d331663a030d7",
  "task_name": "SciFact",
  "mteb_version": "1.34.8",
  "scores": {
    "test": [
      {
        "ndcg_at_1": 0.47,
        "ndcg_at_3": 0.54372,
        "ndcg_at_5": 0.57532,
        "ndcg_at_10": 0.60126,
        "ndcg_at_20": 0.61745,
        "ndcg_at_100": 0.63595,
        "ndcg_at_1000": 0.64493,
        "map_at_1": 0.4475,
        "map_at_3": 0.51602,
        "map_at_5": 0.53667,
        "map_at_10": 0.54765,
        "map_at_20": 0.55284,
        "map_at_100": 0.5558,
        "map_at_1000": 0.55615,
        "recall_at_1": 0.4475,
        "recall_at_3": 0.59394,
        "recall_at_5": 0.67133,
        "recall_at_10": 0.75106,
        "recall_at_20": 0.81256,
        "recall_at_100": 0.90833,
        "recall_at_1000": 0.97833,
        "precision_at_1": 0.47,
        "precision_at_3": 0.21778,
        "precision_at_5": 0.15067,
        "precision_at_10": 0.08433,
        "precision_at_20": 0.046,
        "precision_at_100": 0.01037,
        "precision_at_1000": 0.00111,
        "mrr_at_1": 0.47,
        "mrr_at_3": 0.537222,
        "mrr_at_5": 0.554056,
        "mrr_at_10": 0.56378,
        "mrr_at_20": 0.567338,
        "mrr_at_100": 0.56935,
        "mrr_at_1000": 0.569704,
        "nauc_ndcg_at_1_max": 0.571905,
        "nauc_ndcg_at_1_std": 0.088191,
        "nauc_ndcg_at_1_diff1": 0.683043,
        "nauc_ndcg_at_3_max": 0.55387,
        "nauc_ndcg_at_3_std": 0.083762,
        "nauc_ndcg_at_3_diff1": 0.612532,
        "nauc_ndcg_at_5_max": 0.55181,
        "nauc_ndcg_at_5_std": 0.100272,
        "nauc_ndcg_at_5_diff1": 0.599427,
        "nauc_ndcg_at_10_max": 0.557669,
        "nauc_ndcg_at_10_std": 0.12373,
        "nauc_ndcg_at_10_diff1": 0.588895,
        "nauc_ndcg_at_20_max": 0.579133,
        "nauc_ndcg_at_20_std": 0.147313,
        "nauc_ndcg_at_20_diff1": 0.583367,
        "nauc_ndcg_at_100_max": 0.581904,
        "nauc_ndcg_at_100_std": 0.142716,
        "nauc_ndcg_at_100_diff1": 0.601935,
        "nauc_ndcg_at_1000_max": 0.57448,
        "nauc_ndcg_at_1000_std": 0.131839,
        "nauc_ndcg_at_1000_diff1": 0.600081,
        "nauc_map_at_1_max": 0.523861,
        "nauc_map_at_1_std": 0.017965,
        "nauc_map_at_1_diff1": 0.688956,
        "nauc_map_at_3_max": 0.537826,
        "nauc_map_at_3_std": 0.056196,
        "nauc_map_at_3_diff1": 0.631694,
        "nauc_map_at_5_max": 0.5462,
        "nauc_map_at_5_std": 0.074274,
        "nauc_map_at_5_diff1": 0.624387,
        "nauc_map_at_10_max": 0.549476,
        "nauc_map_at_10_std": 0.084021,
        "nauc_map_at_10_diff1": 0.620065,
        "nauc_map_at_20_max": 0.556989,
        "nauc_map_at_20_std": 0.092317,
        "nauc_map_at_20_diff1": 0.617565,
        "nauc_map_at_100_max": 0.557923,
        "nauc_map_at_100_std": 0.092596,
        "nauc_map_at_100_diff1": 0.620181,
        "nauc_map_at_1000_max": 0.55769,
        "nauc_map_at_1000_std": 0.092238,
        "nauc_map_at_1000_diff1": 0.620165,
        "nauc_recall_at_1_max": 0.523861,
        "nauc_recall_at_1_std": 0.017965,
        "nauc_recall_at_1_diff1": 0.688956,
        "nauc_recall_at_3_max": 0.520554,
        "nauc_recall_at_3_std": 0.078223,
        "nauc_recall_at_3_diff1": 0.560906,
        "nauc_recall_at_5_max": 0.523468,
        "nauc_recall_at_5_std": 0.132241,
        "nauc_recall_at_5_diff1": 0.507993,
        "nauc_recall_at_10_max": 0.525692,
        "nauc_recall_at_10_std": 0.222106,
        "nauc_recall_at_10_diff1": 0.438779,
        "nauc_recall_at_20_max": 0.64011,
        "nauc_recall_at_20_std": 0.377304,
        "nauc_recall_at_20_diff1": 0.378968,
        "nauc_recall_at_100_max": 0.766735,
        "nauc_recall_at_100_std": 0.499185,
        "nauc_recall_at_100_diff1": 0.52459,
        "nauc_recall_at_1000_max": 0.641133,
        "nauc_recall_at_1000_std": 0.591001,
        "nauc_recall_at_1000_diff1": 0.078072,
        "nauc_precision_at_1_max": 0.571905,
        "nauc_precision_at_1_std": 0.088191,
        "nauc_precision_at_1_diff1": 0.683043,
        "nauc_precision_at_3_max": 0.571086,
        "nauc_precision_at_3_std": 0.214778,
        "nauc_precision_at_3_diff1": 0.441335,
        "nauc_precision_at_5_max": 0.536914,
        "nauc_precision_at_5_std": 0.301182,
        "nauc_precision_at_5_diff1": 0.30699,
        "nauc_precision_at_10_max": 0.524252,
        "nauc_precision_at_10_std": 0.400782,
        "nauc_precision_at_10_diff1": 0.193364,
        "nauc_precision_at_20_max": 0.549093,
        "nauc_precision_at_20_std": 0.502233,
        "nauc_precision_at_20_diff1": 0.074325,
        "nauc_precision_at_100_max": 0.445738,
        "nauc_precision_at_100_std": 0.510814,
        "nauc_precision_at_100_diff1": 0.002261,
        "nauc_precision_at_1000_max": 0.340948,
        "nauc_precision_at_1000_std": 0.522476,
        "nauc_precision_at_1000_diff1": -0.190079,
        "nauc_mrr_at_1_max": 0.571905,
        "nauc_mrr_at_1_std": 0.088191,
        "nauc_mrr_at_1_diff1": 0.683043,
        "nauc_mrr_at_3_max": 0.574288,
        "nauc_mrr_at_3_std": 0.113115,
        "nauc_mrr_at_3_diff1": 0.629844,
        "nauc_mrr_at_5_max": 0.572912,
        "nauc_mrr_at_5_std": 0.119844,
        "nauc_mrr_at_5_diff1": 0.622033,
        "nauc_mrr_at_10_max": 0.575228,
        "nauc_mrr_at_10_std": 0.128157,
        "nauc_mrr_at_10_diff1": 0.620115,
        "nauc_mrr_at_20_max": 0.578772,
        "nauc_mrr_at_20_std": 0.131493,
        "nauc_mrr_at_20_diff1": 0.619346,
        "nauc_mrr_at_100_max": 0.578389,
        "nauc_mrr_at_100_std": 0.129704,
        "nauc_mrr_at_100_diff1": 0.621389,
        "nauc_mrr_at_1000_max": 0.578176,
        "nauc_mrr_at_1000_std": 0.129384,
        "nauc_mrr_at_1000_diff1": 0.621374,
        "main_score": 0.60126,
        "hf_subset": "default",
        "languages": [
          "eng-Latn"
        ]
      }
    ]
  },
  "evaluation_time": 17.973382472991943,
  "kg_co2_emissions": null
}