{
  "dataset_revision": "f22508f96b7a36c2415181ed8bb76f76e04ae2d5",
  "task_name": "AppsRetrieval",
  "mteb_version": "1.34.8",
  "scores": {
    "test": [
      {
        "ndcg_at_1": 0.45365,
        "ndcg_at_3": 0.53578,
        "ndcg_at_5": 0.56094,
        "ndcg_at_10": 0.58598,
        "ndcg_at_20": 0.60278,
        "ndcg_at_100": 0.62574,
        "ndcg_at_1000": 0.63467,
        "map_at_1": 0.45365,
        "map_at_3": 0.51576,
        "map_at_5": 0.52973,
        "map_at_10": 0.54008,
        "map_at_20": 0.54474,
        "map_at_100": 0.5479,
        "map_at_1000": 0.54824,
        "recall_at_1": 0.45365,
        "recall_at_3": 0.59363,
        "recall_at_5": 0.65471,
        "recall_at_10": 0.73201,
        "recall_at_20": 0.79814,
        "recall_at_100": 0.92191,
        "recall_at_1000": 0.99203,
        "precision_at_1": 0.45365,
        "precision_at_3": 0.19788,
        "precision_at_5": 0.13094,
        "precision_at_10": 0.0732,
        "precision_at_20": 0.03991,
        "precision_at_100": 0.00922,
        "precision_at_1000": 0.00099,
        "mrr_at_1": 0.453918,
        "mrr_at_3": 0.515803,
        "mrr_at_5": 0.529841,
        "mrr_at_10": 0.540202,
        "mrr_at_20": 0.544855,
        "mrr_at_100": 0.548016,
        "mrr_at_1000": 0.548359,
        "nauc_ndcg_at_1_max": 0.423895,
        "nauc_ndcg_at_1_std": -0.211727,
        "nauc_ndcg_at_1_diff1": 0.675482,
        "nauc_ndcg_at_3_max": 0.432361,
        "nauc_ndcg_at_3_std": -0.190559,
        "nauc_ndcg_at_3_diff1": 0.607202,
        "nauc_ndcg_at_5_max": 0.433623,
        "nauc_ndcg_at_5_std": -0.183381,
        "nauc_ndcg_at_5_diff1": 0.598824,
        "nauc_ndcg_at_10_max": 0.440937,
        "nauc_ndcg_at_10_std": -0.173833,
        "nauc_ndcg_at_10_diff1": 0.593064,
        "nauc_ndcg_at_20_max": 0.442018,
        "nauc_ndcg_at_20_std": -0.172346,
        "nauc_ndcg_at_20_diff1": 0.596669,
        "nauc_ndcg_at_100_max": 0.441598,
        "nauc_ndcg_at_100_std": -0.167963,
        "nauc_ndcg_at_100_diff1": 0.603123,
        "nauc_ndcg_at_1000_max": 0.438544,
        "nauc_ndcg_at_1000_std": -0.175189,
        "nauc_ndcg_at_1000_diff1": 0.607517,
        "nauc_map_at_1_max": 0.423895,
        "nauc_map_at_1_std": -0.211727,
        "nauc_map_at_1_diff1": 0.675482,
        "nauc_map_at_3_max": 0.430489,
        "nauc_map_at_3_std": -0.195968,
        "nauc_map_at_3_diff1": 0.624375,
        "nauc_map_at_5_max": 0.431121,
        "nauc_map_at_5_std": -0.192269,
        "nauc_map_at_5_diff1": 0.620044,
        "nauc_map_at_10_max": 0.433683,
        "nauc_map_at_10_std": -0.188742,
        "nauc_map_at_10_diff1": 0.618074,
        "nauc_map_at_20_max": 0.433824,
        "nauc_map_at_20_std": -0.188574,
        "nauc_map_at_20_diff1": 0.619205,
        "nauc_map_at_100_max": 0.433773,
        "nauc_map_at_100_std": -0.187975,
        "nauc_map_at_100_diff1": 0.620084,
        "nauc_map_at_1000_max": 0.433721,
        "nauc_map_at_1000_std": -0.188138,
        "nauc_map_at_1000_diff1": 0.620264,
        "nauc_recall_at_1_max": 0.423895,
        "nauc_recall_at_1_std": -0.211727,
        "nauc_recall_at_1_diff1": 0.675482,
        "nauc_recall_at_3_max": 0.438024,
        "nauc_recall_at_3_std": -0.173824,
        "nauc_recall_at_3_diff1": 0.554186,
        "nauc_recall_at_5_max": 0.442134,
        "nauc_recall_at_5_std": -0.152169,
        "nauc_recall_at_5_diff1": 0.526308,
        "nauc_recall_at_10_max": 0.474627,
        "nauc_recall_at_10_std": -0.107819,
        "nauc_recall_at_10_diff1": 0.489668,
        "nauc_recall_at_20_max": 0.490579,
        "nauc_recall_at_20_std": -0.081151,
        "nauc_recall_at_20_diff1": 0.48597,
        "nauc_recall_at_100_max": 0.547906,
        "nauc_recall_at_100_std": 0.116655,
        "nauc_recall_at_100_diff1": 0.456228,
        "nauc_recall_at_1000_max": 0.57919,
        "nauc_recall_at_1000_std": 0.560966,
        "nauc_recall_at_1000_diff1": 0.260007,
        "nauc_precision_at_1_max": 0.423895,
        "nauc_precision_at_1_std": -0.211727,
        "nauc_precision_at_1_diff1": 0.675482,
        "nauc_precision_at_3_max": 0.438024,
        "nauc_precision_at_3_std": -0.173824,
        "nauc_precision_at_3_diff1": 0.554186,
        "nauc_precision_at_5_max": 0.442134,
        "nauc_precision_at_5_std": -0.152169,
        "nauc_precision_at_5_diff1": 0.526308,
        "nauc_precision_at_10_max": 0.474627,
        "nauc_precision_at_10_std": -0.107819,
        "nauc_precision_at_10_diff1": 0.489668,
        "nauc_precision_at_20_max": 0.490579,
        "nauc_precision_at_20_std": -0.081151,
        "nauc_precision_at_20_diff1": 0.48597,
        "nauc_precision_at_100_max": 0.547906,
        "nauc_precision_at_100_std": 0.116655,
        "nauc_precision_at_100_diff1": 0.456228,
        "nauc_precision_at_1000_max": 0.57919,
        "nauc_precision_at_1000_std": 0.560966,
        "nauc_precision_at_1000_diff1": 0.260007,
        "nauc_mrr_at_1_max": 0.423411,
        "nauc_mrr_at_1_std": -0.210302,
        "nauc_mrr_at_1_diff1": 0.674798,
        "nauc_mrr_at_3_max": 0.430384,
        "nauc_mrr_at_3_std": -0.19517,
        "nauc_mrr_at_3_diff1": 0.624216,
        "nauc_mrr_at_5_max": 0.430899,
        "nauc_mrr_at_5_std": -0.191491,
        "nauc_mrr_at_5_diff1": 0.619727,
        "nauc_mrr_at_10_max": 0.433451,
        "nauc_mrr_at_10_std": -0.187953,
        "nauc_mrr_at_10_diff1": 0.617743,
        "nauc_mrr_at_20_max": 0.43359,
        "nauc_mrr_at_20_std": -0.187777,
        "nauc_mrr_at_20_diff1": 0.61887,
        "nauc_mrr_at_100_max": 0.433537,
        "nauc_mrr_at_100_std": -0.187171,
        "nauc_mrr_at_100_diff1": 0.619746,
        "nauc_mrr_at_1000_max": 0.433484,
        "nauc_mrr_at_1000_std": -0.187334,
        "nauc_mrr_at_1000_diff1": 0.619926,
        "main_score": 0.58598,
        "hf_subset": "default",
        "languages": [
          "eng-Latn",
          "python-Code"
        ]
      }
    ]
  },
  "evaluation_time": 71.95271873474121,
  "kg_co2_emissions": null
}