{
  "dataset_revision": "4adc7bc41202b5c13543c9c886a25f340634dab3",
  "task_name": "COIRCodeSearchNetRetrieval",
  "mteb_version": "1.34.8",
  "scores": {
    "test": [
      {
        "ndcg_at_1": 0.84019,
        "ndcg_at_3": 0.88833,
        "ndcg_at_5": 0.89597,
        "ndcg_at_10": 0.90117,
        "ndcg_at_20": 0.90446,
        "ndcg_at_100": 0.90755,
        "ndcg_at_1000": 0.90876,
        "map_at_1": 0.84019,
        "map_at_3": 0.87701,
        "map_at_5": 0.88127,
        "map_at_10": 0.88343,
        "map_at_20": 0.88435,
        "map_at_100": 0.88478,
        "map_at_1000": 0.88482,
        "recall_at_1": 0.84019,
        "recall_at_3": 0.9209,
        "recall_at_5": 0.93934,
        "recall_at_10": 0.95536,
        "recall_at_20": 0.96823,
        "recall_at_100": 0.98478,
        "recall_at_1000": 0.9945,
        "precision_at_1": 0.84019,
        "precision_at_3": 0.30697,
        "precision_at_5": 0.18787,
        "precision_at_10": 0.09554,
        "precision_at_20": 0.04841,
        "precision_at_100": 0.00985,
        "precision_at_1000": 0.00099,
        "mrr_at_1": 0.840193,
        "mrr_at_3": 0.877005,
        "mrr_at_5": 0.881265,
        "mrr_at_10": 0.883429,
        "mrr_at_20": 0.884347,
        "mrr_at_100": 0.884782,
        "mrr_at_1000": 0.884824,
        "nauc_ndcg_at_1_max": 0.723209,
        "nauc_ndcg_at_1_std": 0.02041,
        "nauc_ndcg_at_1_diff1": 0.873146,
        "nauc_ndcg_at_3_max": 0.76851,
        "nauc_ndcg_at_3_std": 0.067731,
        "nauc_ndcg_at_3_diff1": 0.851744,
        "nauc_ndcg_at_5_max": 0.770756,
        "nauc_ndcg_at_5_std": 0.071725,
        "nauc_ndcg_at_5_diff1": 0.852776,
        "nauc_ndcg_at_10_max": 0.770129,
        "nauc_ndcg_at_10_std": 0.076583,
        "nauc_ndcg_at_10_diff1": 0.855523,
        "nauc_ndcg_at_20_max": 0.76829,
        "nauc_ndcg_at_20_std": 0.076391,
        "nauc_ndcg_at_20_diff1": 0.856425,
        "nauc_ndcg_at_100_max": 0.764374,
        "nauc_ndcg_at_100_std": 0.073324,
        "nauc_ndcg_at_100_diff1": 0.856913,
        "nauc_ndcg_at_1000_max": 0.762274,
        "nauc_ndcg_at_1000_std": 0.068819,
        "nauc_ndcg_at_1000_diff1": 0.856923,
        "nauc_map_at_1_max": 0.723209,
        "nauc_map_at_1_std": 0.02041,
        "nauc_map_at_1_diff1": 0.873146,
        "nauc_map_at_3_max": 0.755306,
        "nauc_map_at_3_std": 0.053403,
        "nauc_map_at_3_diff1": 0.857137,
        "nauc_map_at_5_max": 0.755952,
        "nauc_map_at_5_std": 0.054849,
        "nauc_map_at_5_diff1": 0.857862,
        "nauc_map_at_10_max": 0.755451,
        "nauc_map_at_10_std": 0.056079,
        "nauc_map_at_10_diff1": 0.858929,
        "nauc_map_at_20_max": 0.754907,
        "nauc_map_at_20_std": 0.055847,
        "nauc_map_at_20_diff1": 0.859175,
        "nauc_map_at_100_max": 0.754438,
        "nauc_map_at_100_std": 0.05558,
        "nauc_map_at_100_diff1": 0.859253,
        "nauc_map_at_1000_max": 0.75438,
        "nauc_map_at_1000_std": 0.055482,
        "nauc_map_at_1000_diff1": 0.859253,
        "nauc_recall_at_1_max": 0.723209,
        "nauc_recall_at_1_std": 0.02041,
        "nauc_recall_at_1_diff1": 0.873146,
        "nauc_recall_at_3_max": 0.825414,
        "nauc_recall_at_3_std": 0.12983,
        "nauc_recall_at_3_diff1": 0.829058,
        "nauc_recall_at_5_max": 0.851497,
        "nauc_recall_at_5_std": 0.16467,
        "nauc_recall_at_5_diff1": 0.826181,
        "nauc_recall_at_10_max": 0.876314,
        "nauc_recall_at_10_std": 0.232444,
        "nauc_recall_at_10_diff1": 0.834851,
        "nauc_recall_at_20_max": 0.898272,
        "nauc_recall_at_20_std": 0.293917,
        "nauc_recall_at_20_diff1": 0.836586,
        "nauc_recall_at_100_max": 0.913214,
        "nauc_recall_at_100_std": 0.416159,
        "nauc_recall_at_100_diff1": 0.829112,
        "nauc_recall_at_1000_max": 0.901681,
        "nauc_recall_at_1000_std": 0.407669,
        "nauc_recall_at_1000_diff1": 0.783265,
        "nauc_precision_at_1_max": 0.723209,
        "nauc_precision_at_1_std": 0.02041,
        "nauc_precision_at_1_diff1": 0.873146,
        "nauc_precision_at_3_max": 0.825414,
        "nauc_precision_at_3_std": 0.12983,
        "nauc_precision_at_3_diff1": 0.829058,
        "nauc_precision_at_5_max": 0.851497,
        "nauc_precision_at_5_std": 0.16467,
        "nauc_precision_at_5_diff1": 0.826181,
        "nauc_precision_at_10_max": 0.876314,
        "nauc_precision_at_10_std": 0.232444,
        "nauc_precision_at_10_diff1": 0.834851,
        "nauc_precision_at_20_max": 0.898272,
        "nauc_precision_at_20_std": 0.293917,
        "nauc_precision_at_20_diff1": 0.836586,
        "nauc_precision_at_100_max": 0.913214,
        "nauc_precision_at_100_std": 0.416159,
        "nauc_precision_at_100_diff1": 0.829112,
        "nauc_precision_at_1000_max": 0.901681,
        "nauc_precision_at_1000_std": 0.407669,
        "nauc_precision_at_1000_diff1": 0.783265,
        "nauc_mrr_at_1_max": 0.723209,
        "nauc_mrr_at_1_std": 0.02041,
        "nauc_mrr_at_1_diff1": 0.873146,
        "nauc_mrr_at_3_max": 0.755306,
        "nauc_mrr_at_3_std": 0.053403,
        "nauc_mrr_at_3_diff1": 0.857137,
        "nauc_mrr_at_5_max": 0.755952,
        "nauc_mrr_at_5_std": 0.054849,
        "nauc_mrr_at_5_diff1": 0.857862,
        "nauc_mrr_at_10_max": 0.755451,
        "nauc_mrr_at_10_std": 0.056079,
        "nauc_mrr_at_10_diff1": 0.858929,
        "nauc_mrr_at_20_max": 0.754907,
        "nauc_mrr_at_20_std": 0.055847,
        "nauc_mrr_at_20_diff1": 0.859175,
        "nauc_mrr_at_100_max": 0.754438,
        "nauc_mrr_at_100_std": 0.05558,
        "nauc_mrr_at_100_diff1": 0.859253,
        "nauc_mrr_at_1000_max": 0.75438,
        "nauc_mrr_at_1000_std": 0.055482,
        "nauc_mrr_at_1000_diff1": 0.859253,
        "main_score": 0.90117,
        "hf_subset": "python",
        "languages": [
          "python-Code"
        ]
      }
    ]
  },
  "evaluation_time": 1112.8230698108673,
  "kg_co2_emissions": null
}