{
  "dataset_revision": "27a168819829fe9bcd655c2df245fb19452e8e06",
  "task_name": "FiQA2018",
  "mteb_version": "1.34.8",
  "scores": {
    "test": [
      {
        "ndcg_at_1": 0.51389,
        "ndcg_at_3": 0.47135,
        "ndcg_at_5": 0.49042,
        "ndcg_at_10": 0.52465,
        "ndcg_at_20": 0.54893,
        "ndcg_at_100": 0.58548,
        "ndcg_at_1000": 0.60625,
        "map_at_1": 0.26038,
        "map_at_3": 0.37253,
        "map_at_5": 0.40613,
        "map_at_10": 0.43298,
        "map_at_20": 0.44357,
        "map_at_100": 0.45198,
        "map_at_1000": 0.45346,
        "recall_at_1": 0.26038,
        "recall_at_3": 0.42494,
        "recall_at_5": 0.50946,
        "recall_at_10": 0.61303,
        "recall_at_20": 0.6878,
        "recall_at_100": 0.83419,
        "recall_at_1000": 0.95411,
        "precision_at_1": 0.51389,
        "precision_at_3": 0.3143,
        "precision_at_5": 0.23302,
        "precision_at_10": 0.14614,
        "precision_at_20": 0.08356,
        "precision_at_100": 0.02106,
        "precision_at_1000": 0.00248,
        "mrr_at_1": 0.513889,
        "mrr_at_3": 0.578447,
        "mrr_at_5": 0.596116,
        "mrr_at_10": 0.607662,
        "mrr_at_20": 0.61097,
        "mrr_at_100": 0.613044,
        "mrr_at_1000": 0.613292,
        "nauc_ndcg_at_1_max": 0.484352,
        "nauc_ndcg_at_1_std": -0.12031,
        "nauc_ndcg_at_1_diff1": 0.558381,
        "nauc_ndcg_at_3_max": 0.422357,
        "nauc_ndcg_at_3_std": -0.122258,
        "nauc_ndcg_at_3_diff1": 0.430045,
        "nauc_ndcg_at_5_max": 0.378446,
        "nauc_ndcg_at_5_std": -0.140259,
        "nauc_ndcg_at_5_diff1": 0.409367,
        "nauc_ndcg_at_10_max": 0.398871,
        "nauc_ndcg_at_10_std": -0.116037,
        "nauc_ndcg_at_10_diff1": 0.420766,
        "nauc_ndcg_at_20_max": 0.416162,
        "nauc_ndcg_at_20_std": -0.087097,
        "nauc_ndcg_at_20_diff1": 0.414777,
        "nauc_ndcg_at_100_max": 0.43425,
        "nauc_ndcg_at_100_std": -0.077426,
        "nauc_ndcg_at_100_diff1": 0.420294,
        "nauc_ndcg_at_1000_max": 0.439929,
        "nauc_ndcg_at_1000_std": -0.077934,
        "nauc_ndcg_at_1000_diff1": 0.427427,
        "nauc_map_at_1_max": 0.22171,
        "nauc_map_at_1_std": -0.161088,
        "nauc_map_at_1_diff1": 0.46871,
        "nauc_map_at_3_max": 0.30955,
        "nauc_map_at_3_std": -0.158489,
        "nauc_map_at_3_diff1": 0.426612,
        "nauc_map_at_5_max": 0.328917,
        "nauc_map_at_5_std": -0.15585,
        "nauc_map_at_5_diff1": 0.409714,
        "nauc_map_at_10_max": 0.362804,
        "nauc_map_at_10_std": -0.143328,
        "nauc_map_at_10_diff1": 0.410151,
        "nauc_map_at_20_max": 0.373283,
        "nauc_map_at_20_std": -0.132269,
        "nauc_map_at_20_diff1": 0.407972,
        "nauc_map_at_100_max": 0.379613,
        "nauc_map_at_100_std": -0.128604,
        "nauc_map_at_100_diff1": 0.409153,
        "nauc_map_at_1000_max": 0.380497,
        "nauc_map_at_1000_std": -0.128251,
        "nauc_map_at_1000_diff1": 0.409405,
        "nauc_recall_at_1_max": 0.22171,
        "nauc_recall_at_1_std": -0.161088,
        "nauc_recall_at_1_diff1": 0.46871,
        "nauc_recall_at_3_max": 0.272342,
        "nauc_recall_at_3_std": -0.14065,
        "nauc_recall_at_3_diff1": 0.368934,
        "nauc_recall_at_5_max": 0.239005,
        "nauc_recall_at_5_std": -0.155867,
        "nauc_recall_at_5_diff1": 0.305563,
        "nauc_recall_at_10_max": 0.2929,
        "nauc_recall_at_10_std": -0.091869,
        "nauc_recall_at_10_diff1": 0.302019,
        "nauc_recall_at_20_max": 0.323902,
        "nauc_recall_at_20_std": 0.012333,
        "nauc_recall_at_20_diff1": 0.257377,
        "nauc_recall_at_100_max": 0.377074,
        "nauc_recall_at_100_std": 0.112361,
        "nauc_recall_at_100_diff1": 0.2199,
        "nauc_recall_at_1000_max": 0.467863,
        "nauc_recall_at_1000_std": 0.354064,
        "nauc_recall_at_1000_diff1": 0.214831,
        "nauc_precision_at_1_max": 0.484352,
        "nauc_precision_at_1_std": -0.12031,
        "nauc_precision_at_1_diff1": 0.558381,
        "nauc_precision_at_3_max": 0.468749,
        "nauc_precision_at_3_std": -0.036621,
        "nauc_precision_at_3_diff1": 0.258116,
        "nauc_precision_at_5_max": 0.437905,
        "nauc_precision_at_5_std": -0.017324,
        "nauc_precision_at_5_diff1": 0.161799,
        "nauc_precision_at_10_max": 0.46913,
        "nauc_precision_at_10_std": 0.059607,
        "nauc_precision_at_10_diff1": 0.110134,
        "nauc_precision_at_20_max": 0.449071,
        "nauc_precision_at_20_std": 0.124343,
        "nauc_precision_at_20_diff1": 0.06112,
        "nauc_precision_at_100_max": 0.393892,
        "nauc_precision_at_100_std": 0.152807,
        "nauc_precision_at_100_diff1": 0.011716,
        "nauc_precision_at_1000_max": 0.314495,
        "nauc_precision_at_1000_std": 0.162319,
        "nauc_precision_at_1000_diff1": -0.034345,
        "nauc_mrr_at_1_max": 0.484352,
        "nauc_mrr_at_1_std": -0.12031,
        "nauc_mrr_at_1_diff1": 0.558381,
        "nauc_mrr_at_3_max": 0.481766,
        "nauc_mrr_at_3_std": -0.090272,
        "nauc_mrr_at_3_diff1": 0.515352,
        "nauc_mrr_at_5_max": 0.471789,
        "nauc_mrr_at_5_std": -0.098888,
        "nauc_mrr_at_5_diff1": 0.506637,
        "nauc_mrr_at_10_max": 0.48337,
        "nauc_mrr_at_10_std": -0.085164,
        "nauc_mrr_at_10_diff1": 0.510643,
        "nauc_mrr_at_20_max": 0.4843,
        "nauc_mrr_at_20_std": -0.082854,
        "nauc_mrr_at_20_diff1": 0.510865,
        "nauc_mrr_at_100_max": 0.483672,
        "nauc_mrr_at_100_std": -0.083966,
        "nauc_mrr_at_100_diff1": 0.510023,
        "nauc_mrr_at_1000_max": 0.483623,
        "nauc_mrr_at_1000_std": -0.084064,
        "nauc_mrr_at_1000_diff1": 0.510228,
        "main_score": 0.52465,
        "hf_subset": "default",
        "languages": [
          "eng-Latn"
        ]
      }
    ]
  },
  "evaluation_time": 236.901602268219,
  "kg_co2_emissions": null
}