{
  "dataset_revision": "ae763399273d8b20506b80cf6f6f9a31a6a2b238",
  "task_name": "MedicalQARetrieval",
  "mteb_version": "1.34.8",
  "scores": {
    "test": [
      {
        "ndcg_at_1": 0.57324,
        "ndcg_at_3": 0.68495,
        "ndcg_at_5": 0.71341,
        "ndcg_at_10": 0.73348,
        "ndcg_at_20": 0.74445,
        "ndcg_at_100": 0.75208,
        "ndcg_at_1000": 0.75495,
        "map_at_1": 0.57324,
        "map_at_3": 0.65771,
        "map_at_5": 0.67368,
        "map_at_10": 0.68217,
        "map_at_20": 0.68523,
        "map_at_100": 0.6863,
        "map_at_1000": 0.68641,
        "recall_at_1": 0.57324,
        "recall_at_3": 0.76367,
        "recall_at_5": 0.83203,
        "recall_at_10": 0.89307,
        "recall_at_20": 0.93604,
        "recall_at_100": 0.97705,
        "recall_at_1000": 0.99951,
        "precision_at_1": 0.57324,
        "precision_at_3": 0.25456,
        "precision_at_5": 0.16641,
        "precision_at_10": 0.08931,
        "precision_at_20": 0.0468,
        "precision_at_100": 0.00977,
        "precision_at_1000": 0.001,
        "mrr_at_1": 0.572754,
        "mrr_at_3": 0.657796,
        "mrr_at_5": 0.673763,
        "mrr_at_10": 0.682165,
        "mrr_at_20": 0.685229,
        "mrr_at_100": 0.6863,
        "mrr_at_1000": 0.686409,
        "nauc_ndcg_at_1_max": 0.231666,
        "nauc_ndcg_at_1_std": -0.063213,
        "nauc_ndcg_at_1_diff1": 0.524853,
        "nauc_ndcg_at_3_max": 0.226519,
        "nauc_ndcg_at_3_std": -0.07779,
        "nauc_ndcg_at_3_diff1": 0.452147,
        "nauc_ndcg_at_5_max": 0.228027,
        "nauc_ndcg_at_5_std": -0.075518,
        "nauc_ndcg_at_5_diff1": 0.445274,
        "nauc_ndcg_at_10_max": 0.230797,
        "nauc_ndcg_at_10_std": -0.077685,
        "nauc_ndcg_at_10_diff1": 0.441142,
        "nauc_ndcg_at_20_max": 0.241799,
        "nauc_ndcg_at_20_std": -0.063115,
        "nauc_ndcg_at_20_diff1": 0.445523,
        "nauc_ndcg_at_100_max": 0.237721,
        "nauc_ndcg_at_100_std": -0.058441,
        "nauc_ndcg_at_100_diff1": 0.456027,
        "nauc_ndcg_at_1000_max": 0.23413,
        "nauc_ndcg_at_1000_std": -0.064618,
        "nauc_ndcg_at_1000_diff1": 0.458976,
        "nauc_map_at_1_max": 0.231666,
        "nauc_map_at_1_std": -0.063213,
        "nauc_map_at_1_diff1": 0.524853,
        "nauc_map_at_3_max": 0.22796,
        "nauc_map_at_3_std": -0.073171,
        "nauc_map_at_3_diff1": 0.471392,
        "nauc_map_at_5_max": 0.22861,
        "nauc_map_at_5_std": -0.07155,
        "nauc_map_at_5_diff1": 0.468735,
        "nauc_map_at_10_max": 0.229881,
        "nauc_map_at_10_std": -0.072067,
        "nauc_map_at_10_diff1": 0.467973,
        "nauc_map_at_20_max": 0.232306,
        "nauc_map_at_20_std": -0.068787,
        "nauc_map_at_20_diff1": 0.469196,
        "nauc_map_at_100_max": 0.231903,
        "nauc_map_at_100_std": -0.067949,
        "nauc_map_at_100_diff1": 0.470463,
        "nauc_map_at_1000_max": 0.231801,
        "nauc_map_at_1000_std": -0.068094,
        "nauc_map_at_1000_diff1": 0.47054,
        "nauc_recall_at_1_max": 0.231666,
        "nauc_recall_at_1_std": -0.063213,
        "nauc_recall_at_1_diff1": 0.524853,
        "nauc_recall_at_3_max": 0.221135,
        "nauc_recall_at_3_std": -0.095336,
        "nauc_recall_at_3_diff1": 0.380852,
        "nauc_recall_at_5_max": 0.225969,
        "nauc_recall_at_5_std": -0.094878,
        "nauc_recall_at_5_diff1": 0.332604,
        "nauc_recall_at_10_max": 0.239283,
        "nauc_recall_at_10_std": -0.120122,
        "nauc_recall_at_10_diff1": 0.249292,
        "nauc_recall_at_20_max": 0.38928,
        "nauc_recall_at_20_std": 0.043591,
        "nauc_recall_at_20_diff1": 0.182411,
        "nauc_recall_at_100_max": 0.439796,
        "nauc_recall_at_100_std": 0.394776,
        "nauc_recall_at_100_diff1": 0.213054,
        "nauc_recall_at_1000_max": -1.739113,
        "nauc_recall_at_1000_std": 0.358105,
        "nauc_recall_at_1000_diff1": -1.151452,
        "nauc_precision_at_1_max": 0.231666,
        "nauc_precision_at_1_std": -0.063213,
        "nauc_precision_at_1_diff1": 0.524853,
        "nauc_precision_at_3_max": 0.221135,
        "nauc_precision_at_3_std": -0.095336,
        "nauc_precision_at_3_diff1": 0.380852,
        "nauc_precision_at_5_max": 0.225969,
        "nauc_precision_at_5_std": -0.094878,
        "nauc_precision_at_5_diff1": 0.332604,
        "nauc_precision_at_10_max": 0.239283,
        "nauc_precision_at_10_std": -0.120122,
        "nauc_precision_at_10_diff1": 0.249292,
        "nauc_precision_at_20_max": 0.38928,
        "nauc_precision_at_20_std": 0.043591,
        "nauc_precision_at_20_diff1": 0.182411,
        "nauc_precision_at_100_max": 0.439796,
        "nauc_precision_at_100_std": 0.394776,
        "nauc_precision_at_100_diff1": 0.213054,
        "nauc_precision_at_1000_max": -1.739113,
        "nauc_precision_at_1000_std": 0.358105,
        "nauc_precision_at_1000_diff1": -1.151452,
        "nauc_mrr_at_1_max": 0.232407,
        "nauc_mrr_at_1_std": -0.064034,
        "nauc_mrr_at_1_diff1": 0.526076,
        "nauc_mrr_at_3_max": 0.228968,
        "nauc_mrr_at_3_std": -0.074275,
        "nauc_mrr_at_3_diff1": 0.471303,
        "nauc_mrr_at_5_max": 0.229709,
        "nauc_mrr_at_5_std": -0.072947,
        "nauc_mrr_at_5_diff1": 0.468672,
        "nauc_mrr_at_10_max": 0.230894,
        "nauc_mrr_at_10_std": -0.073254,
        "nauc_mrr_at_10_diff1": 0.468096,
        "nauc_mrr_at_20_max": 0.23335,
        "nauc_mrr_at_20_std": -0.069978,
        "nauc_mrr_at_20_diff1": 0.469324,
        "nauc_mrr_at_100_max": 0.23295,
        "nauc_mrr_at_100_std": -0.069148,
        "nauc_mrr_at_100_diff1": 0.470592,
        "nauc_mrr_at_1000_max": 0.232849,
        "nauc_mrr_at_1000_std": -0.069294,
        "nauc_mrr_at_1000_diff1": 0.470669,
        "main_score": 0.73348,
        "hf_subset": "default",
        "languages": [
          "eng-Latn"
        ]
      }
    ]
  },
  "evaluation_time": 19.34026026725769,
  "kg_co2_emissions": null
}