{
  "dataset_revision": "f8c2fcf00f625baaa80f62ec5bd9e1fff3b8ae88",
  "task_name": "SCIDOCS",
  "mteb_version": "1.34.8",
  "scores": {
    "test": [
      {
        "ndcg_at_1": 0.279,
        "ndcg_at_3": 0.22072,
        "ndcg_at_5": 0.19029,
        "ndcg_at_10": 0.22972,
        "ndcg_at_20": 0.25998,
        "ndcg_at_100": 0.31865,
        "ndcg_at_1000": 0.3751,
        "map_at_1": 0.05663,
        "map_at_3": 0.10054,
        "map_at_5": 0.11936,
        "map_at_10": 0.14058,
        "map_at_20": 0.15175,
        "map_at_100": 0.16398,
        "map_at_1000": 0.16738,
        "recall_at_1": 0.05663,
        "recall_at_3": 0.12453,
        "recall_at_5": 0.16673,
        "recall_at_10": 0.23902,
        "recall_at_20": 0.3104,
        "recall_at_100": 0.50002,
        "recall_at_1000": 0.77623,
        "precision_at_1": 0.279,
        "precision_at_3": 0.20467,
        "precision_at_5": 0.1644,
        "precision_at_10": 0.1179,
        "precision_at_20": 0.07655,
        "precision_at_100": 0.02461,
        "precision_at_1000": 0.00382,
        "mrr_at_1": 0.279,
        "mrr_at_3": 0.355333,
        "mrr_at_5": 0.373633,
        "mrr_at_10": 0.388119,
        "mrr_at_20": 0.394508,
        "mrr_at_100": 0.399374,
        "mrr_at_1000": 0.399768,
        "nauc_ndcg_at_1_max": 0.329012,
        "nauc_ndcg_at_1_std": 0.044373,
        "nauc_ndcg_at_1_diff1": 0.180798,
        "nauc_ndcg_at_3_max": 0.405634,
        "nauc_ndcg_at_3_std": 0.084811,
        "nauc_ndcg_at_3_diff1": 0.158602,
        "nauc_ndcg_at_5_max": 0.419342,
        "nauc_ndcg_at_5_std": 0.112386,
        "nauc_ndcg_at_5_diff1": 0.154428,
        "nauc_ndcg_at_10_max": 0.449332,
        "nauc_ndcg_at_10_std": 0.141827,
        "nauc_ndcg_at_10_diff1": 0.142468,
        "nauc_ndcg_at_20_max": 0.466586,
        "nauc_ndcg_at_20_std": 0.17879,
        "nauc_ndcg_at_20_diff1": 0.124769,
        "nauc_ndcg_at_100_max": 0.48917,
        "nauc_ndcg_at_100_std": 0.233562,
        "nauc_ndcg_at_100_diff1": 0.114888,
        "nauc_ndcg_at_1000_max": 0.481848,
        "nauc_ndcg_at_1000_std": 0.228132,
        "nauc_ndcg_at_1000_diff1": 0.115877,
        "nauc_map_at_1_max": 0.321907,
        "nauc_map_at_1_std": 0.042094,
        "nauc_map_at_1_diff1": 0.176228,
        "nauc_map_at_3_max": 0.399256,
        "nauc_map_at_3_std": 0.070399,
        "nauc_map_at_3_diff1": 0.152267,
        "nauc_map_at_5_max": 0.414272,
        "nauc_map_at_5_std": 0.097934,
        "nauc_map_at_5_diff1": 0.145001,
        "nauc_map_at_10_max": 0.437821,
        "nauc_map_at_10_std": 0.119252,
        "nauc_map_at_10_diff1": 0.136047,
        "nauc_map_at_20_max": 0.452686,
        "nauc_map_at_20_std": 0.142065,
        "nauc_map_at_20_diff1": 0.125903,
        "nauc_map_at_100_max": 0.464109,
        "nauc_map_at_100_std": 0.163135,
        "nauc_map_at_100_diff1": 0.122467,
        "nauc_map_at_1000_max": 0.464282,
        "nauc_map_at_1000_std": 0.16431,
        "nauc_map_at_1000_diff1": 0.12275,
        "nauc_recall_at_1_max": 0.321907,
        "nauc_recall_at_1_std": 0.042094,
        "nauc_recall_at_1_diff1": 0.176228,
        "nauc_recall_at_3_max": 0.425814,
        "nauc_recall_at_3_std": 0.09901,
        "nauc_recall_at_3_diff1": 0.144334,
        "nauc_recall_at_5_max": 0.428622,
        "nauc_recall_at_5_std": 0.141904,
        "nauc_recall_at_5_diff1": 0.133536,
        "nauc_recall_at_10_max": 0.464831,
        "nauc_recall_at_10_std": 0.186224,
        "nauc_recall_at_10_diff1": 0.10992,
        "nauc_recall_at_20_max": 0.469309,
        "nauc_recall_at_20_std": 0.251999,
        "nauc_recall_at_20_diff1": 0.064998,
        "nauc_recall_at_100_max": 0.458084,
        "nauc_recall_at_100_std": 0.365208,
        "nauc_recall_at_100_diff1": 0.01918,
        "nauc_recall_at_1000_max": 0.386207,
        "nauc_recall_at_1000_std": 0.374163,
        "nauc_recall_at_1000_diff1": -0.026405,
        "nauc_precision_at_1_max": 0.329012,
        "nauc_precision_at_1_std": 0.044373,
        "nauc_precision_at_1_diff1": 0.180798,
        "nauc_precision_at_3_max": 0.433774,
        "nauc_precision_at_3_std": 0.104494,
        "nauc_precision_at_3_diff1": 0.147135,
        "nauc_precision_at_5_max": 0.43494,
        "nauc_precision_at_5_std": 0.144857,
        "nauc_precision_at_5_diff1": 0.137091,
        "nauc_precision_at_10_max": 0.470283,
        "nauc_precision_at_10_std": 0.189781,
        "nauc_precision_at_10_diff1": 0.112595,
        "nauc_precision_at_20_max": 0.475729,
        "nauc_precision_at_20_std": 0.256793,
        "nauc_precision_at_20_diff1": 0.067237,
        "nauc_precision_at_100_max": 0.465239,
        "nauc_precision_at_100_std": 0.368617,
        "nauc_precision_at_100_diff1": 0.024393,
        "nauc_precision_at_1000_max": 0.381763,
        "nauc_precision_at_1000_std": 0.368114,
        "nauc_precision_at_1000_diff1": -0.019705,
        "nauc_mrr_at_1_max": 0.329012,
        "nauc_mrr_at_1_std": 0.044373,
        "nauc_mrr_at_1_diff1": 0.180798,
        "nauc_mrr_at_3_max": 0.37374,
        "nauc_mrr_at_3_std": 0.077895,
        "nauc_mrr_at_3_diff1": 0.176106,
        "nauc_mrr_at_5_max": 0.382662,
        "nauc_mrr_at_5_std": 0.093067,
        "nauc_mrr_at_5_diff1": 0.178679,
        "nauc_mrr_at_10_max": 0.387489,
        "nauc_mrr_at_10_std": 0.098744,
        "nauc_mrr_at_10_diff1": 0.177733,
        "nauc_mrr_at_20_max": 0.384825,
        "nauc_mrr_at_20_std": 0.099634,
        "nauc_mrr_at_20_diff1": 0.175976,
        "nauc_mrr_at_100_max": 0.384197,
        "nauc_mrr_at_100_std": 0.099107,
        "nauc_mrr_at_100_diff1": 0.177378,
        "nauc_mrr_at_1000_max": 0.383993,
        "nauc_mrr_at_1000_std": 0.098734,
        "nauc_mrr_at_1000_diff1": 0.177354,
        "main_score": 0.22972,
        "hf_subset": "default",
        "languages": [
          "eng-Latn"
        ]
      }
    ]
  },
  "evaluation_time": 115.76864385604858,
  "kg_co2_emissions": null
}