{
  "dataset_revision": "0228b52cf27578f30900b9e5271d331663a030d7",
  "task_name": "SciFact",
  "mteb_version": "1.34.8",
  "scores": {
    "test": [
      {
        "ndcg_at_1": 0.64667,
        "ndcg_at_3": 0.71938,
        "ndcg_at_5": 0.74356,
        "ndcg_at_10": 0.76601,
        "ndcg_at_20": 0.7755,
        "ndcg_at_100": 0.78438,
        "ndcg_at_1000": 0.78775,
        "map_at_1": 0.61328,
        "map_at_3": 0.68991,
        "map_at_5": 0.70741,
        "map_at_10": 0.7187,
        "map_at_20": 0.72176,
        "map_at_100": 0.7233,
        "map_at_1000": 0.72345,
        "recall_at_1": 0.61328,
        "recall_at_3": 0.77072,
        "recall_at_5": 0.83161,
        "recall_at_10": 0.89589,
        "recall_at_20": 0.931,
        "recall_at_100": 0.975,
        "recall_at_1000": 1.0,
        "precision_at_1": 0.64667,
        "precision_at_3": 0.28111,
        "precision_at_5": 0.18533,
        "precision_at_10": 0.101,
        "precision_at_20": 0.05283,
        "precision_at_100": 0.01103,
        "precision_at_1000": 0.00113,
        "mrr_at_1": 0.646667,
        "mrr_at_3": 0.713333,
        "mrr_at_5": 0.725,
        "mrr_at_10": 0.733058,
        "mrr_at_20": 0.73519,
        "mrr_at_100": 0.736608,
        "mrr_at_1000": 0.736739,
        "nauc_ndcg_at_1_max": 0.588954,
        "nauc_ndcg_at_1_std": -0.064348,
        "nauc_ndcg_at_1_diff1": 0.718513,
        "nauc_ndcg_at_3_max": 0.590831,
        "nauc_ndcg_at_3_std": -0.061675,
        "nauc_ndcg_at_3_diff1": 0.68249,
        "nauc_ndcg_at_5_max": 0.605315,
        "nauc_ndcg_at_5_std": -0.062285,
        "nauc_ndcg_at_5_diff1": 0.698533,
        "nauc_ndcg_at_10_max": 0.63265,
        "nauc_ndcg_at_10_std": -0.024365,
        "nauc_ndcg_at_10_diff1": 0.698543,
        "nauc_ndcg_at_20_max": 0.636935,
        "nauc_ndcg_at_20_std": -0.014877,
        "nauc_ndcg_at_20_diff1": 0.699024,
        "nauc_ndcg_at_100_max": 0.624591,
        "nauc_ndcg_at_100_std": -0.026808,
        "nauc_ndcg_at_100_diff1": 0.69974,
        "nauc_ndcg_at_1000_max": 0.619319,
        "nauc_ndcg_at_1000_std": -0.038658,
        "nauc_ndcg_at_1000_diff1": 0.700133,
        "nauc_map_at_1_max": 0.494988,
        "nauc_map_at_1_std": -0.168269,
        "nauc_map_at_1_diff1": 0.717751,
        "nauc_map_at_3_max": 0.552577,
        "nauc_map_at_3_std": -0.110585,
        "nauc_map_at_3_diff1": 0.696113,
        "nauc_map_at_5_max": 0.573856,
        "nauc_map_at_5_std": -0.0956,
        "nauc_map_at_5_diff1": 0.703057,
        "nauc_map_at_10_max": 0.592137,
        "nauc_map_at_10_std": -0.075431,
        "nauc_map_at_10_diff1": 0.701992,
        "nauc_map_at_20_max": 0.593572,
        "nauc_map_at_20_std": -0.071495,
        "nauc_map_at_20_diff1": 0.702069,
        "nauc_map_at_100_max": 0.591774,
        "nauc_map_at_100_std": -0.073138,
        "nauc_map_at_100_diff1": 0.702079,
        "nauc_map_at_1000_max": 0.591539,
        "nauc_map_at_1000_std": -0.073605,
        "nauc_map_at_1000_diff1": 0.702077,
        "nauc_recall_at_1_max": 0.494988,
        "nauc_recall_at_1_std": -0.168269,
        "nauc_recall_at_1_diff1": 0.717751,
        "nauc_recall_at_3_max": 0.573941,
        "nauc_recall_at_3_std": -0.062494,
        "nauc_recall_at_3_diff1": 0.640543,
        "nauc_recall_at_5_max": 0.631722,
        "nauc_recall_at_5_std": -0.030149,
        "nauc_recall_at_5_diff1": 0.668297,
        "nauc_recall_at_10_max": 0.770542,
        "nauc_recall_at_10_std": 0.187391,
        "nauc_recall_at_10_diff1": 0.665738,
        "nauc_recall_at_20_max": 0.887892,
        "nauc_recall_at_20_std": 0.375549,
        "nauc_recall_at_20_diff1": 0.668996,
        "nauc_recall_at_100_max": 0.877373,
        "nauc_recall_at_100_std": 0.597946,
        "nauc_recall_at_100_diff1": 0.651883,
        "nauc_recall_at_1000_max": NaN,
        "nauc_recall_at_1000_std": NaN,
        "nauc_recall_at_1000_diff1": NaN,
        "nauc_precision_at_1_max": 0.588954,
        "nauc_precision_at_1_std": -0.064348,
        "nauc_precision_at_1_diff1": 0.718513,
        "nauc_precision_at_3_max": 0.583071,
        "nauc_precision_at_3_std": 0.253116,
        "nauc_precision_at_3_diff1": 0.378814,
        "nauc_precision_at_5_max": 0.530049,
        "nauc_precision_at_5_std": 0.341668,
        "nauc_precision_at_5_diff1": 0.232992,
        "nauc_precision_at_10_max": 0.509852,
        "nauc_precision_at_10_std": 0.534105,
        "nauc_precision_at_10_diff1": 0.057034,
        "nauc_precision_at_20_max": 0.437222,
        "nauc_precision_at_20_std": 0.594609,
        "nauc_precision_at_20_diff1": -0.049187,
        "nauc_precision_at_100_max": 0.34184,
        "nauc_precision_at_100_std": 0.647357,
        "nauc_precision_at_100_diff1": -0.188801,
        "nauc_precision_at_1000_max": 0.264962,
        "nauc_precision_at_1000_std": 0.625044,
        "nauc_precision_at_1000_diff1": -0.279568,
        "nauc_mrr_at_1_max": 0.588954,
        "nauc_mrr_at_1_std": -0.064348,
        "nauc_mrr_at_1_diff1": 0.718513,
        "nauc_mrr_at_3_max": 0.628628,
        "nauc_mrr_at_3_std": -0.028269,
        "nauc_mrr_at_3_diff1": 0.697561,
        "nauc_mrr_at_5_max": 0.630167,
        "nauc_mrr_at_5_std": -0.028007,
        "nauc_mrr_at_5_diff1": 0.70133,
        "nauc_mrr_at_10_max": 0.634177,
        "nauc_mrr_at_10_std": -0.024281,
        "nauc_mrr_at_10_diff1": 0.702829,
        "nauc_mrr_at_20_max": 0.634104,
        "nauc_mrr_at_20_std": -0.025145,
        "nauc_mrr_at_20_diff1": 0.703246,
        "nauc_mrr_at_100_max": 0.632396,
        "nauc_mrr_at_100_std": -0.026818,
        "nauc_mrr_at_100_diff1": 0.703509,
        "nauc_mrr_at_1000_max": 0.632228,
        "nauc_mrr_at_1000_std": -0.027189,
        "nauc_mrr_at_1000_diff1": 0.703524,
        "main_score": 0.76601,
        "hf_subset": "default",
        "languages": [
          "eng-Latn"
        ]
      }
    ]
  },
  "evaluation_time": 25.666170358657837,
  "kg_co2_emissions": null
}