{
  "dataset_revision": "f22508f96b7a36c2415181ed8bb76f76e04ae2d5",
  "task_name": "AppsRetrieval",
  "mteb_version": "1.34.8",
  "scores": {
    "test": [
      {
        "ndcg_at_1": 0.36627,
        "ndcg_at_3": 0.44248,
        "ndcg_at_5": 0.46676,
        "ndcg_at_10": 0.49499,
        "ndcg_at_20": 0.51307,
        "ndcg_at_100": 0.53887,
        "ndcg_at_1000": 0.55405,
        "map_at_1": 0.36627,
        "map_at_3": 0.4239,
        "map_at_5": 0.43738,
        "map_at_10": 0.44906,
        "map_at_20": 0.45408,
        "map_at_100": 0.45768,
        "map_at_1000": 0.45823,
        "recall_at_1": 0.36627,
        "recall_at_3": 0.49615,
        "recall_at_5": 0.55511,
        "recall_at_10": 0.64223,
        "recall_at_20": 0.71341,
        "recall_at_100": 0.85179,
        "recall_at_1000": 0.97238,
        "precision_at_1": 0.36627,
        "precision_at_3": 0.16538,
        "precision_at_5": 0.11102,
        "precision_at_10": 0.06422,
        "precision_at_20": 0.03567,
        "precision_at_100": 0.00852,
        "precision_at_1000": 0.00097,
        "mrr_at_1": 0.365737,
        "mrr_at_3": 0.423727,
        "mrr_at_5": 0.43714,
        "mrr_at_10": 0.448819,
        "mrr_at_20": 0.453831,
        "mrr_at_100": 0.457438,
        "mrr_at_1000": 0.457988,
        "nauc_ndcg_at_1_max": 0.518598,
        "nauc_ndcg_at_1_std": 0.065007,
        "nauc_ndcg_at_1_diff1": 0.632294,
        "nauc_ndcg_at_3_max": 0.530792,
        "nauc_ndcg_at_3_std": 0.107402,
        "nauc_ndcg_at_3_diff1": 0.561439,
        "nauc_ndcg_at_5_max": 0.532944,
        "nauc_ndcg_at_5_std": 0.11884,
        "nauc_ndcg_at_5_diff1": 0.551566,
        "nauc_ndcg_at_10_max": 0.530103,
        "nauc_ndcg_at_10_std": 0.123203,
        "nauc_ndcg_at_10_diff1": 0.546389,
        "nauc_ndcg_at_20_max": 0.535411,
        "nauc_ndcg_at_20_std": 0.133174,
        "nauc_ndcg_at_20_diff1": 0.547625,
        "nauc_ndcg_at_100_max": 0.536738,
        "nauc_ndcg_at_100_std": 0.137837,
        "nauc_ndcg_at_100_diff1": 0.552423,
        "nauc_ndcg_at_1000_max": 0.533769,
        "nauc_ndcg_at_1000_std": 0.127419,
        "nauc_ndcg_at_1000_diff1": 0.55753,
        "nauc_map_at_1_max": 0.518598,
        "nauc_map_at_1_std": 0.065007,
        "nauc_map_at_1_diff1": 0.632294,
        "nauc_map_at_3_max": 0.529187,
        "nauc_map_at_3_std": 0.098266,
        "nauc_map_at_3_diff1": 0.578605,
        "nauc_map_at_5_max": 0.530281,
        "nauc_map_at_5_std": 0.104484,
        "nauc_map_at_5_diff1": 0.573251,
        "nauc_map_at_10_max": 0.528694,
        "nauc_map_at_10_std": 0.105601,
        "nauc_map_at_10_diff1": 0.571267,
        "nauc_map_at_20_max": 0.530049,
        "nauc_map_at_20_std": 0.108004,
        "nauc_map_at_20_diff1": 0.571694,
        "nauc_map_at_100_max": 0.530243,
        "nauc_map_at_100_std": 0.108657,
        "nauc_map_at_100_diff1": 0.572473,
        "nauc_map_at_1000_max": 0.530125,
        "nauc_map_at_1000_std": 0.108354,
        "nauc_map_at_1000_diff1": 0.572599,
        "nauc_recall_at_1_max": 0.518598,
        "nauc_recall_at_1_std": 0.065007,
        "nauc_recall_at_1_diff1": 0.632294,
        "nauc_recall_at_3_max": 0.53491,
        "nauc_recall_at_3_std": 0.133581,
        "nauc_recall_at_3_diff1": 0.511357,
        "nauc_recall_at_5_max": 0.540901,
        "nauc_recall_at_5_std": 0.16386,
        "nauc_recall_at_5_diff1": 0.484022,
        "nauc_recall_at_10_max": 0.534533,
        "nauc_recall_at_10_std": 0.187904,
        "nauc_recall_at_10_diff1": 0.458141,
        "nauc_recall_at_20_max": 0.562534,
        "nauc_recall_at_20_std": 0.250026,
        "nauc_recall_at_20_diff1": 0.450863,
        "nauc_recall_at_100_max": 0.596767,
        "nauc_recall_at_100_std": 0.383103,
        "nauc_recall_at_100_diff1": 0.433661,
        "nauc_recall_at_1000_max": 0.611776,
        "nauc_recall_at_1000_std": 0.495891,
        "nauc_recall_at_1000_diff1": 0.401275,
        "nauc_precision_at_1_max": 0.518598,
        "nauc_precision_at_1_std": 0.065007,
        "nauc_precision_at_1_diff1": 0.632294,
        "nauc_precision_at_3_max": 0.53491,
        "nauc_precision_at_3_std": 0.133581,
        "nauc_precision_at_3_diff1": 0.511357,
        "nauc_precision_at_5_max": 0.540901,
        "nauc_precision_at_5_std": 0.16386,
        "nauc_precision_at_5_diff1": 0.484022,
        "nauc_precision_at_10_max": 0.534533,
        "nauc_precision_at_10_std": 0.187904,
        "nauc_precision_at_10_diff1": 0.458141,
        "nauc_precision_at_20_max": 0.562534,
        "nauc_precision_at_20_std": 0.250026,
        "nauc_precision_at_20_diff1": 0.450863,
        "nauc_precision_at_100_max": 0.596767,
        "nauc_precision_at_100_std": 0.383103,
        "nauc_precision_at_100_diff1": 0.433661,
        "nauc_precision_at_1000_max": 0.611776,
        "nauc_precision_at_1000_std": 0.495891,
        "nauc_precision_at_1000_diff1": 0.401275,
        "nauc_mrr_at_1_max": 0.517453,
        "nauc_mrr_at_1_std": 0.065017,
        "nauc_mrr_at_1_diff1": 0.633944,
        "nauc_mrr_at_3_max": 0.528448,
        "nauc_mrr_at_3_std": 0.098188,
        "nauc_mrr_at_3_diff1": 0.579265,
        "nauc_mrr_at_5_max": 0.529657,
        "nauc_mrr_at_5_std": 0.104472,
        "nauc_mrr_at_5_diff1": 0.574043,
        "nauc_mrr_at_10_max": 0.528054,
        "nauc_mrr_at_10_std": 0.105571,
        "nauc_mrr_at_10_diff1": 0.572078,
        "nauc_mrr_at_20_max": 0.529408,
        "nauc_mrr_at_20_std": 0.107979,
        "nauc_mrr_at_20_diff1": 0.57251,
        "nauc_mrr_at_100_max": 0.529597,
        "nauc_mrr_at_100_std": 0.108632,
        "nauc_mrr_at_100_diff1": 0.573294,
        "nauc_mrr_at_1000_max": 0.529478,
        "nauc_mrr_at_1000_std": 0.10833,
        "nauc_mrr_at_1000_diff1": 0.573422,
        "main_score": 0.49499,
        "hf_subset": "default",
        "languages": [
          "eng-Latn",
          "python-Code"
        ]
      }
    ]
  },
  "evaluation_time": 409.8496160507202,
  "kg_co2_emissions": null
}