{
  "dataset_revision": "5d958fb6b31055495347724d46431ba41309b03a",
  "task_name": "ChemNQRetrieval",
  "mteb_version": "1.34.8",
  "scores": {
    "test": [
      {
        "ndcg_at_1": 0.44444,
        "ndcg_at_3": 0.49956,
        "ndcg_at_5": 0.57022,
        "ndcg_at_10": 0.5894,
        "ndcg_at_20": 0.6266,
        "ndcg_at_100": 0.64117,
        "ndcg_at_1000": 0.64549,
        "map_at_1": 0.38889,
        "map_at_3": 0.47222,
        "map_at_5": 0.51605,
        "map_at_10": 0.52546,
        "map_at_20": 0.53534,
        "map_at_100": 0.5382,
        "map_at_1000": 0.5383,
        "recall_at_1": 0.38889,
        "recall_at_3": 0.53704,
        "recall_at_5": 0.69753,
        "recall_at_10": 0.75309,
        "recall_at_20": 0.89506,
        "recall_at_100": 0.96296,
        "recall_at_1000": 1.0,
        "precision_at_1": 0.44444,
        "precision_at_3": 0.22222,
        "precision_at_5": 0.17778,
        "precision_at_10": 0.0963,
        "precision_at_20": 0.05741,
        "precision_at_100": 0.01259,
        "precision_at_1000": 0.0013,
        "mrr_at_1": 0.444444,
        "mrr_at_3": 0.512346,
        "mrr_at_5": 0.545679,
        "mrr_at_10": 0.55097,
        "mrr_at_20": 0.560402,
        "mrr_at_100": 0.561431,
        "mrr_at_1000": 0.561528,
        "nauc_ndcg_at_1_max": 0.639848,
        "nauc_ndcg_at_1_std": -0.380161,
        "nauc_ndcg_at_1_diff1": -0.286081,
        "nauc_ndcg_at_3_max": 0.508712,
        "nauc_ndcg_at_3_std": -0.424142,
        "nauc_ndcg_at_3_diff1": -0.335836,
        "nauc_ndcg_at_5_max": 0.456762,
        "nauc_ndcg_at_5_std": -0.466724,
        "nauc_ndcg_at_5_diff1": -0.335782,
        "nauc_ndcg_at_10_max": 0.437328,
        "nauc_ndcg_at_10_std": -0.422159,
        "nauc_ndcg_at_10_diff1": -0.367234,
        "nauc_ndcg_at_20_max": 0.515201,
        "nauc_ndcg_at_20_std": -0.383884,
        "nauc_ndcg_at_20_diff1": -0.282467,
        "nauc_ndcg_at_100_max": 0.509992,
        "nauc_ndcg_at_100_std": -0.347929,
        "nauc_ndcg_at_100_diff1": -0.295283,
        "nauc_ndcg_at_1000_max": 0.506272,
        "nauc_ndcg_at_1000_std": -0.36913,
        "nauc_ndcg_at_1000_diff1": -0.297371,
        "nauc_map_at_1_max": 0.525694,
        "nauc_map_at_1_std": -0.327604,
        "nauc_map_at_1_diff1": -0.196041,
        "nauc_map_at_3_max": 0.509489,
        "nauc_map_at_3_std": -0.418944,
        "nauc_map_at_3_diff1": -0.310883,
        "nauc_map_at_5_max": 0.489358,
        "nauc_map_at_5_std": -0.451537,
        "nauc_map_at_5_diff1": -0.301192,
        "nauc_map_at_10_max": 0.481914,
        "nauc_map_at_10_std": -0.428297,
        "nauc_map_at_10_diff1": -0.315636,
        "nauc_map_at_20_max": 0.501626,
        "nauc_map_at_20_std": -0.416997,
        "nauc_map_at_20_diff1": -0.292403,
        "nauc_map_at_100_max": 0.500933,
        "nauc_map_at_100_std": -0.409701,
        "nauc_map_at_100_diff1": -0.293137,
        "nauc_map_at_1000_max": 0.500864,
        "nauc_map_at_1000_std": -0.410101,
        "nauc_map_at_1000_diff1": -0.293174,
        "nauc_recall_at_1_max": 0.525694,
        "nauc_recall_at_1_std": -0.327604,
        "nauc_recall_at_1_diff1": -0.196041,
        "nauc_recall_at_3_max": 0.446939,
        "nauc_recall_at_3_std": -0.44257,
        "nauc_recall_at_3_diff1": -0.391515,
        "nauc_recall_at_5_max": 0.287373,
        "nauc_recall_at_5_std": -0.602617,
        "nauc_recall_at_5_diff1": -0.482164,
        "nauc_recall_at_10_max": 0.18397,
        "nauc_recall_at_10_std": -0.461576,
        "nauc_recall_at_10_diff1": -0.629291,
        "nauc_recall_at_20_max": 0.642597,
        "nauc_recall_at_20_std": -0.270933,
        "nauc_recall_at_20_diff1": -0.050719,
        "nauc_recall_at_100_max": 0.723262,
        "nauc_recall_at_100_std": 0.867647,
        "nauc_recall_at_100_diff1": -0.175564,
        "nauc_recall_at_1000_max": NaN,
        "nauc_recall_at_1000_std": NaN,
        "nauc_recall_at_1000_diff1": NaN,
        "nauc_precision_at_1_max": 0.639848,
        "nauc_precision_at_1_std": -0.380161,
        "nauc_precision_at_1_diff1": -0.286081,
        "nauc_precision_at_3_max": 0.445207,
        "nauc_precision_at_3_std": -0.384512,
        "nauc_precision_at_3_diff1": -0.403881,
        "nauc_precision_at_5_max": 0.240827,
        "nauc_precision_at_5_std": -0.302844,
        "nauc_precision_at_5_diff1": -0.243076,
        "nauc_precision_at_10_max": 0.149317,
        "nauc_precision_at_10_std": -0.115112,
        "nauc_precision_at_10_diff1": -0.285217,
        "nauc_precision_at_20_max": 0.21203,
        "nauc_precision_at_20_std": 0.245762,
        "nauc_precision_at_20_diff1": 0.051246,
        "nauc_precision_at_100_max": 0.052393,
        "nauc_precision_at_100_std": 0.534917,
        "nauc_precision_at_100_diff1": 0.099637,
        "nauc_precision_at_1000_max": -0.011436,
        "nauc_precision_at_1000_std": 0.50326,
        "nauc_precision_at_1000_diff1": 0.12582,
        "nauc_mrr_at_1_max": 0.639848,
        "nauc_mrr_at_1_std": -0.380161,
        "nauc_mrr_at_1_diff1": -0.286081,
        "nauc_mrr_at_3_max": 0.573507,
        "nauc_mrr_at_3_std": -0.414185,
        "nauc_mrr_at_3_diff1": -0.326582,
        "nauc_mrr_at_5_max": 0.529403,
        "nauc_mrr_at_5_std": -0.402747,
        "nauc_mrr_at_5_diff1": -0.31144,
        "nauc_mrr_at_10_max": 0.523741,
        "nauc_mrr_at_10_std": -0.398068,
        "nauc_mrr_at_10_diff1": -0.317069,
        "nauc_mrr_at_20_max": 0.549673,
        "nauc_mrr_at_20_std": -0.388253,
        "nauc_mrr_at_20_diff1": -0.305586,
        "nauc_mrr_at_100_max": 0.548615,
        "nauc_mrr_at_100_std": -0.388961,
        "nauc_mrr_at_100_diff1": -0.30698,
        "nauc_mrr_at_1000_max": 0.548559,
        "nauc_mrr_at_1000_std": -0.389359,
        "nauc_mrr_at_1000_diff1": -0.307022,
        "main_score": 0.5894,
        "hf_subset": "default",
        "languages": [
          "eng-Latn"
        ]
      }
    ]
  },
  "evaluation_time": 93.24790048599243,
  "kg_co2_emissions": null
}