{
  "dataset_revision": "4adc7bc41202b5c13543c9c886a25f340634dab3",
  "task_name": "COIRCodeSearchNetRetrieval",
  "mteb_version": "1.34.8",
  "scores": {
    "test": [
      {
        "ndcg_at_1": 0.94698,
        "ndcg_at_3": 0.96901,
        "ndcg_at_5": 0.97157,
        "ndcg_at_10": 0.97273,
        "ndcg_at_20": 0.97317,
        "ndcg_at_100": 0.97366,
        "ndcg_at_1000": 0.97387,
        "map_at_1": 0.94698,
        "map_at_3": 0.96395,
        "map_at_5": 0.96537,
        "map_at_10": 0.96585,
        "map_at_20": 0.96597,
        "map_at_100": 0.96604,
        "map_at_1000": 0.96605,
        "recall_at_1": 0.94698,
        "recall_at_3": 0.98351,
        "recall_at_5": 0.98974,
        "recall_at_10": 0.9933,
        "recall_at_20": 0.99504,
        "recall_at_100": 0.99765,
        "recall_at_1000": 0.9994,
        "precision_at_1": 0.94698,
        "precision_at_3": 0.32784,
        "precision_at_5": 0.19795,
        "precision_at_10": 0.09933,
        "precision_at_20": 0.04975,
        "precision_at_100": 0.00998,
        "precision_at_1000": 0.001,
        "mrr_at_1": 0.94691,
        "mrr_at_3": 0.963914,
        "mrr_at_5": 0.965332,
        "mrr_at_10": 0.965812,
        "mrr_at_20": 0.965931,
        "mrr_at_100": 0.966004,
        "mrr_at_1000": 0.966011,
        "nauc_ndcg_at_1_max": 0.761425,
        "nauc_ndcg_at_1_std": -0.196774,
        "nauc_ndcg_at_1_diff1": 0.93969,
        "nauc_ndcg_at_3_max": 0.816418,
        "nauc_ndcg_at_3_std": -0.16965,
        "nauc_ndcg_at_3_diff1": 0.942119,
        "nauc_ndcg_at_5_max": 0.809814,
        "nauc_ndcg_at_5_std": -0.162681,
        "nauc_ndcg_at_5_diff1": 0.941869,
        "nauc_ndcg_at_10_max": 0.806521,
        "nauc_ndcg_at_10_std": -0.153558,
        "nauc_ndcg_at_10_diff1": 0.942084,
        "nauc_ndcg_at_20_max": 0.804803,
        "nauc_ndcg_at_20_std": -0.14965,
        "nauc_ndcg_at_20_diff1": 0.942536,
        "nauc_ndcg_at_100_max": 0.801986,
        "nauc_ndcg_at_100_std": -0.155681,
        "nauc_ndcg_at_100_diff1": 0.941924,
        "nauc_ndcg_at_1000_max": 0.800389,
        "nauc_ndcg_at_1000_std": -0.160184,
        "nauc_ndcg_at_1000_diff1": 0.941625,
        "nauc_map_at_1_max": 0.761425,
        "nauc_map_at_1_std": -0.196774,
        "nauc_map_at_1_diff1": 0.93969,
        "nauc_map_at_3_max": 0.799822,
        "nauc_map_at_3_std": -0.179148,
        "nauc_map_at_3_diff1": 0.941047,
        "nauc_map_at_5_max": 0.796075,
        "nauc_map_at_5_std": -0.176753,
        "nauc_map_at_5_diff1": 0.940882,
        "nauc_map_at_10_max": 0.794878,
        "nauc_map_at_10_std": -0.173603,
        "nauc_map_at_10_diff1": 0.940931,
        "nauc_map_at_20_max": 0.794468,
        "nauc_map_at_20_std": -0.172887,
        "nauc_map_at_20_diff1": 0.941044,
        "nauc_map_at_100_max": 0.794146,
        "nauc_map_at_100_std": -0.173438,
        "nauc_map_at_100_diff1": 0.94096,
        "nauc_map_at_1000_max": 0.794106,
        "nauc_map_at_1000_std": -0.173538,
        "nauc_map_at_1000_diff1": 0.940953,
        "nauc_recall_at_1_max": 0.761425,
        "nauc_recall_at_1_std": -0.196774,
        "nauc_recall_at_1_diff1": 0.93969,
        "nauc_recall_at_3_max": 0.918501,
        "nauc_recall_at_3_std": -0.10983,
        "nauc_recall_at_3_diff1": 0.949072,
        "nauc_recall_at_5_max": 0.936916,
        "nauc_recall_at_5_std": -0.021134,
        "nauc_recall_at_5_diff1": 0.951712,
        "nauc_recall_at_10_max": 0.960644,
        "nauc_recall_at_10_std": 0.159259,
        "nauc_recall_at_10_diff1": 0.959873,
        "nauc_recall_at_20_max": 0.977856,
        "nauc_recall_at_20_std": 0.355676,
        "nauc_recall_at_20_diff1": 0.974827,
        "nauc_recall_at_100_max": 1.0,
        "nauc_recall_at_100_std": 0.524734,
        "nauc_recall_at_100_diff1": 0.977124,
        "nauc_recall_at_1000_max": 1.0,
        "nauc_recall_at_1000_std": 0.840802,
        "nauc_recall_at_1000_diff1": 0.970951,
        "nauc_precision_at_1_max": 0.761425,
        "nauc_precision_at_1_std": -0.196774,
        "nauc_precision_at_1_diff1": 0.93969,
        "nauc_precision_at_3_max": 0.918501,
        "nauc_precision_at_3_std": -0.10983,
        "nauc_precision_at_3_diff1": 0.949072,
        "nauc_precision_at_5_max": 0.936916,
        "nauc_precision_at_5_std": -0.021134,
        "nauc_precision_at_5_diff1": 0.951712,
        "nauc_precision_at_10_max": 0.960644,
        "nauc_precision_at_10_std": 0.159259,
        "nauc_precision_at_10_diff1": 0.959873,
        "nauc_precision_at_20_max": 0.977856,
        "nauc_precision_at_20_std": 0.355676,
        "nauc_precision_at_20_diff1": 0.974827,
        "nauc_precision_at_100_max": 1.0,
        "nauc_precision_at_100_std": 0.524734,
        "nauc_precision_at_100_diff1": 0.977124,
        "nauc_precision_at_1000_max": 1.0,
        "nauc_precision_at_1000_std": 0.840802,
        "nauc_precision_at_1000_diff1": 0.970951,
        "nauc_mrr_at_1_max": 0.759168,
        "nauc_mrr_at_1_std": -0.199291,
        "nauc_mrr_at_1_diff1": 0.939766,
        "nauc_mrr_at_3_max": 0.798126,
        "nauc_mrr_at_3_std": -0.181017,
        "nauc_mrr_at_3_diff1": 0.941102,
        "nauc_mrr_at_5_max": 0.794333,
        "nauc_mrr_at_5_std": -0.178586,
        "nauc_mrr_at_5_diff1": 0.940918,
        "nauc_mrr_at_10_max": 0.793113,
        "nauc_mrr_at_10_std": -0.175466,
        "nauc_mrr_at_10_diff1": 0.940968,
        "nauc_mrr_at_20_max": 0.792697,
        "nauc_mrr_at_20_std": -0.17476,
        "nauc_mrr_at_20_diff1": 0.941081,
        "nauc_mrr_at_100_max": 0.792371,
        "nauc_mrr_at_100_std": -0.175314,
        "nauc_mrr_at_100_diff1": 0.940996,
        "nauc_mrr_at_1000_max": 0.792331,
        "nauc_mrr_at_1000_std": -0.175414,
        "nauc_mrr_at_1000_diff1": 0.940989,
        "main_score": 0.97273,
        "hf_subset": "python",
        "languages": [
          "python-Code"
        ]
      }
    ]
  },
  "evaluation_time": 1207.2663972377777,
  "kg_co2_emissions": null
}