{
  "dataset_revision": "27a168819829fe9bcd655c2df245fb19452e8e06",
  "task_name": "FiQA2018",
  "mteb_version": "1.34.8",
  "scores": {
    "test": [
      {
        "ndcg_at_1": 0.57253,
        "ndcg_at_3": 0.54882,
        "ndcg_at_5": 0.56575,
        "ndcg_at_10": 0.59498,
        "ndcg_at_20": 0.63097,
        "ndcg_at_100": 0.66081,
        "ndcg_at_1000": 0.67334,
        "map_at_1": 0.2971,
        "map_at_3": 0.43997,
        "map_at_5": 0.47597,
        "map_at_10": 0.50423,
        "map_at_20": 0.52035,
        "map_at_100": 0.52789,
        "map_at_1000": 0.52892,
        "recall_at_1": 0.2971,
        "recall_at_3": 0.50729,
        "recall_at_5": 0.58957,
        "recall_at_10": 0.6805,
        "recall_at_20": 0.79164,
        "recall_at_100": 0.90715,
        "recall_at_1000": 0.97542,
        "precision_at_1": 0.57253,
        "precision_at_3": 0.36523,
        "precision_at_5": 0.2679,
        "precision_at_10": 0.16235,
        "precision_at_20": 0.09606,
        "precision_at_100": 0.02292,
        "precision_at_1000": 0.00254,
        "mrr_at_1": 0.572531,
        "mrr_at_3": 0.649177,
        "mrr_at_5": 0.663529,
        "mrr_at_10": 0.670732,
        "mrr_at_20": 0.675897,
        "mrr_at_100": 0.677292,
        "mrr_at_1000": 0.677368,
        "nauc_ndcg_at_1_max": 0.485278,
        "nauc_ndcg_at_1_std": -0.115607,
        "nauc_ndcg_at_1_diff1": 0.544724,
        "nauc_ndcg_at_3_max": 0.394285,
        "nauc_ndcg_at_3_std": -0.12838,
        "nauc_ndcg_at_3_diff1": 0.387574,
        "nauc_ndcg_at_5_max": 0.366708,
        "nauc_ndcg_at_5_std": -0.135689,
        "nauc_ndcg_at_5_diff1": 0.392942,
        "nauc_ndcg_at_10_max": 0.375784,
        "nauc_ndcg_at_10_std": -0.136226,
        "nauc_ndcg_at_10_diff1": 0.406989,
        "nauc_ndcg_at_20_max": 0.406502,
        "nauc_ndcg_at_20_std": -0.115411,
        "nauc_ndcg_at_20_diff1": 0.419301,
        "nauc_ndcg_at_100_max": 0.415363,
        "nauc_ndcg_at_100_std": -0.097912,
        "nauc_ndcg_at_100_diff1": 0.41025,
        "nauc_ndcg_at_1000_max": 0.419538,
        "nauc_ndcg_at_1000_std": -0.100662,
        "nauc_ndcg_at_1000_diff1": 0.417898,
        "nauc_map_at_1_max": 0.147763,
        "nauc_map_at_1_std": -0.172533,
        "nauc_map_at_1_diff1": 0.458845,
        "nauc_map_at_3_max": 0.248374,
        "nauc_map_at_3_std": -0.168285,
        "nauc_map_at_3_diff1": 0.397943,
        "nauc_map_at_5_max": 0.284777,
        "nauc_map_at_5_std": -0.168468,
        "nauc_map_at_5_diff1": 0.393244,
        "nauc_map_at_10_max": 0.321649,
        "nauc_map_at_10_std": -0.164435,
        "nauc_map_at_10_diff1": 0.394658,
        "nauc_map_at_20_max": 0.340403,
        "nauc_map_at_20_std": -0.154883,
        "nauc_map_at_20_diff1": 0.398432,
        "nauc_map_at_100_max": 0.345035,
        "nauc_map_at_100_std": -0.149521,
        "nauc_map_at_100_diff1": 0.395764,
        "nauc_map_at_1000_max": 0.34569,
        "nauc_map_at_1000_std": -0.149212,
        "nauc_map_at_1000_diff1": 0.396213,
        "nauc_recall_at_1_max": 0.147763,
        "nauc_recall_at_1_std": -0.172533,
        "nauc_recall_at_1_diff1": 0.458845,
        "nauc_recall_at_3_max": 0.196143,
        "nauc_recall_at_3_std": -0.139582,
        "nauc_recall_at_3_diff1": 0.309267,
        "nauc_recall_at_5_max": 0.208592,
        "nauc_recall_at_5_std": -0.131657,
        "nauc_recall_at_5_diff1": 0.286347,
        "nauc_recall_at_10_max": 0.273815,
        "nauc_recall_at_10_std": -0.122665,
        "nauc_recall_at_10_diff1": 0.302803,
        "nauc_recall_at_20_max": 0.332974,
        "nauc_recall_at_20_std": -0.052181,
        "nauc_recall_at_20_diff1": 0.309906,
        "nauc_recall_at_100_max": 0.309421,
        "nauc_recall_at_100_std": 0.119964,
        "nauc_recall_at_100_diff1": 0.152917,
        "nauc_recall_at_1000_max": 0.264443,
        "nauc_recall_at_1000_std": 0.258393,
        "nauc_recall_at_1000_diff1": 0.09828,
        "nauc_precision_at_1_max": 0.485278,
        "nauc_precision_at_1_std": -0.115607,
        "nauc_precision_at_1_diff1": 0.544724,
        "nauc_precision_at_3_max": 0.470963,
        "nauc_precision_at_3_std": -0.010741,
        "nauc_precision_at_3_diff1": 0.163387,
        "nauc_precision_at_5_max": 0.461316,
        "nauc_precision_at_5_std": 0.02218,
        "nauc_precision_at_5_diff1": 0.088792,
        "nauc_precision_at_10_max": 0.463377,
        "nauc_precision_at_10_std": 0.049405,
        "nauc_precision_at_10_diff1": 0.043062,
        "nauc_precision_at_20_max": 0.461218,
        "nauc_precision_at_20_std": 0.115938,
        "nauc_precision_at_20_diff1": 0.001697,
        "nauc_precision_at_100_max": 0.385571,
        "nauc_precision_at_100_std": 0.167622,
        "nauc_precision_at_100_diff1": -0.078644,
        "nauc_precision_at_1000_max": 0.335183,
        "nauc_precision_at_1000_std": 0.165683,
        "nauc_precision_at_1000_diff1": -0.087465,
        "nauc_mrr_at_1_max": 0.485278,
        "nauc_mrr_at_1_std": -0.115607,
        "nauc_mrr_at_1_diff1": 0.544724,
        "nauc_mrr_at_3_max": 0.511181,
        "nauc_mrr_at_3_std": -0.075758,
        "nauc_mrr_at_3_diff1": 0.501977,
        "nauc_mrr_at_5_max": 0.506409,
        "nauc_mrr_at_5_std": -0.074389,
        "nauc_mrr_at_5_diff1": 0.501032,
        "nauc_mrr_at_10_max": 0.510076,
        "nauc_mrr_at_10_std": -0.07533,
        "nauc_mrr_at_10_diff1": 0.505003,
        "nauc_mrr_at_20_max": 0.510191,
        "nauc_mrr_at_20_std": -0.074483,
        "nauc_mrr_at_20_diff1": 0.506433,
        "nauc_mrr_at_100_max": 0.509501,
        "nauc_mrr_at_100_std": -0.075487,
        "nauc_mrr_at_100_diff1": 0.506831,
        "nauc_mrr_at_1000_max": 0.509407,
        "nauc_mrr_at_1000_std": -0.075641,
        "nauc_mrr_at_1000_diff1": 0.50683,
        "main_score": 0.59498,
        "hf_subset": "default",
        "languages": [
          "eng-Latn"
        ]
      }
    ]
  },
  "evaluation_time": 355.12948083877563,
  "kg_co2_emissions": null
}