{
  "dataset_revision": "ae763399273d8b20506b80cf6f6f9a31a6a2b238",
  "task_name": "MedicalQARetrieval",
  "mteb_version": "1.34.8",
  "scores": {
    "test": [
      {
        "ndcg_at_1": 0.6123,
        "ndcg_at_3": 0.71016,
        "ndcg_at_5": 0.73428,
        "ndcg_at_10": 0.75368,
        "ndcg_at_20": 0.76365,
        "ndcg_at_100": 0.77131,
        "ndcg_at_1000": 0.77434,
        "map_at_1": 0.6123,
        "map_at_3": 0.68669,
        "map_at_5": 0.70007,
        "map_at_10": 0.70815,
        "map_at_20": 0.71093,
        "map_at_100": 0.71201,
        "map_at_1000": 0.71213,
        "recall_at_1": 0.6123,
        "recall_at_3": 0.77783,
        "recall_at_5": 0.83643,
        "recall_at_10": 0.896,
        "recall_at_20": 0.93506,
        "recall_at_100": 0.97607,
        "recall_at_1000": 0.99951,
        "precision_at_1": 0.6123,
        "precision_at_3": 0.25928,
        "precision_at_5": 0.16729,
        "precision_at_10": 0.0896,
        "precision_at_20": 0.04675,
        "precision_at_100": 0.00976,
        "precision_at_1000": 0.001,
        "mrr_at_1": 0.612305,
        "mrr_at_3": 0.686442,
        "mrr_at_5": 0.700041,
        "mrr_at_10": 0.708041,
        "mrr_at_20": 0.710826,
        "mrr_at_100": 0.711909,
        "mrr_at_1000": 0.712027,
        "nauc_ndcg_at_1_max": 0.354826,
        "nauc_ndcg_at_1_std": -0.067567,
        "nauc_ndcg_at_1_diff1": 0.623075,
        "nauc_ndcg_at_3_max": 0.350536,
        "nauc_ndcg_at_3_std": -0.089305,
        "nauc_ndcg_at_3_diff1": 0.571238,
        "nauc_ndcg_at_5_max": 0.344239,
        "nauc_ndcg_at_5_std": -0.089342,
        "nauc_ndcg_at_5_diff1": 0.56455,
        "nauc_ndcg_at_10_max": 0.346363,
        "nauc_ndcg_at_10_std": -0.095055,
        "nauc_ndcg_at_10_diff1": 0.562301,
        "nauc_ndcg_at_20_max": 0.35706,
        "nauc_ndcg_at_20_std": -0.080791,
        "nauc_ndcg_at_20_diff1": 0.564577,
        "nauc_ndcg_at_100_max": 0.359664,
        "nauc_ndcg_at_100_std": -0.070101,
        "nauc_ndcg_at_100_diff1": 0.573379,
        "nauc_ndcg_at_1000_max": 0.353553,
        "nauc_ndcg_at_1000_std": -0.078038,
        "nauc_ndcg_at_1000_diff1": 0.575119,
        "nauc_map_at_1_max": 0.354826,
        "nauc_map_at_1_std": -0.067567,
        "nauc_map_at_1_diff1": 0.623075,
        "nauc_map_at_3_max": 0.350745,
        "nauc_map_at_3_std": -0.083554,
        "nauc_map_at_3_diff1": 0.584382,
        "nauc_map_at_5_max": 0.347216,
        "nauc_map_at_5_std": -0.083255,
        "nauc_map_at_5_diff1": 0.581568,
        "nauc_map_at_10_max": 0.347543,
        "nauc_map_at_10_std": -0.085244,
        "nauc_map_at_10_diff1": 0.581103,
        "nauc_map_at_20_max": 0.350137,
        "nauc_map_at_20_std": -0.081724,
        "nauc_map_at_20_diff1": 0.581832,
        "nauc_map_at_100_max": 0.350665,
        "nauc_map_at_100_std": -0.08007,
        "nauc_map_at_100_diff1": 0.582801,
        "nauc_map_at_1000_max": 0.350467,
        "nauc_map_at_1000_std": -0.080317,
        "nauc_map_at_1000_diff1": 0.582864,
        "nauc_recall_at_1_max": 0.354826,
        "nauc_recall_at_1_std": -0.067567,
        "nauc_recall_at_1_diff1": 0.623075,
        "nauc_recall_at_3_max": 0.350296,
        "nauc_recall_at_3_std": -0.110453,
        "nauc_recall_at_3_diff1": 0.523225,
        "nauc_recall_at_5_max": 0.330399,
        "nauc_recall_at_5_std": -0.117552,
        "nauc_recall_at_5_diff1": 0.484897,
        "nauc_recall_at_10_max": 0.343276,
        "nauc_recall_at_10_std": -0.165706,
        "nauc_recall_at_10_diff1": 0.432703,
        "nauc_recall_at_20_max": 0.468078,
        "nauc_recall_at_20_std": -0.038044,
        "nauc_recall_at_20_diff1": 0.383778,
        "nauc_recall_at_100_max": 0.736516,
        "nauc_recall_at_100_std": 0.43595,
        "nauc_recall_at_100_diff1": 0.46915,
        "nauc_recall_at_1000_max": 0.554152,
        "nauc_recall_at_1000_std": 0.722172,
        "nauc_recall_at_1000_diff1": 0.554152,
        "nauc_precision_at_1_max": 0.354826,
        "nauc_precision_at_1_std": -0.067567,
        "nauc_precision_at_1_diff1": 0.623075,
        "nauc_precision_at_3_max": 0.350296,
        "nauc_precision_at_3_std": -0.110453,
        "nauc_precision_at_3_diff1": 0.523225,
        "nauc_precision_at_5_max": 0.330399,
        "nauc_precision_at_5_std": -0.117552,
        "nauc_precision_at_5_diff1": 0.484897,
        "nauc_precision_at_10_max": 0.343276,
        "nauc_precision_at_10_std": -0.165706,
        "nauc_precision_at_10_diff1": 0.432703,
        "nauc_precision_at_20_max": 0.468078,
        "nauc_precision_at_20_std": -0.038044,
        "nauc_precision_at_20_diff1": 0.383778,
        "nauc_precision_at_100_max": 0.736516,
        "nauc_precision_at_100_std": 0.43595,
        "nauc_precision_at_100_diff1": 0.46915,
        "nauc_precision_at_1000_max": 0.554152,
        "nauc_precision_at_1000_std": 0.722172,
        "nauc_precision_at_1000_diff1": 0.554152,
        "nauc_mrr_at_1_max": 0.356484,
        "nauc_mrr_at_1_std": -0.064154,
        "nauc_mrr_at_1_diff1": 0.623075,
        "nauc_mrr_at_3_max": 0.351262,
        "nauc_mrr_at_3_std": -0.080679,
        "nauc_mrr_at_3_diff1": 0.584921,
        "nauc_mrr_at_5_max": 0.348228,
        "nauc_mrr_at_5_std": -0.081014,
        "nauc_mrr_at_5_diff1": 0.581658,
        "nauc_mrr_at_10_max": 0.348602,
        "nauc_mrr_at_10_std": -0.082624,
        "nauc_mrr_at_10_diff1": 0.58136,
        "nauc_mrr_at_20_max": 0.351207,
        "nauc_mrr_at_20_std": -0.079076,
        "nauc_mrr_at_20_diff1": 0.582093,
        "nauc_mrr_at_100_max": 0.35174,
        "nauc_mrr_at_100_std": -0.07741,
        "nauc_mrr_at_100_diff1": 0.583063,
        "nauc_mrr_at_1000_max": 0.351543,
        "nauc_mrr_at_1000_std": -0.077655,
        "nauc_mrr_at_1000_diff1": 0.583125,
        "main_score": 0.75368,
        "hf_subset": "default",
        "languages": [
          "eng-Latn"
        ]
      }
    ]
  },
  "evaluation_time": 24.27864980697632,
  "kg_co2_emissions": null
}