{
  "dataset_revision": "f8c2fcf00f625baaa80f62ec5bd9e1fff3b8ae88",
  "task_name": "SCIDOCS",
  "mteb_version": "1.34.8",
  "scores": {
    "test": [
      {
        "ndcg_at_1": 0.292,
        "ndcg_at_3": 0.2415,
        "ndcg_at_5": 0.21426,
        "ndcg_at_10": 0.25874,
        "ndcg_at_20": 0.29613,
        "ndcg_at_100": 0.35841,
        "ndcg_at_1000": 0.41061,
        "map_at_1": 0.05913,
        "map_at_3": 0.10917,
        "map_at_5": 0.1341,
        "map_at_10": 0.15848,
        "map_at_20": 0.17331,
        "map_at_100": 0.18708,
        "map_at_1000": 0.19068,
        "recall_at_1": 0.05913,
        "recall_at_3": 0.13807,
        "recall_at_5": 0.19372,
        "recall_at_10": 0.2752,
        "recall_at_20": 0.36297,
        "recall_at_100": 0.56543,
        "recall_at_1000": 0.81613,
        "precision_at_1": 0.292,
        "precision_at_3": 0.22733,
        "precision_at_5": 0.1912,
        "precision_at_10": 0.1358,
        "precision_at_20": 0.08945,
        "precision_at_100": 0.02784,
        "precision_at_1000": 0.00402,
        "mrr_at_1": 0.292,
        "mrr_at_3": 0.3835,
        "mrr_at_5": 0.40485,
        "mrr_at_10": 0.420145,
        "mrr_at_20": 0.427683,
        "mrr_at_100": 0.431188,
        "mrr_at_1000": 0.431425,
        "nauc_ndcg_at_1_max": 0.305421,
        "nauc_ndcg_at_1_std": 0.03974,
        "nauc_ndcg_at_1_diff1": 0.229358,
        "nauc_ndcg_at_3_max": 0.360269,
        "nauc_ndcg_at_3_std": 0.092438,
        "nauc_ndcg_at_3_diff1": 0.160339,
        "nauc_ndcg_at_5_max": 0.369497,
        "nauc_ndcg_at_5_std": 0.108036,
        "nauc_ndcg_at_5_diff1": 0.130012,
        "nauc_ndcg_at_10_max": 0.405785,
        "nauc_ndcg_at_10_std": 0.147184,
        "nauc_ndcg_at_10_diff1": 0.120968,
        "nauc_ndcg_at_20_max": 0.425821,
        "nauc_ndcg_at_20_std": 0.189458,
        "nauc_ndcg_at_20_diff1": 0.110739,
        "nauc_ndcg_at_100_max": 0.445296,
        "nauc_ndcg_at_100_std": 0.239654,
        "nauc_ndcg_at_100_diff1": 0.102984,
        "nauc_ndcg_at_1000_max": 0.443851,
        "nauc_ndcg_at_1000_std": 0.229625,
        "nauc_ndcg_at_1000_diff1": 0.109101,
        "nauc_map_at_1_max": 0.302146,
        "nauc_map_at_1_std": 0.037942,
        "nauc_map_at_1_diff1": 0.227672,
        "nauc_map_at_3_max": 0.347826,
        "nauc_map_at_3_std": 0.076953,
        "nauc_map_at_3_diff1": 0.155803,
        "nauc_map_at_5_max": 0.362579,
        "nauc_map_at_5_std": 0.096163,
        "nauc_map_at_5_diff1": 0.122377,
        "nauc_map_at_10_max": 0.389787,
        "nauc_map_at_10_std": 0.122746,
        "nauc_map_at_10_diff1": 0.112853,
        "nauc_map_at_20_max": 0.405189,
        "nauc_map_at_20_std": 0.152342,
        "nauc_map_at_20_diff1": 0.10399,
        "nauc_map_at_100_max": 0.414277,
        "nauc_map_at_100_std": 0.169998,
        "nauc_map_at_100_diff1": 0.100848,
        "nauc_map_at_1000_max": 0.414749,
        "nauc_map_at_1000_std": 0.170617,
        "nauc_map_at_1000_diff1": 0.100831,
        "nauc_recall_at_1_max": 0.302146,
        "nauc_recall_at_1_std": 0.037942,
        "nauc_recall_at_1_diff1": 0.227672,
        "nauc_recall_at_3_max": 0.372868,
        "nauc_recall_at_3_std": 0.108779,
        "nauc_recall_at_3_diff1": 0.129077,
        "nauc_recall_at_5_max": 0.368463,
        "nauc_recall_at_5_std": 0.1307,
        "nauc_recall_at_5_diff1": 0.078811,
        "nauc_recall_at_10_max": 0.410156,
        "nauc_recall_at_10_std": 0.193294,
        "nauc_recall_at_10_diff1": 0.059798,
        "nauc_recall_at_20_max": 0.427467,
        "nauc_recall_at_20_std": 0.269525,
        "nauc_recall_at_20_diff1": 0.037681,
        "nauc_recall_at_100_max": 0.431381,
        "nauc_recall_at_100_std": 0.384496,
        "nauc_recall_at_100_diff1": 0.007647,
        "nauc_recall_at_1000_max": 0.413413,
        "nauc_recall_at_1000_std": 0.3979,
        "nauc_recall_at_1000_diff1": -0.00742,
        "nauc_precision_at_1_max": 0.305421,
        "nauc_precision_at_1_std": 0.03974,
        "nauc_precision_at_1_diff1": 0.229358,
        "nauc_precision_at_3_max": 0.378695,
        "nauc_precision_at_3_std": 0.11425,
        "nauc_precision_at_3_diff1": 0.133227,
        "nauc_precision_at_5_max": 0.375353,
        "nauc_precision_at_5_std": 0.135384,
        "nauc_precision_at_5_diff1": 0.084157,
        "nauc_precision_at_10_max": 0.414679,
        "nauc_precision_at_10_std": 0.196715,
        "nauc_precision_at_10_diff1": 0.064972,
        "nauc_precision_at_20_max": 0.430601,
        "nauc_precision_at_20_std": 0.272353,
        "nauc_precision_at_20_diff1": 0.04401,
        "nauc_precision_at_100_max": 0.430546,
        "nauc_precision_at_100_std": 0.383776,
        "nauc_precision_at_100_diff1": 0.015543,
        "nauc_precision_at_1000_max": 0.394055,
        "nauc_precision_at_1000_std": 0.380578,
        "nauc_precision_at_1000_diff1": 0.006954,
        "nauc_mrr_at_1_max": 0.305421,
        "nauc_mrr_at_1_std": 0.03974,
        "nauc_mrr_at_1_diff1": 0.229358,
        "nauc_mrr_at_3_max": 0.346645,
        "nauc_mrr_at_3_std": 0.083134,
        "nauc_mrr_at_3_diff1": 0.192629,
        "nauc_mrr_at_5_max": 0.342475,
        "nauc_mrr_at_5_std": 0.084052,
        "nauc_mrr_at_5_diff1": 0.189753,
        "nauc_mrr_at_10_max": 0.349705,
        "nauc_mrr_at_10_std": 0.092378,
        "nauc_mrr_at_10_diff1": 0.193226,
        "nauc_mrr_at_20_max": 0.34777,
        "nauc_mrr_at_20_std": 0.090695,
        "nauc_mrr_at_20_diff1": 0.193213,
        "nauc_mrr_at_100_max": 0.346965,
        "nauc_mrr_at_100_std": 0.090325,
        "nauc_mrr_at_100_diff1": 0.193917,
        "nauc_mrr_at_1000_max": 0.346767,
        "nauc_mrr_at_1000_std": 0.090023,
        "nauc_mrr_at_1000_diff1": 0.193868,
        "main_score": 0.25874,
        "hf_subset": "default",
        "languages": [
          "eng-Latn"
        ]
      }
    ]
  },
  "evaluation_time": 204.48164653778076,
  "kg_co2_emissions": null
}