{
  "dataset_revision": "f22508f96b7a36c2415181ed8bb76f76e04ae2d5",
  "task_name": "AppsRetrieval",
  "mteb_version": "1.34.8",
  "scores": {
    "test": [
      {
        "ndcg_at_1": 0.05126,
        "ndcg_at_3": 0.07311,
        "ndcg_at_5": 0.08192,
        "ndcg_at_10": 0.091,
        "ndcg_at_20": 0.09981,
        "ndcg_at_100": 0.12106,
        "ndcg_at_1000": 0.16609,
        "map_at_1": 0.05126,
        "map_at_3": 0.06764,
        "map_at_5": 0.0725,
        "map_at_10": 0.07629,
        "map_at_20": 0.07867,
        "map_at_100": 0.08142,
        "map_at_1000": 0.08272,
        "recall_at_1": 0.05126,
        "recall_at_3": 0.08898,
        "recall_at_5": 0.11049,
        "recall_at_10": 0.13838,
        "recall_at_20": 0.17344,
        "recall_at_100": 0.29084,
        "recall_at_1000": 0.66826,
        "precision_at_1": 0.05126,
        "precision_at_3": 0.02966,
        "precision_at_5": 0.0221,
        "precision_at_10": 0.01384,
        "precision_at_20": 0.00867,
        "precision_at_100": 0.00291,
        "precision_at_1000": 0.00067,
        "mrr_at_1": 0.051262,
        "mrr_at_3": 0.067641,
        "mrr_at_5": 0.072501,
        "mrr_at_10": 0.076286,
        "mrr_at_20": 0.078671,
        "mrr_at_100": 0.081421,
        "mrr_at_1000": 0.082724,
        "nauc_ndcg_at_1_max": 0.191037,
        "nauc_ndcg_at_1_std": 0.068773,
        "nauc_ndcg_at_1_diff1": 0.456958,
        "nauc_ndcg_at_3_max": 0.168356,
        "nauc_ndcg_at_3_std": 0.083362,
        "nauc_ndcg_at_3_diff1": 0.320117,
        "nauc_ndcg_at_5_max": 0.150553,
        "nauc_ndcg_at_5_std": 0.104848,
        "nauc_ndcg_at_5_diff1": 0.288315,
        "nauc_ndcg_at_10_max": 0.137835,
        "nauc_ndcg_at_10_std": 0.113833,
        "nauc_ndcg_at_10_diff1": 0.268751,
        "nauc_ndcg_at_20_max": 0.131538,
        "nauc_ndcg_at_20_std": 0.122569,
        "nauc_ndcg_at_20_diff1": 0.253139,
        "nauc_ndcg_at_100_max": 0.122914,
        "nauc_ndcg_at_100_std": 0.131889,
        "nauc_ndcg_at_100_diff1": 0.216696,
        "nauc_ndcg_at_1000_max": 0.126666,
        "nauc_ndcg_at_1000_std": 0.146027,
        "nauc_ndcg_at_1000_diff1": 0.209115,
        "nauc_map_at_1_max": 0.191037,
        "nauc_map_at_1_std": 0.068773,
        "nauc_map_at_1_diff1": 0.456958,
        "nauc_map_at_3_max": 0.172234,
        "nauc_map_at_3_std": 0.079666,
        "nauc_map_at_3_diff1": 0.344911,
        "nauc_map_at_5_max": 0.161282,
        "nauc_map_at_5_std": 0.093206,
        "nauc_map_at_5_diff1": 0.323847,
        "nauc_map_at_10_max": 0.154251,
        "nauc_map_at_10_std": 0.097654,
        "nauc_map_at_10_diff1": 0.313082,
        "nauc_map_at_20_max": 0.151908,
        "nauc_map_at_20_std": 0.101018,
        "nauc_map_at_20_diff1": 0.306843,
        "nauc_map_at_100_max": 0.149899,
        "nauc_map_at_100_std": 0.103178,
        "nauc_map_at_100_diff1": 0.299426,
        "nauc_map_at_1000_max": 0.149881,
        "nauc_map_at_1000_std": 0.10396,
        "nauc_map_at_1000_diff1": 0.298863,
        "nauc_recall_at_1_max": 0.191037,
        "nauc_recall_at_1_std": 0.068773,
        "nauc_recall_at_1_diff1": 0.456958,
        "nauc_recall_at_3_max": 0.159934,
        "nauc_recall_at_3_std": 0.091792,
        "nauc_recall_at_3_diff1": 0.265792,
        "nauc_recall_at_5_max": 0.127807,
        "nauc_recall_at_5_std": 0.129803,
        "nauc_recall_at_5_diff1": 0.216312,
        "nauc_recall_at_10_max": 0.105729,
        "nauc_recall_at_10_std": 0.146107,
        "nauc_recall_at_10_diff1": 0.185664,
        "nauc_recall_at_20_max": 0.094916,
        "nauc_recall_at_20_std": 0.162193,
        "nauc_recall_at_20_diff1": 0.160656,
        "nauc_recall_at_100_max": 0.080271,
        "nauc_recall_at_100_std": 0.178073,
        "nauc_recall_at_100_diff1": 0.080628,
        "nauc_recall_at_1000_max": 0.093568,
        "nauc_recall_at_1000_std": 0.253103,
        "nauc_recall_at_1000_diff1": 0.019987,
        "nauc_precision_at_1_max": 0.191037,
        "nauc_precision_at_1_std": 0.068773,
        "nauc_precision_at_1_diff1": 0.456958,
        "nauc_precision_at_3_max": 0.159934,
        "nauc_precision_at_3_std": 0.091792,
        "nauc_precision_at_3_diff1": 0.265792,
        "nauc_precision_at_5_max": 0.127807,
        "nauc_precision_at_5_std": 0.129803,
        "nauc_precision_at_5_diff1": 0.216312,
        "nauc_precision_at_10_max": 0.105729,
        "nauc_precision_at_10_std": 0.146107,
        "nauc_precision_at_10_diff1": 0.185664,
        "nauc_precision_at_20_max": 0.094916,
        "nauc_precision_at_20_std": 0.162193,
        "nauc_precision_at_20_diff1": 0.160656,
        "nauc_precision_at_100_max": 0.080271,
        "nauc_precision_at_100_std": 0.178073,
        "nauc_precision_at_100_diff1": 0.080628,
        "nauc_precision_at_1000_max": 0.093568,
        "nauc_precision_at_1000_std": 0.253103,
        "nauc_precision_at_1000_diff1": 0.019987,
        "nauc_mrr_at_1_max": 0.191037,
        "nauc_mrr_at_1_std": 0.067021,
        "nauc_mrr_at_1_diff1": 0.456958,
        "nauc_mrr_at_3_max": 0.172234,
        "nauc_mrr_at_3_std": 0.079002,
        "nauc_mrr_at_3_diff1": 0.344911,
        "nauc_mrr_at_5_max": 0.161282,
        "nauc_mrr_at_5_std": 0.092581,
        "nauc_mrr_at_5_diff1": 0.323847,
        "nauc_mrr_at_10_max": 0.154251,
        "nauc_mrr_at_10_std": 0.09705,
        "nauc_mrr_at_10_diff1": 0.313082,
        "nauc_mrr_at_20_max": 0.151908,
        "nauc_mrr_at_20_std": 0.100426,
        "nauc_mrr_at_20_diff1": 0.306843,
        "nauc_mrr_at_100_max": 0.149899,
        "nauc_mrr_at_100_std": 0.102596,
        "nauc_mrr_at_100_diff1": 0.299426,
        "nauc_mrr_at_1000_max": 0.149881,
        "nauc_mrr_at_1000_std": 0.103378,
        "nauc_mrr_at_1000_diff1": 0.298862,
        "main_score": 0.091,
        "hf_subset": "default",
        "languages": [
          "eng-Latn",
          "python-Code"
        ]
      }
    ]
  },
  "evaluation_time": 98.67178964614868,
  "kg_co2_emissions": null
}