{
  "dataset_revision": "c22ab2a51041ffd869aaddef7af8d8215647e41a",
  "task_name": "ArguAna",
  "mteb_version": "1.34.8",
  "scores": {
    "test": [
      {
        "ndcg_at_1": 0.28876,
        "ndcg_at_3": 0.45501,
        "ndcg_at_5": 0.50625,
        "ndcg_at_10": 0.55552,
        "ndcg_at_20": 0.58,
        "ndcg_at_100": 0.5879,
        "ndcg_at_1000": 0.58865,
        "map_at_1": 0.28876,
        "map_at_3": 0.41264,
        "map_at_5": 0.44105,
        "map_at_10": 0.46142,
        "map_at_20": 0.46843,
        "map_at_100": 0.46965,
        "map_at_1000": 0.46969,
        "recall_at_1": 0.28876,
        "recall_at_3": 0.57824,
        "recall_at_5": 0.7027,
        "recall_at_10": 0.85491,
        "recall_at_20": 0.9495,
        "recall_at_100": 0.99004,
        "recall_at_1000": 0.99573,
        "precision_at_1": 0.28876,
        "precision_at_3": 0.19275,
        "precision_at_5": 0.14054,
        "precision_at_10": 0.08549,
        "precision_at_20": 0.04748,
        "precision_at_100": 0.0099,
        "precision_at_1000": 0.001,
        "mrr_at_1": 0.294452,
        "mrr_at_3": 0.414059,
        "mrr_at_5": 0.443042,
        "mrr_at_10": 0.463412,
        "mrr_at_20": 0.470347,
        "mrr_at_100": 0.47164,
        "mrr_at_1000": 0.471673,
        "nauc_ndcg_at_1_max": -0.140022,
        "nauc_ndcg_at_1_std": -0.173499,
        "nauc_ndcg_at_1_diff1": 0.111467,
        "nauc_ndcg_at_3_max": -0.137773,
        "nauc_ndcg_at_3_std": -0.18136,
        "nauc_ndcg_at_3_diff1": 0.056279,
        "nauc_ndcg_at_5_max": -0.141733,
        "nauc_ndcg_at_5_std": -0.184618,
        "nauc_ndcg_at_5_diff1": 0.050886,
        "nauc_ndcg_at_10_max": -0.121652,
        "nauc_ndcg_at_10_std": -0.176749,
        "nauc_ndcg_at_10_diff1": 0.062888,
        "nauc_ndcg_at_20_max": -0.127251,
        "nauc_ndcg_at_20_std": -0.177512,
        "nauc_ndcg_at_20_diff1": 0.066929,
        "nauc_ndcg_at_100_max": -0.131037,
        "nauc_ndcg_at_100_std": -0.173443,
        "nauc_ndcg_at_100_diff1": 0.068741,
        "nauc_ndcg_at_1000_max": -0.132679,
        "nauc_ndcg_at_1000_std": -0.17592,
        "nauc_ndcg_at_1000_diff1": 0.068843,
        "nauc_map_at_1_max": -0.140022,
        "nauc_map_at_1_std": -0.173499,
        "nauc_map_at_1_diff1": 0.111467,
        "nauc_map_at_3_max": -0.139519,
        "nauc_map_at_3_std": -0.179808,
        "nauc_map_at_3_diff1": 0.069227,
        "nauc_map_at_5_max": -0.141881,
        "nauc_map_at_5_std": -0.181284,
        "nauc_map_at_5_diff1": 0.066701,
        "nauc_map_at_10_max": -0.135165,
        "nauc_map_at_10_std": -0.178574,
        "nauc_map_at_10_diff1": 0.071165,
        "nauc_map_at_20_max": -0.136651,
        "nauc_map_at_20_std": -0.178866,
        "nauc_map_at_20_diff1": 0.072147,
        "nauc_map_at_100_max": -0.136956,
        "nauc_map_at_100_std": -0.178304,
        "nauc_map_at_100_diff1": 0.072543,
        "nauc_map_at_1000_max": -0.137035,
        "nauc_map_at_1000_std": -0.178387,
        "nauc_map_at_1000_diff1": 0.072529,
        "nauc_recall_at_1_max": -0.140022,
        "nauc_recall_at_1_std": -0.173499,
        "nauc_recall_at_1_diff1": 0.111467,
        "nauc_recall_at_3_max": -0.131998,
        "nauc_recall_at_3_std": -0.18588,
        "nauc_recall_at_3_diff1": 0.017487,
        "nauc_recall_at_5_max": -0.141006,
        "nauc_recall_at_5_std": -0.197344,
        "nauc_recall_at_5_diff1": -0.006528,
        "nauc_recall_at_10_max": -0.014345,
        "nauc_recall_at_10_std": -0.157621,
        "nauc_recall_at_10_diff1": 0.024472,
        "nauc_recall_at_20_max": 0.06402,
        "nauc_recall_at_20_std": -0.13555,
        "nauc_recall_at_20_diff1": 0.039459,
        "nauc_recall_at_100_max": 0.299171,
        "nauc_recall_at_100_std": 0.503302,
        "nauc_recall_at_100_diff1": 0.091827,
        "nauc_recall_at_1000_max": 0.279453,
        "nauc_recall_at_1000_std": 0.346686,
        "nauc_recall_at_1000_diff1": 0.247865,
        "nauc_precision_at_1_max": -0.140022,
        "nauc_precision_at_1_std": -0.173499,
        "nauc_precision_at_1_diff1": 0.111467,
        "nauc_precision_at_3_max": -0.131998,
        "nauc_precision_at_3_std": -0.18588,
        "nauc_precision_at_3_diff1": 0.017487,
        "nauc_precision_at_5_max": -0.141006,
        "nauc_precision_at_5_std": -0.197344,
        "nauc_precision_at_5_diff1": -0.006528,
        "nauc_precision_at_10_max": -0.014345,
        "nauc_precision_at_10_std": -0.157621,
        "nauc_precision_at_10_diff1": 0.024472,
        "nauc_precision_at_20_max": 0.06402,
        "nauc_precision_at_20_std": -0.13555,
        "nauc_precision_at_20_diff1": 0.039459,
        "nauc_precision_at_100_max": 0.299171,
        "nauc_precision_at_100_std": 0.503302,
        "nauc_precision_at_100_diff1": 0.091827,
        "nauc_precision_at_1000_max": 0.279453,
        "nauc_precision_at_1000_std": 0.346686,
        "nauc_precision_at_1000_diff1": 0.247865,
        "nauc_mrr_at_1_max": -0.139747,
        "nauc_mrr_at_1_std": -0.168488,
        "nauc_mrr_at_1_diff1": 0.093805,
        "nauc_mrr_at_3_max": -0.147642,
        "nauc_mrr_at_3_std": -0.178765,
        "nauc_mrr_at_3_diff1": 0.051918,
        "nauc_mrr_at_5_max": -0.148734,
        "nauc_mrr_at_5_std": -0.178847,
        "nauc_mrr_at_5_diff1": 0.0503,
        "nauc_mrr_at_10_max": -0.14211,
        "nauc_mrr_at_10_std": -0.17625,
        "nauc_mrr_at_10_diff1": 0.053987,
        "nauc_mrr_at_20_max": -0.143806,
        "nauc_mrr_at_20_std": -0.176809,
        "nauc_mrr_at_20_diff1": 0.0548,
        "nauc_mrr_at_100_max": -0.143786,
        "nauc_mrr_at_100_std": -0.176128,
        "nauc_mrr_at_100_diff1": 0.055453,
        "nauc_mrr_at_1000_max": -0.143865,
        "nauc_mrr_at_1000_std": -0.176211,
        "nauc_mrr_at_1000_diff1": 0.055438,
        "main_score": 0.55552,
        "hf_subset": "default",
        "languages": [
          "eng-Latn"
        ]
      }
    ]
  },
  "evaluation_time": 62.037917613983154,
  "kg_co2_emissions": null
}