{
  "dataset_revision": "4adc7bc41202b5c13543c9c886a25f340634dab3",
  "task_name": "COIRCodeSearchNetRetrieval",
  "mteb_version": "1.34.8",
  "scores": {
    "test": [
      {
        "ndcg_at_1": 0.86365,
        "ndcg_at_3": 0.90457,
        "ndcg_at_5": 0.91167,
        "ndcg_at_10": 0.91662,
        "ndcg_at_20": 0.91922,
        "ndcg_at_100": 0.92201,
        "ndcg_at_1000": 0.92279,
        "map_at_1": 0.86365,
        "map_at_3": 0.89501,
        "map_at_5": 0.89897,
        "map_at_10": 0.90104,
        "map_at_20": 0.90177,
        "map_at_100": 0.90217,
        "map_at_1000": 0.9022,
        "recall_at_1": 0.86365,
        "recall_at_3": 0.93203,
        "recall_at_5": 0.94919,
        "recall_at_10": 0.96434,
        "recall_at_20": 0.97453,
        "recall_at_100": 0.98934,
        "recall_at_1000": 0.99551,
        "precision_at_1": 0.86365,
        "precision_at_3": 0.31068,
        "precision_at_5": 0.18984,
        "precision_at_10": 0.09643,
        "precision_at_20": 0.04873,
        "precision_at_100": 0.00989,
        "precision_at_1000": 0.001,
        "mrr_at_1": 0.863454,
        "mrr_at_3": 0.894914,
        "mrr_at_5": 0.898866,
        "mrr_at_10": 0.900938,
        "mrr_at_20": 0.901666,
        "mrr_at_100": 0.902064,
        "mrr_at_1000": 0.902093,
        "nauc_ndcg_at_1_max": 0.756509,
        "nauc_ndcg_at_1_std": -0.038444,
        "nauc_ndcg_at_1_diff1": 0.897723,
        "nauc_ndcg_at_3_max": 0.790157,
        "nauc_ndcg_at_3_std": -0.013253,
        "nauc_ndcg_at_3_diff1": 0.885573,
        "nauc_ndcg_at_5_max": 0.791383,
        "nauc_ndcg_at_5_std": -0.004698,
        "nauc_ndcg_at_5_diff1": 0.888002,
        "nauc_ndcg_at_10_max": 0.790416,
        "nauc_ndcg_at_10_std": -0.00175,
        "nauc_ndcg_at_10_diff1": 0.888717,
        "nauc_ndcg_at_20_max": 0.789283,
        "nauc_ndcg_at_20_std": -0.000294,
        "nauc_ndcg_at_20_diff1": 0.888905,
        "nauc_ndcg_at_100_max": 0.786656,
        "nauc_ndcg_at_100_std": -0.001072,
        "nauc_ndcg_at_100_diff1": 0.8894,
        "nauc_ndcg_at_1000_max": 0.78541,
        "nauc_ndcg_at_1000_std": -0.002976,
        "nauc_ndcg_at_1000_diff1": 0.889171,
        "nauc_map_at_1_max": 0.756509,
        "nauc_map_at_1_std": -0.038444,
        "nauc_map_at_1_diff1": 0.897723,
        "nauc_map_at_3_max": 0.780541,
        "nauc_map_at_3_std": -0.021235,
        "nauc_map_at_3_diff1": 0.888425,
        "nauc_map_at_5_max": 0.780825,
        "nauc_map_at_5_std": -0.017063,
        "nauc_map_at_5_diff1": 0.889715,
        "nauc_map_at_10_max": 0.780312,
        "nauc_map_at_10_std": -0.016136,
        "nauc_map_at_10_diff1": 0.889955,
        "nauc_map_at_20_max": 0.779968,
        "nauc_map_at_20_std": -0.015927,
        "nauc_map_at_20_diff1": 0.890007,
        "nauc_map_at_100_max": 0.779635,
        "nauc_map_at_100_std": -0.016017,
        "nauc_map_at_100_diff1": 0.890068,
        "nauc_map_at_1000_max": 0.779594,
        "nauc_map_at_1000_std": -0.01608,
        "nauc_map_at_1000_diff1": 0.89006,
        "nauc_recall_at_1_max": 0.756509,
        "nauc_recall_at_1_std": -0.038444,
        "nauc_recall_at_1_diff1": 0.897723,
        "nauc_recall_at_3_max": 0.83155,
        "nauc_recall_at_3_std": 0.021638,
        "nauc_recall_at_3_diff1": 0.87371,
        "nauc_recall_at_5_max": 0.850029,
        "nauc_recall_at_5_std": 0.066199,
        "nauc_recall_at_5_diff1": 0.879815,
        "nauc_recall_at_10_max": 0.867391,
        "nauc_recall_at_10_std": 0.114893,
        "nauc_recall_at_10_diff1": 0.882054,
        "nauc_recall_at_20_max": 0.884614,
        "nauc_recall_at_20_std": 0.179744,
        "nauc_recall_at_20_diff1": 0.881694,
        "nauc_recall_at_100_max": 0.916324,
        "nauc_recall_at_100_std": 0.392558,
        "nauc_recall_at_100_diff1": 0.890731,
        "nauc_recall_at_1000_max": 0.932313,
        "nauc_recall_at_1000_std": 0.682492,
        "nauc_recall_at_1000_diff1": 0.864374,
        "nauc_precision_at_1_max": 0.756509,
        "nauc_precision_at_1_std": -0.038444,
        "nauc_precision_at_1_diff1": 0.897723,
        "nauc_precision_at_3_max": 0.83155,
        "nauc_precision_at_3_std": 0.021638,
        "nauc_precision_at_3_diff1": 0.87371,
        "nauc_precision_at_5_max": 0.850029,
        "nauc_precision_at_5_std": 0.066199,
        "nauc_precision_at_5_diff1": 0.879815,
        "nauc_precision_at_10_max": 0.867391,
        "nauc_precision_at_10_std": 0.114893,
        "nauc_precision_at_10_diff1": 0.882054,
        "nauc_precision_at_20_max": 0.884614,
        "nauc_precision_at_20_std": 0.179744,
        "nauc_precision_at_20_diff1": 0.881694,
        "nauc_precision_at_100_max": 0.916324,
        "nauc_precision_at_100_std": 0.392558,
        "nauc_precision_at_100_diff1": 0.890731,
        "nauc_precision_at_1000_max": 0.932313,
        "nauc_precision_at_1000_std": 0.682492,
        "nauc_precision_at_1000_diff1": 0.864374,
        "nauc_mrr_at_1_max": 0.755544,
        "nauc_mrr_at_1_std": -0.038549,
        "nauc_mrr_at_1_diff1": 0.898058,
        "nauc_mrr_at_3_max": 0.779902,
        "nauc_mrr_at_3_std": -0.021317,
        "nauc_mrr_at_3_diff1": 0.888648,
        "nauc_mrr_at_5_max": 0.780145,
        "nauc_mrr_at_5_std": -0.017211,
        "nauc_mrr_at_5_diff1": 0.889949,
        "nauc_mrr_at_10_max": 0.779619,
        "nauc_mrr_at_10_std": -0.016288,
        "nauc_mrr_at_10_diff1": 0.890194,
        "nauc_mrr_at_20_max": 0.779269,
        "nauc_mrr_at_20_std": -0.01608,
        "nauc_mrr_at_20_diff1": 0.890248,
        "nauc_mrr_at_100_max": 0.778933,
        "nauc_mrr_at_100_std": -0.01617,
        "nauc_mrr_at_100_diff1": 0.89031,
        "nauc_mrr_at_1000_max": 0.778892,
        "nauc_mrr_at_1000_std": -0.016233,
        "nauc_mrr_at_1000_diff1": 0.890302,
        "main_score": 0.91662,
        "hf_subset": "python",
        "languages": [
          "python-Code"
        ]
      }
    ]
  },
  "evaluation_time": 834.4741895198822,
  "kg_co2_emissions": null
}