{
  "dataset_revision": "27a168819829fe9bcd655c2df245fb19452e8e06",
  "task_name": "FiQA2018",
  "mteb_version": "1.34.8",
  "scores": {
    "test": [
      {
        "ndcg_at_1": 0.44444,
        "ndcg_at_3": 0.40941,
        "ndcg_at_5": 0.42435,
        "ndcg_at_10": 0.45209,
        "ndcg_at_20": 0.47898,
        "ndcg_at_100": 0.52343,
        "ndcg_at_1000": 0.55014,
        "map_at_1": 0.21909,
        "map_at_3": 0.3183,
        "map_at_5": 0.34893,
        "map_at_10": 0.37143,
        "map_at_20": 0.38265,
        "map_at_100": 0.39207,
        "map_at_1000": 0.3938,
        "recall_at_1": 0.21909,
        "recall_at_3": 0.36507,
        "recall_at_5": 0.43621,
        "recall_at_10": 0.52648,
        "recall_at_20": 0.60869,
        "recall_at_100": 0.78924,
        "recall_at_1000": 0.95042,
        "precision_at_1": 0.44444,
        "precision_at_3": 0.28035,
        "precision_at_5": 0.20957,
        "precision_at_10": 0.12917,
        "precision_at_20": 0.07662,
        "precision_at_100": 0.02046,
        "precision_at_1000": 0.00249,
        "mrr_at_1": 0.444444,
        "mrr_at_3": 0.503601,
        "mrr_at_5": 0.517413,
        "mrr_at_10": 0.527972,
        "mrr_at_20": 0.532578,
        "mrr_at_100": 0.535892,
        "mrr_at_1000": 0.53627,
        "nauc_ndcg_at_1_max": 0.43657,
        "nauc_ndcg_at_1_std": 0.00957,
        "nauc_ndcg_at_1_diff1": 0.597502,
        "nauc_ndcg_at_3_max": 0.356528,
        "nauc_ndcg_at_3_std": 0.02324,
        "nauc_ndcg_at_3_diff1": 0.487705,
        "nauc_ndcg_at_5_max": 0.347068,
        "nauc_ndcg_at_5_std": 0.017643,
        "nauc_ndcg_at_5_diff1": 0.487288,
        "nauc_ndcg_at_10_max": 0.353152,
        "nauc_ndcg_at_10_std": 0.018037,
        "nauc_ndcg_at_10_diff1": 0.492363,
        "nauc_ndcg_at_20_max": 0.364397,
        "nauc_ndcg_at_20_std": 0.027908,
        "nauc_ndcg_at_20_diff1": 0.495185,
        "nauc_ndcg_at_100_max": 0.38243,
        "nauc_ndcg_at_100_std": 0.055013,
        "nauc_ndcg_at_100_diff1": 0.500172,
        "nauc_ndcg_at_1000_max": 0.389169,
        "nauc_ndcg_at_1000_std": 0.057322,
        "nauc_ndcg_at_1000_diff1": 0.504017,
        "nauc_map_at_1_max": 0.213623,
        "nauc_map_at_1_std": -0.058417,
        "nauc_map_at_1_diff1": 0.528219,
        "nauc_map_at_3_max": 0.260997,
        "nauc_map_at_3_std": -0.030053,
        "nauc_map_at_3_diff1": 0.480979,
        "nauc_map_at_5_max": 0.291204,
        "nauc_map_at_5_std": -0.008388,
        "nauc_map_at_5_diff1": 0.476623,
        "nauc_map_at_10_max": 0.317472,
        "nauc_map_at_10_std": -0.000775,
        "nauc_map_at_10_diff1": 0.479001,
        "nauc_map_at_20_max": 0.327186,
        "nauc_map_at_20_std": 0.00314,
        "nauc_map_at_20_diff1": 0.481887,
        "nauc_map_at_100_max": 0.333114,
        "nauc_map_at_100_std": 0.009813,
        "nauc_map_at_100_diff1": 0.484003,
        "nauc_map_at_1000_max": 0.334248,
        "nauc_map_at_1000_std": 0.010313,
        "nauc_map_at_1000_diff1": 0.484475,
        "nauc_recall_at_1_max": 0.213623,
        "nauc_recall_at_1_std": -0.058417,
        "nauc_recall_at_1_diff1": 0.528219,
        "nauc_recall_at_3_max": 0.214997,
        "nauc_recall_at_3_std": -0.030578,
        "nauc_recall_at_3_diff1": 0.4144,
        "nauc_recall_at_5_max": 0.235534,
        "nauc_recall_at_5_std": -0.005562,
        "nauc_recall_at_5_diff1": 0.400462,
        "nauc_recall_at_10_max": 0.263097,
        "nauc_recall_at_10_std": 0.008721,
        "nauc_recall_at_10_diff1": 0.389894,
        "nauc_recall_at_20_max": 0.28723,
        "nauc_recall_at_20_std": 0.03628,
        "nauc_recall_at_20_diff1": 0.387081,
        "nauc_recall_at_100_max": 0.319098,
        "nauc_recall_at_100_std": 0.174276,
        "nauc_recall_at_100_diff1": 0.356262,
        "nauc_recall_at_1000_max": 0.376211,
        "nauc_recall_at_1000_std": 0.50713,
        "nauc_recall_at_1000_diff1": 0.298628,
        "nauc_precision_at_1_max": 0.43657,
        "nauc_precision_at_1_std": 0.00957,
        "nauc_precision_at_1_diff1": 0.597502,
        "nauc_precision_at_3_max": 0.389674,
        "nauc_precision_at_3_std": 0.079667,
        "nauc_precision_at_3_diff1": 0.322332,
        "nauc_precision_at_5_max": 0.405493,
        "nauc_precision_at_5_std": 0.119225,
        "nauc_precision_at_5_diff1": 0.269188,
        "nauc_precision_at_10_max": 0.439352,
        "nauc_precision_at_10_std": 0.145089,
        "nauc_precision_at_10_diff1": 0.232068,
        "nauc_precision_at_20_max": 0.433275,
        "nauc_precision_at_20_std": 0.161853,
        "nauc_precision_at_20_diff1": 0.198975,
        "nauc_precision_at_100_max": 0.387532,
        "nauc_precision_at_100_std": 0.228012,
        "nauc_precision_at_100_diff1": 0.110398,
        "nauc_precision_at_1000_max": 0.332223,
        "nauc_precision_at_1000_std": 0.212119,
        "nauc_precision_at_1000_diff1": 0.040527,
        "nauc_mrr_at_1_max": 0.43657,
        "nauc_mrr_at_1_std": 0.00957,
        "nauc_mrr_at_1_diff1": 0.597502,
        "nauc_mrr_at_3_max": 0.436493,
        "nauc_mrr_at_3_std": 0.033432,
        "nauc_mrr_at_3_diff1": 0.565946,
        "nauc_mrr_at_5_max": 0.433437,
        "nauc_mrr_at_5_std": 0.035332,
        "nauc_mrr_at_5_diff1": 0.563666,
        "nauc_mrr_at_10_max": 0.43416,
        "nauc_mrr_at_10_std": 0.03665,
        "nauc_mrr_at_10_diff1": 0.562419,
        "nauc_mrr_at_20_max": 0.435727,
        "nauc_mrr_at_20_std": 0.039121,
        "nauc_mrr_at_20_diff1": 0.56359,
        "nauc_mrr_at_100_max": 0.436339,
        "nauc_mrr_at_100_std": 0.039313,
        "nauc_mrr_at_100_diff1": 0.563905,
        "nauc_mrr_at_1000_max": 0.436395,
        "nauc_mrr_at_1000_std": 0.039165,
        "nauc_mrr_at_1000_diff1": 0.564144,
        "main_score": 0.45209,
        "hf_subset": "default",
        "languages": [
          "eng-Latn"
        ]
      }
    ]
  },
  "evaluation_time": 299.4288022518158,
  "kg_co2_emissions": null
}