{
  "dataset_revision": "ae763399273d8b20506b80cf6f6f9a31a6a2b238",
  "task_name": "MedicalQARetrieval",
  "mteb_version": "1.34.8",
  "scores": {
    "test": [
      {
        "ndcg_at_1": 0.50732,
        "ndcg_at_3": 0.62043,
        "ndcg_at_5": 0.64949,
        "ndcg_at_10": 0.67376,
        "ndcg_at_20": 0.68638,
        "ndcg_at_100": 0.69845,
        "ndcg_at_1000": 0.70321,
        "map_at_1": 0.50732,
        "map_at_3": 0.59342,
        "map_at_5": 0.60949,
        "map_at_10": 0.61966,
        "map_at_20": 0.62315,
        "map_at_100": 0.62482,
        "map_at_1000": 0.62498,
        "recall_at_1": 0.50732,
        "recall_at_3": 0.69824,
        "recall_at_5": 0.76904,
        "recall_at_10": 0.84326,
        "recall_at_20": 0.89307,
        "recall_at_100": 0.95801,
        "recall_at_1000": 0.99609,
        "precision_at_1": 0.50732,
        "precision_at_3": 0.23275,
        "precision_at_5": 0.15381,
        "precision_at_10": 0.08433,
        "precision_at_20": 0.04465,
        "precision_at_100": 0.00958,
        "precision_at_1000": 0.001,
        "mrr_at_1": 0.506836,
        "mrr_at_3": 0.59318,
        "mrr_at_5": 0.609269,
        "mrr_at_10": 0.619444,
        "mrr_at_20": 0.622931,
        "mrr_at_100": 0.624598,
        "mrr_at_1000": 0.624764,
        "nauc_ndcg_at_1_max": 0.323624,
        "nauc_ndcg_at_1_std": -0.08784,
        "nauc_ndcg_at_1_diff1": 0.552795,
        "nauc_ndcg_at_3_max": 0.335619,
        "nauc_ndcg_at_3_std": -0.087095,
        "nauc_ndcg_at_3_diff1": 0.469461,
        "nauc_ndcg_at_5_max": 0.338427,
        "nauc_ndcg_at_5_std": -0.08329,
        "nauc_ndcg_at_5_diff1": 0.470284,
        "nauc_ndcg_at_10_max": 0.339309,
        "nauc_ndcg_at_10_std": -0.076132,
        "nauc_ndcg_at_10_diff1": 0.46214,
        "nauc_ndcg_at_20_max": 0.339003,
        "nauc_ndcg_at_20_std": -0.068961,
        "nauc_ndcg_at_20_diff1": 0.463339,
        "nauc_ndcg_at_100_max": 0.340425,
        "nauc_ndcg_at_100_std": -0.065926,
        "nauc_ndcg_at_100_diff1": 0.475555,
        "nauc_ndcg_at_1000_max": 0.336766,
        "nauc_ndcg_at_1000_std": -0.073366,
        "nauc_ndcg_at_1000_diff1": 0.479331,
        "nauc_map_at_1_max": 0.323624,
        "nauc_map_at_1_std": -0.08784,
        "nauc_map_at_1_diff1": 0.552795,
        "nauc_map_at_3_max": 0.331987,
        "nauc_map_at_3_std": -0.086442,
        "nauc_map_at_3_diff1": 0.491026,
        "nauc_map_at_5_max": 0.333639,
        "nauc_map_at_5_std": -0.08478,
        "nauc_map_at_5_diff1": 0.492268,
        "nauc_map_at_10_max": 0.333999,
        "nauc_map_at_10_std": -0.082044,
        "nauc_map_at_10_diff1": 0.489852,
        "nauc_map_at_20_max": 0.33418,
        "nauc_map_at_20_std": -0.080352,
        "nauc_map_at_20_diff1": 0.490392,
        "nauc_map_at_100_max": 0.334376,
        "nauc_map_at_100_std": -0.080085,
        "nauc_map_at_100_diff1": 0.491852,
        "nauc_map_at_1000_max": 0.334284,
        "nauc_map_at_1000_std": -0.080308,
        "nauc_map_at_1000_diff1": 0.491973,
        "nauc_recall_at_1_max": 0.323624,
        "nauc_recall_at_1_std": -0.08784,
        "nauc_recall_at_1_diff1": 0.552795,
        "nauc_recall_at_3_max": 0.348259,
        "nauc_recall_at_3_std": -0.089756,
        "nauc_recall_at_3_diff1": 0.39602,
        "nauc_recall_at_5_max": 0.358245,
        "nauc_recall_at_5_std": -0.076351,
        "nauc_recall_at_5_diff1": 0.380924,
        "nauc_recall_at_10_max": 0.369159,
        "nauc_recall_at_10_std": -0.0373,
        "nauc_recall_at_10_diff1": 0.302378,
        "nauc_recall_at_20_max": 0.372296,
        "nauc_recall_at_20_std": 0.042824,
        "nauc_recall_at_20_diff1": 0.248823,
        "nauc_recall_at_100_max": 0.46206,
        "nauc_recall_at_100_std": 0.30697,
        "nauc_recall_at_100_diff1": 0.295316,
        "nauc_recall_at_1000_max": -0.130242,
        "nauc_recall_at_1000_std": 0.463794,
        "nauc_recall_at_1000_diff1": 0.289422,
        "nauc_precision_at_1_max": 0.323624,
        "nauc_precision_at_1_std": -0.08784,
        "nauc_precision_at_1_diff1": 0.552795,
        "nauc_precision_at_3_max": 0.348259,
        "nauc_precision_at_3_std": -0.089756,
        "nauc_precision_at_3_diff1": 0.39602,
        "nauc_precision_at_5_max": 0.358245,
        "nauc_precision_at_5_std": -0.076351,
        "nauc_precision_at_5_diff1": 0.380924,
        "nauc_precision_at_10_max": 0.369159,
        "nauc_precision_at_10_std": -0.0373,
        "nauc_precision_at_10_diff1": 0.302378,
        "nauc_precision_at_20_max": 0.372296,
        "nauc_precision_at_20_std": 0.042824,
        "nauc_precision_at_20_diff1": 0.248823,
        "nauc_precision_at_100_max": 0.46206,
        "nauc_precision_at_100_std": 0.30697,
        "nauc_precision_at_100_diff1": 0.295316,
        "nauc_precision_at_1000_max": -0.130242,
        "nauc_precision_at_1000_std": 0.463794,
        "nauc_precision_at_1000_diff1": 0.289422,
        "nauc_mrr_at_1_max": 0.324452,
        "nauc_mrr_at_1_std": -0.086782,
        "nauc_mrr_at_1_diff1": 0.553921,
        "nauc_mrr_at_3_max": 0.330794,
        "nauc_mrr_at_3_std": -0.08559,
        "nauc_mrr_at_3_diff1": 0.491677,
        "nauc_mrr_at_5_max": 0.333209,
        "nauc_mrr_at_5_std": -0.083966,
        "nauc_mrr_at_5_diff1": 0.49289,
        "nauc_mrr_at_10_max": 0.333556,
        "nauc_mrr_at_10_std": -0.081208,
        "nauc_mrr_at_10_diff1": 0.490493,
        "nauc_mrr_at_20_max": 0.333732,
        "nauc_mrr_at_20_std": -0.079508,
        "nauc_mrr_at_20_diff1": 0.491039,
        "nauc_mrr_at_100_max": 0.333926,
        "nauc_mrr_at_100_std": -0.079235,
        "nauc_mrr_at_100_diff1": 0.492503,
        "nauc_mrr_at_1000_max": 0.333834,
        "nauc_mrr_at_1000_std": -0.079458,
        "nauc_mrr_at_1000_diff1": 0.492624,
        "main_score": 0.67376,
        "hf_subset": "default",
        "languages": [
          "eng-Latn"
        ]
      }
    ]
  },
  "evaluation_time": 15.594245433807373,
  "kg_co2_emissions": null
}