{
  "dataset_revision": "ec0fa4fe99da2ff19ca1214b7966684033a58814",
  "task_name": "NFCorpus",
  "mteb_version": "1.34.8",
  "scores": {
    "test": [
      {
        "ndcg_at_1": 0.44892,
        "ndcg_at_3": 0.39804,
        "ndcg_at_5": 0.37508,
        "ndcg_at_10": 0.33896,
        "ndcg_at_20": 0.3201,
        "ndcg_at_100": 0.31761,
        "ndcg_at_1000": 0.40638,
        "map_at_1": 0.06267,
        "map_at_3": 0.09649,
        "map_at_5": 0.11089,
        "map_at_10": 0.12635,
        "map_at_20": 0.14009,
        "map_at_100": 0.15971,
        "map_at_1000": 0.17474,
        "recall_at_1": 0.06267,
        "recall_at_3": 0.10665,
        "recall_at_5": 0.13119,
        "recall_at_10": 0.16283,
        "recall_at_20": 0.20435,
        "recall_at_100": 0.32328,
        "recall_at_1000": 0.64299,
        "precision_at_1": 0.4613,
        "precision_at_3": 0.36842,
        "precision_at_5": 0.31889,
        "precision_at_10": 0.24365,
        "precision_at_20": 0.18437,
        "precision_at_100": 0.08009,
        "precision_at_1000": 0.02102,
        "mrr_at_1": 0.458204,
        "mrr_at_3": 0.5258,
        "mrr_at_5": 0.536791,
        "mrr_at_10": 0.545237,
        "mrr_at_20": 0.548572,
        "mrr_at_100": 0.550681,
        "mrr_at_1000": 0.551027,
        "nauc_ndcg_at_1_max": 0.28075,
        "nauc_ndcg_at_1_std": 0.108047,
        "nauc_ndcg_at_1_diff1": 0.356795,
        "nauc_ndcg_at_3_max": 0.335477,
        "nauc_ndcg_at_3_std": 0.147968,
        "nauc_ndcg_at_3_diff1": 0.281667,
        "nauc_ndcg_at_5_max": 0.327954,
        "nauc_ndcg_at_5_std": 0.153241,
        "nauc_ndcg_at_5_diff1": 0.274548,
        "nauc_ndcg_at_10_max": 0.312262,
        "nauc_ndcg_at_10_std": 0.152574,
        "nauc_ndcg_at_10_diff1": 0.258257,
        "nauc_ndcg_at_20_max": 0.309768,
        "nauc_ndcg_at_20_std": 0.166013,
        "nauc_ndcg_at_20_diff1": 0.249591,
        "nauc_ndcg_at_100_max": 0.341599,
        "nauc_ndcg_at_100_std": 0.197884,
        "nauc_ndcg_at_100_diff1": 0.270152,
        "nauc_ndcg_at_1000_max": 0.41049,
        "nauc_ndcg_at_1000_std": 0.279695,
        "nauc_ndcg_at_1000_diff1": 0.262116,
        "nauc_map_at_1_max": 0.093387,
        "nauc_map_at_1_std": -0.136752,
        "nauc_map_at_1_diff1": 0.406921,
        "nauc_map_at_3_max": 0.140992,
        "nauc_map_at_3_std": -0.081116,
        "nauc_map_at_3_diff1": 0.376916,
        "nauc_map_at_5_max": 0.167631,
        "nauc_map_at_5_std": -0.060448,
        "nauc_map_at_5_diff1": 0.367678,
        "nauc_map_at_10_max": 0.204917,
        "nauc_map_at_10_std": -0.025251,
        "nauc_map_at_10_diff1": 0.339835,
        "nauc_map_at_20_max": 0.226509,
        "nauc_map_at_20_std": 0.004716,
        "nauc_map_at_20_diff1": 0.320311,
        "nauc_map_at_100_max": 0.253779,
        "nauc_map_at_100_std": 0.061482,
        "nauc_map_at_100_diff1": 0.305663,
        "nauc_map_at_1000_max": 0.262197,
        "nauc_map_at_1000_std": 0.092366,
        "nauc_map_at_1000_diff1": 0.295845,
        "nauc_recall_at_1_max": 0.093387,
        "nauc_recall_at_1_std": -0.136752,
        "nauc_recall_at_1_diff1": 0.406921,
        "nauc_recall_at_3_max": 0.149879,
        "nauc_recall_at_3_std": -0.061767,
        "nauc_recall_at_3_diff1": 0.341668,
        "nauc_recall_at_5_max": 0.172213,
        "nauc_recall_at_5_std": -0.047847,
        "nauc_recall_at_5_diff1": 0.33193,
        "nauc_recall_at_10_max": 0.198186,
        "nauc_recall_at_10_std": -0.012121,
        "nauc_recall_at_10_diff1": 0.291386,
        "nauc_recall_at_20_max": 0.227697,
        "nauc_recall_at_20_std": 0.026429,
        "nauc_recall_at_20_diff1": 0.237809,
        "nauc_recall_at_100_max": 0.239159,
        "nauc_recall_at_100_std": 0.150019,
        "nauc_recall_at_100_diff1": 0.188122,
        "nauc_recall_at_1000_max": 0.236273,
        "nauc_recall_at_1000_std": 0.255926,
        "nauc_recall_at_1000_diff1": 0.036102,
        "nauc_precision_at_1_max": 0.297314,
        "nauc_precision_at_1_std": 0.097601,
        "nauc_precision_at_1_diff1": 0.365024,
        "nauc_precision_at_3_max": 0.372979,
        "nauc_precision_at_3_std": 0.192475,
        "nauc_precision_at_3_diff1": 0.198254,
        "nauc_precision_at_5_max": 0.353156,
        "nauc_precision_at_5_std": 0.219668,
        "nauc_precision_at_5_diff1": 0.158952,
        "nauc_precision_at_10_max": 0.311546,
        "nauc_precision_at_10_std": 0.257915,
        "nauc_precision_at_10_diff1": 0.072333,
        "nauc_precision_at_20_max": 0.262409,
        "nauc_precision_at_20_std": 0.298815,
        "nauc_precision_at_20_diff1": 0.02096,
        "nauc_precision_at_100_max": 0.155692,
        "nauc_precision_at_100_std": 0.310289,
        "nauc_precision_at_100_diff1": -0.033117,
        "nauc_precision_at_1000_max": 0.013499,
        "nauc_precision_at_1000_std": 0.198478,
        "nauc_precision_at_1000_diff1": -0.059186,
        "nauc_mrr_at_1_max": 0.292089,
        "nauc_mrr_at_1_std": 0.082335,
        "nauc_mrr_at_1_diff1": 0.373337,
        "nauc_mrr_at_3_max": 0.35438,
        "nauc_mrr_at_3_std": 0.147999,
        "nauc_mrr_at_3_diff1": 0.345439,
        "nauc_mrr_at_5_max": 0.36225,
        "nauc_mrr_at_5_std": 0.150854,
        "nauc_mrr_at_5_diff1": 0.345716,
        "nauc_mrr_at_10_max": 0.360064,
        "nauc_mrr_at_10_std": 0.1537,
        "nauc_mrr_at_10_diff1": 0.344497,
        "nauc_mrr_at_20_max": 0.363391,
        "nauc_mrr_at_20_std": 0.157144,
        "nauc_mrr_at_20_diff1": 0.344617,
        "nauc_mrr_at_100_max": 0.363108,
        "nauc_mrr_at_100_std": 0.157813,
        "nauc_mrr_at_100_diff1": 0.344561,
        "nauc_mrr_at_1000_max": 0.362904,
        "nauc_mrr_at_1000_std": 0.15748,
        "nauc_mrr_at_1000_diff1": 0.344506,
        "main_score": 0.33896,
        "hf_subset": "default",
        "languages": [
          "eng-Latn"
        ]
      }
    ]
  },
  "evaluation_time": 37.6144003868103,
  "kg_co2_emissions": null
}