{
  "dataset_revision": "f8c2fcf00f625baaa80f62ec5bd9e1fff3b8ae88",
  "task_name": "SCIDOCS",
  "mteb_version": "1.34.8",
  "scores": {
    "test": [
      {
        "ndcg_at_1": 0.209,
        "ndcg_at_3": 0.17191,
        "ndcg_at_5": 0.15326,
        "ndcg_at_10": 0.18526,
        "ndcg_at_20": 0.21652,
        "ndcg_at_100": 0.26923,
        "ndcg_at_1000": 0.32815,
        "map_at_1": 0.04243,
        "map_at_3": 0.0759,
        "map_at_5": 0.09266,
        "map_at_10": 0.1087,
        "map_at_20": 0.12036,
        "map_at_100": 0.13063,
        "map_at_1000": 0.13405,
        "recall_at_1": 0.04243,
        "recall_at_3": 0.09748,
        "recall_at_5": 0.13807,
        "recall_at_10": 0.19657,
        "recall_at_20": 0.27008,
        "recall_at_100": 0.44227,
        "recall_at_1000": 0.7282,
        "precision_at_1": 0.209,
        "precision_at_3": 0.16067,
        "precision_at_5": 0.1364,
        "precision_at_10": 0.0971,
        "precision_at_20": 0.0667,
        "precision_at_100": 0.02182,
        "precision_at_1000": 0.00359,
        "mrr_at_1": 0.209,
        "mrr_at_3": 0.283167,
        "mrr_at_5": 0.300617,
        "mrr_at_10": 0.314832,
        "mrr_at_20": 0.321573,
        "mrr_at_100": 0.326464,
        "mrr_at_1000": 0.327088,
        "nauc_ndcg_at_1_max": 0.210407,
        "nauc_ndcg_at_1_std": 0.027595,
        "nauc_ndcg_at_1_diff1": 0.254503,
        "nauc_ndcg_at_3_max": 0.252818,
        "nauc_ndcg_at_3_std": 0.087156,
        "nauc_ndcg_at_3_diff1": 0.196355,
        "nauc_ndcg_at_5_max": 0.256404,
        "nauc_ndcg_at_5_std": 0.105914,
        "nauc_ndcg_at_5_diff1": 0.177383,
        "nauc_ndcg_at_10_max": 0.276057,
        "nauc_ndcg_at_10_std": 0.14914,
        "nauc_ndcg_at_10_diff1": 0.149167,
        "nauc_ndcg_at_20_max": 0.281575,
        "nauc_ndcg_at_20_std": 0.169232,
        "nauc_ndcg_at_20_diff1": 0.141375,
        "nauc_ndcg_at_100_max": 0.301188,
        "nauc_ndcg_at_100_std": 0.224304,
        "nauc_ndcg_at_100_diff1": 0.13846,
        "nauc_ndcg_at_1000_max": 0.302545,
        "nauc_ndcg_at_1000_std": 0.231461,
        "nauc_ndcg_at_1000_diff1": 0.139667,
        "nauc_map_at_1_max": 0.211461,
        "nauc_map_at_1_std": 0.02499,
        "nauc_map_at_1_diff1": 0.256595,
        "nauc_map_at_3_max": 0.253727,
        "nauc_map_at_3_std": 0.071331,
        "nauc_map_at_3_diff1": 0.204148,
        "nauc_map_at_5_max": 0.25478,
        "nauc_map_at_5_std": 0.087594,
        "nauc_map_at_5_diff1": 0.18047,
        "nauc_map_at_10_max": 0.268559,
        "nauc_map_at_10_std": 0.118156,
        "nauc_map_at_10_diff1": 0.153857,
        "nauc_map_at_20_max": 0.270496,
        "nauc_map_at_20_std": 0.13474,
        "nauc_map_at_20_diff1": 0.144343,
        "nauc_map_at_100_max": 0.279397,
        "nauc_map_at_100_std": 0.157181,
        "nauc_map_at_100_diff1": 0.141115,
        "nauc_map_at_1000_max": 0.280278,
        "nauc_map_at_1000_std": 0.159274,
        "nauc_map_at_1000_diff1": 0.141837,
        "nauc_recall_at_1_max": 0.211461,
        "nauc_recall_at_1_std": 0.02499,
        "nauc_recall_at_1_diff1": 0.256595,
        "nauc_recall_at_3_max": 0.263542,
        "nauc_recall_at_3_std": 0.10792,
        "nauc_recall_at_3_diff1": 0.168611,
        "nauc_recall_at_5_max": 0.255059,
        "nauc_recall_at_5_std": 0.132944,
        "nauc_recall_at_5_diff1": 0.132584,
        "nauc_recall_at_10_max": 0.275003,
        "nauc_recall_at_10_std": 0.19956,
        "nauc_recall_at_10_diff1": 0.081111,
        "nauc_recall_at_20_max": 0.269959,
        "nauc_recall_at_20_std": 0.223094,
        "nauc_recall_at_20_diff1": 0.067879,
        "nauc_recall_at_100_max": 0.284928,
        "nauc_recall_at_100_std": 0.331862,
        "nauc_recall_at_100_diff1": 0.053784,
        "nauc_recall_at_1000_max": 0.256569,
        "nauc_recall_at_1000_std": 0.372485,
        "nauc_recall_at_1000_diff1": 0.019148,
        "nauc_precision_at_1_max": 0.210407,
        "nauc_precision_at_1_std": 0.027595,
        "nauc_precision_at_1_diff1": 0.254503,
        "nauc_precision_at_3_max": 0.264673,
        "nauc_precision_at_3_std": 0.111353,
        "nauc_precision_at_3_diff1": 0.167703,
        "nauc_precision_at_5_max": 0.254237,
        "nauc_precision_at_5_std": 0.134073,
        "nauc_precision_at_5_diff1": 0.130681,
        "nauc_precision_at_10_max": 0.275875,
        "nauc_precision_at_10_std": 0.200853,
        "nauc_precision_at_10_diff1": 0.079994,
        "nauc_precision_at_20_max": 0.270334,
        "nauc_precision_at_20_std": 0.224062,
        "nauc_precision_at_20_diff1": 0.066817,
        "nauc_precision_at_100_max": 0.282941,
        "nauc_precision_at_100_std": 0.327689,
        "nauc_precision_at_100_diff1": 0.049568,
        "nauc_precision_at_1000_max": 0.254496,
        "nauc_precision_at_1000_std": 0.357987,
        "nauc_precision_at_1000_diff1": 0.014216,
        "nauc_mrr_at_1_max": 0.210407,
        "nauc_mrr_at_1_std": 0.027595,
        "nauc_mrr_at_1_diff1": 0.254503,
        "nauc_mrr_at_3_max": 0.234281,
        "nauc_mrr_at_3_std": 0.079526,
        "nauc_mrr_at_3_diff1": 0.217375,
        "nauc_mrr_at_5_max": 0.23922,
        "nauc_mrr_at_5_std": 0.087978,
        "nauc_mrr_at_5_diff1": 0.219516,
        "nauc_mrr_at_10_max": 0.24453,
        "nauc_mrr_at_10_std": 0.100525,
        "nauc_mrr_at_10_diff1": 0.215582,
        "nauc_mrr_at_20_max": 0.245205,
        "nauc_mrr_at_20_std": 0.099298,
        "nauc_mrr_at_20_diff1": 0.216725,
        "nauc_mrr_at_100_max": 0.244179,
        "nauc_mrr_at_100_std": 0.099066,
        "nauc_mrr_at_100_diff1": 0.218187,
        "nauc_mrr_at_1000_max": 0.244117,
        "nauc_mrr_at_1000_std": 0.098827,
        "nauc_mrr_at_1000_diff1": 0.218218,
        "main_score": 0.18526,
        "hf_subset": "default",
        "languages": [
          "eng-Latn"
        ]
      }
    ]
  },
  "evaluation_time": 180.06599879264832,
  "kg_co2_emissions": null
}