{
  "dataset_revision": "0228b52cf27578f30900b9e5271d331663a030d7",
  "task_name": "SciFact",
  "mteb_version": "1.34.8",
  "scores": {
    "test": [
      {
        "ndcg_at_1": 0.52,
        "ndcg_at_3": 0.59465,
        "ndcg_at_5": 0.61948,
        "ndcg_at_10": 0.63905,
        "ndcg_at_20": 0.64789,
        "ndcg_at_100": 0.66422,
        "ndcg_at_1000": 0.67742,
        "map_at_1": 0.4905,
        "map_at_3": 0.5657,
        "map_at_5": 0.582,
        "map_at_10": 0.59098,
        "map_at_20": 0.59419,
        "map_at_100": 0.59704,
        "map_at_1000": 0.59756,
        "recall_at_1": 0.4905,
        "recall_at_3": 0.64867,
        "recall_at_5": 0.71267,
        "recall_at_10": 0.76956,
        "recall_at_20": 0.80133,
        "recall_at_100": 0.88167,
        "recall_at_1000": 0.98333,
        "precision_at_1": 0.52,
        "precision_at_3": 0.23556,
        "precision_at_5": 0.158,
        "precision_at_10": 0.08633,
        "precision_at_20": 0.0455,
        "precision_at_100": 0.01003,
        "precision_at_1000": 0.00111,
        "mrr_at_1": 0.52,
        "mrr_at_3": 0.586667,
        "mrr_at_5": 0.600167,
        "mrr_at_10": 0.607345,
        "mrr_at_20": 0.608974,
        "mrr_at_100": 0.611401,
        "mrr_at_1000": 0.611867,
        "nauc_ndcg_at_1_max": 0.501369,
        "nauc_ndcg_at_1_std": 0.194815,
        "nauc_ndcg_at_1_diff1": 0.698596,
        "nauc_ndcg_at_3_max": 0.528227,
        "nauc_ndcg_at_3_std": 0.145694,
        "nauc_ndcg_at_3_diff1": 0.649455,
        "nauc_ndcg_at_5_max": 0.526073,
        "nauc_ndcg_at_5_std": 0.168856,
        "nauc_ndcg_at_5_diff1": 0.658834,
        "nauc_ndcg_at_10_max": 0.545579,
        "nauc_ndcg_at_10_std": 0.194807,
        "nauc_ndcg_at_10_diff1": 0.657198,
        "nauc_ndcg_at_20_max": 0.551381,
        "nauc_ndcg_at_20_std": 0.205693,
        "nauc_ndcg_at_20_diff1": 0.659977,
        "nauc_ndcg_at_100_max": 0.546531,
        "nauc_ndcg_at_100_std": 0.210276,
        "nauc_ndcg_at_100_diff1": 0.65367,
        "nauc_ndcg_at_1000_max": 0.542727,
        "nauc_ndcg_at_1000_std": 0.201318,
        "nauc_ndcg_at_1000_diff1": 0.660147,
        "nauc_map_at_1_max": 0.44933,
        "nauc_map_at_1_std": 0.101197,
        "nauc_map_at_1_diff1": 0.686296,
        "nauc_map_at_3_max": 0.501038,
        "nauc_map_at_3_std": 0.123135,
        "nauc_map_at_3_diff1": 0.6612,
        "nauc_map_at_5_max": 0.507593,
        "nauc_map_at_5_std": 0.146519,
        "nauc_map_at_5_diff1": 0.6658,
        "nauc_map_at_10_max": 0.516756,
        "nauc_map_at_10_std": 0.158448,
        "nauc_map_at_10_diff1": 0.666359,
        "nauc_map_at_20_max": 0.520423,
        "nauc_map_at_20_std": 0.163868,
        "nauc_map_at_20_diff1": 0.667102,
        "nauc_map_at_100_max": 0.520084,
        "nauc_map_at_100_std": 0.164964,
        "nauc_map_at_100_diff1": 0.666235,
        "nauc_map_at_1000_max": 0.519991,
        "nauc_map_at_1000_std": 0.164549,
        "nauc_map_at_1000_diff1": 0.666406,
        "nauc_recall_at_1_max": 0.44933,
        "nauc_recall_at_1_std": 0.101197,
        "nauc_recall_at_1_diff1": 0.686296,
        "nauc_recall_at_3_max": 0.53733,
        "nauc_recall_at_3_std": 0.099112,
        "nauc_recall_at_3_diff1": 0.598133,
        "nauc_recall_at_5_max": 0.532517,
        "nauc_recall_at_5_std": 0.172683,
        "nauc_recall_at_5_diff1": 0.610882,
        "nauc_recall_at_10_max": 0.606862,
        "nauc_recall_at_10_std": 0.272576,
        "nauc_recall_at_10_diff1": 0.598244,
        "nauc_recall_at_20_max": 0.637592,
        "nauc_recall_at_20_std": 0.32992,
        "nauc_recall_at_20_diff1": 0.611627,
        "nauc_recall_at_100_max": 0.630052,
        "nauc_recall_at_100_std": 0.447564,
        "nauc_recall_at_100_diff1": 0.523604,
        "nauc_recall_at_1000_max": 0.674603,
        "nauc_recall_at_1000_std": 0.921569,
        "nauc_recall_at_1000_diff1": 0.572362,
        "nauc_precision_at_1_max": 0.501369,
        "nauc_precision_at_1_std": 0.194815,
        "nauc_precision_at_1_diff1": 0.698596,
        "nauc_precision_at_3_max": 0.568636,
        "nauc_precision_at_3_std": 0.269786,
        "nauc_precision_at_3_diff1": 0.514578,
        "nauc_precision_at_5_max": 0.557124,
        "nauc_precision_at_5_std": 0.392269,
        "nauc_precision_at_5_diff1": 0.449125,
        "nauc_precision_at_10_max": 0.566828,
        "nauc_precision_at_10_std": 0.464833,
        "nauc_precision_at_10_diff1": 0.358418,
        "nauc_precision_at_20_max": 0.533696,
        "nauc_precision_at_20_std": 0.499748,
        "nauc_precision_at_20_diff1": 0.29122,
        "nauc_precision_at_100_max": 0.445979,
        "nauc_precision_at_100_std": 0.541743,
        "nauc_precision_at_100_diff1": 0.13606,
        "nauc_precision_at_1000_max": 0.308375,
        "nauc_precision_at_1000_std": 0.550656,
        "nauc_precision_at_1000_diff1": -0.061091,
        "nauc_mrr_at_1_max": 0.501369,
        "nauc_mrr_at_1_std": 0.194815,
        "nauc_mrr_at_1_diff1": 0.698596,
        "nauc_mrr_at_3_max": 0.538728,
        "nauc_mrr_at_3_std": 0.18781,
        "nauc_mrr_at_3_diff1": 0.667947,
        "nauc_mrr_at_5_max": 0.53732,
        "nauc_mrr_at_5_std": 0.201441,
        "nauc_mrr_at_5_diff1": 0.672226,
        "nauc_mrr_at_10_max": 0.543967,
        "nauc_mrr_at_10_std": 0.20929,
        "nauc_mrr_at_10_diff1": 0.670724,
        "nauc_mrr_at_20_max": 0.543161,
        "nauc_mrr_at_20_std": 0.208981,
        "nauc_mrr_at_20_diff1": 0.671474,
        "nauc_mrr_at_100_max": 0.542038,
        "nauc_mrr_at_100_std": 0.208569,
        "nauc_mrr_at_100_diff1": 0.670521,
        "nauc_mrr_at_1000_max": 0.541894,
        "nauc_mrr_at_1000_std": 0.20811,
        "nauc_mrr_at_1000_diff1": 0.670736,
        "main_score": 0.63905,
        "hf_subset": "default",
        "languages": [
          "eng-Latn"
        ]
      }
    ]
  },
  "evaluation_time": 51.122546672821045,
  "kg_co2_emissions": null
}