{
  "dataset_revision": "bb9466bac8153a0349341eb1b22e06409e78ef4e",
  "task_name": "TRECCOVID",
  "mteb_version": "1.34.8",
  "scores": {
    "test": [
      {
        "ndcg_at_1": 0.58,
        "ndcg_at_3": 0.5405,
        "ndcg_at_5": 0.5192,
        "ndcg_at_10": 0.46431,
        "ndcg_at_20": 0.42066,
        "ndcg_at_100": 0.33725,
        "ndcg_at_1000": 0.3344,
        "map_at_1": 0.00169,
        "map_at_3": 0.00386,
        "map_at_5": 0.00569,
        "map_at_10": 0.00925,
        "map_at_20": 0.01514,
        "map_at_100": 0.04721,
        "map_at_1000": 0.12997,
        "recall_at_1": 0.00169,
        "recall_at_3": 0.00434,
        "recall_at_5": 0.00682,
        "recall_at_10": 0.01189,
        "recall_at_20": 0.02104,
        "recall_at_100": 0.07702,
        "recall_at_1000": 0.3205,
        "precision_at_1": 0.64,
        "precision_at_3": 0.59333,
        "precision_at_5": 0.556,
        "precision_at_10": 0.484,
        "precision_at_20": 0.427,
        "precision_at_100": 0.3398,
        "precision_at_1000": 0.15496,
        "mrr_at_1": 0.64,
        "mrr_at_3": 0.746667,
        "mrr_at_5": 0.755667,
        "mrr_at_10": 0.760524,
        "mrr_at_20": 0.763286,
        "mrr_at_100": 0.763286,
        "mrr_at_1000": 0.763286,
        "nauc_ndcg_at_1_max": 0.389547,
        "nauc_ndcg_at_1_std": 0.388063,
        "nauc_ndcg_at_1_diff1": 0.149573,
        "nauc_ndcg_at_3_max": 0.388416,
        "nauc_ndcg_at_3_std": 0.481905,
        "nauc_ndcg_at_3_diff1": 0.023044,
        "nauc_ndcg_at_5_max": 0.346645,
        "nauc_ndcg_at_5_std": 0.482393,
        "nauc_ndcg_at_5_diff1": 0.029072,
        "nauc_ndcg_at_10_max": 0.4013,
        "nauc_ndcg_at_10_std": 0.626348,
        "nauc_ndcg_at_10_diff1": -0.028441,
        "nauc_ndcg_at_20_max": 0.338033,
        "nauc_ndcg_at_20_std": 0.638569,
        "nauc_ndcg_at_20_diff1": -0.024396,
        "nauc_ndcg_at_100_max": 0.34106,
        "nauc_ndcg_at_100_std": 0.725008,
        "nauc_ndcg_at_100_diff1": -0.082693,
        "nauc_ndcg_at_1000_max": 0.398651,
        "nauc_ndcg_at_1000_std": 0.688627,
        "nauc_ndcg_at_1000_diff1": -0.105998,
        "nauc_map_at_1_max": 0.261861,
        "nauc_map_at_1_std": 0.051026,
        "nauc_map_at_1_diff1": 0.109276,
        "nauc_map_at_3_max": 0.373236,
        "nauc_map_at_3_std": 0.285681,
        "nauc_map_at_3_diff1": 0.043352,
        "nauc_map_at_5_max": 0.334708,
        "nauc_map_at_5_std": 0.322366,
        "nauc_map_at_5_diff1": 0.039109,
        "nauc_map_at_10_max": 0.408399,
        "nauc_map_at_10_std": 0.507277,
        "nauc_map_at_10_diff1": -0.074597,
        "nauc_map_at_20_max": 0.352587,
        "nauc_map_at_20_std": 0.536377,
        "nauc_map_at_20_diff1": -0.085293,
        "nauc_map_at_100_max": 0.378427,
        "nauc_map_at_100_std": 0.731941,
        "nauc_map_at_100_diff1": -0.124499,
        "nauc_map_at_1000_max": 0.376269,
        "nauc_map_at_1000_std": 0.722671,
        "nauc_map_at_1000_diff1": -0.098412,
        "nauc_recall_at_1_max": 0.261861,
        "nauc_recall_at_1_std": 0.051026,
        "nauc_recall_at_1_diff1": 0.109276,
        "nauc_recall_at_3_max": 0.356952,
        "nauc_recall_at_3_std": 0.258394,
        "nauc_recall_at_3_diff1": 0.028183,
        "nauc_recall_at_5_max": 0.268416,
        "nauc_recall_at_5_std": 0.22525,
        "nauc_recall_at_5_diff1": 0.044083,
        "nauc_recall_at_10_max": 0.312326,
        "nauc_recall_at_10_std": 0.379014,
        "nauc_recall_at_10_diff1": -0.077757,
        "nauc_recall_at_20_max": 0.25327,
        "nauc_recall_at_20_std": 0.367174,
        "nauc_recall_at_20_diff1": -0.043801,
        "nauc_recall_at_100_max": 0.353066,
        "nauc_recall_at_100_std": 0.65484,
        "nauc_recall_at_100_diff1": -0.120036,
        "nauc_recall_at_1000_max": 0.374376,
        "nauc_recall_at_1000_std": 0.628285,
        "nauc_recall_at_1000_diff1": -0.116557,
        "nauc_precision_at_1_max": 0.434826,
        "nauc_precision_at_1_std": 0.435273,
        "nauc_precision_at_1_diff1": 0.071401,
        "nauc_precision_at_3_max": 0.419877,
        "nauc_precision_at_3_std": 0.550005,
        "nauc_precision_at_3_diff1": -0.036066,
        "nauc_precision_at_5_max": 0.356136,
        "nauc_precision_at_5_std": 0.518221,
        "nauc_precision_at_5_diff1": 0.007618,
        "nauc_precision_at_10_max": 0.435453,
        "nauc_precision_at_10_std": 0.686098,
        "nauc_precision_at_10_diff1": -0.091598,
        "nauc_precision_at_20_max": 0.332444,
        "nauc_precision_at_20_std": 0.655752,
        "nauc_precision_at_20_diff1": -0.044633,
        "nauc_precision_at_100_max": 0.342059,
        "nauc_precision_at_100_std": 0.753861,
        "nauc_precision_at_100_diff1": -0.085949,
        "nauc_precision_at_1000_max": 0.291339,
        "nauc_precision_at_1000_std": 0.556854,
        "nauc_precision_at_1000_diff1": -0.096374,
        "nauc_mrr_at_1_max": 0.434826,
        "nauc_mrr_at_1_std": 0.435273,
        "nauc_mrr_at_1_diff1": 0.071401,
        "nauc_mrr_at_3_max": 0.514715,
        "nauc_mrr_at_3_std": 0.481763,
        "nauc_mrr_at_3_diff1": 0.055028,
        "nauc_mrr_at_5_max": 0.503823,
        "nauc_mrr_at_5_std": 0.481426,
        "nauc_mrr_at_5_diff1": 0.041562,
        "nauc_mrr_at_10_max": 0.502276,
        "nauc_mrr_at_10_std": 0.479504,
        "nauc_mrr_at_10_diff1": 0.062082,
        "nauc_mrr_at_20_max": 0.49542,
        "nauc_mrr_at_20_std": 0.475511,
        "nauc_mrr_at_20_diff1": 0.05726,
        "nauc_mrr_at_100_max": 0.49542,
        "nauc_mrr_at_100_std": 0.475511,
        "nauc_mrr_at_100_diff1": 0.05726,
        "nauc_mrr_at_1000_max": 0.49542,
        "nauc_mrr_at_1000_std": 0.475511,
        "nauc_mrr_at_1000_diff1": 0.05726,
        "main_score": 0.46431,
        "hf_subset": "default",
        "languages": [
          "eng-Latn"
        ]
      }
    ]
  },
  "evaluation_time": 1233.8890330791473,
  "kg_co2_emissions": null
}