{
  "dataset_revision": "c22ab2a51041ffd869aaddef7af8d8215647e41a",
  "task_name": "ArguAna",
  "mteb_version": "1.34.8",
  "scores": {
    "test": [
      {
        "ndcg_at_1": 0.17354,
        "ndcg_at_3": 0.30574,
        "ndcg_at_5": 0.36071,
        "ndcg_at_10": 0.42177,
        "ndcg_at_20": 0.46221,
        "ndcg_at_100": 0.48159,
        "ndcg_at_1000": 0.4832,
        "map_at_1": 0.17354,
        "map_at_3": 0.2724,
        "map_at_5": 0.30267,
        "map_at_10": 0.32739,
        "map_at_20": 0.33885,
        "map_at_100": 0.34193,
        "map_at_1000": 0.34201,
        "recall_at_1": 0.17354,
        "recall_at_3": 0.40256,
        "recall_at_5": 0.53698,
        "recall_at_10": 0.72831,
        "recall_at_20": 0.88549,
        "recall_at_100": 0.98435,
        "recall_at_1000": 0.99644,
        "precision_at_1": 0.17354,
        "precision_at_3": 0.13419,
        "precision_at_5": 0.1074,
        "precision_at_10": 0.07283,
        "precision_at_20": 0.04427,
        "precision_at_100": 0.00984,
        "precision_at_1000": 0.001,
        "mrr_at_1": 0.174964,
        "mrr_at_3": 0.272997,
        "mrr_at_5": 0.303224,
        "mrr_at_10": 0.327961,
        "mrr_at_20": 0.339547,
        "mrr_at_100": 0.342628,
        "mrr_at_1000": 0.342701,
        "nauc_ndcg_at_1_max": -0.140572,
        "nauc_ndcg_at_1_std": -0.19714,
        "nauc_ndcg_at_1_diff1": 0.074702,
        "nauc_ndcg_at_3_max": -0.127014,
        "nauc_ndcg_at_3_std": -0.207051,
        "nauc_ndcg_at_3_diff1": 0.031871,
        "nauc_ndcg_at_5_max": -0.117062,
        "nauc_ndcg_at_5_std": -0.209177,
        "nauc_ndcg_at_5_diff1": 0.032563,
        "nauc_ndcg_at_10_max": -0.10974,
        "nauc_ndcg_at_10_std": -0.219754,
        "nauc_ndcg_at_10_diff1": 0.026907,
        "nauc_ndcg_at_20_max": -0.102946,
        "nauc_ndcg_at_20_std": -0.210594,
        "nauc_ndcg_at_20_diff1": 0.024625,
        "nauc_ndcg_at_100_max": -0.113373,
        "nauc_ndcg_at_100_std": -0.203012,
        "nauc_ndcg_at_100_diff1": 0.033043,
        "nauc_ndcg_at_1000_max": -0.116162,
        "nauc_ndcg_at_1000_std": -0.206569,
        "nauc_ndcg_at_1000_diff1": 0.033076,
        "nauc_map_at_1_max": -0.140572,
        "nauc_map_at_1_std": -0.19714,
        "nauc_map_at_1_diff1": 0.074702,
        "nauc_map_at_3_max": -0.130529,
        "nauc_map_at_3_std": -0.205294,
        "nauc_map_at_3_diff1": 0.03918,
        "nauc_map_at_5_max": -0.124791,
        "nauc_map_at_5_std": -0.206532,
        "nauc_map_at_5_diff1": 0.038714,
        "nauc_map_at_10_max": -0.122577,
        "nauc_map_at_10_std": -0.210656,
        "nauc_map_at_10_diff1": 0.036783,
        "nauc_map_at_20_max": -0.121724,
        "nauc_map_at_20_std": -0.20859,
        "nauc_map_at_20_diff1": 0.036346,
        "nauc_map_at_100_max": -0.123061,
        "nauc_map_at_100_std": -0.207447,
        "nauc_map_at_100_diff1": 0.03778,
        "nauc_map_at_1000_max": -0.123149,
        "nauc_map_at_1000_std": -0.207566,
        "nauc_map_at_1000_diff1": 0.037792,
        "nauc_recall_at_1_max": -0.140572,
        "nauc_recall_at_1_std": -0.19714,
        "nauc_recall_at_1_diff1": 0.074702,
        "nauc_recall_at_3_max": -0.118121,
        "nauc_recall_at_3_std": -0.211272,
        "nauc_recall_at_3_diff1": 0.014423,
        "nauc_recall_at_5_max": -0.095492,
        "nauc_recall_at_5_std": -0.216171,
        "nauc_recall_at_5_diff1": 0.018364,
        "nauc_recall_at_10_max": -0.057488,
        "nauc_recall_at_10_std": -0.257372,
        "nauc_recall_at_10_diff1": -0.00847,
        "nauc_recall_at_20_max": 0.067766,
        "nauc_recall_at_20_std": -0.210911,
        "nauc_recall_at_20_diff1": -0.063745,
        "nauc_recall_at_100_max": 0.290389,
        "nauc_recall_at_100_std": 0.334134,
        "nauc_recall_at_100_diff1": -0.038238,
        "nauc_recall_at_1000_max": 0.242175,
        "nauc_recall_at_1000_std": 0.380178,
        "nauc_recall_at_1000_diff1": -0.308343,
        "nauc_precision_at_1_max": -0.140572,
        "nauc_precision_at_1_std": -0.19714,
        "nauc_precision_at_1_diff1": 0.074702,
        "nauc_precision_at_3_max": -0.118121,
        "nauc_precision_at_3_std": -0.211272,
        "nauc_precision_at_3_diff1": 0.014423,
        "nauc_precision_at_5_max": -0.095492,
        "nauc_precision_at_5_std": -0.216171,
        "nauc_precision_at_5_diff1": 0.018364,
        "nauc_precision_at_10_max": -0.057488,
        "nauc_precision_at_10_std": -0.257372,
        "nauc_precision_at_10_diff1": -0.00847,
        "nauc_precision_at_20_max": 0.067766,
        "nauc_precision_at_20_std": -0.210911,
        "nauc_precision_at_20_diff1": -0.063745,
        "nauc_precision_at_100_max": 0.290389,
        "nauc_precision_at_100_std": 0.334134,
        "nauc_precision_at_100_diff1": -0.038238,
        "nauc_precision_at_1000_max": 0.242175,
        "nauc_precision_at_1000_std": 0.380178,
        "nauc_precision_at_1000_diff1": -0.308343,
        "nauc_mrr_at_1_max": -0.135002,
        "nauc_mrr_at_1_std": -0.191486,
        "nauc_mrr_at_1_diff1": 0.068769,
        "nauc_mrr_at_3_max": -0.132514,
        "nauc_mrr_at_3_std": -0.202812,
        "nauc_mrr_at_3_diff1": 0.031309,
        "nauc_mrr_at_5_max": -0.126281,
        "nauc_mrr_at_5_std": -0.204486,
        "nauc_mrr_at_5_diff1": 0.032513,
        "nauc_mrr_at_10_max": -0.124438,
        "nauc_mrr_at_10_std": -0.209249,
        "nauc_mrr_at_10_diff1": 0.030089,
        "nauc_mrr_at_20_max": -0.122923,
        "nauc_mrr_at_20_std": -0.206899,
        "nauc_mrr_at_20_diff1": 0.030204,
        "nauc_mrr_at_100_max": -0.124273,
        "nauc_mrr_at_100_std": -0.205742,
        "nauc_mrr_at_100_diff1": 0.031565,
        "nauc_mrr_at_1000_max": -0.12436,
        "nauc_mrr_at_1000_std": -0.20586,
        "nauc_mrr_at_1000_diff1": 0.031575,
        "main_score": 0.42177,
        "hf_subset": "default",
        "languages": [
          "eng-Latn"
        ]
      }
    ]
  },
  "evaluation_time": 164.23149251937866,
  "kg_co2_emissions": null
}