{
  "dataset_revision": "5d958fb6b31055495347724d46431ba41309b03a",
  "task_name": "ChemNQRetrieval",
  "mteb_version": "1.34.8",
  "scores": {
    "test": [
      {
        "ndcg_at_1": 0.25926,
        "ndcg_at_3": 0.3491,
        "ndcg_at_5": 0.4509,
        "ndcg_at_10": 0.47749,
        "ndcg_at_20": 0.50151,
        "ndcg_at_100": 0.52348,
        "ndcg_at_1000": 0.53309,
        "map_at_1": 0.2037,
        "map_at_3": 0.30864,
        "map_at_5": 0.36574,
        "map_at_10": 0.37788,
        "map_at_20": 0.38592,
        "map_at_100": 0.39036,
        "map_at_1000": 0.39074,
        "recall_at_1": 0.2037,
        "recall_at_3": 0.42593,
        "recall_at_5": 0.66049,
        "recall_at_10": 0.73457,
        "recall_at_20": 0.82099,
        "recall_at_100": 0.92593,
        "recall_at_1000": 1.0,
        "precision_at_1": 0.25926,
        "precision_at_3": 0.17284,
        "precision_at_5": 0.16296,
        "precision_at_10": 0.09259,
        "precision_at_20": 0.0537,
        "precision_at_100": 0.01222,
        "precision_at_1000": 0.0013,
        "mrr_at_1": 0.259259,
        "mrr_at_3": 0.351852,
        "mrr_at_5": 0.411111,
        "mrr_at_10": 0.420988,
        "mrr_at_20": 0.423302,
        "mrr_at_100": 0.425104,
        "mrr_at_1000": 0.425488,
        "nauc_ndcg_at_1_max": 0.176416,
        "nauc_ndcg_at_1_std": -0.141244,
        "nauc_ndcg_at_1_diff1": -0.05017,
        "nauc_ndcg_at_3_max": 0.059731,
        "nauc_ndcg_at_3_std": -0.213131,
        "nauc_ndcg_at_3_diff1": -0.078753,
        "nauc_ndcg_at_5_max": 0.238358,
        "nauc_ndcg_at_5_std": -0.125579,
        "nauc_ndcg_at_5_diff1": 0.05514,
        "nauc_ndcg_at_10_max": 0.238666,
        "nauc_ndcg_at_10_std": -0.129324,
        "nauc_ndcg_at_10_diff1": 0.016983,
        "nauc_ndcg_at_20_max": 0.211473,
        "nauc_ndcg_at_20_std": -0.148027,
        "nauc_ndcg_at_20_diff1": -0.014324,
        "nauc_ndcg_at_100_max": 0.240834,
        "nauc_ndcg_at_100_std": -0.097732,
        "nauc_ndcg_at_100_diff1": -0.007113,
        "nauc_ndcg_at_1000_max": 0.212809,
        "nauc_ndcg_at_1000_std": -0.117661,
        "nauc_ndcg_at_1000_diff1": -0.013241,
        "nauc_map_at_1_max": 0.18808,
        "nauc_map_at_1_std": -0.079451,
        "nauc_map_at_1_diff1": 0.038864,
        "nauc_map_at_3_max": 0.093642,
        "nauc_map_at_3_std": -0.171223,
        "nauc_map_at_3_diff1": -0.059337,
        "nauc_map_at_5_max": 0.196577,
        "nauc_map_at_5_std": -0.123015,
        "nauc_map_at_5_diff1": 0.010097,
        "nauc_map_at_10_max": 0.193264,
        "nauc_map_at_10_std": -0.132994,
        "nauc_map_at_10_diff1": -0.008518,
        "nauc_map_at_20_max": 0.18567,
        "nauc_map_at_20_std": -0.137872,
        "nauc_map_at_20_diff1": -0.017308,
        "nauc_map_at_100_max": 0.191087,
        "nauc_map_at_100_std": -0.125497,
        "nauc_map_at_100_diff1": -0.016714,
        "nauc_map_at_1000_max": 0.190132,
        "nauc_map_at_1000_std": -0.126041,
        "nauc_map_at_1000_diff1": -0.016549,
        "nauc_recall_at_1_max": 0.18808,
        "nauc_recall_at_1_std": -0.079451,
        "nauc_recall_at_1_diff1": 0.038864,
        "nauc_recall_at_3_max": -0.039651,
        "nauc_recall_at_3_std": -0.287239,
        "nauc_recall_at_3_diff1": -0.10597,
        "nauc_recall_at_5_max": 0.365476,
        "nauc_recall_at_5_std": -0.063025,
        "nauc_recall_at_5_diff1": 0.24136,
        "nauc_recall_at_10_max": 0.411399,
        "nauc_recall_at_10_std": -0.070436,
        "nauc_recall_at_10_diff1": 0.156506,
        "nauc_recall_at_20_max": 0.34315,
        "nauc_recall_at_20_std": -0.182286,
        "nauc_recall_at_20_diff1": 0.016105,
        "nauc_recall_at_100_max": 0.933824,
        "nauc_recall_at_100_std": 0.418234,
        "nauc_recall_at_100_diff1": 0.213689,
        "nauc_recall_at_1000_max": NaN,
        "nauc_recall_at_1000_std": NaN,
        "nauc_recall_at_1000_diff1": NaN,
        "nauc_precision_at_1_max": 0.176416,
        "nauc_precision_at_1_std": -0.141244,
        "nauc_precision_at_1_diff1": -0.05017,
        "nauc_precision_at_3_max": -0.043915,
        "nauc_precision_at_3_std": -0.307871,
        "nauc_precision_at_3_diff1": -0.203532,
        "nauc_precision_at_5_max": 0.292639,
        "nauc_precision_at_5_std": -0.09388,
        "nauc_precision_at_5_diff1": 0.008153,
        "nauc_precision_at_10_max": 0.303397,
        "nauc_precision_at_10_std": -0.028287,
        "nauc_precision_at_10_diff1": -0.073041,
        "nauc_precision_at_20_max": 0.128989,
        "nauc_precision_at_20_std": -0.053476,
        "nauc_precision_at_20_diff1": -0.144598,
        "nauc_precision_at_100_max": 0.14237,
        "nauc_precision_at_100_std": 0.160257,
        "nauc_precision_at_100_diff1": -0.094799,
        "nauc_precision_at_1000_max": -0.008234,
        "nauc_precision_at_1000_std": 0.111167,
        "nauc_precision_at_1000_diff1": -0.1535,
        "nauc_mrr_at_1_max": 0.176416,
        "nauc_mrr_at_1_std": -0.141244,
        "nauc_mrr_at_1_diff1": -0.05017,
        "nauc_mrr_at_3_max": 0.100598,
        "nauc_mrr_at_3_std": -0.20732,
        "nauc_mrr_at_3_diff1": -0.083354,
        "nauc_mrr_at_5_max": 0.186459,
        "nauc_mrr_at_5_std": -0.16619,
        "nauc_mrr_at_5_diff1": -0.012815,
        "nauc_mrr_at_10_max": 0.186525,
        "nauc_mrr_at_10_std": -0.160251,
        "nauc_mrr_at_10_diff1": -0.028513,
        "nauc_mrr_at_20_max": 0.182244,
        "nauc_mrr_at_20_std": -0.164037,
        "nauc_mrr_at_20_diff1": -0.034216,
        "nauc_mrr_at_100_max": 0.185244,
        "nauc_mrr_at_100_std": -0.161029,
        "nauc_mrr_at_100_diff1": -0.035163,
        "nauc_mrr_at_1000_max": 0.184329,
        "nauc_mrr_at_1000_std": -0.161591,
        "nauc_mrr_at_1000_diff1": -0.035028,
        "main_score": 0.47749,
        "hf_subset": "default",
        "languages": [
          "eng-Latn"
        ]
      }
    ]
  },
  "evaluation_time": 238.69366765022278,
  "kg_co2_emissions": null
}