{
  "dataset_revision": "4adc7bc41202b5c13543c9c886a25f340634dab3",
  "task_name": "COIRCodeSearchNetRetrieval",
  "mteb_version": "1.34.8",
  "scores": {
    "test": [
      {
        "ndcg_at_1": 0.66376,
        "ndcg_at_3": 0.72219,
        "ndcg_at_5": 0.73554,
        "ndcg_at_10": 0.74836,
        "ndcg_at_20": 0.75739,
        "ndcg_at_100": 0.76862,
        "ndcg_at_1000": 0.77473,
        "map_at_1": 0.66376,
        "map_at_3": 0.70813,
        "map_at_5": 0.71552,
        "map_at_10": 0.72086,
        "map_at_20": 0.72336,
        "map_at_100": 0.72491,
        "map_at_1000": 0.72513,
        "recall_at_1": 0.66376,
        "recall_at_3": 0.76277,
        "recall_at_5": 0.79521,
        "recall_at_10": 0.83463,
        "recall_at_20": 0.87016,
        "recall_at_100": 0.93075,
        "recall_at_1000": 0.97949,
        "precision_at_1": 0.66376,
        "precision_at_3": 0.25426,
        "precision_at_5": 0.15904,
        "precision_at_10": 0.08346,
        "precision_at_20": 0.04351,
        "precision_at_100": 0.00931,
        "precision_at_1000": 0.00098,
        "mrr_at_1": 0.663695,
        "mrr_at_3": 0.708071,
        "mrr_at_5": 0.715468,
        "mrr_at_10": 0.720817,
        "mrr_at_20": 0.723322,
        "mrr_at_100": 0.724868,
        "mrr_at_1000": 0.725086,
        "nauc_ndcg_at_1_max": 0.714039,
        "nauc_ndcg_at_1_std": -0.015277,
        "nauc_ndcg_at_1_diff1": 0.833454,
        "nauc_ndcg_at_3_max": 0.721738,
        "nauc_ndcg_at_3_std": 0.012738,
        "nauc_ndcg_at_3_diff1": 0.801248,
        "nauc_ndcg_at_5_max": 0.719219,
        "nauc_ndcg_at_5_std": 0.019943,
        "nauc_ndcg_at_5_diff1": 0.795966,
        "nauc_ndcg_at_10_max": 0.719249,
        "nauc_ndcg_at_10_std": 0.026247,
        "nauc_ndcg_at_10_diff1": 0.794871,
        "nauc_ndcg_at_20_max": 0.717773,
        "nauc_ndcg_at_20_std": 0.026671,
        "nauc_ndcg_at_20_diff1": 0.795153,
        "nauc_ndcg_at_100_max": 0.718908,
        "nauc_ndcg_at_100_std": 0.030076,
        "nauc_ndcg_at_100_diff1": 0.797073,
        "nauc_ndcg_at_1000_max": 0.719264,
        "nauc_ndcg_at_1000_std": 0.026569,
        "nauc_ndcg_at_1000_diff1": 0.799601,
        "nauc_map_at_1_max": 0.714039,
        "nauc_map_at_1_std": -0.015277,
        "nauc_map_at_1_diff1": 0.833454,
        "nauc_map_at_3_max": 0.720035,
        "nauc_map_at_3_std": 0.00501,
        "nauc_map_at_3_diff1": 0.809552,
        "nauc_map_at_5_max": 0.718701,
        "nauc_map_at_5_std": 0.008606,
        "nauc_map_at_5_diff1": 0.806933,
        "nauc_map_at_10_max": 0.718692,
        "nauc_map_at_10_std": 0.010874,
        "nauc_map_at_10_diff1": 0.806685,
        "nauc_map_at_20_max": 0.718334,
        "nauc_map_at_20_std": 0.010824,
        "nauc_map_at_20_diff1": 0.806875,
        "nauc_map_at_100_max": 0.718441,
        "nauc_map_at_100_std": 0.011177,
        "nauc_map_at_100_diff1": 0.807069,
        "nauc_map_at_1000_max": 0.718458,
        "nauc_map_at_1000_std": 0.011091,
        "nauc_map_at_1000_diff1": 0.807157,
        "nauc_recall_at_1_max": 0.714039,
        "nauc_recall_at_1_std": -0.015277,
        "nauc_recall_at_1_diff1": 0.833454,
        "nauc_recall_at_3_max": 0.727309,
        "nauc_recall_at_3_std": 0.038929,
        "nauc_recall_at_3_diff1": 0.773378,
        "nauc_recall_at_5_max": 0.720443,
        "nauc_recall_at_5_std": 0.063456,
        "nauc_recall_at_5_diff1": 0.754544,
        "nauc_recall_at_10_max": 0.720916,
        "nauc_recall_at_10_std": 0.099366,
        "nauc_recall_at_10_diff1": 0.741239,
        "nauc_recall_at_20_max": 0.711385,
        "nauc_recall_at_20_std": 0.120349,
        "nauc_recall_at_20_diff1": 0.72979,
        "nauc_recall_at_100_max": 0.7257,
        "nauc_recall_at_100_std": 0.248293,
        "nauc_recall_at_100_diff1": 0.711504,
        "nauc_recall_at_1000_max": 0.764145,
        "nauc_recall_at_1000_std": 0.47476,
        "nauc_recall_at_1000_diff1": 0.697792,
        "nauc_precision_at_1_max": 0.714039,
        "nauc_precision_at_1_std": -0.015277,
        "nauc_precision_at_1_diff1": 0.833454,
        "nauc_precision_at_3_max": 0.727309,
        "nauc_precision_at_3_std": 0.038929,
        "nauc_precision_at_3_diff1": 0.773378,
        "nauc_precision_at_5_max": 0.720443,
        "nauc_precision_at_5_std": 0.063456,
        "nauc_precision_at_5_diff1": 0.754544,
        "nauc_precision_at_10_max": 0.720916,
        "nauc_precision_at_10_std": 0.099366,
        "nauc_precision_at_10_diff1": 0.741239,
        "nauc_precision_at_20_max": 0.711385,
        "nauc_precision_at_20_std": 0.120349,
        "nauc_precision_at_20_diff1": 0.72979,
        "nauc_precision_at_100_max": 0.7257,
        "nauc_precision_at_100_std": 0.248293,
        "nauc_precision_at_100_diff1": 0.711504,
        "nauc_precision_at_1000_max": 0.764145,
        "nauc_precision_at_1000_std": 0.47476,
        "nauc_precision_at_1000_diff1": 0.697792,
        "nauc_mrr_at_1_max": 0.713527,
        "nauc_mrr_at_1_std": -0.015411,
        "nauc_mrr_at_1_diff1": 0.833584,
        "nauc_mrr_at_3_max": 0.719652,
        "nauc_mrr_at_3_std": 0.004779,
        "nauc_mrr_at_3_diff1": 0.809663,
        "nauc_mrr_at_5_max": 0.718362,
        "nauc_mrr_at_5_std": 0.008393,
        "nauc_mrr_at_5_diff1": 0.807041,
        "nauc_mrr_at_10_max": 0.718365,
        "nauc_mrr_at_10_std": 0.010738,
        "nauc_mrr_at_10_diff1": 0.806775,
        "nauc_mrr_at_20_max": 0.718004,
        "nauc_mrr_at_20_std": 0.010686,
        "nauc_mrr_at_20_diff1": 0.806966,
        "nauc_mrr_at_100_max": 0.718109,
        "nauc_mrr_at_100_std": 0.011039,
        "nauc_mrr_at_100_diff1": 0.807161,
        "nauc_mrr_at_1000_max": 0.718126,
        "nauc_mrr_at_1000_std": 0.010953,
        "nauc_mrr_at_1000_diff1": 0.807249,
        "main_score": 0.74836,
        "hf_subset": "python",
        "languages": [
          "python-Code"
        ]
      }
    ]
  },
  "evaluation_time": 2147.024590730667,
  "kg_co2_emissions": null
}