{
  "dataset_revision": "27a168819829fe9bcd655c2df245fb19452e8e06",
  "task_name": "FiQA2018",
  "mteb_version": "1.34.8",
  "scores": {
    "test": [
      {
        "ndcg_at_1": 0.42593,
        "ndcg_at_3": 0.39842,
        "ndcg_at_5": 0.40935,
        "ndcg_at_10": 0.43744,
        "ndcg_at_20": 0.46814,
        "ndcg_at_100": 0.51043,
        "ndcg_at_1000": 0.53927,
        "map_at_1": 0.21153,
        "map_at_3": 0.30601,
        "map_at_5": 0.33283,
        "map_at_10": 0.35526,
        "map_at_20": 0.36693,
        "map_at_100": 0.37666,
        "map_at_1000": 0.37848,
        "recall_at_1": 0.21153,
        "recall_at_3": 0.35967,
        "recall_at_5": 0.42377,
        "recall_at_10": 0.51,
        "recall_at_20": 0.60545,
        "recall_at_100": 0.77255,
        "recall_at_1000": 0.94899,
        "precision_at_1": 0.42593,
        "precision_at_3": 0.27006,
        "precision_at_5": 0.19722,
        "precision_at_10": 0.12407,
        "precision_at_20": 0.07469,
        "precision_at_100": 0.02002,
        "precision_at_1000": 0.00248,
        "mrr_at_1": 0.425926,
        "mrr_at_3": 0.497171,
        "mrr_at_5": 0.508822,
        "mrr_at_10": 0.518089,
        "mrr_at_20": 0.524388,
        "mrr_at_100": 0.526983,
        "mrr_at_1000": 0.527387,
        "nauc_ndcg_at_1_max": 0.387475,
        "nauc_ndcg_at_1_std": -0.061328,
        "nauc_ndcg_at_1_diff1": 0.52332,
        "nauc_ndcg_at_3_max": 0.317433,
        "nauc_ndcg_at_3_std": -0.10453,
        "nauc_ndcg_at_3_diff1": 0.405244,
        "nauc_ndcg_at_5_max": 0.299455,
        "nauc_ndcg_at_5_std": -0.109083,
        "nauc_ndcg_at_5_diff1": 0.386667,
        "nauc_ndcg_at_10_max": 0.307134,
        "nauc_ndcg_at_10_std": -0.108611,
        "nauc_ndcg_at_10_diff1": 0.385113,
        "nauc_ndcg_at_20_max": 0.305582,
        "nauc_ndcg_at_20_std": -0.102757,
        "nauc_ndcg_at_20_diff1": 0.376131,
        "nauc_ndcg_at_100_max": 0.338007,
        "nauc_ndcg_at_100_std": -0.063664,
        "nauc_ndcg_at_100_diff1": 0.389653,
        "nauc_ndcg_at_1000_max": 0.345265,
        "nauc_ndcg_at_1000_std": -0.060717,
        "nauc_ndcg_at_1000_diff1": 0.397736,
        "nauc_map_at_1_max": 0.20682,
        "nauc_map_at_1_std": -0.119753,
        "nauc_map_at_1_diff1": 0.44929,
        "nauc_map_at_3_max": 0.247872,
        "nauc_map_at_3_std": -0.133123,
        "nauc_map_at_3_diff1": 0.404597,
        "nauc_map_at_5_max": 0.262391,
        "nauc_map_at_5_std": -0.127967,
        "nauc_map_at_5_diff1": 0.389399,
        "nauc_map_at_10_max": 0.281872,
        "nauc_map_at_10_std": -0.121441,
        "nauc_map_at_10_diff1": 0.387319,
        "nauc_map_at_20_max": 0.284662,
        "nauc_map_at_20_std": -0.117482,
        "nauc_map_at_20_diff1": 0.384522,
        "nauc_map_at_100_max": 0.293591,
        "nauc_map_at_100_std": -0.10824,
        "nauc_map_at_100_diff1": 0.386944,
        "nauc_map_at_1000_max": 0.294282,
        "nauc_map_at_1000_std": -0.107659,
        "nauc_map_at_1000_diff1": 0.387324,
        "nauc_recall_at_1_max": 0.20682,
        "nauc_recall_at_1_std": -0.119753,
        "nauc_recall_at_1_diff1": 0.44929,
        "nauc_recall_at_3_max": 0.204553,
        "nauc_recall_at_3_std": -0.136079,
        "nauc_recall_at_3_diff1": 0.322812,
        "nauc_recall_at_5_max": 0.210964,
        "nauc_recall_at_5_std": -0.117039,
        "nauc_recall_at_5_diff1": 0.279167,
        "nauc_recall_at_10_max": 0.220427,
        "nauc_recall_at_10_std": -0.126977,
        "nauc_recall_at_10_diff1": 0.256594,
        "nauc_recall_at_20_max": 0.177016,
        "nauc_recall_at_20_std": -0.120832,
        "nauc_recall_at_20_diff1": 0.195686,
        "nauc_recall_at_100_max": 0.286567,
        "nauc_recall_at_100_std": 0.064343,
        "nauc_recall_at_100_diff1": 0.217383,
        "nauc_recall_at_1000_max": 0.428077,
        "nauc_recall_at_1000_std": 0.365883,
        "nauc_recall_at_1000_diff1": 0.16472,
        "nauc_precision_at_1_max": 0.387475,
        "nauc_precision_at_1_std": -0.061328,
        "nauc_precision_at_1_diff1": 0.52332,
        "nauc_precision_at_3_max": 0.362686,
        "nauc_precision_at_3_std": -0.048555,
        "nauc_precision_at_3_diff1": 0.284061,
        "nauc_precision_at_5_max": 0.348418,
        "nauc_precision_at_5_std": -0.025549,
        "nauc_precision_at_5_diff1": 0.212647,
        "nauc_precision_at_10_max": 0.364922,
        "nauc_precision_at_10_std": 0.022394,
        "nauc_precision_at_10_diff1": 0.168764,
        "nauc_precision_at_20_max": 0.342765,
        "nauc_precision_at_20_std": 0.058794,
        "nauc_precision_at_20_diff1": 0.116447,
        "nauc_precision_at_100_max": 0.33896,
        "nauc_precision_at_100_std": 0.163058,
        "nauc_precision_at_100_diff1": 0.074168,
        "nauc_precision_at_1000_max": 0.286969,
        "nauc_precision_at_1000_std": 0.183235,
        "nauc_precision_at_1000_diff1": 0.026191,
        "nauc_mrr_at_1_max": 0.387475,
        "nauc_mrr_at_1_std": -0.061328,
        "nauc_mrr_at_1_diff1": 0.52332,
        "nauc_mrr_at_3_max": 0.383887,
        "nauc_mrr_at_3_std": -0.067509,
        "nauc_mrr_at_3_diff1": 0.474559,
        "nauc_mrr_at_5_max": 0.385824,
        "nauc_mrr_at_5_std": -0.060035,
        "nauc_mrr_at_5_diff1": 0.469573,
        "nauc_mrr_at_10_max": 0.38377,
        "nauc_mrr_at_10_std": -0.062126,
        "nauc_mrr_at_10_diff1": 0.468229,
        "nauc_mrr_at_20_max": 0.382853,
        "nauc_mrr_at_20_std": -0.061955,
        "nauc_mrr_at_20_diff1": 0.466945,
        "nauc_mrr_at_100_max": 0.384103,
        "nauc_mrr_at_100_std": -0.060069,
        "nauc_mrr_at_100_diff1": 0.468677,
        "nauc_mrr_at_1000_max": 0.384082,
        "nauc_mrr_at_1000_std": -0.060068,
        "nauc_mrr_at_1000_diff1": 0.468938,
        "main_score": 0.43744,
        "hf_subset": "default",
        "languages": [
          "eng-Latn"
        ]
      }
    ]
  },
  "evaluation_time": 731.9796373844147,
  "kg_co2_emissions": null
}