{
  "dataset_revision": "ae763399273d8b20506b80cf6f6f9a31a6a2b238",
  "task_name": "MedicalQARetrieval",
  "mteb_version": "1.34.8",
  "scores": {
    "test": [
      {
        "ndcg_at_1": 0.4668,
        "ndcg_at_3": 0.58438,
        "ndcg_at_5": 0.61497,
        "ndcg_at_10": 0.6415,
        "ndcg_at_20": 0.65727,
        "ndcg_at_100": 0.67113,
        "ndcg_at_1000": 0.676,
        "map_at_1": 0.4668,
        "map_at_3": 0.55534,
        "map_at_5": 0.57233,
        "map_at_10": 0.58337,
        "map_at_20": 0.58782,
        "map_at_100": 0.58976,
        "map_at_1000": 0.58997,
        "recall_at_1": 0.4668,
        "recall_at_3": 0.66846,
        "recall_at_5": 0.74268,
        "recall_at_10": 0.82422,
        "recall_at_20": 0.88574,
        "recall_at_100": 0.95996,
        "recall_at_1000": 0.99707,
        "precision_at_1": 0.4668,
        "precision_at_3": 0.22282,
        "precision_at_5": 0.14854,
        "precision_at_10": 0.08242,
        "precision_at_20": 0.04429,
        "precision_at_100": 0.0096,
        "precision_at_1000": 0.001,
        "mrr_at_1": 0.467773,
        "mrr_at_3": 0.556315,
        "mrr_at_5": 0.573161,
        "mrr_at_10": 0.584128,
        "mrr_at_20": 0.588572,
        "mrr_at_100": 0.590519,
        "mrr_at_1000": 0.590723,
        "nauc_ndcg_at_1_max": 0.218003,
        "nauc_ndcg_at_1_std": -0.067118,
        "nauc_ndcg_at_1_diff1": 0.59044,
        "nauc_ndcg_at_3_max": 0.23253,
        "nauc_ndcg_at_3_std": -0.087938,
        "nauc_ndcg_at_3_diff1": 0.517242,
        "nauc_ndcg_at_5_max": 0.240326,
        "nauc_ndcg_at_5_std": -0.08613,
        "nauc_ndcg_at_5_diff1": 0.512826,
        "nauc_ndcg_at_10_max": 0.254833,
        "nauc_ndcg_at_10_std": -0.085793,
        "nauc_ndcg_at_10_diff1": 0.5152,
        "nauc_ndcg_at_20_max": 0.259315,
        "nauc_ndcg_at_20_std": -0.07753,
        "nauc_ndcg_at_20_diff1": 0.5218,
        "nauc_ndcg_at_100_max": 0.255171,
        "nauc_ndcg_at_100_std": -0.073703,
        "nauc_ndcg_at_100_diff1": 0.527047,
        "nauc_ndcg_at_1000_max": 0.246725,
        "nauc_ndcg_at_1000_std": -0.077185,
        "nauc_ndcg_at_1000_diff1": 0.52902,
        "nauc_map_at_1_max": 0.218003,
        "nauc_map_at_1_std": -0.067118,
        "nauc_map_at_1_diff1": 0.59044,
        "nauc_map_at_3_max": 0.228802,
        "nauc_map_at_3_std": -0.082198,
        "nauc_map_at_3_diff1": 0.535556,
        "nauc_map_at_5_max": 0.232689,
        "nauc_map_at_5_std": -0.081048,
        "nauc_map_at_5_diff1": 0.533978,
        "nauc_map_at_10_max": 0.237007,
        "nauc_map_at_10_std": -0.08088,
        "nauc_map_at_10_diff1": 0.535282,
        "nauc_map_at_20_max": 0.237809,
        "nauc_map_at_20_std": -0.078956,
        "nauc_map_at_20_diff1": 0.537227,
        "nauc_map_at_100_max": 0.237267,
        "nauc_map_at_100_std": -0.078561,
        "nauc_map_at_100_diff1": 0.537837,
        "nauc_map_at_1000_max": 0.236994,
        "nauc_map_at_1000_std": -0.07865,
        "nauc_map_at_1000_diff1": 0.537893,
        "nauc_recall_at_1_max": 0.218003,
        "nauc_recall_at_1_std": -0.067118,
        "nauc_recall_at_1_diff1": 0.59044,
        "nauc_recall_at_3_max": 0.244998,
        "nauc_recall_at_3_std": -0.107334,
        "nauc_recall_at_3_diff1": 0.456227,
        "nauc_recall_at_5_max": 0.271865,
        "nauc_recall_at_5_std": -0.105904,
        "nauc_recall_at_5_diff1": 0.429294,
        "nauc_recall_at_10_max": 0.364771,
        "nauc_recall_at_10_std": -0.110809,
        "nauc_recall_at_10_diff1": 0.411286,
        "nauc_recall_at_20_max": 0.457942,
        "nauc_recall_at_20_std": -0.04609,
        "nauc_recall_at_20_diff1": 0.418826,
        "nauc_recall_at_100_max": 0.676045,
        "nauc_recall_at_100_std": 0.139611,
        "nauc_recall_at_100_diff1": 0.412956,
        "nauc_recall_at_1000_max": 0.670093,
        "nauc_recall_at_1000_std": 0.478115,
        "nauc_recall_at_1000_diff1": 0.303793,
        "nauc_precision_at_1_max": 0.218003,
        "nauc_precision_at_1_std": -0.067118,
        "nauc_precision_at_1_diff1": 0.59044,
        "nauc_precision_at_3_max": 0.244998,
        "nauc_precision_at_3_std": -0.107334,
        "nauc_precision_at_3_diff1": 0.456227,
        "nauc_precision_at_5_max": 0.271865,
        "nauc_precision_at_5_std": -0.105904,
        "nauc_precision_at_5_diff1": 0.429294,
        "nauc_precision_at_10_max": 0.364771,
        "nauc_precision_at_10_std": -0.110809,
        "nauc_precision_at_10_diff1": 0.411286,
        "nauc_precision_at_20_max": 0.457942,
        "nauc_precision_at_20_std": -0.04609,
        "nauc_precision_at_20_diff1": 0.418826,
        "nauc_precision_at_100_max": 0.676045,
        "nauc_precision_at_100_std": 0.139611,
        "nauc_precision_at_100_diff1": 0.412956,
        "nauc_precision_at_1000_max": 0.670093,
        "nauc_precision_at_1000_std": 0.478115,
        "nauc_precision_at_1000_diff1": 0.303793,
        "nauc_mrr_at_1_max": 0.220221,
        "nauc_mrr_at_1_std": -0.068209,
        "nauc_mrr_at_1_diff1": 0.587884,
        "nauc_mrr_at_3_max": 0.229742,
        "nauc_mrr_at_3_std": -0.083862,
        "nauc_mrr_at_3_diff1": 0.533018,
        "nauc_mrr_at_5_max": 0.234052,
        "nauc_mrr_at_5_std": -0.082417,
        "nauc_mrr_at_5_diff1": 0.531711,
        "nauc_mrr_at_10_max": 0.238062,
        "nauc_mrr_at_10_std": -0.082227,
        "nauc_mrr_at_10_diff1": 0.533104,
        "nauc_mrr_at_20_max": 0.238878,
        "nauc_mrr_at_20_std": -0.080319,
        "nauc_mrr_at_20_diff1": 0.535022,
        "nauc_mrr_at_100_max": 0.238345,
        "nauc_mrr_at_100_std": -0.079932,
        "nauc_mrr_at_100_diff1": 0.535619,
        "nauc_mrr_at_1000_max": 0.238072,
        "nauc_mrr_at_1000_std": -0.080022,
        "nauc_mrr_at_1000_diff1": 0.535673,
        "main_score": 0.6415,
        "hf_subset": "default",
        "languages": [
          "eng-Latn"
        ]
      }
    ]
  },
  "evaluation_time": 36.38586688041687,
  "kg_co2_emissions": null
}