{
  "dataset_revision": "ec0fa4fe99da2ff19ca1214b7966684033a58814",
  "task_name": "NFCorpus",
  "mteb_version": "1.34.8",
  "scores": {
    "test": [
      {
        "ndcg_at_1": 0.39938,
        "ndcg_at_3": 0.36337,
        "ndcg_at_5": 0.34206,
        "ndcg_at_10": 0.31578,
        "ndcg_at_20": 0.29571,
        "ndcg_at_100": 0.29833,
        "ndcg_at_1000": 0.3878,
        "map_at_1": 0.04824,
        "map_at_3": 0.07994,
        "map_at_5": 0.09408,
        "map_at_10": 0.11131,
        "map_at_20": 0.1242,
        "map_at_100": 0.144,
        "map_at_1000": 0.15947,
        "recall_at_1": 0.04824,
        "recall_at_3": 0.08808,
        "recall_at_5": 0.11771,
        "recall_at_10": 0.15464,
        "recall_at_20": 0.19493,
        "recall_at_100": 0.32087,
        "recall_at_1000": 0.64461,
        "precision_at_1": 0.41486,
        "precision_at_3": 0.34778,
        "precision_at_5": 0.29783,
        "precision_at_10": 0.23808,
        "precision_at_20": 0.17663,
        "precision_at_100": 0.08019,
        "precision_at_1000": 0.02096,
        "mrr_at_1": 0.414861,
        "mrr_at_3": 0.478328,
        "mrr_at_5": 0.493498,
        "mrr_at_10": 0.503488,
        "mrr_at_20": 0.506544,
        "mrr_at_100": 0.509479,
        "mrr_at_1000": 0.509834,
        "nauc_ndcg_at_1_max": 0.423621,
        "nauc_ndcg_at_1_std": 0.270499,
        "nauc_ndcg_at_1_diff1": 0.263973,
        "nauc_ndcg_at_3_max": 0.433962,
        "nauc_ndcg_at_3_std": 0.270353,
        "nauc_ndcg_at_3_diff1": 0.179135,
        "nauc_ndcg_at_5_max": 0.422027,
        "nauc_ndcg_at_5_std": 0.267052,
        "nauc_ndcg_at_5_diff1": 0.146296,
        "nauc_ndcg_at_10_max": 0.400839,
        "nauc_ndcg_at_10_std": 0.26408,
        "nauc_ndcg_at_10_diff1": 0.104981,
        "nauc_ndcg_at_20_max": 0.384775,
        "nauc_ndcg_at_20_std": 0.250291,
        "nauc_ndcg_at_20_diff1": 0.10944,
        "nauc_ndcg_at_100_max": 0.414375,
        "nauc_ndcg_at_100_std": 0.280328,
        "nauc_ndcg_at_100_diff1": 0.122426,
        "nauc_ndcg_at_1000_max": 0.490409,
        "nauc_ndcg_at_1000_std": 0.378937,
        "nauc_ndcg_at_1000_diff1": 0.14282,
        "nauc_map_at_1_max": 0.04248,
        "nauc_map_at_1_std": -0.142517,
        "nauc_map_at_1_diff1": 0.267188,
        "nauc_map_at_3_max": 0.166069,
        "nauc_map_at_3_std": -0.057208,
        "nauc_map_at_3_diff1": 0.218471,
        "nauc_map_at_5_max": 0.194083,
        "nauc_map_at_5_std": -0.029848,
        "nauc_map_at_5_diff1": 0.183572,
        "nauc_map_at_10_max": 0.243707,
        "nauc_map_at_10_std": 0.019264,
        "nauc_map_at_10_diff1": 0.161918,
        "nauc_map_at_20_max": 0.271855,
        "nauc_map_at_20_std": 0.045426,
        "nauc_map_at_20_diff1": 0.16685,
        "nauc_map_at_100_max": 0.311764,
        "nauc_map_at_100_std": 0.116934,
        "nauc_map_at_100_diff1": 0.151049,
        "nauc_map_at_1000_max": 0.323192,
        "nauc_map_at_1000_std": 0.164377,
        "nauc_map_at_1000_diff1": 0.144379,
        "nauc_recall_at_1_max": 0.04248,
        "nauc_recall_at_1_std": -0.142517,
        "nauc_recall_at_1_diff1": 0.267188,
        "nauc_recall_at_3_max": 0.178884,
        "nauc_recall_at_3_std": -0.045948,
        "nauc_recall_at_3_diff1": 0.213986,
        "nauc_recall_at_5_max": 0.17232,
        "nauc_recall_at_5_std": -0.036383,
        "nauc_recall_at_5_diff1": 0.132242,
        "nauc_recall_at_10_max": 0.202527,
        "nauc_recall_at_10_std": 0.025249,
        "nauc_recall_at_10_diff1": 0.068816,
        "nauc_recall_at_20_max": 0.206891,
        "nauc_recall_at_20_std": 0.032499,
        "nauc_recall_at_20_diff1": 0.075873,
        "nauc_recall_at_100_max": 0.232228,
        "nauc_recall_at_100_std": 0.146038,
        "nauc_recall_at_100_diff1": 0.026911,
        "nauc_recall_at_1000_max": 0.246139,
        "nauc_recall_at_1000_std": 0.217395,
        "nauc_recall_at_1000_diff1": 0.049727,
        "nauc_precision_at_1_max": 0.442115,
        "nauc_precision_at_1_std": 0.272641,
        "nauc_precision_at_1_diff1": 0.279147,
        "nauc_precision_at_3_max": 0.459836,
        "nauc_precision_at_3_std": 0.304999,
        "nauc_precision_at_3_diff1": 0.128455,
        "nauc_precision_at_5_max": 0.440749,
        "nauc_precision_at_5_std": 0.324887,
        "nauc_precision_at_5_diff1": 0.066759,
        "nauc_precision_at_10_max": 0.405373,
        "nauc_precision_at_10_std": 0.353689,
        "nauc_precision_at_10_diff1": -0.004375,
        "nauc_precision_at_20_max": 0.351951,
        "nauc_precision_at_20_std": 0.361892,
        "nauc_precision_at_20_diff1": -0.011547,
        "nauc_precision_at_100_max": 0.228215,
        "nauc_precision_at_100_std": 0.414838,
        "nauc_precision_at_100_diff1": -0.069141,
        "nauc_precision_at_1000_max": 0.074412,
        "nauc_precision_at_1000_std": 0.343204,
        "nauc_precision_at_1000_diff1": -0.077315,
        "nauc_mrr_at_1_max": 0.442115,
        "nauc_mrr_at_1_std": 0.272641,
        "nauc_mrr_at_1_diff1": 0.279147,
        "nauc_mrr_at_3_max": 0.487281,
        "nauc_mrr_at_3_std": 0.31575,
        "nauc_mrr_at_3_diff1": 0.257123,
        "nauc_mrr_at_5_max": 0.495138,
        "nauc_mrr_at_5_std": 0.32012,
        "nauc_mrr_at_5_diff1": 0.250595,
        "nauc_mrr_at_10_max": 0.491269,
        "nauc_mrr_at_10_std": 0.322658,
        "nauc_mrr_at_10_diff1": 0.240607,
        "nauc_mrr_at_20_max": 0.49143,
        "nauc_mrr_at_20_std": 0.324249,
        "nauc_mrr_at_20_diff1": 0.242303,
        "nauc_mrr_at_100_max": 0.492147,
        "nauc_mrr_at_100_std": 0.325617,
        "nauc_mrr_at_100_diff1": 0.243559,
        "nauc_mrr_at_1000_max": 0.492025,
        "nauc_mrr_at_1000_std": 0.325454,
        "nauc_mrr_at_1000_diff1": 0.243496,
        "main_score": 0.31578,
        "hf_subset": "default",
        "languages": [
          "eng-Latn"
        ]
      }
    ]
  },
  "evaluation_time": 70.18557953834534,
  "kg_co2_emissions": null
}