{
  "dataset_revision": "0228b52cf27578f30900b9e5271d331663a030d7",
  "task_name": "SciFact",
  "mteb_version": "1.34.8",
  "scores": {
    "test": [
      {
        "ndcg_at_1": 0.39667,
        "ndcg_at_3": 0.44897,
        "ndcg_at_5": 0.47921,
        "ndcg_at_10": 0.50355,
        "ndcg_at_20": 0.52263,
        "ndcg_at_100": 0.55162,
        "ndcg_at_1000": 0.5644,
        "map_at_1": 0.36983,
        "map_at_3": 0.42507,
        "map_at_5": 0.44437,
        "map_at_10": 0.45585,
        "map_at_20": 0.4615,
        "map_at_100": 0.46565,
        "map_at_1000": 0.46613,
        "recall_at_1": 0.36983,
        "recall_at_3": 0.49161,
        "recall_at_5": 0.56506,
        "recall_at_10": 0.636,
        "recall_at_20": 0.70889,
        "recall_at_100": 0.862,
        "recall_at_1000": 0.96333,
        "precision_at_1": 0.39667,
        "precision_at_3": 0.18111,
        "precision_at_5": 0.12733,
        "precision_at_10": 0.07233,
        "precision_at_20": 0.0405,
        "precision_at_100": 0.00983,
        "precision_at_1000": 0.00109,
        "mrr_at_1": 0.396667,
        "mrr_at_3": 0.447222,
        "mrr_at_5": 0.463389,
        "mrr_at_10": 0.472743,
        "mrr_at_20": 0.477377,
        "mrr_at_100": 0.481041,
        "mrr_at_1000": 0.481469,
        "nauc_ndcg_at_1_max": 0.46053,
        "nauc_ndcg_at_1_std": 0.042029,
        "nauc_ndcg_at_1_diff1": 0.576186,
        "nauc_ndcg_at_3_max": 0.46925,
        "nauc_ndcg_at_3_std": 0.005473,
        "nauc_ndcg_at_3_diff1": 0.56096,
        "nauc_ndcg_at_5_max": 0.489592,
        "nauc_ndcg_at_5_std": 0.021716,
        "nauc_ndcg_at_5_diff1": 0.558167,
        "nauc_ndcg_at_10_max": 0.500986,
        "nauc_ndcg_at_10_std": 0.039645,
        "nauc_ndcg_at_10_diff1": 0.54788,
        "nauc_ndcg_at_20_max": 0.499671,
        "nauc_ndcg_at_20_std": 0.057022,
        "nauc_ndcg_at_20_diff1": 0.535127,
        "nauc_ndcg_at_100_max": 0.497394,
        "nauc_ndcg_at_100_std": 0.061031,
        "nauc_ndcg_at_100_diff1": 0.529743,
        "nauc_ndcg_at_1000_max": 0.491353,
        "nauc_ndcg_at_1000_std": 0.054787,
        "nauc_ndcg_at_1000_diff1": 0.531718,
        "nauc_map_at_1_max": 0.401199,
        "nauc_map_at_1_std": -0.029644,
        "nauc_map_at_1_diff1": 0.56298,
        "nauc_map_at_3_max": 0.444798,
        "nauc_map_at_3_std": -0.016586,
        "nauc_map_at_3_diff1": 0.558761,
        "nauc_map_at_5_max": 0.46298,
        "nauc_map_at_5_std": 0.001502,
        "nauc_map_at_5_diff1": 0.561128,
        "nauc_map_at_10_max": 0.47166,
        "nauc_map_at_10_std": 0.01409,
        "nauc_map_at_10_diff1": 0.556616,
        "nauc_map_at_20_max": 0.471712,
        "nauc_map_at_20_std": 0.018805,
        "nauc_map_at_20_diff1": 0.553799,
        "nauc_map_at_100_max": 0.471371,
        "nauc_map_at_100_std": 0.019599,
        "nauc_map_at_100_diff1": 0.552622,
        "nauc_map_at_1000_max": 0.471055,
        "nauc_map_at_1000_std": 0.019362,
        "nauc_map_at_1000_diff1": 0.55263,
        "nauc_recall_at_1_max": 0.401199,
        "nauc_recall_at_1_std": -0.029644,
        "nauc_recall_at_1_diff1": 0.56298,
        "nauc_recall_at_3_max": 0.475512,
        "nauc_recall_at_3_std": -0.013145,
        "nauc_recall_at_3_diff1": 0.549031,
        "nauc_recall_at_5_max": 0.527785,
        "nauc_recall_at_5_std": 0.027182,
        "nauc_recall_at_5_diff1": 0.542314,
        "nauc_recall_at_10_max": 0.554021,
        "nauc_recall_at_10_std": 0.070199,
        "nauc_recall_at_10_diff1": 0.504989,
        "nauc_recall_at_20_max": 0.551569,
        "nauc_recall_at_20_std": 0.159892,
        "nauc_recall_at_20_diff1": 0.431527,
        "nauc_recall_at_100_max": 0.586907,
        "nauc_recall_at_100_std": 0.287544,
        "nauc_recall_at_100_diff1": 0.311206,
        "nauc_recall_at_1000_max": 0.510356,
        "nauc_recall_at_1000_std": 0.492488,
        "nauc_recall_at_1000_diff1": -0.09545,
        "nauc_precision_at_1_max": 0.46053,
        "nauc_precision_at_1_std": 0.042029,
        "nauc_precision_at_1_diff1": 0.576186,
        "nauc_precision_at_3_max": 0.559111,
        "nauc_precision_at_3_std": 0.110166,
        "nauc_precision_at_3_diff1": 0.534558,
        "nauc_precision_at_5_max": 0.588408,
        "nauc_precision_at_5_std": 0.199718,
        "nauc_precision_at_5_diff1": 0.476621,
        "nauc_precision_at_10_max": 0.601259,
        "nauc_precision_at_10_std": 0.278205,
        "nauc_precision_at_10_diff1": 0.392854,
        "nauc_precision_at_20_max": 0.555393,
        "nauc_precision_at_20_std": 0.339228,
        "nauc_precision_at_20_diff1": 0.297529,
        "nauc_precision_at_100_max": 0.488055,
        "nauc_precision_at_100_std": 0.421581,
        "nauc_precision_at_100_diff1": 0.144591,
        "nauc_precision_at_1000_max": 0.384696,
        "nauc_precision_at_1000_std": 0.472208,
        "nauc_precision_at_1000_diff1": -0.004511,
        "nauc_mrr_at_1_max": 0.46053,
        "nauc_mrr_at_1_std": 0.042029,
        "nauc_mrr_at_1_diff1": 0.576186,
        "nauc_mrr_at_3_max": 0.486657,
        "nauc_mrr_at_3_std": 0.051619,
        "nauc_mrr_at_3_diff1": 0.560351,
        "nauc_mrr_at_5_max": 0.495265,
        "nauc_mrr_at_5_std": 0.054454,
        "nauc_mrr_at_5_diff1": 0.558546,
        "nauc_mrr_at_10_max": 0.498345,
        "nauc_mrr_at_10_std": 0.059549,
        "nauc_mrr_at_10_diff1": 0.55547,
        "nauc_mrr_at_20_max": 0.49684,
        "nauc_mrr_at_20_std": 0.063598,
        "nauc_mrr_at_20_diff1": 0.55124,
        "nauc_mrr_at_100_max": 0.495525,
        "nauc_mrr_at_100_std": 0.063094,
        "nauc_mrr_at_100_diff1": 0.550535,
        "nauc_mrr_at_1000_max": 0.4953,
        "nauc_mrr_at_1000_std": 0.062895,
        "nauc_mrr_at_1000_diff1": 0.550601,
        "main_score": 0.50355,
        "hf_subset": "default",
        "languages": [
          "eng-Latn"
        ]
      }
    ]
  },
  "evaluation_time": 99.9617211818695,
  "kg_co2_emissions": null
}