{
  "dataset_revision": "bb9466bac8153a0349341eb1b22e06409e78ef4e",
  "task_name": "TRECCOVID",
  "mteb_version": "1.34.8",
  "scores": {
    "test": [
      {
        "ndcg_at_1": 0.45,
        "ndcg_at_3": 0.45195,
        "ndcg_at_5": 0.42983,
        "ndcg_at_10": 0.39883,
        "ndcg_at_20": 0.37563,
        "ndcg_at_100": 0.28548,
        "ndcg_at_1000": 0.28293,
        "map_at_1": 0.0012,
        "map_at_3": 0.00325,
        "map_at_5": 0.00463,
        "map_at_10": 0.00736,
        "map_at_20": 0.01244,
        "map_at_100": 0.03723,
        "map_at_1000": 0.09149,
        "recall_at_1": 0.0012,
        "recall_at_3": 0.00364,
        "recall_at_5": 0.00568,
        "recall_at_10": 0.00985,
        "recall_at_20": 0.0185,
        "recall_at_100": 0.06744,
        "recall_at_1000": 0.27559,
        "precision_at_1": 0.48,
        "precision_at_3": 0.48,
        "precision_at_5": 0.452,
        "precision_at_10": 0.418,
        "precision_at_20": 0.394,
        "precision_at_100": 0.2876,
        "precision_at_1000": 0.12808,
        "mrr_at_1": 0.48,
        "mrr_at_3": 0.593333,
        "mrr_at_5": 0.622333,
        "mrr_at_10": 0.632968,
        "mrr_at_20": 0.634397,
        "mrr_at_100": 0.636134,
        "mrr_at_1000": 0.636134,
        "nauc_ndcg_at_1_max": 0.491429,
        "nauc_ndcg_at_1_std": 0.43626,
        "nauc_ndcg_at_1_diff1": 0.356459,
        "nauc_ndcg_at_3_max": 0.438521,
        "nauc_ndcg_at_3_std": 0.435643,
        "nauc_ndcg_at_3_diff1": 0.234174,
        "nauc_ndcg_at_5_max": 0.426671,
        "nauc_ndcg_at_5_std": 0.455504,
        "nauc_ndcg_at_5_diff1": 0.139225,
        "nauc_ndcg_at_10_max": 0.403155,
        "nauc_ndcg_at_10_std": 0.514875,
        "nauc_ndcg_at_10_diff1": 0.084473,
        "nauc_ndcg_at_20_max": 0.384602,
        "nauc_ndcg_at_20_std": 0.56188,
        "nauc_ndcg_at_20_diff1": 0.066,
        "nauc_ndcg_at_100_max": 0.367769,
        "nauc_ndcg_at_100_std": 0.633382,
        "nauc_ndcg_at_100_diff1": -0.011873,
        "nauc_ndcg_at_1000_max": 0.305669,
        "nauc_ndcg_at_1000_std": 0.567646,
        "nauc_ndcg_at_1000_diff1": -0.029275,
        "nauc_map_at_1_max": 0.314395,
        "nauc_map_at_1_std": 0.192111,
        "nauc_map_at_1_diff1": 0.232565,
        "nauc_map_at_3_max": 0.301384,
        "nauc_map_at_3_std": 0.190235,
        "nauc_map_at_3_diff1": 0.144329,
        "nauc_map_at_5_max": 0.325701,
        "nauc_map_at_5_std": 0.233497,
        "nauc_map_at_5_diff1": 0.088454,
        "nauc_map_at_10_max": 0.368627,
        "nauc_map_at_10_std": 0.366037,
        "nauc_map_at_10_diff1": 0.020513,
        "nauc_map_at_20_max": 0.400081,
        "nauc_map_at_20_std": 0.468303,
        "nauc_map_at_20_diff1": -0.011456,
        "nauc_map_at_100_max": 0.43116,
        "nauc_map_at_100_std": 0.613637,
        "nauc_map_at_100_diff1": -0.048686,
        "nauc_map_at_1000_max": 0.417771,
        "nauc_map_at_1000_std": 0.676686,
        "nauc_map_at_1000_diff1": -0.046398,
        "nauc_recall_at_1_max": 0.314395,
        "nauc_recall_at_1_std": 0.192111,
        "nauc_recall_at_1_diff1": 0.232565,
        "nauc_recall_at_3_max": 0.274448,
        "nauc_recall_at_3_std": 0.177495,
        "nauc_recall_at_3_diff1": 0.118772,
        "nauc_recall_at_5_max": 0.247103,
        "nauc_recall_at_5_std": 0.171822,
        "nauc_recall_at_5_diff1": 0.052316,
        "nauc_recall_at_10_max": 0.294842,
        "nauc_recall_at_10_std": 0.328515,
        "nauc_recall_at_10_diff1": -0.012459,
        "nauc_recall_at_20_max": 0.244547,
        "nauc_recall_at_20_std": 0.350382,
        "nauc_recall_at_20_diff1": -0.000204,
        "nauc_recall_at_100_max": 0.256334,
        "nauc_recall_at_100_std": 0.441899,
        "nauc_recall_at_100_diff1": -0.084096,
        "nauc_recall_at_1000_max": 0.251065,
        "nauc_recall_at_1000_std": 0.501975,
        "nauc_recall_at_1000_diff1": -0.086352,
        "nauc_precision_at_1_max": 0.492749,
        "nauc_precision_at_1_std": 0.474516,
        "nauc_precision_at_1_diff1": 0.378877,
        "nauc_precision_at_3_max": 0.431874,
        "nauc_precision_at_3_std": 0.47702,
        "nauc_precision_at_3_diff1": 0.189031,
        "nauc_precision_at_5_max": 0.410292,
        "nauc_precision_at_5_std": 0.478694,
        "nauc_precision_at_5_diff1": 0.039108,
        "nauc_precision_at_10_max": 0.373367,
        "nauc_precision_at_10_std": 0.554452,
        "nauc_precision_at_10_diff1": -0.017731,
        "nauc_precision_at_20_max": 0.35727,
        "nauc_precision_at_20_std": 0.598753,
        "nauc_precision_at_20_diff1": -0.003274,
        "nauc_precision_at_100_max": 0.356166,
        "nauc_precision_at_100_std": 0.65338,
        "nauc_precision_at_100_diff1": -0.052098,
        "nauc_precision_at_1000_max": 0.312269,
        "nauc_precision_at_1000_std": 0.606148,
        "nauc_precision_at_1000_diff1": -0.075841,
        "nauc_mrr_at_1_max": 0.492749,
        "nauc_mrr_at_1_std": 0.474516,
        "nauc_mrr_at_1_diff1": 0.378877,
        "nauc_mrr_at_3_max": 0.482894,
        "nauc_mrr_at_3_std": 0.507226,
        "nauc_mrr_at_3_diff1": 0.348779,
        "nauc_mrr_at_5_max": 0.497535,
        "nauc_mrr_at_5_std": 0.509447,
        "nauc_mrr_at_5_diff1": 0.368973,
        "nauc_mrr_at_10_max": 0.49793,
        "nauc_mrr_at_10_std": 0.516557,
        "nauc_mrr_at_10_diff1": 0.360803,
        "nauc_mrr_at_20_max": 0.495964,
        "nauc_mrr_at_20_std": 0.513997,
        "nauc_mrr_at_20_diff1": 0.365698,
        "nauc_mrr_at_100_max": 0.495163,
        "nauc_mrr_at_100_std": 0.51256,
        "nauc_mrr_at_100_diff1": 0.363693,
        "nauc_mrr_at_1000_max": 0.495163,
        "nauc_mrr_at_1000_std": 0.51256,
        "nauc_mrr_at_1000_diff1": 0.363693,
        "main_score": 0.39883,
        "hf_subset": "default",
        "languages": [
          "eng-Latn"
        ]
      }
    ]
  },
  "evaluation_time": 2504.7555243968964,
  "kg_co2_emissions": null
}