{
  "dataset_revision": "f22508f96b7a36c2415181ed8bb76f76e04ae2d5",
  "task_name": "AppsRetrieval",
  "mteb_version": "1.34.8",
  "scores": {
    "test": [
      {
        "ndcg_at_1": 0.0409,
        "ndcg_at_3": 0.06214,
        "ndcg_at_5": 0.06925,
        "ndcg_at_10": 0.07779,
        "ndcg_at_20": 0.08708,
        "ndcg_at_100": 0.1082,
        "ndcg_at_1000": 0.15041,
        "map_at_1": 0.0409,
        "map_at_3": 0.05675,
        "map_at_5": 0.06069,
        "map_at_10": 0.06423,
        "map_at_20": 0.06676,
        "map_at_100": 0.06941,
        "map_at_1000": 0.07062,
        "recall_at_1": 0.0409,
        "recall_at_3": 0.07782,
        "recall_at_5": 0.09509,
        "recall_at_10": 0.12138,
        "recall_at_20": 0.1583,
        "recall_at_100": 0.27623,
        "recall_at_1000": 0.63054,
        "precision_at_1": 0.0409,
        "precision_at_3": 0.02594,
        "precision_at_5": 0.01902,
        "precision_at_10": 0.01214,
        "precision_at_20": 0.00792,
        "precision_at_100": 0.00276,
        "precision_at_1000": 0.00063,
        "mrr_at_1": 0.040903,
        "mrr_at_3": 0.056795,
        "mrr_at_5": 0.060673,
        "mrr_at_10": 0.064211,
        "mrr_at_20": 0.066738,
        "mrr_at_100": 0.069387,
        "mrr_at_1000": 0.070599,
        "nauc_ndcg_at_1_max": 0.346559,
        "nauc_ndcg_at_1_std": -0.029784,
        "nauc_ndcg_at_1_diff1": 0.323622,
        "nauc_ndcg_at_3_max": 0.302851,
        "nauc_ndcg_at_3_std": -0.007323,
        "nauc_ndcg_at_3_diff1": 0.205098,
        "nauc_ndcg_at_5_max": 0.289951,
        "nauc_ndcg_at_5_std": -0.003752,
        "nauc_ndcg_at_5_diff1": 0.180033,
        "nauc_ndcg_at_10_max": 0.287587,
        "nauc_ndcg_at_10_std": 0.002962,
        "nauc_ndcg_at_10_diff1": 0.166412,
        "nauc_ndcg_at_20_max": 0.285645,
        "nauc_ndcg_at_20_std": 0.01484,
        "nauc_ndcg_at_20_diff1": 0.153344,
        "nauc_ndcg_at_100_max": 0.273505,
        "nauc_ndcg_at_100_std": 0.030855,
        "nauc_ndcg_at_100_diff1": 0.138886,
        "nauc_ndcg_at_1000_max": 0.269784,
        "nauc_ndcg_at_1000_std": 0.039634,
        "nauc_ndcg_at_1000_diff1": 0.12233,
        "nauc_map_at_1_max": 0.346559,
        "nauc_map_at_1_std": -0.029784,
        "nauc_map_at_1_diff1": 0.323622,
        "nauc_map_at_3_max": 0.311965,
        "nauc_map_at_3_std": -0.012027,
        "nauc_map_at_3_diff1": 0.226101,
        "nauc_map_at_5_max": 0.303576,
        "nauc_map_at_5_std": -0.009404,
        "nauc_map_at_5_diff1": 0.209162,
        "nauc_map_at_10_max": 0.301649,
        "nauc_map_at_10_std": -0.005727,
        "nauc_map_at_10_diff1": 0.201053,
        "nauc_map_at_20_max": 0.300467,
        "nauc_map_at_20_std": -0.001576,
        "nauc_map_at_20_diff1": 0.195866,
        "nauc_map_at_100_max": 0.297438,
        "nauc_map_at_100_std": 0.001355,
        "nauc_map_at_100_diff1": 0.192567,
        "nauc_map_at_1000_max": 0.297105,
        "nauc_map_at_1000_std": 0.001765,
        "nauc_map_at_1000_diff1": 0.191699,
        "nauc_recall_at_1_max": 0.346559,
        "nauc_recall_at_1_std": -0.029784,
        "nauc_recall_at_1_diff1": 0.323622,
        "nauc_recall_at_3_max": 0.283215,
        "nauc_recall_at_3_std": 0.002816,
        "nauc_recall_at_3_diff1": 0.160778,
        "nauc_recall_at_5_max": 0.262988,
        "nauc_recall_at_5_std": 0.007142,
        "nauc_recall_at_5_diff1": 0.12372,
        "nauc_recall_at_10_max": 0.263197,
        "nauc_recall_at_10_std": 0.0186,
        "nauc_recall_at_10_diff1": 0.105855,
        "nauc_recall_at_20_max": 0.263479,
        "nauc_recall_at_20_std": 0.04412,
        "nauc_recall_at_20_diff1": 0.085351,
        "nauc_recall_at_100_max": 0.240587,
        "nauc_recall_at_100_std": 0.079871,
        "nauc_recall_at_100_diff1": 0.06524,
        "nauc_recall_at_1000_max": 0.224299,
        "nauc_recall_at_1000_std": 0.123829,
        "nauc_recall_at_1000_diff1": -0.011657,
        "nauc_precision_at_1_max": 0.346559,
        "nauc_precision_at_1_std": -0.029784,
        "nauc_precision_at_1_diff1": 0.323622,
        "nauc_precision_at_3_max": 0.283215,
        "nauc_precision_at_3_std": 0.002816,
        "nauc_precision_at_3_diff1": 0.160778,
        "nauc_precision_at_5_max": 0.262988,
        "nauc_precision_at_5_std": 0.007142,
        "nauc_precision_at_5_diff1": 0.12372,
        "nauc_precision_at_10_max": 0.263197,
        "nauc_precision_at_10_std": 0.0186,
        "nauc_precision_at_10_diff1": 0.105855,
        "nauc_precision_at_20_max": 0.263479,
        "nauc_precision_at_20_std": 0.04412,
        "nauc_precision_at_20_diff1": 0.085351,
        "nauc_precision_at_100_max": 0.240587,
        "nauc_precision_at_100_std": 0.079871,
        "nauc_precision_at_100_diff1": 0.06524,
        "nauc_precision_at_1000_max": 0.224299,
        "nauc_precision_at_1000_std": 0.123829,
        "nauc_precision_at_1000_diff1": -0.011657,
        "nauc_mrr_at_1_max": 0.346559,
        "nauc_mrr_at_1_std": -0.029784,
        "nauc_mrr_at_1_diff1": 0.323622,
        "nauc_mrr_at_3_max": 0.311473,
        "nauc_mrr_at_3_std": -0.011238,
        "nauc_mrr_at_3_diff1": 0.226134,
        "nauc_mrr_at_5_max": 0.303803,
        "nauc_mrr_at_5_std": -0.009772,
        "nauc_mrr_at_5_diff1": 0.209326,
        "nauc_mrr_at_10_max": 0.301866,
        "nauc_mrr_at_10_std": -0.006079,
        "nauc_mrr_at_10_diff1": 0.201207,
        "nauc_mrr_at_20_max": 0.300678,
        "nauc_mrr_at_20_std": -0.001917,
        "nauc_mrr_at_20_diff1": 0.196015,
        "nauc_mrr_at_100_max": 0.297643,
        "nauc_mrr_at_100_std": 0.001022,
        "nauc_mrr_at_100_diff1": 0.192711,
        "nauc_mrr_at_1000_max": 0.297311,
        "nauc_mrr_at_1000_std": 0.001432,
        "nauc_mrr_at_1000_diff1": 0.191843,
        "main_score": 0.07779,
        "hf_subset": "default",
        "languages": [
          "eng-Latn",
          "python-Code"
        ]
      }
    ]
  },
  "evaluation_time": 98.8569324016571,
  "kg_co2_emissions": null
}