{
  "dataset_revision": "c22ab2a51041ffd869aaddef7af8d8215647e41a",
  "task_name": "ArguAna",
  "mteb_version": "1.34.8",
  "scores": {
    "test": [
      {
        "ndcg_at_1": 0.31294,
        "ndcg_at_3": 0.46849,
        "ndcg_at_5": 0.5207,
        "ndcg_at_10": 0.57162,
        "ndcg_at_20": 0.59391,
        "ndcg_at_100": 0.60133,
        "ndcg_at_1000": 0.60228,
        "map_at_1": 0.31294,
        "map_at_3": 0.42923,
        "map_at_5": 0.45807,
        "map_at_10": 0.4794,
        "map_at_20": 0.4858,
        "map_at_100": 0.48698,
        "map_at_1000": 0.48702,
        "recall_at_1": 0.31294,
        "recall_at_3": 0.5825,
        "recall_at_5": 0.70982,
        "recall_at_10": 0.86558,
        "recall_at_20": 0.95164,
        "recall_at_100": 0.98933,
        "recall_at_1000": 0.99644,
        "precision_at_1": 0.31294,
        "precision_at_3": 0.19417,
        "precision_at_5": 0.14196,
        "precision_at_10": 0.08656,
        "precision_at_20": 0.04758,
        "precision_at_100": 0.00989,
        "precision_at_1000": 0.001,
        "mrr_at_1": 0.317923,
        "mrr_at_3": 0.430773,
        "mrr_at_5": 0.459791,
        "mrr_at_10": 0.481232,
        "mrr_at_20": 0.487628,
        "mrr_at_100": 0.488814,
        "mrr_at_1000": 0.488857,
        "nauc_ndcg_at_1_max": -0.132748,
        "nauc_ndcg_at_1_std": -0.212477,
        "nauc_ndcg_at_1_diff1": 0.091178,
        "nauc_ndcg_at_3_max": -0.134371,
        "nauc_ndcg_at_3_std": -0.203183,
        "nauc_ndcg_at_3_diff1": 0.051757,
        "nauc_ndcg_at_5_max": -0.118198,
        "nauc_ndcg_at_5_std": -0.203157,
        "nauc_ndcg_at_5_diff1": 0.059751,
        "nauc_ndcg_at_10_max": -0.120097,
        "nauc_ndcg_at_10_std": -0.204289,
        "nauc_ndcg_at_10_diff1": 0.052502,
        "nauc_ndcg_at_20_max": -0.112922,
        "nauc_ndcg_at_20_std": -0.203228,
        "nauc_ndcg_at_20_diff1": 0.060703,
        "nauc_ndcg_at_100_max": -0.119521,
        "nauc_ndcg_at_100_std": -0.201832,
        "nauc_ndcg_at_100_diff1": 0.062031,
        "nauc_ndcg_at_1000_max": -0.122368,
        "nauc_ndcg_at_1000_std": -0.203686,
        "nauc_ndcg_at_1000_diff1": 0.061855,
        "nauc_map_at_1_max": -0.132748,
        "nauc_map_at_1_std": -0.212477,
        "nauc_map_at_1_diff1": 0.091178,
        "nauc_map_at_3_max": -0.134208,
        "nauc_map_at_3_std": -0.205159,
        "nauc_map_at_3_diff1": 0.060569,
        "nauc_map_at_5_max": -0.1261,
        "nauc_map_at_5_std": -0.205364,
        "nauc_map_at_5_diff1": 0.064771,
        "nauc_map_at_10_max": -0.127555,
        "nauc_map_at_10_std": -0.206037,
        "nauc_map_at_10_diff1": 0.062133,
        "nauc_map_at_20_max": -0.12588,
        "nauc_map_at_20_std": -0.205991,
        "nauc_map_at_20_diff1": 0.064011,
        "nauc_map_at_100_max": -0.12656,
        "nauc_map_at_100_std": -0.206017,
        "nauc_map_at_100_diff1": 0.064289,
        "nauc_map_at_1000_max": -0.126681,
        "nauc_map_at_1000_std": -0.20607,
        "nauc_map_at_1000_diff1": 0.064271,
        "nauc_recall_at_1_max": -0.132748,
        "nauc_recall_at_1_std": -0.212477,
        "nauc_recall_at_1_diff1": 0.091178,
        "nauc_recall_at_3_max": -0.134768,
        "nauc_recall_at_3_std": -0.197279,
        "nauc_recall_at_3_diff1": 0.025224,
        "nauc_recall_at_5_max": -0.084949,
        "nauc_recall_at_5_std": -0.194935,
        "nauc_recall_at_5_diff1": 0.043848,
        "nauc_recall_at_10_max": -0.061194,
        "nauc_recall_at_10_std": -0.192675,
        "nauc_recall_at_10_diff1": -0.013414,
        "nauc_recall_at_20_max": 0.17227,
        "nauc_recall_at_20_std": -0.144986,
        "nauc_recall_at_20_diff1": 0.047045,
        "nauc_recall_at_100_max": 0.355241,
        "nauc_recall_at_100_std": 0.286952,
        "nauc_recall_at_100_diff1": 0.113931,
        "nauc_recall_at_1000_max": -0.039184,
        "nauc_recall_at_1000_std": 0.259434,
        "nauc_recall_at_1000_diff1": 0.184725,
        "nauc_precision_at_1_max": -0.132748,
        "nauc_precision_at_1_std": -0.212477,
        "nauc_precision_at_1_diff1": 0.091178,
        "nauc_precision_at_3_max": -0.134768,
        "nauc_precision_at_3_std": -0.197279,
        "nauc_precision_at_3_diff1": 0.025224,
        "nauc_precision_at_5_max": -0.084949,
        "nauc_precision_at_5_std": -0.194935,
        "nauc_precision_at_5_diff1": 0.043848,
        "nauc_precision_at_10_max": -0.061194,
        "nauc_precision_at_10_std": -0.192675,
        "nauc_precision_at_10_diff1": -0.013414,
        "nauc_precision_at_20_max": 0.17227,
        "nauc_precision_at_20_std": -0.144986,
        "nauc_precision_at_20_diff1": 0.047045,
        "nauc_precision_at_100_max": 0.355241,
        "nauc_precision_at_100_std": 0.286952,
        "nauc_precision_at_100_diff1": 0.113931,
        "nauc_precision_at_1000_max": -0.039184,
        "nauc_precision_at_1000_std": 0.259434,
        "nauc_precision_at_1000_diff1": 0.184725,
        "nauc_mrr_at_1_max": -0.133011,
        "nauc_mrr_at_1_std": -0.208404,
        "nauc_mrr_at_1_diff1": 0.076675,
        "nauc_mrr_at_3_max": -0.145107,
        "nauc_mrr_at_3_std": -0.20777,
        "nauc_mrr_at_3_diff1": 0.042244,
        "nauc_mrr_at_5_max": -0.134302,
        "nauc_mrr_at_5_std": -0.203326,
        "nauc_mrr_at_5_diff1": 0.048367,
        "nauc_mrr_at_10_max": -0.134963,
        "nauc_mrr_at_10_std": -0.204421,
        "nauc_mrr_at_10_diff1": 0.04627,
        "nauc_mrr_at_20_max": -0.133517,
        "nauc_mrr_at_20_std": -0.204347,
        "nauc_mrr_at_20_diff1": 0.047762,
        "nauc_mrr_at_100_max": -0.13425,
        "nauc_mrr_at_100_std": -0.204373,
        "nauc_mrr_at_100_diff1": 0.047947,
        "nauc_mrr_at_1000_max": -0.134372,
        "nauc_mrr_at_1000_std": -0.204425,
        "nauc_mrr_at_1000_diff1": 0.047927,
        "main_score": 0.57162,
        "hf_subset": "default",
        "languages": [
          "eng-Latn"
        ]
      }
    ]
  },
  "evaluation_time": 62.014580965042114,
  "kg_co2_emissions": null
}