{
  "dataset_revision": "5d958fb6b31055495347724d46431ba41309b03a",
  "task_name": "ChemNQRetrieval",
  "mteb_version": "1.34.8",
  "scores": {
    "test": [
      {
        "ndcg_at_1": 0.22222,
        "ndcg_at_3": 0.36072,
        "ndcg_at_5": 0.43854,
        "ndcg_at_10": 0.49098,
        "ndcg_at_20": 0.49098,
        "ndcg_at_100": 0.52389,
        "ndcg_at_1000": 0.53159,
        "map_at_1": 0.18519,
        "map_at_3": 0.30556,
        "map_at_5": 0.36019,
        "map_at_10": 0.38223,
        "map_at_20": 0.38223,
        "map_at_100": 0.38724,
        "map_at_1000": 0.38776,
        "recall_at_1": 0.18519,
        "recall_at_3": 0.45679,
        "recall_at_5": 0.62346,
        "recall_at_10": 0.78395,
        "recall_at_20": 0.78395,
        "recall_at_100": 0.95062,
        "recall_at_1000": 1.0,
        "precision_at_1": 0.22222,
        "precision_at_3": 0.18519,
        "precision_at_5": 0.16296,
        "precision_at_10": 0.1,
        "precision_at_20": 0.05,
        "precision_at_100": 0.01222,
        "precision_at_1000": 0.0013,
        "mrr_at_1": 0.222222,
        "mrr_at_3": 0.37037,
        "mrr_at_5": 0.398148,
        "mrr_at_10": 0.416667,
        "mrr_at_20": 0.416667,
        "mrr_at_100": 0.420533,
        "mrr_at_1000": 0.420841,
        "nauc_ndcg_at_1_max": 0.268709,
        "nauc_ndcg_at_1_std": -0.072716,
        "nauc_ndcg_at_1_diff1": -0.14331,
        "nauc_ndcg_at_3_max": 0.024488,
        "nauc_ndcg_at_3_std": -0.217157,
        "nauc_ndcg_at_3_diff1": -0.126295,
        "nauc_ndcg_at_5_max": 0.236974,
        "nauc_ndcg_at_5_std": -0.170184,
        "nauc_ndcg_at_5_diff1": -0.109822,
        "nauc_ndcg_at_10_max": 0.265553,
        "nauc_ndcg_at_10_std": -0.247439,
        "nauc_ndcg_at_10_diff1": -0.113807,
        "nauc_ndcg_at_20_max": 0.265553,
        "nauc_ndcg_at_20_std": -0.247439,
        "nauc_ndcg_at_20_diff1": -0.113807,
        "nauc_ndcg_at_100_max": 0.22196,
        "nauc_ndcg_at_100_std": -0.169616,
        "nauc_ndcg_at_100_diff1": -0.073695,
        "nauc_ndcg_at_1000_max": 0.201972,
        "nauc_ndcg_at_1000_std": -0.164661,
        "nauc_ndcg_at_1000_diff1": -0.081266,
        "nauc_map_at_1_max": 0.223101,
        "nauc_map_at_1_std": -0.071268,
        "nauc_map_at_1_diff1": -0.073258,
        "nauc_map_at_3_max": 0.066616,
        "nauc_map_at_3_std": -0.203437,
        "nauc_map_at_3_diff1": -0.110807,
        "nauc_map_at_5_max": 0.200992,
        "nauc_map_at_5_std": -0.177919,
        "nauc_map_at_5_diff1": -0.105586,
        "nauc_map_at_10_max": 0.20682,
        "nauc_map_at_10_std": -0.199948,
        "nauc_map_at_10_diff1": -0.101293,
        "nauc_map_at_20_max": 0.20682,
        "nauc_map_at_20_std": -0.199948,
        "nauc_map_at_20_diff1": -0.101293,
        "nauc_map_at_100_max": 0.198086,
        "nauc_map_at_100_std": -0.188632,
        "nauc_map_at_100_diff1": -0.097668,
        "nauc_map_at_1000_max": 0.196866,
        "nauc_map_at_1000_std": -0.187923,
        "nauc_map_at_1000_diff1": -0.097552,
        "nauc_recall_at_1_max": 0.223101,
        "nauc_recall_at_1_std": -0.071268,
        "nauc_recall_at_1_diff1": -0.073258,
        "nauc_recall_at_3_max": -0.076798,
        "nauc_recall_at_3_std": -0.312962,
        "nauc_recall_at_3_diff1": -0.180684,
        "nauc_recall_at_5_max": 0.389352,
        "nauc_recall_at_5_std": -0.240422,
        "nauc_recall_at_5_diff1": -0.183607,
        "nauc_recall_at_10_max": 0.604197,
        "nauc_recall_at_10_std": -0.648876,
        "nauc_recall_at_10_diff1": -0.274255,
        "nauc_recall_at_20_max": 0.604197,
        "nauc_recall_at_20_std": -0.648876,
        "nauc_recall_at_20_diff1": -0.274255,
        "nauc_recall_at_100_max": 0.759358,
        "nauc_recall_at_100_std": -0.16617,
        "nauc_recall_at_100_diff1": 0.315668,
        "nauc_recall_at_1000_max": NaN,
        "nauc_recall_at_1000_std": NaN,
        "nauc_recall_at_1000_diff1": NaN,
        "nauc_precision_at_1_max": 0.268709,
        "nauc_precision_at_1_std": -0.072716,
        "nauc_precision_at_1_diff1": -0.14331,
        "nauc_precision_at_3_max": -0.128084,
        "nauc_precision_at_3_std": -0.195577,
        "nauc_precision_at_3_diff1": -0.105854,
        "nauc_precision_at_5_max": 0.225947,
        "nauc_precision_at_5_std": -0.083762,
        "nauc_precision_at_5_diff1": 0.021632,
        "nauc_precision_at_10_max": 0.21237,
        "nauc_precision_at_10_std": -0.122816,
        "nauc_precision_at_10_diff1": 0.119999,
        "nauc_precision_at_20_max": 0.21237,
        "nauc_precision_at_20_std": -0.122816,
        "nauc_precision_at_20_diff1": 0.119999,
        "nauc_precision_at_100_max": -0.051662,
        "nauc_precision_at_100_std": 0.415944,
        "nauc_precision_at_100_diff1": 0.432552,
        "nauc_precision_at_1000_max": -0.199403,
        "nauc_precision_at_1000_std": 0.518042,
        "nauc_precision_at_1000_diff1": 0.472359,
        "nauc_mrr_at_1_max": 0.268709,
        "nauc_mrr_at_1_std": -0.072716,
        "nauc_mrr_at_1_diff1": -0.14331,
        "nauc_mrr_at_3_max": 0.070327,
        "nauc_mrr_at_3_std": -0.111963,
        "nauc_mrr_at_3_diff1": -0.093657,
        "nauc_mrr_at_5_max": 0.174234,
        "nauc_mrr_at_5_std": -0.070143,
        "nauc_mrr_at_5_diff1": -0.070768,
        "nauc_mrr_at_10_max": 0.187674,
        "nauc_mrr_at_10_std": -0.105989,
        "nauc_mrr_at_10_diff1": -0.085273,
        "nauc_mrr_at_20_max": 0.187674,
        "nauc_mrr_at_20_std": -0.105989,
        "nauc_mrr_at_20_diff1": -0.085273,
        "nauc_mrr_at_100_max": 0.181426,
        "nauc_mrr_at_100_std": -0.09916,
        "nauc_mrr_at_100_diff1": -0.083697,
        "nauc_mrr_at_1000_max": 0.180855,
        "nauc_mrr_at_1000_std": -0.099641,
        "nauc_mrr_at_1000_diff1": -0.08484,
        "main_score": 0.49098,
        "hf_subset": "default",
        "languages": [
          "eng-Latn"
        ]
      }
    ]
  },
  "evaluation_time": 78.19817590713501,
  "kg_co2_emissions": null
}