{
  "dataset_revision": "4adc7bc41202b5c13543c9c886a25f340634dab3",
  "task_name": "COIRCodeSearchNetRetrieval",
  "mteb_version": "1.34.8",
  "scores": {
    "test": [
      {
        "ndcg_at_1": 0.85199,
        "ndcg_at_3": 0.89424,
        "ndcg_at_5": 0.90175,
        "ndcg_at_10": 0.90731,
        "ndcg_at_20": 0.91018,
        "ndcg_at_100": 0.91337,
        "ndcg_at_1000": 0.9145,
        "map_at_1": 0.85199,
        "map_at_3": 0.88441,
        "map_at_5": 0.88858,
        "map_at_10": 0.89094,
        "map_at_20": 0.89173,
        "map_at_100": 0.89219,
        "map_at_1000": 0.89223,
        "recall_at_1": 0.85199,
        "recall_at_3": 0.92244,
        "recall_at_5": 0.94068,
        "recall_at_10": 0.95757,
        "recall_at_20": 0.96883,
        "recall_at_100": 0.98579,
        "recall_at_1000": 0.9947,
        "precision_at_1": 0.85199,
        "precision_at_3": 0.30748,
        "precision_at_5": 0.18814,
        "precision_at_10": 0.09576,
        "precision_at_20": 0.04844,
        "precision_at_100": 0.00986,
        "precision_at_1000": 0.00099,
        "mrr_at_1": 0.851924,
        "mrr_at_3": 0.884379,
        "mrr_at_5": 0.888532,
        "mrr_at_10": 0.890896,
        "mrr_at_20": 0.891693,
        "mrr_at_100": 0.892151,
        "mrr_at_1000": 0.892193,
        "nauc_ndcg_at_1_max": 0.761751,
        "nauc_ndcg_at_1_std": -0.085826,
        "nauc_ndcg_at_1_diff1": 0.895166,
        "nauc_ndcg_at_3_max": 0.787882,
        "nauc_ndcg_at_3_std": -0.073637,
        "nauc_ndcg_at_3_diff1": 0.877371,
        "nauc_ndcg_at_5_max": 0.79097,
        "nauc_ndcg_at_5_std": -0.059153,
        "nauc_ndcg_at_5_diff1": 0.878586,
        "nauc_ndcg_at_10_max": 0.792154,
        "nauc_ndcg_at_10_std": -0.050517,
        "nauc_ndcg_at_10_diff1": 0.880199,
        "nauc_ndcg_at_20_max": 0.791389,
        "nauc_ndcg_at_20_std": -0.047743,
        "nauc_ndcg_at_20_diff1": 0.881238,
        "nauc_ndcg_at_100_max": 0.788605,
        "nauc_ndcg_at_100_std": -0.051336,
        "nauc_ndcg_at_100_diff1": 0.881534,
        "nauc_ndcg_at_1000_max": 0.787074,
        "nauc_ndcg_at_1000_std": -0.05441,
        "nauc_ndcg_at_1000_diff1": 0.881881,
        "nauc_map_at_1_max": 0.761751,
        "nauc_map_at_1_std": -0.085826,
        "nauc_map_at_1_diff1": 0.895166,
        "nauc_map_at_3_max": 0.780319,
        "nauc_map_at_3_std": -0.077857,
        "nauc_map_at_3_diff1": 0.88166,
        "nauc_map_at_5_max": 0.781457,
        "nauc_map_at_5_std": -0.071049,
        "nauc_map_at_5_diff1": 0.8824,
        "nauc_map_at_10_max": 0.781721,
        "nauc_map_at_10_std": -0.06825,
        "nauc_map_at_10_diff1": 0.883128,
        "nauc_map_at_20_max": 0.781462,
        "nauc_map_at_20_std": -0.067792,
        "nauc_map_at_20_diff1": 0.883377,
        "nauc_map_at_100_max": 0.781127,
        "nauc_map_at_100_std": -0.068298,
        "nauc_map_at_100_diff1": 0.883446,
        "nauc_map_at_1000_max": 0.781077,
        "nauc_map_at_1000_std": -0.068374,
        "nauc_map_at_1000_diff1": 0.883456,
        "nauc_recall_at_1_max": 0.761751,
        "nauc_recall_at_1_std": -0.085826,
        "nauc_recall_at_1_diff1": 0.895166,
        "nauc_recall_at_3_max": 0.819299,
        "nauc_recall_at_3_std": -0.055673,
        "nauc_recall_at_3_diff1": 0.860099,
        "nauc_recall_at_5_max": 0.841748,
        "nauc_recall_at_5_std": 0.007853,
        "nauc_recall_at_5_diff1": 0.859726,
        "nauc_recall_at_10_max": 0.869022,
        "nauc_recall_at_10_std": 0.091135,
        "nauc_recall_at_10_diff1": 0.861861,
        "nauc_recall_at_20_max": 0.888402,
        "nauc_recall_at_20_std": 0.174188,
        "nauc_recall_at_20_diff1": 0.867067,
        "nauc_recall_at_100_max": 0.913217,
        "nauc_recall_at_100_std": 0.325901,
        "nauc_recall_at_100_diff1": 0.856463,
        "nauc_recall_at_1000_max": 0.934882,
        "nauc_recall_at_1000_std": 0.559895,
        "nauc_recall_at_1000_diff1": 0.857496,
        "nauc_precision_at_1_max": 0.761751,
        "nauc_precision_at_1_std": -0.085826,
        "nauc_precision_at_1_diff1": 0.895166,
        "nauc_precision_at_3_max": 0.819299,
        "nauc_precision_at_3_std": -0.055673,
        "nauc_precision_at_3_diff1": 0.860099,
        "nauc_precision_at_5_max": 0.841748,
        "nauc_precision_at_5_std": 0.007853,
        "nauc_precision_at_5_diff1": 0.859726,
        "nauc_precision_at_10_max": 0.869022,
        "nauc_precision_at_10_std": 0.091135,
        "nauc_precision_at_10_diff1": 0.861861,
        "nauc_precision_at_20_max": 0.888402,
        "nauc_precision_at_20_std": 0.174188,
        "nauc_precision_at_20_diff1": 0.867067,
        "nauc_precision_at_100_max": 0.913217,
        "nauc_precision_at_100_std": 0.325901,
        "nauc_precision_at_100_diff1": 0.856463,
        "nauc_precision_at_1000_max": 0.934882,
        "nauc_precision_at_1000_std": 0.559895,
        "nauc_precision_at_1000_diff1": 0.857496,
        "nauc_mrr_at_1_max": 0.7617,
        "nauc_mrr_at_1_std": -0.085529,
        "nauc_mrr_at_1_diff1": 0.895271,
        "nauc_mrr_at_3_max": 0.780282,
        "nauc_mrr_at_3_std": -0.077671,
        "nauc_mrr_at_3_diff1": 0.881729,
        "nauc_mrr_at_5_max": 0.781373,
        "nauc_mrr_at_5_std": -0.07108,
        "nauc_mrr_at_5_diff1": 0.882491,
        "nauc_mrr_at_10_max": 0.781679,
        "nauc_mrr_at_10_std": -0.068106,
        "nauc_mrr_at_10_diff1": 0.883208,
        "nauc_mrr_at_20_max": 0.78142,
        "nauc_mrr_at_20_std": -0.067648,
        "nauc_mrr_at_20_diff1": 0.883457,
        "nauc_mrr_at_100_max": 0.781085,
        "nauc_mrr_at_100_std": -0.068153,
        "nauc_mrr_at_100_diff1": 0.883526,
        "nauc_mrr_at_1000_max": 0.781035,
        "nauc_mrr_at_1000_std": -0.06823,
        "nauc_mrr_at_1000_diff1": 0.883536,
        "main_score": 0.90731,
        "hf_subset": "python",
        "languages": [
          "python-Code"
        ]
      }
    ]
  },
  "evaluation_time": 809.5490820407867,
  "kg_co2_emissions": null
}