{
  "dataset_revision": "27a168819829fe9bcd655c2df245fb19452e8e06",
  "task_name": "FiQA2018",
  "mteb_version": "1.34.8",
  "scores": {
    "test": [
      {
        "ndcg_at_1": 0.45062,
        "ndcg_at_3": 0.4207,
        "ndcg_at_5": 0.43606,
        "ndcg_at_10": 0.46323,
        "ndcg_at_20": 0.48995,
        "ndcg_at_100": 0.53381,
        "ndcg_at_1000": 0.55879,
        "map_at_1": 0.22773,
        "map_at_3": 0.32951,
        "map_at_5": 0.35935,
        "map_at_10": 0.38107,
        "map_at_20": 0.3926,
        "map_at_100": 0.40194,
        "map_at_1000": 0.40367,
        "recall_at_1": 0.22773,
        "recall_at_3": 0.38145,
        "recall_at_5": 0.45168,
        "recall_at_10": 0.53853,
        "recall_at_20": 0.61934,
        "recall_at_100": 0.79897,
        "recall_at_1000": 0.94544,
        "precision_at_1": 0.45062,
        "precision_at_3": 0.28292,
        "precision_at_5": 0.21204,
        "precision_at_10": 0.13133,
        "precision_at_20": 0.0777,
        "precision_at_100": 0.02042,
        "precision_at_1000": 0.00248,
        "mrr_at_1": 0.450617,
        "mrr_at_3": 0.512603,
        "mrr_at_5": 0.527263,
        "mrr_at_10": 0.53809,
        "mrr_at_20": 0.542775,
        "mrr_at_100": 0.546028,
        "mrr_at_1000": 0.546315,
        "nauc_ndcg_at_1_max": 0.510231,
        "nauc_ndcg_at_1_std": -0.074049,
        "nauc_ndcg_at_1_diff1": 0.612346,
        "nauc_ndcg_at_3_max": 0.434622,
        "nauc_ndcg_at_3_std": -0.092826,
        "nauc_ndcg_at_3_diff1": 0.459442,
        "nauc_ndcg_at_5_max": 0.425691,
        "nauc_ndcg_at_5_std": -0.095319,
        "nauc_ndcg_at_5_diff1": 0.471036,
        "nauc_ndcg_at_10_max": 0.41652,
        "nauc_ndcg_at_10_std": -0.10032,
        "nauc_ndcg_at_10_diff1": 0.476933,
        "nauc_ndcg_at_20_max": 0.425048,
        "nauc_ndcg_at_20_std": -0.088104,
        "nauc_ndcg_at_20_diff1": 0.471601,
        "nauc_ndcg_at_100_max": 0.45866,
        "nauc_ndcg_at_100_std": -0.052467,
        "nauc_ndcg_at_100_diff1": 0.476867,
        "nauc_ndcg_at_1000_max": 0.461465,
        "nauc_ndcg_at_1000_std": -0.052657,
        "nauc_ndcg_at_1000_diff1": 0.481521,
        "nauc_map_at_1_max": 0.267244,
        "nauc_map_at_1_std": -0.113551,
        "nauc_map_at_1_diff1": 0.524887,
        "nauc_map_at_3_max": 0.335498,
        "nauc_map_at_3_std": -0.117542,
        "nauc_map_at_3_diff1": 0.459025,
        "nauc_map_at_5_max": 0.372158,
        "nauc_map_at_5_std": -0.106016,
        "nauc_map_at_5_diff1": 0.457088,
        "nauc_map_at_10_max": 0.389078,
        "nauc_map_at_10_std": -0.107876,
        "nauc_map_at_10_diff1": 0.460221,
        "nauc_map_at_20_max": 0.39856,
        "nauc_map_at_20_std": -0.101613,
        "nauc_map_at_20_diff1": 0.459599,
        "nauc_map_at_100_max": 0.407694,
        "nauc_map_at_100_std": -0.094313,
        "nauc_map_at_100_diff1": 0.461844,
        "nauc_map_at_1000_max": 0.408581,
        "nauc_map_at_1000_std": -0.093865,
        "nauc_map_at_1000_diff1": 0.462215,
        "nauc_recall_at_1_max": 0.267244,
        "nauc_recall_at_1_std": -0.113551,
        "nauc_recall_at_1_diff1": 0.524887,
        "nauc_recall_at_3_max": 0.278695,
        "nauc_recall_at_3_std": -0.121618,
        "nauc_recall_at_3_diff1": 0.377119,
        "nauc_recall_at_5_max": 0.306306,
        "nauc_recall_at_5_std": -0.107117,
        "nauc_recall_at_5_diff1": 0.383411,
        "nauc_recall_at_10_max": 0.30074,
        "nauc_recall_at_10_std": -0.111604,
        "nauc_recall_at_10_diff1": 0.369486,
        "nauc_recall_at_20_max": 0.302081,
        "nauc_recall_at_20_std": -0.082195,
        "nauc_recall_at_20_diff1": 0.335999,
        "nauc_recall_at_100_max": 0.417897,
        "nauc_recall_at_100_std": 0.134718,
        "nauc_recall_at_100_diff1": 0.301609,
        "nauc_recall_at_1000_max": 0.476517,
        "nauc_recall_at_1000_std": 0.416138,
        "nauc_recall_at_1000_diff1": 0.241967,
        "nauc_precision_at_1_max": 0.510231,
        "nauc_precision_at_1_std": -0.074049,
        "nauc_precision_at_1_diff1": 0.612346,
        "nauc_precision_at_3_max": 0.459571,
        "nauc_precision_at_3_std": -0.043905,
        "nauc_precision_at_3_diff1": 0.284633,
        "nauc_precision_at_5_max": 0.481782,
        "nauc_precision_at_5_std": -0.010503,
        "nauc_precision_at_5_diff1": 0.245852,
        "nauc_precision_at_10_max": 0.474295,
        "nauc_precision_at_10_std": 0.007579,
        "nauc_precision_at_10_diff1": 0.216584,
        "nauc_precision_at_20_max": 0.452375,
        "nauc_precision_at_20_std": 0.05408,
        "nauc_precision_at_20_diff1": 0.164271,
        "nauc_precision_at_100_max": 0.428422,
        "nauc_precision_at_100_std": 0.147499,
        "nauc_precision_at_100_diff1": 0.079114,
        "nauc_precision_at_1000_max": 0.335916,
        "nauc_precision_at_1000_std": 0.151387,
        "nauc_precision_at_1000_diff1": 0.010996,
        "nauc_mrr_at_1_max": 0.510231,
        "nauc_mrr_at_1_std": -0.074049,
        "nauc_mrr_at_1_diff1": 0.612346,
        "nauc_mrr_at_3_max": 0.493332,
        "nauc_mrr_at_3_std": -0.077328,
        "nauc_mrr_at_3_diff1": 0.555058,
        "nauc_mrr_at_5_max": 0.497673,
        "nauc_mrr_at_5_std": -0.07753,
        "nauc_mrr_at_5_diff1": 0.562855,
        "nauc_mrr_at_10_max": 0.497178,
        "nauc_mrr_at_10_std": -0.074791,
        "nauc_mrr_at_10_diff1": 0.562535,
        "nauc_mrr_at_20_max": 0.498743,
        "nauc_mrr_at_20_std": -0.07182,
        "nauc_mrr_at_20_diff1": 0.56251,
        "nauc_mrr_at_100_max": 0.500267,
        "nauc_mrr_at_100_std": -0.070418,
        "nauc_mrr_at_100_diff1": 0.563141,
        "nauc_mrr_at_1000_max": 0.500134,
        "nauc_mrr_at_1000_std": -0.070598,
        "nauc_mrr_at_1000_diff1": 0.563284,
        "main_score": 0.46323,
        "hf_subset": "default",
        "languages": [
          "eng-Latn"
        ]
      }
    ]
  },
  "evaluation_time": 299.0707094669342,
  "kg_co2_emissions": null
}