{
  "dataset_revision": "ae763399273d8b20506b80cf6f6f9a31a6a2b238",
  "task_name": "MedicalQARetrieval",
  "mteb_version": "1.34.8",
  "scores": {
    "test": [
      {
        "ndcg_at_1": 0.52686,
        "ndcg_at_3": 0.63537,
        "ndcg_at_5": 0.66654,
        "ndcg_at_10": 0.68754,
        "ndcg_at_20": 0.70106,
        "ndcg_at_100": 0.71254,
        "ndcg_at_1000": 0.71669,
        "map_at_1": 0.52686,
        "map_at_3": 0.60889,
        "map_at_5": 0.62642,
        "map_at_10": 0.63518,
        "map_at_20": 0.63892,
        "map_at_100": 0.64054,
        "map_at_1000": 0.64069,
        "recall_at_1": 0.52686,
        "recall_at_3": 0.71191,
        "recall_at_5": 0.78662,
        "recall_at_10": 0.85107,
        "recall_at_20": 0.9043,
        "recall_at_100": 0.96582,
        "recall_at_1000": 0.99902,
        "precision_at_1": 0.52686,
        "precision_at_3": 0.2373,
        "precision_at_5": 0.15732,
        "precision_at_10": 0.08511,
        "precision_at_20": 0.04521,
        "precision_at_100": 0.00966,
        "precision_at_1000": 0.001,
        "mrr_at_1": 0.526855,
        "mrr_at_3": 0.608968,
        "mrr_at_5": 0.626497,
        "mrr_at_10": 0.63526,
        "mrr_at_20": 0.639002,
        "mrr_at_100": 0.640623,
        "mrr_at_1000": 0.640769,
        "nauc_ndcg_at_1_max": 0.259541,
        "nauc_ndcg_at_1_std": -0.117026,
        "nauc_ndcg_at_1_diff1": 0.520328,
        "nauc_ndcg_at_3_max": 0.27051,
        "nauc_ndcg_at_3_std": -0.123928,
        "nauc_ndcg_at_3_diff1": 0.448751,
        "nauc_ndcg_at_5_max": 0.272947,
        "nauc_ndcg_at_5_std": -0.123593,
        "nauc_ndcg_at_5_diff1": 0.436276,
        "nauc_ndcg_at_10_max": 0.28744,
        "nauc_ndcg_at_10_std": -0.119709,
        "nauc_ndcg_at_10_diff1": 0.434975,
        "nauc_ndcg_at_20_max": 0.289413,
        "nauc_ndcg_at_20_std": -0.108392,
        "nauc_ndcg_at_20_diff1": 0.437537,
        "nauc_ndcg_at_100_max": 0.285333,
        "nauc_ndcg_at_100_std": -0.102421,
        "nauc_ndcg_at_100_diff1": 0.445416,
        "nauc_ndcg_at_1000_max": 0.280009,
        "nauc_ndcg_at_1000_std": -0.110374,
        "nauc_ndcg_at_1000_diff1": 0.450298,
        "nauc_map_at_1_max": 0.259541,
        "nauc_map_at_1_std": -0.117026,
        "nauc_map_at_1_diff1": 0.520328,
        "nauc_map_at_3_max": 0.267393,
        "nauc_map_at_3_std": -0.121716,
        "nauc_map_at_3_diff1": 0.466822,
        "nauc_map_at_5_max": 0.268339,
        "nauc_map_at_5_std": -0.121701,
        "nauc_map_at_5_diff1": 0.461087,
        "nauc_map_at_10_max": 0.273447,
        "nauc_map_at_10_std": -0.120183,
        "nauc_map_at_10_diff1": 0.461232,
        "nauc_map_at_20_max": 0.273775,
        "nauc_map_at_20_std": -0.117259,
        "nauc_map_at_20_diff1": 0.461765,
        "nauc_map_at_100_max": 0.273197,
        "nauc_map_at_100_std": -0.11627,
        "nauc_map_at_100_diff1": 0.462677,
        "nauc_map_at_1000_max": 0.273063,
        "nauc_map_at_1000_std": -0.116488,
        "nauc_map_at_1000_diff1": 0.462827,
        "nauc_recall_at_1_max": 0.259541,
        "nauc_recall_at_1_std": -0.117026,
        "nauc_recall_at_1_diff1": 0.520328,
        "nauc_recall_at_3_max": 0.281405,
        "nauc_recall_at_3_std": -0.131785,
        "nauc_recall_at_3_diff1": 0.386647,
        "nauc_recall_at_5_max": 0.293398,
        "nauc_recall_at_5_std": -0.131293,
        "nauc_recall_at_5_diff1": 0.329538,
        "nauc_recall_at_10_max": 0.37982,
        "nauc_recall_at_10_std": -0.113861,
        "nauc_recall_at_10_diff1": 0.282284,
        "nauc_recall_at_20_max": 0.443562,
        "nauc_recall_at_20_std": -0.006687,
        "nauc_recall_at_20_diff1": 0.240867,
        "nauc_recall_at_100_max": 0.579102,
        "nauc_recall_at_100_std": 0.344869,
        "nauc_recall_at_100_diff1": 0.18011,
        "nauc_recall_at_1000_max": 0.711709,
        "nauc_recall_at_1000_std": 0.934633,
        "nauc_recall_at_1000_diff1": -0.075726,
        "nauc_precision_at_1_max": 0.259541,
        "nauc_precision_at_1_std": -0.117026,
        "nauc_precision_at_1_diff1": 0.520328,
        "nauc_precision_at_3_max": 0.281405,
        "nauc_precision_at_3_std": -0.131785,
        "nauc_precision_at_3_diff1": 0.386647,
        "nauc_precision_at_5_max": 0.293398,
        "nauc_precision_at_5_std": -0.131293,
        "nauc_precision_at_5_diff1": 0.329538,
        "nauc_precision_at_10_max": 0.37982,
        "nauc_precision_at_10_std": -0.113861,
        "nauc_precision_at_10_diff1": 0.282284,
        "nauc_precision_at_20_max": 0.443562,
        "nauc_precision_at_20_std": -0.006687,
        "nauc_precision_at_20_diff1": 0.240867,
        "nauc_precision_at_100_max": 0.579102,
        "nauc_precision_at_100_std": 0.344869,
        "nauc_precision_at_100_diff1": 0.18011,
        "nauc_precision_at_1000_max": 0.711709,
        "nauc_precision_at_1000_std": 0.934633,
        "nauc_precision_at_1000_diff1": -0.075726,
        "nauc_mrr_at_1_max": 0.2604,
        "nauc_mrr_at_1_std": -0.115746,
        "nauc_mrr_at_1_diff1": 0.520328,
        "nauc_mrr_at_3_max": 0.267092,
        "nauc_mrr_at_3_std": -0.120303,
        "nauc_mrr_at_3_diff1": 0.466622,
        "nauc_mrr_at_5_max": 0.268386,
        "nauc_mrr_at_5_std": -0.12039,
        "nauc_mrr_at_5_diff1": 0.460878,
        "nauc_mrr_at_10_max": 0.273496,
        "nauc_mrr_at_10_std": -0.118951,
        "nauc_mrr_at_10_diff1": 0.461017,
        "nauc_mrr_at_20_max": 0.273825,
        "nauc_mrr_at_20_std": -0.116012,
        "nauc_mrr_at_20_diff1": 0.461548,
        "nauc_mrr_at_100_max": 0.273248,
        "nauc_mrr_at_100_std": -0.115019,
        "nauc_mrr_at_100_diff1": 0.462459,
        "nauc_mrr_at_1000_max": 0.273114,
        "nauc_mrr_at_1000_std": -0.115237,
        "nauc_mrr_at_1000_diff1": 0.462609,
        "main_score": 0.68754,
        "hf_subset": "default",
        "languages": [
          "eng-Latn"
        ]
      }
    ]
  },
  "evaluation_time": 15.88790774345398,
  "kg_co2_emissions": null
}