{
  "dataset_revision": "f8c2fcf00f625baaa80f62ec5bd9e1fff3b8ae88",
  "task_name": "SCIDOCS",
  "mteb_version": "1.34.8",
  "scores": {
    "test": [
      {
        "ndcg_at_1": 0.208,
        "ndcg_at_3": 0.17463,
        "ndcg_at_5": 0.15558,
        "ndcg_at_10": 0.19092,
        "ndcg_at_20": 0.21783,
        "ndcg_at_100": 0.26961,
        "ndcg_at_1000": 0.3227,
        "map_at_1": 0.04228,
        "map_at_3": 0.07752,
        "map_at_5": 0.09411,
        "map_at_10": 0.11232,
        "map_at_20": 0.12255,
        "map_at_100": 0.13263,
        "map_at_1000": 0.13573,
        "recall_at_1": 0.04228,
        "recall_at_3": 0.09953,
        "recall_at_5": 0.14028,
        "recall_at_10": 0.20517,
        "recall_at_20": 0.26813,
        "recall_at_100": 0.4369,
        "recall_at_1000": 0.69482,
        "precision_at_1": 0.208,
        "precision_at_3": 0.164,
        "precision_at_5": 0.1386,
        "precision_at_10": 0.1013,
        "precision_at_20": 0.0662,
        "precision_at_100": 0.02154,
        "precision_at_1000": 0.00342,
        "mrr_at_1": 0.208,
        "mrr_at_3": 0.284833,
        "mrr_at_5": 0.305483,
        "mrr_at_10": 0.318124,
        "mrr_at_20": 0.324305,
        "mrr_at_100": 0.329067,
        "mrr_at_1000": 0.329674,
        "nauc_ndcg_at_1_max": 0.240104,
        "nauc_ndcg_at_1_std": -0.015019,
        "nauc_ndcg_at_1_diff1": 0.271963,
        "nauc_ndcg_at_3_max": 0.278904,
        "nauc_ndcg_at_3_std": 0.022024,
        "nauc_ndcg_at_3_diff1": 0.177238,
        "nauc_ndcg_at_5_max": 0.309048,
        "nauc_ndcg_at_5_std": 0.043508,
        "nauc_ndcg_at_5_diff1": 0.161549,
        "nauc_ndcg_at_10_max": 0.335661,
        "nauc_ndcg_at_10_std": 0.079715,
        "nauc_ndcg_at_10_diff1": 0.131374,
        "nauc_ndcg_at_20_max": 0.353556,
        "nauc_ndcg_at_20_std": 0.106,
        "nauc_ndcg_at_20_diff1": 0.12351,
        "nauc_ndcg_at_100_max": 0.383506,
        "nauc_ndcg_at_100_std": 0.154598,
        "nauc_ndcg_at_100_diff1": 0.124565,
        "nauc_ndcg_at_1000_max": 0.386151,
        "nauc_ndcg_at_1000_std": 0.166968,
        "nauc_ndcg_at_1000_diff1": 0.122988,
        "nauc_map_at_1_max": 0.238037,
        "nauc_map_at_1_std": -0.015928,
        "nauc_map_at_1_diff1": 0.272372,
        "nauc_map_at_3_max": 0.271371,
        "nauc_map_at_3_std": 0.006478,
        "nauc_map_at_3_diff1": 0.187037,
        "nauc_map_at_5_max": 0.306006,
        "nauc_map_at_5_std": 0.02886,
        "nauc_map_at_5_diff1": 0.168517,
        "nauc_map_at_10_max": 0.324424,
        "nauc_map_at_10_std": 0.0536,
        "nauc_map_at_10_diff1": 0.138279,
        "nauc_map_at_20_max": 0.337023,
        "nauc_map_at_20_std": 0.069768,
        "nauc_map_at_20_diff1": 0.130413,
        "nauc_map_at_100_max": 0.350737,
        "nauc_map_at_100_std": 0.08908,
        "nauc_map_at_100_diff1": 0.127912,
        "nauc_map_at_1000_max": 0.35186,
        "nauc_map_at_1000_std": 0.091932,
        "nauc_map_at_1000_diff1": 0.128186,
        "nauc_recall_at_1_max": 0.238037,
        "nauc_recall_at_1_std": -0.015928,
        "nauc_recall_at_1_diff1": 0.272372,
        "nauc_recall_at_3_max": 0.282773,
        "nauc_recall_at_3_std": 0.032312,
        "nauc_recall_at_3_diff1": 0.1369,
        "nauc_recall_at_5_max": 0.321121,
        "nauc_recall_at_5_std": 0.06758,
        "nauc_recall_at_5_diff1": 0.109112,
        "nauc_recall_at_10_max": 0.34993,
        "nauc_recall_at_10_std": 0.124485,
        "nauc_recall_at_10_diff1": 0.060221,
        "nauc_recall_at_20_max": 0.362987,
        "nauc_recall_at_20_std": 0.167052,
        "nauc_recall_at_20_diff1": 0.045401,
        "nauc_recall_at_100_max": 0.39867,
        "nauc_recall_at_100_std": 0.269647,
        "nauc_recall_at_100_diff1": 0.04754,
        "nauc_recall_at_1000_max": 0.375859,
        "nauc_recall_at_1000_std": 0.317105,
        "nauc_recall_at_1000_diff1": 0.013883,
        "nauc_precision_at_1_max": 0.240104,
        "nauc_precision_at_1_std": -0.015019,
        "nauc_precision_at_1_diff1": 0.271963,
        "nauc_precision_at_3_max": 0.285231,
        "nauc_precision_at_3_std": 0.035754,
        "nauc_precision_at_3_diff1": 0.134664,
        "nauc_precision_at_5_max": 0.323734,
        "nauc_precision_at_5_std": 0.070429,
        "nauc_precision_at_5_diff1": 0.109147,
        "nauc_precision_at_10_max": 0.350494,
        "nauc_precision_at_10_std": 0.127329,
        "nauc_precision_at_10_diff1": 0.059898,
        "nauc_precision_at_20_max": 0.364408,
        "nauc_precision_at_20_std": 0.169477,
        "nauc_precision_at_20_diff1": 0.044905,
        "nauc_precision_at_100_max": 0.396115,
        "nauc_precision_at_100_std": 0.270346,
        "nauc_precision_at_100_diff1": 0.044156,
        "nauc_precision_at_1000_max": 0.366657,
        "nauc_precision_at_1000_std": 0.315837,
        "nauc_precision_at_1000_diff1": 0.006742,
        "nauc_mrr_at_1_max": 0.240104,
        "nauc_mrr_at_1_std": -0.015019,
        "nauc_mrr_at_1_diff1": 0.271963,
        "nauc_mrr_at_3_max": 0.274088,
        "nauc_mrr_at_3_std": 0.023812,
        "nauc_mrr_at_3_diff1": 0.212219,
        "nauc_mrr_at_5_max": 0.278153,
        "nauc_mrr_at_5_std": 0.032207,
        "nauc_mrr_at_5_diff1": 0.206374,
        "nauc_mrr_at_10_max": 0.285529,
        "nauc_mrr_at_10_std": 0.042133,
        "nauc_mrr_at_10_diff1": 0.205232,
        "nauc_mrr_at_20_max": 0.285469,
        "nauc_mrr_at_20_std": 0.043865,
        "nauc_mrr_at_20_diff1": 0.206261,
        "nauc_mrr_at_100_max": 0.284563,
        "nauc_mrr_at_100_std": 0.043207,
        "nauc_mrr_at_100_diff1": 0.207767,
        "nauc_mrr_at_1000_max": 0.284368,
        "nauc_mrr_at_1000_std": 0.042932,
        "nauc_mrr_at_1000_diff1": 0.207835,
        "main_score": 0.19092,
        "hf_subset": "default",
        "languages": [
          "eng-Latn"
        ]
      }
    ]
  },
  "evaluation_time": 179.9188995361328,
  "kg_co2_emissions": null
}