{
  "dataset_revision": "bb9466bac8153a0349341eb1b22e06409e78ef4e",
  "task_name": "TRECCOVID",
  "mteb_version": "1.34.8",
  "scores": {
    "test": [
      {
        "ndcg_at_1": 0.63,
        "ndcg_at_3": 0.57693,
        "ndcg_at_5": 0.54042,
        "ndcg_at_10": 0.49789,
        "ndcg_at_20": 0.47017,
        "ndcg_at_100": 0.37144,
        "ndcg_at_1000": 0.36019,
        "map_at_1": 0.00183,
        "map_at_3": 0.00455,
        "map_at_5": 0.00678,
        "map_at_10": 0.01104,
        "map_at_20": 0.01857,
        "map_at_100": 0.05757,
        "map_at_1000": 0.14571,
        "recall_at_1": 0.00183,
        "recall_at_3": 0.00496,
        "recall_at_5": 0.00768,
        "recall_at_10": 0.01334,
        "recall_at_20": 0.02532,
        "recall_at_100": 0.09153,
        "recall_at_1000": 0.34517,
        "precision_at_1": 0.68,
        "precision_at_3": 0.61333,
        "precision_at_5": 0.576,
        "precision_at_10": 0.524,
        "precision_at_20": 0.493,
        "precision_at_100": 0.3754,
        "precision_at_1000": 0.15998,
        "mrr_at_1": 0.68,
        "mrr_at_3": 0.756667,
        "mrr_at_5": 0.765667,
        "mrr_at_10": 0.769,
        "mrr_at_20": 0.77597,
        "mrr_at_100": 0.77597,
        "mrr_at_1000": 0.77597,
        "nauc_ndcg_at_1_max": 0.62725,
        "nauc_ndcg_at_1_std": 0.201439,
        "nauc_ndcg_at_1_diff1": -0.031877,
        "nauc_ndcg_at_3_max": 0.498248,
        "nauc_ndcg_at_3_std": 0.292109,
        "nauc_ndcg_at_3_diff1": -0.117666,
        "nauc_ndcg_at_5_max": 0.539299,
        "nauc_ndcg_at_5_std": 0.31132,
        "nauc_ndcg_at_5_diff1": -0.209415,
        "nauc_ndcg_at_10_max": 0.509638,
        "nauc_ndcg_at_10_std": 0.368899,
        "nauc_ndcg_at_10_diff1": -0.188374,
        "nauc_ndcg_at_20_max": 0.52419,
        "nauc_ndcg_at_20_std": 0.357059,
        "nauc_ndcg_at_20_diff1": -0.197354,
        "nauc_ndcg_at_100_max": 0.580145,
        "nauc_ndcg_at_100_std": 0.403854,
        "nauc_ndcg_at_100_diff1": -0.214631,
        "nauc_ndcg_at_1000_max": 0.578324,
        "nauc_ndcg_at_1000_std": 0.431512,
        "nauc_ndcg_at_1000_diff1": -0.251135,
        "nauc_map_at_1_max": 0.144681,
        "nauc_map_at_1_std": 0.017468,
        "nauc_map_at_1_diff1": 0.109091,
        "nauc_map_at_3_max": 0.115447,
        "nauc_map_at_3_std": 0.088693,
        "nauc_map_at_3_diff1": -0.009699,
        "nauc_map_at_5_max": 0.183381,
        "nauc_map_at_5_std": 0.114693,
        "nauc_map_at_5_diff1": -0.08609,
        "nauc_map_at_10_max": 0.276929,
        "nauc_map_at_10_std": 0.232385,
        "nauc_map_at_10_diff1": -0.139888,
        "nauc_map_at_20_max": 0.339924,
        "nauc_map_at_20_std": 0.266893,
        "nauc_map_at_20_diff1": -0.163615,
        "nauc_map_at_100_max": 0.502133,
        "nauc_map_at_100_std": 0.407965,
        "nauc_map_at_100_diff1": -0.197496,
        "nauc_map_at_1000_max": 0.585553,
        "nauc_map_at_1000_std": 0.45602,
        "nauc_map_at_1000_diff1": -0.242837,
        "nauc_recall_at_1_max": 0.144681,
        "nauc_recall_at_1_std": 0.017468,
        "nauc_recall_at_1_diff1": 0.109091,
        "nauc_recall_at_3_max": 0.067171,
        "nauc_recall_at_3_std": 0.089962,
        "nauc_recall_at_3_diff1": 0.018989,
        "nauc_recall_at_5_max": 0.145675,
        "nauc_recall_at_5_std": 0.107374,
        "nauc_recall_at_5_diff1": -0.108411,
        "nauc_recall_at_10_max": 0.236771,
        "nauc_recall_at_10_std": 0.210826,
        "nauc_recall_at_10_diff1": -0.120782,
        "nauc_recall_at_20_max": 0.228884,
        "nauc_recall_at_20_std": 0.181698,
        "nauc_recall_at_20_diff1": -0.111329,
        "nauc_recall_at_100_max": 0.41651,
        "nauc_recall_at_100_std": 0.351732,
        "nauc_recall_at_100_diff1": -0.168691,
        "nauc_recall_at_1000_max": 0.524966,
        "nauc_recall_at_1000_std": 0.38804,
        "nauc_recall_at_1000_diff1": -0.243773,
        "nauc_precision_at_1_max": 0.568413,
        "nauc_precision_at_1_std": 0.215224,
        "nauc_precision_at_1_diff1": 0.013475,
        "nauc_precision_at_3_max": 0.423092,
        "nauc_precision_at_3_std": 0.267653,
        "nauc_precision_at_3_diff1": -0.098774,
        "nauc_precision_at_5_max": 0.504022,
        "nauc_precision_at_5_std": 0.293153,
        "nauc_precision_at_5_diff1": -0.253888,
        "nauc_precision_at_10_max": 0.457194,
        "nauc_precision_at_10_std": 0.356453,
        "nauc_precision_at_10_diff1": -0.209835,
        "nauc_precision_at_20_max": 0.498937,
        "nauc_precision_at_20_std": 0.31517,
        "nauc_precision_at_20_diff1": -0.193457,
        "nauc_precision_at_100_max": 0.591854,
        "nauc_precision_at_100_std": 0.384309,
        "nauc_precision_at_100_diff1": -0.207492,
        "nauc_precision_at_1000_max": 0.548584,
        "nauc_precision_at_1000_std": 0.286401,
        "nauc_precision_at_1000_diff1": -0.244903,
        "nauc_mrr_at_1_max": 0.568413,
        "nauc_mrr_at_1_std": 0.215224,
        "nauc_mrr_at_1_diff1": 0.013475,
        "nauc_mrr_at_3_max": 0.515237,
        "nauc_mrr_at_3_std": 0.284473,
        "nauc_mrr_at_3_diff1": 0.104509,
        "nauc_mrr_at_5_max": 0.523739,
        "nauc_mrr_at_5_std": 0.264926,
        "nauc_mrr_at_5_diff1": 0.067287,
        "nauc_mrr_at_10_max": 0.515897,
        "nauc_mrr_at_10_std": 0.267266,
        "nauc_mrr_at_10_diff1": 0.077673,
        "nauc_mrr_at_20_max": 0.525068,
        "nauc_mrr_at_20_std": 0.26567,
        "nauc_mrr_at_20_diff1": 0.066978,
        "nauc_mrr_at_100_max": 0.525068,
        "nauc_mrr_at_100_std": 0.26567,
        "nauc_mrr_at_100_diff1": 0.066978,
        "nauc_mrr_at_1000_max": 0.525068,
        "nauc_mrr_at_1000_std": 0.26567,
        "nauc_mrr_at_1000_diff1": 0.066978,
        "main_score": 0.49789,
        "hf_subset": "default",
        "languages": [
          "eng-Latn"
        ]
      }
    ]
  },
  "evaluation_time": 1233.5832843780518,
  "kg_co2_emissions": null
}