{
  "dataset_revision": "f22508f96b7a36c2415181ed8bb76f76e04ae2d5",
  "task_name": "AppsRetrieval",
  "mteb_version": "1.34.8",
  "scores": {
    "test": [
      {
        "ndcg_at_1": 0.00584,
        "ndcg_at_3": 0.01109,
        "ndcg_at_5": 0.01357,
        "ndcg_at_10": 0.01746,
        "ndcg_at_20": 0.02138,
        "ndcg_at_100": 0.03165,
        "ndcg_at_1000": 0.05443,
        "map_at_1": 0.00584,
        "map_at_3": 0.00978,
        "map_at_5": 0.01114,
        "map_at_10": 0.01271,
        "map_at_20": 0.01376,
        "map_at_100": 0.015,
        "map_at_1000": 0.01561,
        "recall_at_1": 0.00584,
        "recall_at_3": 0.01487,
        "recall_at_5": 0.02098,
        "recall_at_10": 0.0332,
        "recall_at_20": 0.04887,
        "recall_at_100": 0.10704,
        "recall_at_1000": 0.30146,
        "precision_at_1": 0.00584,
        "precision_at_3": 0.00496,
        "precision_at_5": 0.0042,
        "precision_at_10": 0.00332,
        "precision_at_20": 0.00244,
        "precision_at_100": 0.00107,
        "precision_at_1000": 0.0003,
        "mrr_at_1": 0.005843,
        "mrr_at_3": 0.009783,
        "mrr_at_5": 0.011138,
        "mrr_at_10": 0.012706,
        "mrr_at_20": 0.013761,
        "mrr_at_100": 0.015,
        "mrr_at_1000": 0.015608,
        "nauc_ndcg_at_1_max": 0.503112,
        "nauc_ndcg_at_1_std": 0.109906,
        "nauc_ndcg_at_1_diff1": 0.302163,
        "nauc_ndcg_at_3_max": 0.348834,
        "nauc_ndcg_at_3_std": 0.079216,
        "nauc_ndcg_at_3_diff1": 0.188716,
        "nauc_ndcg_at_5_max": 0.299739,
        "nauc_ndcg_at_5_std": 0.076503,
        "nauc_ndcg_at_5_diff1": 0.142438,
        "nauc_ndcg_at_10_max": 0.291859,
        "nauc_ndcg_at_10_std": 0.094572,
        "nauc_ndcg_at_10_diff1": 0.122232,
        "nauc_ndcg_at_20_max": 0.271559,
        "nauc_ndcg_at_20_std": 0.105514,
        "nauc_ndcg_at_20_diff1": 0.093509,
        "nauc_ndcg_at_100_max": 0.252746,
        "nauc_ndcg_at_100_std": 0.135004,
        "nauc_ndcg_at_100_diff1": 0.057349,
        "nauc_ndcg_at_1000_max": 0.220268,
        "nauc_ndcg_at_1000_std": 0.146811,
        "nauc_ndcg_at_1000_diff1": 0.025205,
        "nauc_map_at_1_max": 0.503112,
        "nauc_map_at_1_std": 0.109906,
        "nauc_map_at_1_diff1": 0.302163,
        "nauc_map_at_3_max": 0.374721,
        "nauc_map_at_3_std": 0.085726,
        "nauc_map_at_3_diff1": 0.207212,
        "nauc_map_at_5_max": 0.337227,
        "nauc_map_at_5_std": 0.081402,
        "nauc_map_at_5_diff1": 0.173668,
        "nauc_map_at_10_max": 0.329479,
        "nauc_map_at_10_std": 0.091916,
        "nauc_map_at_10_diff1": 0.159755,
        "nauc_map_at_20_max": 0.319277,
        "nauc_map_at_20_std": 0.097616,
        "nauc_map_at_20_diff1": 0.144807,
        "nauc_map_at_100_max": 0.311036,
        "nauc_map_at_100_std": 0.104981,
        "nauc_map_at_100_diff1": 0.132767,
        "nauc_map_at_1000_max": 0.307314,
        "nauc_map_at_1000_std": 0.106803,
        "nauc_map_at_1000_diff1": 0.128473,
        "nauc_recall_at_1_max": 0.503112,
        "nauc_recall_at_1_std": 0.109906,
        "nauc_recall_at_1_diff1": 0.302163,
        "nauc_recall_at_3_max": 0.298702,
        "nauc_recall_at_3_std": 0.066293,
        "nauc_recall_at_3_diff1": 0.153024,
        "nauc_recall_at_5_max": 0.238762,
        "nauc_recall_at_5_std": 0.069529,
        "nauc_recall_at_5_diff1": 0.090781,
        "nauc_recall_at_10_max": 0.24586,
        "nauc_recall_at_10_std": 0.099799,
        "nauc_recall_at_10_diff1": 0.074153,
        "nauc_recall_at_20_max": 0.222559,
        "nauc_recall_at_20_std": 0.115244,
        "nauc_recall_at_20_diff1": 0.039611,
        "nauc_recall_at_100_max": 0.216631,
        "nauc_recall_at_100_std": 0.161988,
        "nauc_recall_at_100_diff1": 0.004862,
        "nauc_recall_at_1000_max": 0.173849,
        "nauc_recall_at_1000_std": 0.169682,
        "nauc_recall_at_1000_diff1": -0.028135,
        "nauc_precision_at_1_max": 0.503112,
        "nauc_precision_at_1_std": 0.109906,
        "nauc_precision_at_1_diff1": 0.302163,
        "nauc_precision_at_3_max": 0.298702,
        "nauc_precision_at_3_std": 0.066293,
        "nauc_precision_at_3_diff1": 0.153024,
        "nauc_precision_at_5_max": 0.238762,
        "nauc_precision_at_5_std": 0.069529,
        "nauc_precision_at_5_diff1": 0.090781,
        "nauc_precision_at_10_max": 0.24586,
        "nauc_precision_at_10_std": 0.099799,
        "nauc_precision_at_10_diff1": 0.074153,
        "nauc_precision_at_20_max": 0.222559,
        "nauc_precision_at_20_std": 0.115244,
        "nauc_precision_at_20_diff1": 0.039611,
        "nauc_precision_at_100_max": 0.216631,
        "nauc_precision_at_100_std": 0.161988,
        "nauc_precision_at_100_diff1": 0.004862,
        "nauc_precision_at_1000_max": 0.173849,
        "nauc_precision_at_1000_std": 0.169682,
        "nauc_precision_at_1000_diff1": -0.028135,
        "nauc_mrr_at_1_max": 0.503112,
        "nauc_mrr_at_1_std": 0.109906,
        "nauc_mrr_at_1_diff1": 0.302163,
        "nauc_mrr_at_3_max": 0.374721,
        "nauc_mrr_at_3_std": 0.085726,
        "nauc_mrr_at_3_diff1": 0.207212,
        "nauc_mrr_at_5_max": 0.337227,
        "nauc_mrr_at_5_std": 0.081402,
        "nauc_mrr_at_5_diff1": 0.173668,
        "nauc_mrr_at_10_max": 0.329479,
        "nauc_mrr_at_10_std": 0.091916,
        "nauc_mrr_at_10_diff1": 0.159755,
        "nauc_mrr_at_20_max": 0.319277,
        "nauc_mrr_at_20_std": 0.097616,
        "nauc_mrr_at_20_diff1": 0.144807,
        "nauc_mrr_at_100_max": 0.311036,
        "nauc_mrr_at_100_std": 0.104981,
        "nauc_mrr_at_100_diff1": 0.132767,
        "nauc_mrr_at_1000_max": 0.307314,
        "nauc_mrr_at_1000_std": 0.106803,
        "nauc_mrr_at_1000_diff1": 0.128473,
        "main_score": 0.01746,
        "hf_subset": "default",
        "languages": [
          "eng-Latn",
          "python-Code"
        ]
      }
    ]
  },
  "evaluation_time": 19.85629963874817,
  "kg_co2_emissions": null
}