{
  "dataset_revision": "c22ab2a51041ffd869aaddef7af8d8215647e41a",
  "task_name": "ArguAna",
  "mteb_version": "1.34.8",
  "scores": {
    "test": [
      {
        "ndcg_at_1": 0.22333,
        "ndcg_at_3": 0.36186,
        "ndcg_at_5": 0.4175,
        "ndcg_at_10": 0.47749,
        "ndcg_at_20": 0.50966,
        "ndcg_at_100": 0.52436,
        "ndcg_at_1000": 0.52583,
        "map_at_1": 0.22333,
        "map_at_3": 0.32658,
        "map_at_5": 0.35744,
        "map_at_10": 0.38231,
        "map_at_20": 0.39141,
        "map_at_100": 0.39372,
        "map_at_1000": 0.39378,
        "recall_at_1": 0.22333,
        "recall_at_3": 0.46444,
        "recall_at_5": 0.59957,
        "recall_at_10": 0.7845,
        "recall_at_20": 0.90967,
        "recall_at_100": 0.98506,
        "recall_at_1000": 0.99644,
        "precision_at_1": 0.22333,
        "precision_at_3": 0.15481,
        "precision_at_5": 0.11991,
        "precision_at_10": 0.07845,
        "precision_at_20": 0.04548,
        "precision_at_100": 0.00985,
        "precision_at_1000": 0.001,
        "mrr_at_1": 0.226885,
        "mrr_at_3": 0.327881,
        "mrr_at_5": 0.358713,
        "mrr_at_10": 0.383572,
        "mrr_at_20": 0.392674,
        "mrr_at_100": 0.394983,
        "mrr_at_1000": 0.395041,
        "nauc_ndcg_at_1_max": -0.053494,
        "nauc_ndcg_at_1_std": -0.133288,
        "nauc_ndcg_at_1_diff1": 0.173439,
        "nauc_ndcg_at_3_max": -0.044631,
        "nauc_ndcg_at_3_std": -0.128992,
        "nauc_ndcg_at_3_diff1": 0.106429,
        "nauc_ndcg_at_5_max": -0.047011,
        "nauc_ndcg_at_5_std": -0.133007,
        "nauc_ndcg_at_5_diff1": 0.098312,
        "nauc_ndcg_at_10_max": -0.035389,
        "nauc_ndcg_at_10_std": -0.147873,
        "nauc_ndcg_at_10_diff1": 0.109878,
        "nauc_ndcg_at_20_max": -0.017955,
        "nauc_ndcg_at_20_std": -0.137162,
        "nauc_ndcg_at_20_diff1": 0.115408,
        "nauc_ndcg_at_100_max": -0.030191,
        "nauc_ndcg_at_100_std": -0.126436,
        "nauc_ndcg_at_100_diff1": 0.114289,
        "nauc_ndcg_at_1000_max": -0.033841,
        "nauc_ndcg_at_1000_std": -0.13103,
        "nauc_ndcg_at_1000_diff1": 0.117011,
        "nauc_map_at_1_max": -0.053494,
        "nauc_map_at_1_std": -0.133288,
        "nauc_map_at_1_diff1": 0.173439,
        "nauc_map_at_3_max": -0.045392,
        "nauc_map_at_3_std": -0.128993,
        "nauc_map_at_3_diff1": 0.120517,
        "nauc_map_at_5_max": -0.047201,
        "nauc_map_at_5_std": -0.131814,
        "nauc_map_at_5_diff1": 0.116059,
        "nauc_map_at_10_max": -0.042231,
        "nauc_map_at_10_std": -0.137266,
        "nauc_map_at_10_diff1": 0.122251,
        "nauc_map_at_20_max": -0.038359,
        "nauc_map_at_20_std": -0.134507,
        "nauc_map_at_20_diff1": 0.123552,
        "nauc_map_at_100_max": -0.039665,
        "nauc_map_at_100_std": -0.132791,
        "nauc_map_at_100_diff1": 0.123483,
        "nauc_map_at_1000_max": -0.039788,
        "nauc_map_at_1000_std": -0.132929,
        "nauc_map_at_1000_diff1": 0.123568,
        "nauc_recall_at_1_max": -0.053494,
        "nauc_recall_at_1_std": -0.133288,
        "nauc_recall_at_1_diff1": 0.173439,
        "nauc_recall_at_3_max": -0.043057,
        "nauc_recall_at_3_std": -0.129352,
        "nauc_recall_at_3_diff1": 0.069048,
        "nauc_recall_at_5_max": -0.046742,
        "nauc_recall_at_5_std": -0.136772,
        "nauc_recall_at_5_diff1": 0.045808,
        "nauc_recall_at_10_max": 7.6e-05,
        "nauc_recall_at_10_std": -0.205569,
        "nauc_recall_at_10_diff1": 0.058461,
        "nauc_recall_at_20_max": 0.237303,
        "nauc_recall_at_20_std": -0.154487,
        "nauc_recall_at_20_diff1": 0.066396,
        "nauc_recall_at_100_max": 0.406543,
        "nauc_recall_at_100_std": 0.547933,
        "nauc_recall_at_100_diff1": -0.279652,
        "nauc_recall_at_1000_max": -0.082543,
        "nauc_recall_at_1000_std": 0.285816,
        "nauc_recall_at_1000_diff1": -0.117578,
        "nauc_precision_at_1_max": -0.053494,
        "nauc_precision_at_1_std": -0.133288,
        "nauc_precision_at_1_diff1": 0.173439,
        "nauc_precision_at_3_max": -0.043057,
        "nauc_precision_at_3_std": -0.129352,
        "nauc_precision_at_3_diff1": 0.069048,
        "nauc_precision_at_5_max": -0.046742,
        "nauc_precision_at_5_std": -0.136772,
        "nauc_precision_at_5_diff1": 0.045808,
        "nauc_precision_at_10_max": 7.6e-05,
        "nauc_precision_at_10_std": -0.205569,
        "nauc_precision_at_10_diff1": 0.058461,
        "nauc_precision_at_20_max": 0.237303,
        "nauc_precision_at_20_std": -0.154487,
        "nauc_precision_at_20_diff1": 0.066396,
        "nauc_precision_at_100_max": 0.406543,
        "nauc_precision_at_100_std": 0.547933,
        "nauc_precision_at_100_diff1": -0.279652,
        "nauc_precision_at_1000_max": -0.082543,
        "nauc_precision_at_1000_std": 0.285816,
        "nauc_precision_at_1000_diff1": -0.117578,
        "nauc_mrr_at_1_max": -0.058707,
        "nauc_mrr_at_1_std": -0.131494,
        "nauc_mrr_at_1_diff1": 0.160611,
        "nauc_mrr_at_3_max": -0.054659,
        "nauc_mrr_at_3_std": -0.129649,
        "nauc_mrr_at_3_diff1": 0.108926,
        "nauc_mrr_at_5_max": -0.056071,
        "nauc_mrr_at_5_std": -0.132278,
        "nauc_mrr_at_5_diff1": 0.10427,
        "nauc_mrr_at_10_max": -0.050893,
        "nauc_mrr_at_10_std": -0.13783,
        "nauc_mrr_at_10_diff1": 0.110199,
        "nauc_mrr_at_20_max": -0.047348,
        "nauc_mrr_at_20_std": -0.135104,
        "nauc_mrr_at_20_diff1": 0.111108,
        "nauc_mrr_at_100_max": -0.048736,
        "nauc_mrr_at_100_std": -0.133397,
        "nauc_mrr_at_100_diff1": 0.110914,
        "nauc_mrr_at_1000_max": -0.04886,
        "nauc_mrr_at_1000_std": -0.133535,
        "nauc_mrr_at_1000_diff1": 0.110997,
        "main_score": 0.47749,
        "hf_subset": "default",
        "languages": [
          "eng-Latn"
        ]
      }
    ]
  },
  "evaluation_time": 10.457559823989868,
  "kg_co2_emissions": null
}