{
  "dataset_revision": "5d958fb6b31055495347724d46431ba41309b03a",
  "task_name": "ChemNQRetrieval",
  "mteb_version": "1.34.8",
  "scores": {
    "test": [
      {
        "ndcg_at_1": 0.2963,
        "ndcg_at_3": 0.51438,
        "ndcg_at_5": 0.52316,
        "ndcg_at_10": 0.57996,
        "ndcg_at_20": 0.59984,
        "ndcg_at_100": 0.61216,
        "ndcg_at_1000": 0.61681,
        "map_at_1": 0.25926,
        "map_at_3": 0.4537,
        "map_at_5": 0.45741,
        "map_at_10": 0.48549,
        "map_at_20": 0.49419,
        "map_at_100": 0.49539,
        "map_at_1000": 0.49554,
        "recall_at_1": 0.25926,
        "recall_at_3": 0.64198,
        "recall_at_5": 0.66049,
        "recall_at_10": 0.82716,
        "recall_at_20": 0.88889,
        "recall_at_100": 0.96296,
        "recall_at_1000": 1.0,
        "precision_at_1": 0.2963,
        "precision_at_3": 0.2716,
        "precision_at_5": 0.17037,
        "precision_at_10": 0.10741,
        "precision_at_20": 0.05926,
        "precision_at_100": 0.01259,
        "precision_at_1000": 0.0013,
        "mrr_at_1": 0.296296,
        "mrr_at_3": 0.493827,
        "mrr_at_5": 0.501235,
        "mrr_at_10": 0.515741,
        "mrr_at_20": 0.519108,
        "mrr_at_100": 0.520307,
        "mrr_at_1000": 0.520456,
        "nauc_ndcg_at_1_max": 0.263435,
        "nauc_ndcg_at_1_std": -0.082892,
        "nauc_ndcg_at_1_diff1": 0.364242,
        "nauc_ndcg_at_3_max": 0.310824,
        "nauc_ndcg_at_3_std": -0.063643,
        "nauc_ndcg_at_3_diff1": 0.190466,
        "nauc_ndcg_at_5_max": 0.335812,
        "nauc_ndcg_at_5_std": -0.059584,
        "nauc_ndcg_at_5_diff1": 0.172119,
        "nauc_ndcg_at_10_max": 0.365814,
        "nauc_ndcg_at_10_std": -0.0552,
        "nauc_ndcg_at_10_diff1": 0.269519,
        "nauc_ndcg_at_20_max": 0.351131,
        "nauc_ndcg_at_20_std": -0.088368,
        "nauc_ndcg_at_20_diff1": 0.277987,
        "nauc_ndcg_at_100_max": 0.328868,
        "nauc_ndcg_at_100_std": -0.118235,
        "nauc_ndcg_at_100_diff1": 0.271635,
        "nauc_ndcg_at_1000_max": 0.324115,
        "nauc_ndcg_at_1000_std": -0.095441,
        "nauc_ndcg_at_1000_diff1": 0.269838,
        "nauc_map_at_1_max": 0.171609,
        "nauc_map_at_1_std": -0.089245,
        "nauc_map_at_1_diff1": 0.338451,
        "nauc_map_at_3_max": 0.249829,
        "nauc_map_at_3_std": -0.078258,
        "nauc_map_at_3_diff1": 0.215909,
        "nauc_map_at_5_max": 0.259402,
        "nauc_map_at_5_std": -0.076746,
        "nauc_map_at_5_diff1": 0.208702,
        "nauc_map_at_10_max": 0.28757,
        "nauc_map_at_10_std": -0.078684,
        "nauc_map_at_10_diff1": 0.25867,
        "nauc_map_at_20_max": 0.278785,
        "nauc_map_at_20_std": -0.091734,
        "nauc_map_at_20_diff1": 0.263426,
        "nauc_map_at_100_max": 0.276903,
        "nauc_map_at_100_std": -0.093765,
        "nauc_map_at_100_diff1": 0.263167,
        "nauc_map_at_1000_max": 0.276751,
        "nauc_map_at_1000_std": -0.09316,
        "nauc_map_at_1000_diff1": 0.263116,
        "nauc_recall_at_1_max": 0.171609,
        "nauc_recall_at_1_std": -0.089245,
        "nauc_recall_at_1_diff1": 0.338451,
        "nauc_recall_at_3_max": 0.383489,
        "nauc_recall_at_3_std": 0.000481,
        "nauc_recall_at_3_diff1": 0.046749,
        "nauc_recall_at_5_max": 0.438744,
        "nauc_recall_at_5_std": 0.01221,
        "nauc_recall_at_5_diff1": 0.0006,
        "nauc_recall_at_10_max": 0.638861,
        "nauc_recall_at_10_std": 0.082961,
        "nauc_recall_at_10_diff1": 0.32265,
        "nauc_recall_at_20_max": 0.704053,
        "nauc_recall_at_20_std": -0.075688,
        "nauc_recall_at_20_diff1": 0.398006,
        "nauc_recall_at_100_max": 0.556079,
        "nauc_recall_at_100_std": -1.207917,
        "nauc_recall_at_100_diff1": 0.35755,
        "nauc_recall_at_1000_max": NaN,
        "nauc_recall_at_1000_std": NaN,
        "nauc_recall_at_1000_diff1": NaN,
        "nauc_precision_at_1_max": 0.263435,
        "nauc_precision_at_1_std": -0.082892,
        "nauc_precision_at_1_diff1": 0.364242,
        "nauc_precision_at_3_max": 0.314947,
        "nauc_precision_at_3_std": -0.153768,
        "nauc_precision_at_3_diff1": 0.151102,
        "nauc_precision_at_5_max": 0.385197,
        "nauc_precision_at_5_std": -0.14812,
        "nauc_precision_at_5_diff1": 0.097215,
        "nauc_precision_at_10_max": 0.429421,
        "nauc_precision_at_10_std": -0.108907,
        "nauc_precision_at_10_diff1": 0.216346,
        "nauc_precision_at_20_max": 0.274794,
        "nauc_precision_at_20_std": -0.176675,
        "nauc_precision_at_20_diff1": 0.192774,
        "nauc_precision_at_100_max": 0.187352,
        "nauc_precision_at_100_std": -0.292588,
        "nauc_precision_at_100_diff1": 0.153599,
        "nauc_precision_at_1000_max": 0.15227,
        "nauc_precision_at_1000_std": -0.2055,
        "nauc_precision_at_1000_diff1": 0.134195,
        "nauc_mrr_at_1_max": 0.263435,
        "nauc_mrr_at_1_std": -0.082892,
        "nauc_mrr_at_1_diff1": 0.364242,
        "nauc_mrr_at_3_max": 0.332928,
        "nauc_mrr_at_3_std": -0.072516,
        "nauc_mrr_at_3_diff1": 0.259403,
        "nauc_mrr_at_5_max": 0.353078,
        "nauc_mrr_at_5_std": -0.069466,
        "nauc_mrr_at_5_diff1": 0.246134,
        "nauc_mrr_at_10_max": 0.337961,
        "nauc_mrr_at_10_std": -0.068977,
        "nauc_mrr_at_10_diff1": 0.280099,
        "nauc_mrr_at_20_max": 0.337201,
        "nauc_mrr_at_20_std": -0.073907,
        "nauc_mrr_at_20_diff1": 0.278746,
        "nauc_mrr_at_100_max": 0.335633,
        "nauc_mrr_at_100_std": -0.075791,
        "nauc_mrr_at_100_diff1": 0.278561,
        "nauc_mrr_at_1000_max": 0.335517,
        "nauc_mrr_at_1000_std": -0.075197,
        "nauc_mrr_at_1000_diff1": 0.27852,
        "main_score": 0.57996,
        "hf_subset": "default",
        "languages": [
          "eng-Latn"
        ]
      }
    ]
  },
  "evaluation_time": 11.2870352268219,
  "kg_co2_emissions": null
}