{
  "dataset_revision": "4adc7bc41202b5c13543c9c886a25f340634dab3",
  "task_name": "COIRCodeSearchNetRetrieval",
  "mteb_version": "1.34.8",
  "scores": {
    "test": [
      {
        "ndcg_at_1": 0.707,
        "ndcg_at_3": 0.76203,
        "ndcg_at_5": 0.77327,
        "ndcg_at_10": 0.783,
        "ndcg_at_20": 0.78941,
        "ndcg_at_100": 0.79826,
        "ndcg_at_1000": 0.80354,
        "map_at_1": 0.707,
        "map_at_3": 0.74898,
        "map_at_5": 0.75524,
        "map_at_10": 0.75931,
        "map_at_20": 0.76108,
        "map_at_100": 0.7623,
        "map_at_1000": 0.76248,
        "recall_at_1": 0.707,
        "recall_at_3": 0.79957,
        "recall_at_5": 0.82679,
        "recall_at_10": 0.85662,
        "recall_at_20": 0.88189,
        "recall_at_100": 0.92968,
        "recall_at_1000": 0.97198,
        "precision_at_1": 0.707,
        "precision_at_3": 0.26652,
        "precision_at_5": 0.16536,
        "precision_at_10": 0.08566,
        "precision_at_20": 0.04409,
        "precision_at_100": 0.0093,
        "precision_at_1000": 0.00097,
        "mrr_at_1": 0.706998,
        "mrr_at_3": 0.748983,
        "mrr_at_5": 0.755244,
        "mrr_at_10": 0.759306,
        "mrr_at_20": 0.761077,
        "mrr_at_100": 0.762298,
        "mrr_at_1000": 0.762485,
        "nauc_ndcg_at_1_max": 0.721598,
        "nauc_ndcg_at_1_std": 0.093528,
        "nauc_ndcg_at_1_diff1": 0.850661,
        "nauc_ndcg_at_3_max": 0.747439,
        "nauc_ndcg_at_3_std": 0.13936,
        "nauc_ndcg_at_3_diff1": 0.818865,
        "nauc_ndcg_at_5_max": 0.749027,
        "nauc_ndcg_at_5_std": 0.150604,
        "nauc_ndcg_at_5_diff1": 0.819428,
        "nauc_ndcg_at_10_max": 0.74814,
        "nauc_ndcg_at_10_std": 0.158798,
        "nauc_ndcg_at_10_diff1": 0.817912,
        "nauc_ndcg_at_20_max": 0.747423,
        "nauc_ndcg_at_20_std": 0.163397,
        "nauc_ndcg_at_20_diff1": 0.817062,
        "nauc_ndcg_at_100_max": 0.74681,
        "nauc_ndcg_at_100_std": 0.16633,
        "nauc_ndcg_at_100_diff1": 0.818388,
        "nauc_ndcg_at_1000_max": 0.745591,
        "nauc_ndcg_at_1000_std": 0.159814,
        "nauc_ndcg_at_1000_diff1": 0.820435,
        "nauc_map_at_1_max": 0.721598,
        "nauc_map_at_1_std": 0.093528,
        "nauc_map_at_1_diff1": 0.850661,
        "nauc_map_at_3_max": 0.741353,
        "nauc_map_at_3_std": 0.126993,
        "nauc_map_at_3_diff1": 0.827372,
        "nauc_map_at_5_max": 0.742027,
        "nauc_map_at_5_std": 0.132471,
        "nauc_map_at_5_diff1": 0.827892,
        "nauc_map_at_10_max": 0.741614,
        "nauc_map_at_10_std": 0.135389,
        "nauc_map_at_10_diff1": 0.827486,
        "nauc_map_at_20_max": 0.741403,
        "nauc_map_at_20_std": 0.136379,
        "nauc_map_at_20_diff1": 0.827335,
        "nauc_map_at_100_max": 0.741248,
        "nauc_map_at_100_std": 0.136752,
        "nauc_map_at_100_diff1": 0.827462,
        "nauc_map_at_1000_max": 0.741196,
        "nauc_map_at_1000_std": 0.136531,
        "nauc_map_at_1000_diff1": 0.827527,
        "nauc_recall_at_1_max": 0.721598,
        "nauc_recall_at_1_std": 0.093528,
        "nauc_recall_at_1_diff1": 0.850661,
        "nauc_recall_at_3_max": 0.767941,
        "nauc_recall_at_3_std": 0.181922,
        "nauc_recall_at_3_diff1": 0.789622,
        "nauc_recall_at_5_max": 0.775715,
        "nauc_recall_at_5_std": 0.22253,
        "nauc_recall_at_5_diff1": 0.787031,
        "nauc_recall_at_10_max": 0.776533,
        "nauc_recall_at_10_std": 0.271095,
        "nauc_recall_at_10_diff1": 0.774017,
        "nauc_recall_at_20_max": 0.777093,
        "nauc_recall_at_20_std": 0.321965,
        "nauc_recall_at_20_diff1": 0.76033,
        "nauc_recall_at_100_max": 0.789612,
        "nauc_recall_at_100_std": 0.457857,
        "nauc_recall_at_100_diff1": 0.745748,
        "nauc_recall_at_1000_max": 0.796968,
        "nauc_recall_at_1000_std": 0.569033,
        "nauc_recall_at_1000_diff1": 0.74014,
        "nauc_precision_at_1_max": 0.721598,
        "nauc_precision_at_1_std": 0.093528,
        "nauc_precision_at_1_diff1": 0.850661,
        "nauc_precision_at_3_max": 0.767941,
        "nauc_precision_at_3_std": 0.181922,
        "nauc_precision_at_3_diff1": 0.789622,
        "nauc_precision_at_5_max": 0.775715,
        "nauc_precision_at_5_std": 0.22253,
        "nauc_precision_at_5_diff1": 0.787031,
        "nauc_precision_at_10_max": 0.776533,
        "nauc_precision_at_10_std": 0.271095,
        "nauc_precision_at_10_diff1": 0.774017,
        "nauc_precision_at_20_max": 0.777093,
        "nauc_precision_at_20_std": 0.321965,
        "nauc_precision_at_20_diff1": 0.76033,
        "nauc_precision_at_100_max": 0.789612,
        "nauc_precision_at_100_std": 0.457857,
        "nauc_precision_at_100_diff1": 0.745748,
        "nauc_precision_at_1000_max": 0.796968,
        "nauc_precision_at_1000_std": 0.569033,
        "nauc_precision_at_1000_diff1": 0.74014,
        "nauc_mrr_at_1_max": 0.721598,
        "nauc_mrr_at_1_std": 0.093528,
        "nauc_mrr_at_1_diff1": 0.850661,
        "nauc_mrr_at_3_max": 0.741353,
        "nauc_mrr_at_3_std": 0.126993,
        "nauc_mrr_at_3_diff1": 0.827372,
        "nauc_mrr_at_5_max": 0.742027,
        "nauc_mrr_at_5_std": 0.132471,
        "nauc_mrr_at_5_diff1": 0.827892,
        "nauc_mrr_at_10_max": 0.741614,
        "nauc_mrr_at_10_std": 0.135389,
        "nauc_mrr_at_10_diff1": 0.827486,
        "nauc_mrr_at_20_max": 0.741403,
        "nauc_mrr_at_20_std": 0.136379,
        "nauc_mrr_at_20_diff1": 0.827335,
        "nauc_mrr_at_100_max": 0.741248,
        "nauc_mrr_at_100_std": 0.136752,
        "nauc_mrr_at_100_diff1": 0.827462,
        "nauc_mrr_at_1000_max": 0.741196,
        "nauc_mrr_at_1000_std": 0.136531,
        "nauc_mrr_at_1000_diff1": 0.827527,
        "main_score": 0.783,
        "hf_subset": "python",
        "languages": [
          "python-Code"
        ]
      }
    ]
  },
  "evaluation_time": 215.11252236366272,
  "kg_co2_emissions": null
}