{
  "dataset_revision": "27a168819829fe9bcd655c2df245fb19452e8e06",
  "task_name": "FiQA2018",
  "mteb_version": "1.34.8",
  "scores": {
    "test": [
      {
        "ndcg_at_1": 0.37809,
        "ndcg_at_3": 0.34734,
        "ndcg_at_5": 0.35672,
        "ndcg_at_10": 0.39152,
        "ndcg_at_20": 0.42072,
        "ndcg_at_100": 0.46297,
        "ndcg_at_1000": 0.49499,
        "map_at_1": 0.18502,
        "map_at_3": 0.26465,
        "map_at_5": 0.28632,
        "map_at_10": 0.3088,
        "map_at_20": 0.32022,
        "map_at_100": 0.32885,
        "map_at_1000": 0.33083,
        "recall_at_1": 0.18502,
        "recall_at_3": 0.31546,
        "recall_at_5": 0.36832,
        "recall_at_10": 0.47166,
        "recall_at_20": 0.56187,
        "recall_at_100": 0.73579,
        "recall_at_1000": 0.92705,
        "precision_at_1": 0.37809,
        "precision_at_3": 0.23302,
        "precision_at_5": 0.1713,
        "precision_at_10": 0.11358,
        "precision_at_20": 0.06898,
        "precision_at_100": 0.01858,
        "precision_at_1000": 0.00242,
        "mrr_at_1": 0.378086,
        "mrr_at_3": 0.442644,
        "mrr_at_5": 0.454295,
        "mrr_at_10": 0.468318,
        "mrr_at_20": 0.473747,
        "mrr_at_100": 0.476871,
        "mrr_at_1000": 0.477336,
        "nauc_ndcg_at_1_max": 0.355526,
        "nauc_ndcg_at_1_std": -0.008484,
        "nauc_ndcg_at_1_diff1": 0.372845,
        "nauc_ndcg_at_3_max": 0.335447,
        "nauc_ndcg_at_3_std": -0.014727,
        "nauc_ndcg_at_3_diff1": 0.314179,
        "nauc_ndcg_at_5_max": 0.321683,
        "nauc_ndcg_at_5_std": -0.021085,
        "nauc_ndcg_at_5_diff1": 0.307484,
        "nauc_ndcg_at_10_max": 0.3145,
        "nauc_ndcg_at_10_std": -0.016614,
        "nauc_ndcg_at_10_diff1": 0.293764,
        "nauc_ndcg_at_20_max": 0.324318,
        "nauc_ndcg_at_20_std": 0.000586,
        "nauc_ndcg_at_20_diff1": 0.290881,
        "nauc_ndcg_at_100_max": 0.348865,
        "nauc_ndcg_at_100_std": 0.035029,
        "nauc_ndcg_at_100_diff1": 0.2855,
        "nauc_ndcg_at_1000_max": 0.350228,
        "nauc_ndcg_at_1000_std": 0.022297,
        "nauc_ndcg_at_1000_diff1": 0.296944,
        "nauc_map_at_1_max": 0.239991,
        "nauc_map_at_1_std": -0.057397,
        "nauc_map_at_1_diff1": 0.361007,
        "nauc_map_at_3_max": 0.277983,
        "nauc_map_at_3_std": -0.043987,
        "nauc_map_at_3_diff1": 0.316433,
        "nauc_map_at_5_max": 0.294549,
        "nauc_map_at_5_std": -0.040876,
        "nauc_map_at_5_diff1": 0.312189,
        "nauc_map_at_10_max": 0.301961,
        "nauc_map_at_10_std": -0.036481,
        "nauc_map_at_10_diff1": 0.304655,
        "nauc_map_at_20_max": 0.306905,
        "nauc_map_at_20_std": -0.030104,
        "nauc_map_at_20_diff1": 0.304474,
        "nauc_map_at_100_max": 0.314137,
        "nauc_map_at_100_std": -0.02184,
        "nauc_map_at_100_diff1": 0.304319,
        "nauc_map_at_1000_max": 0.3146,
        "nauc_map_at_1000_std": -0.022042,
        "nauc_map_at_1000_diff1": 0.304582,
        "nauc_recall_at_1_max": 0.239991,
        "nauc_recall_at_1_std": -0.057397,
        "nauc_recall_at_1_diff1": 0.361007,
        "nauc_recall_at_3_max": 0.256275,
        "nauc_recall_at_3_std": -0.012334,
        "nauc_recall_at_3_diff1": 0.258031,
        "nauc_recall_at_5_max": 0.259137,
        "nauc_recall_at_5_std": -0.013282,
        "nauc_recall_at_5_diff1": 0.241354,
        "nauc_recall_at_10_max": 0.232191,
        "nauc_recall_at_10_std": -0.010913,
        "nauc_recall_at_10_diff1": 0.183484,
        "nauc_recall_at_20_max": 0.246158,
        "nauc_recall_at_20_std": 0.032933,
        "nauc_recall_at_20_diff1": 0.16089,
        "nauc_recall_at_100_max": 0.3158,
        "nauc_recall_at_100_std": 0.201515,
        "nauc_recall_at_100_diff1": 0.089069,
        "nauc_recall_at_1000_max": 0.356116,
        "nauc_recall_at_1000_std": 0.208901,
        "nauc_recall_at_1000_diff1": 0.098377,
        "nauc_precision_at_1_max": 0.355526,
        "nauc_precision_at_1_std": -0.008484,
        "nauc_precision_at_1_diff1": 0.372845,
        "nauc_precision_at_3_max": 0.342522,
        "nauc_precision_at_3_std": 0.010382,
        "nauc_precision_at_3_diff1": 0.219584,
        "nauc_precision_at_5_max": 0.343084,
        "nauc_precision_at_5_std": 0.016424,
        "nauc_precision_at_5_diff1": 0.182504,
        "nauc_precision_at_10_max": 0.332102,
        "nauc_precision_at_10_std": 0.052967,
        "nauc_precision_at_10_diff1": 0.126724,
        "nauc_precision_at_20_max": 0.325259,
        "nauc_precision_at_20_std": 0.106628,
        "nauc_precision_at_20_diff1": 0.094351,
        "nauc_precision_at_100_max": 0.31874,
        "nauc_precision_at_100_std": 0.178908,
        "nauc_precision_at_100_diff1": 0.028217,
        "nauc_precision_at_1000_max": 0.229433,
        "nauc_precision_at_1000_std": 0.120646,
        "nauc_precision_at_1000_diff1": -0.006318,
        "nauc_mrr_at_1_max": 0.355526,
        "nauc_mrr_at_1_std": -0.008484,
        "nauc_mrr_at_1_diff1": 0.372845,
        "nauc_mrr_at_3_max": 0.352073,
        "nauc_mrr_at_3_std": 0.00637,
        "nauc_mrr_at_3_diff1": 0.345065,
        "nauc_mrr_at_5_max": 0.349835,
        "nauc_mrr_at_5_std": 0.006015,
        "nauc_mrr_at_5_diff1": 0.340934,
        "nauc_mrr_at_10_max": 0.349472,
        "nauc_mrr_at_10_std": 0.006528,
        "nauc_mrr_at_10_diff1": 0.337594,
        "nauc_mrr_at_20_max": 0.352745,
        "nauc_mrr_at_20_std": 0.011237,
        "nauc_mrr_at_20_diff1": 0.336522,
        "nauc_mrr_at_100_max": 0.353521,
        "nauc_mrr_at_100_std": 0.012881,
        "nauc_mrr_at_100_diff1": 0.33591,
        "nauc_mrr_at_1000_max": 0.353398,
        "nauc_mrr_at_1000_std": 0.012384,
        "nauc_mrr_at_1000_diff1": 0.336361,
        "main_score": 0.39152,
        "hf_subset": "default",
        "languages": [
          "eng-Latn"
        ]
      }
    ]
  },
  "evaluation_time": 44.19855499267578,
  "kg_co2_emissions": null
}