{
  "dataset_revision": "ae763399273d8b20506b80cf6f6f9a31a6a2b238",
  "task_name": "MedicalQARetrieval",
  "mteb_version": "1.34.8",
  "scores": {
    "test": [
      {
        "ndcg_at_1": 0.41797,
        "ndcg_at_3": 0.55013,
        "ndcg_at_5": 0.58833,
        "ndcg_at_10": 0.61583,
        "ndcg_at_20": 0.63081,
        "ndcg_at_100": 0.64421,
        "ndcg_at_1000": 0.64977,
        "map_at_1": 0.41797,
        "map_at_3": 0.51693,
        "map_at_5": 0.53824,
        "map_at_10": 0.54978,
        "map_at_20": 0.55392,
        "map_at_100": 0.55594,
        "map_at_1000": 0.55616,
        "recall_at_1": 0.41797,
        "recall_at_3": 0.64648,
        "recall_at_5": 0.73877,
        "recall_at_10": 0.82275,
        "recall_at_20": 0.88184,
        "recall_at_100": 0.95166,
        "recall_at_1000": 0.99463,
        "precision_at_1": 0.41797,
        "precision_at_3": 0.21549,
        "precision_at_5": 0.14775,
        "precision_at_10": 0.08228,
        "precision_at_20": 0.04409,
        "precision_at_100": 0.00952,
        "precision_at_1000": 0.00099,
        "mrr_at_1": 0.41748,
        "mrr_at_3": 0.516846,
        "mrr_at_5": 0.538159,
        "mrr_at_10": 0.549621,
        "mrr_at_20": 0.553753,
        "mrr_at_100": 0.555773,
        "mrr_at_1000": 0.555996,
        "nauc_ndcg_at_1_max": 0.194866,
        "nauc_ndcg_at_1_std": -0.165016,
        "nauc_ndcg_at_1_diff1": 0.450184,
        "nauc_ndcg_at_3_max": 0.161211,
        "nauc_ndcg_at_3_std": -0.171045,
        "nauc_ndcg_at_3_diff1": 0.38003,
        "nauc_ndcg_at_5_max": 0.159731,
        "nauc_ndcg_at_5_std": -0.177406,
        "nauc_ndcg_at_5_diff1": 0.366772,
        "nauc_ndcg_at_10_max": 0.187126,
        "nauc_ndcg_at_10_std": -0.161019,
        "nauc_ndcg_at_10_diff1": 0.35693,
        "nauc_ndcg_at_20_max": 0.193522,
        "nauc_ndcg_at_20_std": -0.146413,
        "nauc_ndcg_at_20_diff1": 0.358992,
        "nauc_ndcg_at_100_max": 0.187311,
        "nauc_ndcg_at_100_std": -0.145197,
        "nauc_ndcg_at_100_diff1": 0.366173,
        "nauc_ndcg_at_1000_max": 0.183167,
        "nauc_ndcg_at_1000_std": -0.152871,
        "nauc_ndcg_at_1000_diff1": 0.375508,
        "nauc_map_at_1_max": 0.194866,
        "nauc_map_at_1_std": -0.165016,
        "nauc_map_at_1_diff1": 0.450184,
        "nauc_map_at_3_max": 0.168201,
        "nauc_map_at_3_std": -0.170017,
        "nauc_map_at_3_diff1": 0.399094,
        "nauc_map_at_5_max": 0.167803,
        "nauc_map_at_5_std": -0.173126,
        "nauc_map_at_5_diff1": 0.392758,
        "nauc_map_at_10_max": 0.178582,
        "nauc_map_at_10_std": -0.166673,
        "nauc_map_at_10_diff1": 0.389617,
        "nauc_map_at_20_max": 0.180169,
        "nauc_map_at_20_std": -0.163169,
        "nauc_map_at_20_diff1": 0.39044,
        "nauc_map_at_100_max": 0.17939,
        "nauc_map_at_100_std": -0.16293,
        "nauc_map_at_100_diff1": 0.39137,
        "nauc_map_at_1000_max": 0.179274,
        "nauc_map_at_1000_std": -0.163111,
        "nauc_map_at_1000_diff1": 0.391678,
        "nauc_recall_at_1_max": 0.194866,
        "nauc_recall_at_1_std": -0.165016,
        "nauc_recall_at_1_diff1": 0.450184,
        "nauc_recall_at_3_max": 0.138917,
        "nauc_recall_at_3_std": -0.174188,
        "nauc_recall_at_3_diff1": 0.316539,
        "nauc_recall_at_5_max": 0.128288,
        "nauc_recall_at_5_std": -0.195619,
        "nauc_recall_at_5_diff1": 0.260848,
        "nauc_recall_at_10_max": 0.251511,
        "nauc_recall_at_10_std": -0.122007,
        "nauc_recall_at_10_diff1": 0.17241,
        "nauc_recall_at_20_max": 0.333904,
        "nauc_recall_at_20_std": 0.024009,
        "nauc_recall_at_20_diff1": 0.109834,
        "nauc_recall_at_100_max": 0.352702,
        "nauc_recall_at_100_std": 0.273682,
        "nauc_recall_at_100_diff1": -0.030179,
        "nauc_recall_at_1000_max": 0.171628,
        "nauc_recall_at_1000_std": 0.675837,
        "nauc_recall_at_1000_diff1": 0.132038,
        "nauc_precision_at_1_max": 0.194866,
        "nauc_precision_at_1_std": -0.165016,
        "nauc_precision_at_1_diff1": 0.450184,
        "nauc_precision_at_3_max": 0.138917,
        "nauc_precision_at_3_std": -0.174188,
        "nauc_precision_at_3_diff1": 0.316539,
        "nauc_precision_at_5_max": 0.128288,
        "nauc_precision_at_5_std": -0.195619,
        "nauc_precision_at_5_diff1": 0.260848,
        "nauc_precision_at_10_max": 0.251511,
        "nauc_precision_at_10_std": -0.122007,
        "nauc_precision_at_10_diff1": 0.17241,
        "nauc_precision_at_20_max": 0.333904,
        "nauc_precision_at_20_std": 0.024009,
        "nauc_precision_at_20_diff1": 0.109834,
        "nauc_precision_at_100_max": 0.352702,
        "nauc_precision_at_100_std": 0.273682,
        "nauc_precision_at_100_diff1": -0.030179,
        "nauc_precision_at_1000_max": 0.171628,
        "nauc_precision_at_1000_std": 0.675837,
        "nauc_precision_at_1000_diff1": 0.132038,
        "nauc_mrr_at_1_max": 0.193097,
        "nauc_mrr_at_1_std": -0.165198,
        "nauc_mrr_at_1_diff1": 0.451464,
        "nauc_mrr_at_3_max": 0.166236,
        "nauc_mrr_at_3_std": -0.170937,
        "nauc_mrr_at_3_diff1": 0.399412,
        "nauc_mrr_at_5_max": 0.166773,
        "nauc_mrr_at_5_std": -0.173548,
        "nauc_mrr_at_5_diff1": 0.393113,
        "nauc_mrr_at_10_max": 0.177036,
        "nauc_mrr_at_10_std": -0.167222,
        "nauc_mrr_at_10_diff1": 0.39017,
        "nauc_mrr_at_20_max": 0.178604,
        "nauc_mrr_at_20_std": -0.163724,
        "nauc_mrr_at_20_diff1": 0.390999,
        "nauc_mrr_at_100_max": 0.177816,
        "nauc_mrr_at_100_std": -0.163489,
        "nauc_mrr_at_100_diff1": 0.391933,
        "nauc_mrr_at_1000_max": 0.177698,
        "nauc_mrr_at_1000_std": -0.16367,
        "nauc_mrr_at_1000_diff1": 0.392242,
        "main_score": 0.61583,
        "hf_subset": "default",
        "languages": [
          "eng-Latn"
        ]
      }
    ]
  },
  "evaluation_time": 5.125823020935059,
  "kg_co2_emissions": null
}