{
  "dataset_revision": "ec0fa4fe99da2ff19ca1214b7966684033a58814",
  "task_name": "NFCorpus",
  "mteb_version": "1.34.8",
  "scores": {
    "test": [
      {
        "ndcg_at_1": 0.32817,
        "ndcg_at_3": 0.30506,
        "ndcg_at_5": 0.28473,
        "ndcg_at_10": 0.26332,
        "ndcg_at_20": 0.24432,
        "ndcg_at_100": 0.24886,
        "ndcg_at_1000": 0.33809,
        "map_at_1": 0.0311,
        "map_at_3": 0.05538,
        "map_at_5": 0.06714,
        "map_at_10": 0.08224,
        "map_at_20": 0.09277,
        "map_at_100": 0.10962,
        "map_at_1000": 0.12339,
        "recall_at_1": 0.0311,
        "recall_at_3": 0.0647,
        "recall_at_5": 0.08677,
        "recall_at_10": 0.12234,
        "recall_at_20": 0.15468,
        "recall_at_100": 0.26722,
        "recall_at_1000": 0.58349,
        "precision_at_1": 0.34985,
        "precision_at_3": 0.29928,
        "precision_at_5": 0.25944,
        "precision_at_10": 0.20898,
        "precision_at_20": 0.15279,
        "precision_at_100": 0.0709,
        "precision_at_1000": 0.01976,
        "mrr_at_1": 0.352941,
        "mrr_at_3": 0.422085,
        "mrr_at_5": 0.430289,
        "mrr_at_10": 0.439583,
        "mrr_at_20": 0.444339,
        "mrr_at_100": 0.447328,
        "mrr_at_1000": 0.447891,
        "nauc_ndcg_at_1_max": 0.414025,
        "nauc_ndcg_at_1_std": 0.145896,
        "nauc_ndcg_at_1_diff1": 0.437354,
        "nauc_ndcg_at_3_max": 0.43399,
        "nauc_ndcg_at_3_std": 0.209367,
        "nauc_ndcg_at_3_diff1": 0.27831,
        "nauc_ndcg_at_5_max": 0.448706,
        "nauc_ndcg_at_5_std": 0.226023,
        "nauc_ndcg_at_5_diff1": 0.258537,
        "nauc_ndcg_at_10_max": 0.456059,
        "nauc_ndcg_at_10_std": 0.256369,
        "nauc_ndcg_at_10_diff1": 0.219934,
        "nauc_ndcg_at_20_max": 0.466078,
        "nauc_ndcg_at_20_std": 0.278389,
        "nauc_ndcg_at_20_diff1": 0.208894,
        "nauc_ndcg_at_100_max": 0.53696,
        "nauc_ndcg_at_100_std": 0.354094,
        "nauc_ndcg_at_100_diff1": 0.237287,
        "nauc_ndcg_at_1000_max": 0.583237,
        "nauc_ndcg_at_1000_std": 0.427476,
        "nauc_ndcg_at_1000_diff1": 0.254,
        "nauc_map_at_1_max": 0.393625,
        "nauc_map_at_1_std": 0.025911,
        "nauc_map_at_1_diff1": 0.499408,
        "nauc_map_at_3_max": 0.371537,
        "nauc_map_at_3_std": 0.04643,
        "nauc_map_at_3_diff1": 0.35853,
        "nauc_map_at_5_max": 0.40075,
        "nauc_map_at_5_std": 0.07909,
        "nauc_map_at_5_diff1": 0.338622,
        "nauc_map_at_10_max": 0.433952,
        "nauc_map_at_10_std": 0.126167,
        "nauc_map_at_10_diff1": 0.307155,
        "nauc_map_at_20_max": 0.466211,
        "nauc_map_at_20_std": 0.177062,
        "nauc_map_at_20_diff1": 0.277102,
        "nauc_map_at_100_max": 0.500518,
        "nauc_map_at_100_std": 0.244133,
        "nauc_map_at_100_diff1": 0.260515,
        "nauc_map_at_1000_max": 0.502764,
        "nauc_map_at_1000_std": 0.275695,
        "nauc_map_at_1000_diff1": 0.246637,
        "nauc_recall_at_1_max": 0.393625,
        "nauc_recall_at_1_std": 0.025911,
        "nauc_recall_at_1_diff1": 0.499408,
        "nauc_recall_at_3_max": 0.325545,
        "nauc_recall_at_3_std": 0.040526,
        "nauc_recall_at_3_diff1": 0.291266,
        "nauc_recall_at_5_max": 0.325596,
        "nauc_recall_at_5_std": 0.065117,
        "nauc_recall_at_5_diff1": 0.237793,
        "nauc_recall_at_10_max": 0.300633,
        "nauc_recall_at_10_std": 0.076544,
        "nauc_recall_at_10_diff1": 0.180134,
        "nauc_recall_at_20_max": 0.345175,
        "nauc_recall_at_20_std": 0.153335,
        "nauc_recall_at_20_diff1": 0.169809,
        "nauc_recall_at_100_max": 0.416374,
        "nauc_recall_at_100_std": 0.318233,
        "nauc_recall_at_100_diff1": 0.117989,
        "nauc_recall_at_1000_max": 0.394061,
        "nauc_recall_at_1000_std": 0.35925,
        "nauc_recall_at_1000_diff1": 0.131415,
        "nauc_precision_at_1_max": 0.432807,
        "nauc_precision_at_1_std": 0.168725,
        "nauc_precision_at_1_diff1": 0.411045,
        "nauc_precision_at_3_max": 0.436196,
        "nauc_precision_at_3_std": 0.260112,
        "nauc_precision_at_3_diff1": 0.18124,
        "nauc_precision_at_5_max": 0.444294,
        "nauc_precision_at_5_std": 0.292624,
        "nauc_precision_at_5_diff1": 0.151007,
        "nauc_precision_at_10_max": 0.432003,
        "nauc_precision_at_10_std": 0.340021,
        "nauc_precision_at_10_diff1": 0.097815,
        "nauc_precision_at_20_max": 0.393187,
        "nauc_precision_at_20_std": 0.364005,
        "nauc_precision_at_20_diff1": 0.034088,
        "nauc_precision_at_100_max": 0.266166,
        "nauc_precision_at_100_std": 0.341011,
        "nauc_precision_at_100_diff1": -0.031009,
        "nauc_precision_at_1000_max": 0.057148,
        "nauc_precision_at_1000_std": 0.19183,
        "nauc_precision_at_1000_diff1": -0.08417,
        "nauc_mrr_at_1_max": 0.431091,
        "nauc_mrr_at_1_std": 0.173392,
        "nauc_mrr_at_1_diff1": 0.401706,
        "nauc_mrr_at_3_max": 0.474052,
        "nauc_mrr_at_3_std": 0.232529,
        "nauc_mrr_at_3_diff1": 0.359094,
        "nauc_mrr_at_5_max": 0.470893,
        "nauc_mrr_at_5_std": 0.232011,
        "nauc_mrr_at_5_diff1": 0.3521,
        "nauc_mrr_at_10_max": 0.470638,
        "nauc_mrr_at_10_std": 0.238904,
        "nauc_mrr_at_10_diff1": 0.347144,
        "nauc_mrr_at_20_max": 0.473628,
        "nauc_mrr_at_20_std": 0.245249,
        "nauc_mrr_at_20_diff1": 0.345843,
        "nauc_mrr_at_100_max": 0.474867,
        "nauc_mrr_at_100_std": 0.245543,
        "nauc_mrr_at_100_diff1": 0.346762,
        "nauc_mrr_at_1000_max": 0.474418,
        "nauc_mrr_at_1000_std": 0.244941,
        "nauc_mrr_at_1000_diff1": 0.346823,
        "main_score": 0.26332,
        "hf_subset": "default",
        "languages": [
          "eng-Latn"
        ]
      }
    ]
  },
  "evaluation_time": 5.400925159454346,
  "kg_co2_emissions": null
}