{
  "dataset_revision": "f8c2fcf00f625baaa80f62ec5bd9e1fff3b8ae88",
  "task_name": "SCIDOCS",
  "mteb_version": "1.34.8",
  "scores": {
    "test": [
      {
        "ndcg_at_1": 0.24,
        "ndcg_at_3": 0.20212,
        "ndcg_at_5": 0.17788,
        "ndcg_at_10": 0.21792,
        "ndcg_at_20": 0.25304,
        "ndcg_at_100": 0.31486,
        "ndcg_at_1000": 0.37286,
        "map_at_1": 0.04868,
        "map_at_3": 0.09052,
        "map_at_5": 0.10932,
        "map_at_10": 0.13024,
        "map_at_20": 0.14382,
        "map_at_100": 0.15681,
        "map_at_1000": 0.16048,
        "recall_at_1": 0.04868,
        "recall_at_3": 0.11672,
        "recall_at_5": 0.16047,
        "recall_at_10": 0.23417,
        "recall_at_20": 0.31675,
        "recall_at_100": 0.518,
        "recall_at_1000": 0.79952,
        "precision_at_1": 0.24,
        "precision_at_3": 0.19133,
        "precision_at_5": 0.158,
        "precision_at_10": 0.1155,
        "precision_at_20": 0.078,
        "precision_at_100": 0.0255,
        "precision_at_1000": 0.00394,
        "mrr_at_1": 0.24,
        "mrr_at_3": 0.324,
        "mrr_at_5": 0.3429,
        "mrr_at_10": 0.357652,
        "mrr_at_20": 0.365251,
        "mrr_at_100": 0.369507,
        "mrr_at_1000": 0.369893,
        "nauc_ndcg_at_1_max": 0.245111,
        "nauc_ndcg_at_1_std": 0.085463,
        "nauc_ndcg_at_1_diff1": 0.191285,
        "nauc_ndcg_at_3_max": 0.313797,
        "nauc_ndcg_at_3_std": 0.112506,
        "nauc_ndcg_at_3_diff1": 0.163169,
        "nauc_ndcg_at_5_max": 0.336955,
        "nauc_ndcg_at_5_std": 0.120847,
        "nauc_ndcg_at_5_diff1": 0.163675,
        "nauc_ndcg_at_10_max": 0.370366,
        "nauc_ndcg_at_10_std": 0.160082,
        "nauc_ndcg_at_10_diff1": 0.151515,
        "nauc_ndcg_at_20_max": 0.390613,
        "nauc_ndcg_at_20_std": 0.206376,
        "nauc_ndcg_at_20_diff1": 0.14281,
        "nauc_ndcg_at_100_max": 0.412918,
        "nauc_ndcg_at_100_std": 0.256771,
        "nauc_ndcg_at_100_diff1": 0.14374,
        "nauc_ndcg_at_1000_max": 0.402239,
        "nauc_ndcg_at_1000_std": 0.255361,
        "nauc_ndcg_at_1000_diff1": 0.139393,
        "nauc_map_at_1_max": 0.247382,
        "nauc_map_at_1_std": 0.085048,
        "nauc_map_at_1_diff1": 0.193738,
        "nauc_map_at_3_max": 0.298012,
        "nauc_map_at_3_std": 0.09644,
        "nauc_map_at_3_diff1": 0.161473,
        "nauc_map_at_5_max": 0.317708,
        "nauc_map_at_5_std": 0.1043,
        "nauc_map_at_5_diff1": 0.155067,
        "nauc_map_at_10_max": 0.347931,
        "nauc_map_at_10_std": 0.139312,
        "nauc_map_at_10_diff1": 0.141797,
        "nauc_map_at_20_max": 0.364247,
        "nauc_map_at_20_std": 0.166906,
        "nauc_map_at_20_diff1": 0.136212,
        "nauc_map_at_100_max": 0.375365,
        "nauc_map_at_100_std": 0.187583,
        "nauc_map_at_100_diff1": 0.136405,
        "nauc_map_at_1000_max": 0.374559,
        "nauc_map_at_1000_std": 0.188762,
        "nauc_map_at_1000_diff1": 0.135397,
        "nauc_recall_at_1_max": 0.247382,
        "nauc_recall_at_1_std": 0.085048,
        "nauc_recall_at_1_diff1": 0.193738,
        "nauc_recall_at_3_max": 0.337939,
        "nauc_recall_at_3_std": 0.123606,
        "nauc_recall_at_3_diff1": 0.148225,
        "nauc_recall_at_5_max": 0.358424,
        "nauc_recall_at_5_std": 0.131668,
        "nauc_recall_at_5_diff1": 0.142512,
        "nauc_recall_at_10_max": 0.396127,
        "nauc_recall_at_10_std": 0.193676,
        "nauc_recall_at_10_diff1": 0.116343,
        "nauc_recall_at_20_max": 0.412167,
        "nauc_recall_at_20_std": 0.278137,
        "nauc_recall_at_20_diff1": 0.096769,
        "nauc_recall_at_100_max": 0.417223,
        "nauc_recall_at_100_std": 0.377566,
        "nauc_recall_at_100_diff1": 0.085137,
        "nauc_recall_at_1000_max": 0.3562,
        "nauc_recall_at_1000_std": 0.421588,
        "nauc_recall_at_1000_diff1": 0.035899,
        "nauc_precision_at_1_max": 0.245111,
        "nauc_precision_at_1_std": 0.085463,
        "nauc_precision_at_1_diff1": 0.191285,
        "nauc_precision_at_3_max": 0.340727,
        "nauc_precision_at_3_std": 0.12625,
        "nauc_precision_at_3_diff1": 0.144348,
        "nauc_precision_at_5_max": 0.36108,
        "nauc_precision_at_5_std": 0.135471,
        "nauc_precision_at_5_diff1": 0.138336,
        "nauc_precision_at_10_max": 0.398839,
        "nauc_precision_at_10_std": 0.197451,
        "nauc_precision_at_10_diff1": 0.112847,
        "nauc_precision_at_20_max": 0.41499,
        "nauc_precision_at_20_std": 0.27891,
        "nauc_precision_at_20_diff1": 0.09639,
        "nauc_precision_at_100_max": 0.41491,
        "nauc_precision_at_100_std": 0.377575,
        "nauc_precision_at_100_diff1": 0.082863,
        "nauc_precision_at_1000_max": 0.341504,
        "nauc_precision_at_1000_std": 0.406076,
        "nauc_precision_at_1000_diff1": 0.026235,
        "nauc_mrr_at_1_max": 0.245111,
        "nauc_mrr_at_1_std": 0.085463,
        "nauc_mrr_at_1_diff1": 0.191285,
        "nauc_mrr_at_3_max": 0.305264,
        "nauc_mrr_at_3_std": 0.11261,
        "nauc_mrr_at_3_diff1": 0.192423,
        "nauc_mrr_at_5_max": 0.313553,
        "nauc_mrr_at_5_std": 0.118183,
        "nauc_mrr_at_5_diff1": 0.193791,
        "nauc_mrr_at_10_max": 0.317366,
        "nauc_mrr_at_10_std": 0.125139,
        "nauc_mrr_at_10_diff1": 0.19298,
        "nauc_mrr_at_20_max": 0.315617,
        "nauc_mrr_at_20_std": 0.129179,
        "nauc_mrr_at_20_diff1": 0.190794,
        "nauc_mrr_at_100_max": 0.314914,
        "nauc_mrr_at_100_std": 0.128231,
        "nauc_mrr_at_100_diff1": 0.191222,
        "nauc_mrr_at_1000_max": 0.314711,
        "nauc_mrr_at_1000_std": 0.127971,
        "nauc_mrr_at_1000_diff1": 0.191086,
        "main_score": 0.21792,
        "hf_subset": "default",
        "languages": [
          "eng-Latn"
        ]
      }
    ]
  },
  "evaluation_time": 25.73311710357666,
  "kg_co2_emissions": null
}