{
  "dataset_revision": "0228b52cf27578f30900b9e5271d331663a030d7",
  "task_name": "SciFact",
  "mteb_version": "1.34.8",
  "scores": {
    "test": [
      {
        "ndcg_at_1": 0.47,
        "ndcg_at_3": 0.56924,
        "ndcg_at_5": 0.59254,
        "ndcg_at_10": 0.61338,
        "ndcg_at_20": 0.63521,
        "ndcg_at_100": 0.65257,
        "ndcg_at_1000": 0.66072,
        "map_at_1": 0.44833,
        "map_at_3": 0.53756,
        "map_at_5": 0.55211,
        "map_at_10": 0.56221,
        "map_at_20": 0.56932,
        "map_at_100": 0.57196,
        "map_at_1000": 0.57227,
        "recall_at_1": 0.44833,
        "recall_at_3": 0.63928,
        "recall_at_5": 0.69561,
        "recall_at_10": 0.75472,
        "recall_at_20": 0.83533,
        "recall_at_100": 0.926,
        "recall_at_1000": 0.99,
        "precision_at_1": 0.47,
        "precision_at_3": 0.23,
        "precision_at_5": 0.15333,
        "precision_at_10": 0.085,
        "precision_at_20": 0.04733,
        "precision_at_100": 0.0105,
        "precision_at_1000": 0.00112,
        "mrr_at_1": 0.47,
        "mrr_at_3": 0.553889,
        "mrr_at_5": 0.566722,
        "mrr_at_10": 0.574071,
        "mrr_at_20": 0.579653,
        "mrr_at_100": 0.581788,
        "mrr_at_1000": 0.582078,
        "nauc_ndcg_at_1_max": 0.48748,
        "nauc_ndcg_at_1_std": 0.096999,
        "nauc_ndcg_at_1_diff1": 0.64967,
        "nauc_ndcg_at_3_max": 0.525733,
        "nauc_ndcg_at_3_std": 0.106981,
        "nauc_ndcg_at_3_diff1": 0.597285,
        "nauc_ndcg_at_5_max": 0.555975,
        "nauc_ndcg_at_5_std": 0.134735,
        "nauc_ndcg_at_5_diff1": 0.591019,
        "nauc_ndcg_at_10_max": 0.565333,
        "nauc_ndcg_at_10_std": 0.157363,
        "nauc_ndcg_at_10_diff1": 0.579409,
        "nauc_ndcg_at_20_max": 0.557959,
        "nauc_ndcg_at_20_std": 0.147407,
        "nauc_ndcg_at_20_diff1": 0.587577,
        "nauc_ndcg_at_100_max": 0.556008,
        "nauc_ndcg_at_100_std": 0.145316,
        "nauc_ndcg_at_100_diff1": 0.596865,
        "nauc_ndcg_at_1000_max": 0.551986,
        "nauc_ndcg_at_1000_std": 0.145022,
        "nauc_ndcg_at_1000_diff1": 0.598392,
        "nauc_map_at_1_max": 0.468,
        "nauc_map_at_1_std": 0.050734,
        "nauc_map_at_1_diff1": 0.671374,
        "nauc_map_at_3_max": 0.507546,
        "nauc_map_at_3_std": 0.087934,
        "nauc_map_at_3_diff1": 0.61849,
        "nauc_map_at_5_max": 0.528718,
        "nauc_map_at_5_std": 0.107642,
        "nauc_map_at_5_diff1": 0.612525,
        "nauc_map_at_10_max": 0.536811,
        "nauc_map_at_10_std": 0.122405,
        "nauc_map_at_10_diff1": 0.606825,
        "nauc_map_at_20_max": 0.535638,
        "nauc_map_at_20_std": 0.121115,
        "nauc_map_at_20_diff1": 0.608062,
        "nauc_map_at_100_max": 0.535446,
        "nauc_map_at_100_std": 0.121202,
        "nauc_map_at_100_diff1": 0.609126,
        "nauc_map_at_1000_max": 0.535301,
        "nauc_map_at_1000_std": 0.121206,
        "nauc_map_at_1000_diff1": 0.609194,
        "nauc_recall_at_1_max": 0.468,
        "nauc_recall_at_1_std": 0.050734,
        "nauc_recall_at_1_diff1": 0.671374,
        "nauc_recall_at_3_max": 0.535538,
        "nauc_recall_at_3_std": 0.113305,
        "nauc_recall_at_3_diff1": 0.546534,
        "nauc_recall_at_5_max": 0.626974,
        "nauc_recall_at_5_std": 0.196993,
        "nauc_recall_at_5_diff1": 0.520977,
        "nauc_recall_at_10_max": 0.662259,
        "nauc_recall_at_10_std": 0.269779,
        "nauc_recall_at_10_diff1": 0.473521,
        "nauc_recall_at_20_max": 0.647549,
        "nauc_recall_at_20_std": 0.239857,
        "nauc_recall_at_20_diff1": 0.496743,
        "nauc_recall_at_100_max": 0.713243,
        "nauc_recall_at_100_std": 0.274926,
        "nauc_recall_at_100_diff1": 0.596698,
        "nauc_recall_at_1000_max": 1.0,
        "nauc_recall_at_1000_std": 1.0,
        "nauc_recall_at_1000_diff1": 0.907407,
        "nauc_precision_at_1_max": 0.48748,
        "nauc_precision_at_1_std": 0.096999,
        "nauc_precision_at_1_diff1": 0.64967,
        "nauc_precision_at_3_max": 0.543228,
        "nauc_precision_at_3_std": 0.240298,
        "nauc_precision_at_3_diff1": 0.410611,
        "nauc_precision_at_5_max": 0.583526,
        "nauc_precision_at_5_std": 0.336595,
        "nauc_precision_at_5_diff1": 0.291476,
        "nauc_precision_at_10_max": 0.543973,
        "nauc_precision_at_10_std": 0.414433,
        "nauc_precision_at_10_diff1": 0.162767,
        "nauc_precision_at_20_max": 0.440712,
        "nauc_precision_at_20_std": 0.392394,
        "nauc_precision_at_20_diff1": 0.057905,
        "nauc_precision_at_100_max": 0.32403,
        "nauc_precision_at_100_std": 0.394908,
        "nauc_precision_at_100_diff1": -0.056479,
        "nauc_precision_at_1000_max": 0.193459,
        "nauc_precision_at_1000_std": 0.419972,
        "nauc_precision_at_1000_diff1": -0.235013,
        "nauc_mrr_at_1_max": 0.48748,
        "nauc_mrr_at_1_std": 0.096999,
        "nauc_mrr_at_1_diff1": 0.64967,
        "nauc_mrr_at_3_max": 0.516915,
        "nauc_mrr_at_3_std": 0.109493,
        "nauc_mrr_at_3_diff1": 0.601035,
        "nauc_mrr_at_5_max": 0.533273,
        "nauc_mrr_at_5_std": 0.126248,
        "nauc_mrr_at_5_diff1": 0.6006,
        "nauc_mrr_at_10_max": 0.534698,
        "nauc_mrr_at_10_std": 0.132373,
        "nauc_mrr_at_10_diff1": 0.596167,
        "nauc_mrr_at_20_max": 0.531129,
        "nauc_mrr_at_20_std": 0.127227,
        "nauc_mrr_at_20_diff1": 0.599501,
        "nauc_mrr_at_100_max": 0.531025,
        "nauc_mrr_at_100_std": 0.127088,
        "nauc_mrr_at_100_diff1": 0.60059,
        "nauc_mrr_at_1000_max": 0.530896,
        "nauc_mrr_at_1000_std": 0.127142,
        "nauc_mrr_at_1000_diff1": 0.600688,
        "main_score": 0.61338,
        "hf_subset": "default",
        "languages": [
          "eng-Latn"
        ]
      }
    ]
  },
  "evaluation_time": 6.969172954559326,
  "kg_co2_emissions": null
}