{
  "dataset_revision": "bb9466bac8153a0349341eb1b22e06409e78ef4e",
  "task_name": "TRECCOVID",
  "mteb_version": "1.34.8",
  "scores": {
    "test": [
      {
        "ndcg_at_1": 0.57,
        "ndcg_at_3": 0.53358,
        "ndcg_at_5": 0.51535,
        "ndcg_at_10": 0.50669,
        "ndcg_at_20": 0.47634,
        "ndcg_at_100": 0.38855,
        "ndcg_at_1000": 0.39653,
        "map_at_1": 0.00185,
        "map_at_3": 0.00448,
        "map_at_5": 0.00666,
        "map_at_10": 0.01215,
        "map_at_20": 0.02106,
        "map_at_100": 0.06374,
        "map_at_1000": 0.17048,
        "recall_at_1": 0.00185,
        "recall_at_3": 0.00473,
        "recall_at_5": 0.00739,
        "recall_at_10": 0.01475,
        "recall_at_20": 0.02661,
        "recall_at_100": 0.09706,
        "recall_at_1000": 0.38793,
        "precision_at_1": 0.62,
        "precision_at_3": 0.56667,
        "precision_at_5": 0.552,
        "precision_at_10": 0.548,
        "precision_at_20": 0.504,
        "precision_at_100": 0.4038,
        "precision_at_1000": 0.18104,
        "mrr_at_1": 0.62,
        "mrr_at_3": 0.703333,
        "mrr_at_5": 0.717333,
        "mrr_at_10": 0.729556,
        "mrr_at_20": 0.732523,
        "mrr_at_100": 0.732523,
        "mrr_at_1000": 0.732708,
        "nauc_ndcg_at_1_max": 0.335586,
        "nauc_ndcg_at_1_std": 0.364549,
        "nauc_ndcg_at_1_diff1": 0.119837,
        "nauc_ndcg_at_3_max": 0.389996,
        "nauc_ndcg_at_3_std": 0.424093,
        "nauc_ndcg_at_3_diff1": -0.023885,
        "nauc_ndcg_at_5_max": 0.422722,
        "nauc_ndcg_at_5_std": 0.449783,
        "nauc_ndcg_at_5_diff1": -0.023683,
        "nauc_ndcg_at_10_max": 0.439752,
        "nauc_ndcg_at_10_std": 0.519814,
        "nauc_ndcg_at_10_diff1": -0.114023,
        "nauc_ndcg_at_20_max": 0.473415,
        "nauc_ndcg_at_20_std": 0.564553,
        "nauc_ndcg_at_20_diff1": -0.13363,
        "nauc_ndcg_at_100_max": 0.61332,
        "nauc_ndcg_at_100_std": 0.700493,
        "nauc_ndcg_at_100_diff1": -0.19686,
        "nauc_ndcg_at_1000_max": 0.598685,
        "nauc_ndcg_at_1000_std": 0.699983,
        "nauc_ndcg_at_1000_diff1": -0.131102,
        "nauc_map_at_1_max": 0.065456,
        "nauc_map_at_1_std": 0.104749,
        "nauc_map_at_1_diff1": 0.117043,
        "nauc_map_at_3_max": 0.119422,
        "nauc_map_at_3_std": 0.221712,
        "nauc_map_at_3_diff1": 0.025634,
        "nauc_map_at_5_max": 0.158538,
        "nauc_map_at_5_std": 0.283834,
        "nauc_map_at_5_diff1": -0.024227,
        "nauc_map_at_10_max": 0.171189,
        "nauc_map_at_10_std": 0.344458,
        "nauc_map_at_10_diff1": -0.071419,
        "nauc_map_at_20_max": 0.233504,
        "nauc_map_at_20_std": 0.404573,
        "nauc_map_at_20_diff1": -0.097499,
        "nauc_map_at_100_max": 0.565758,
        "nauc_map_at_100_std": 0.651255,
        "nauc_map_at_100_diff1": -0.185203,
        "nauc_map_at_1000_max": 0.668928,
        "nauc_map_at_1000_std": 0.766509,
        "nauc_map_at_1000_diff1": -0.183167,
        "nauc_recall_at_1_max": 0.065456,
        "nauc_recall_at_1_std": 0.104749,
        "nauc_recall_at_1_diff1": 0.117043,
        "nauc_recall_at_3_max": 0.109801,
        "nauc_recall_at_3_std": 0.215444,
        "nauc_recall_at_3_diff1": 0.021503,
        "nauc_recall_at_5_max": 0.147735,
        "nauc_recall_at_5_std": 0.267342,
        "nauc_recall_at_5_diff1": -0.013592,
        "nauc_recall_at_10_max": 0.130096,
        "nauc_recall_at_10_std": 0.296146,
        "nauc_recall_at_10_diff1": -0.060181,
        "nauc_recall_at_20_max": 0.189816,
        "nauc_recall_at_20_std": 0.35269,
        "nauc_recall_at_20_diff1": -0.066629,
        "nauc_recall_at_100_max": 0.514481,
        "nauc_recall_at_100_std": 0.577658,
        "nauc_recall_at_100_diff1": -0.118937,
        "nauc_recall_at_1000_max": 0.582206,
        "nauc_recall_at_1000_std": 0.674232,
        "nauc_recall_at_1000_diff1": -0.091679,
        "nauc_precision_at_1_max": 0.396886,
        "nauc_precision_at_1_std": 0.355229,
        "nauc_precision_at_1_diff1": 0.167708,
        "nauc_precision_at_3_max": 0.44017,
        "nauc_precision_at_3_std": 0.46031,
        "nauc_precision_at_3_diff1": -0.054181,
        "nauc_precision_at_5_max": 0.448149,
        "nauc_precision_at_5_std": 0.468065,
        "nauc_precision_at_5_diff1": -0.059761,
        "nauc_precision_at_10_max": 0.446869,
        "nauc_precision_at_10_std": 0.549688,
        "nauc_precision_at_10_diff1": -0.209885,
        "nauc_precision_at_20_max": 0.488538,
        "nauc_precision_at_20_std": 0.584982,
        "nauc_precision_at_20_diff1": -0.197927,
        "nauc_precision_at_100_max": 0.655009,
        "nauc_precision_at_100_std": 0.713253,
        "nauc_precision_at_100_diff1": -0.217606,
        "nauc_precision_at_1000_max": 0.541989,
        "nauc_precision_at_1000_std": 0.577801,
        "nauc_precision_at_1000_diff1": -0.173661,
        "nauc_mrr_at_1_max": 0.396886,
        "nauc_mrr_at_1_std": 0.355229,
        "nauc_mrr_at_1_diff1": 0.167708,
        "nauc_mrr_at_3_max": 0.38905,
        "nauc_mrr_at_3_std": 0.36368,
        "nauc_mrr_at_3_diff1": 0.072556,
        "nauc_mrr_at_5_max": 0.409373,
        "nauc_mrr_at_5_std": 0.376887,
        "nauc_mrr_at_5_diff1": 0.12491,
        "nauc_mrr_at_10_max": 0.40367,
        "nauc_mrr_at_10_std": 0.376193,
        "nauc_mrr_at_10_diff1": 0.138858,
        "nauc_mrr_at_20_max": 0.406309,
        "nauc_mrr_at_20_std": 0.373519,
        "nauc_mrr_at_20_diff1": 0.139024,
        "nauc_mrr_at_100_max": 0.406309,
        "nauc_mrr_at_100_std": 0.373519,
        "nauc_mrr_at_100_diff1": 0.139024,
        "nauc_mrr_at_1000_max": 0.406047,
        "nauc_mrr_at_1000_std": 0.373532,
        "nauc_mrr_at_1000_diff1": 0.138418,
        "main_score": 0.50669,
        "hf_subset": "default",
        "languages": [
          "eng-Latn"
        ]
      }
    ]
  },
  "evaluation_time": 171.69909191131592,
  "kg_co2_emissions": null
}