{
  "dataset_revision": "f22508f96b7a36c2415181ed8bb76f76e04ae2d5",
  "task_name": "AppsRetrieval",
  "mteb_version": "1.34.8",
  "scores": {
    "test": [
      {
        "ndcg_at_1": 0.0749,
        "ndcg_at_3": 0.10126,
        "ndcg_at_5": 0.11095,
        "ndcg_at_10": 0.12281,
        "ndcg_at_20": 0.13455,
        "ndcg_at_100": 0.16116,
        "ndcg_at_1000": 0.20104,
        "map_at_1": 0.0749,
        "map_at_3": 0.09469,
        "map_at_5": 0.10004,
        "map_at_10": 0.10499,
        "map_at_20": 0.10824,
        "map_at_100": 0.11169,
        "map_at_1000": 0.11289,
        "recall_at_1": 0.0749,
        "recall_at_3": 0.12032,
        "recall_at_5": 0.14396,
        "recall_at_10": 0.18035,
        "recall_at_20": 0.22656,
        "recall_at_100": 0.37344,
        "recall_at_1000": 0.70465,
        "precision_at_1": 0.0749,
        "precision_at_3": 0.04011,
        "precision_at_5": 0.02879,
        "precision_at_10": 0.01803,
        "precision_at_20": 0.01133,
        "precision_at_100": 0.00373,
        "precision_at_1000": 0.0007,
        "mrr_at_1": 0.0749,
        "mrr_at_3": 0.094688,
        "mrr_at_5": 0.10004,
        "mrr_at_10": 0.10499,
        "mrr_at_20": 0.108237,
        "mrr_at_100": 0.111686,
        "mrr_at_1000": 0.112892,
        "nauc_ndcg_at_1_max": 0.356781,
        "nauc_ndcg_at_1_std": 0.077174,
        "nauc_ndcg_at_1_diff1": 0.390678,
        "nauc_ndcg_at_3_max": 0.341432,
        "nauc_ndcg_at_3_std": 0.097079,
        "nauc_ndcg_at_3_diff1": 0.29417,
        "nauc_ndcg_at_5_max": 0.343183,
        "nauc_ndcg_at_5_std": 0.111436,
        "nauc_ndcg_at_5_diff1": 0.271449,
        "nauc_ndcg_at_10_max": 0.330419,
        "nauc_ndcg_at_10_std": 0.116568,
        "nauc_ndcg_at_10_diff1": 0.249879,
        "nauc_ndcg_at_20_max": 0.32086,
        "nauc_ndcg_at_20_std": 0.115985,
        "nauc_ndcg_at_20_diff1": 0.233072,
        "nauc_ndcg_at_100_max": 0.315809,
        "nauc_ndcg_at_100_std": 0.131492,
        "nauc_ndcg_at_100_diff1": 0.216398,
        "nauc_ndcg_at_1000_max": 0.324018,
        "nauc_ndcg_at_1000_std": 0.137402,
        "nauc_ndcg_at_1000_diff1": 0.221195,
        "nauc_map_at_1_max": 0.356781,
        "nauc_map_at_1_std": 0.077174,
        "nauc_map_at_1_diff1": 0.390678,
        "nauc_map_at_3_max": 0.344225,
        "nauc_map_at_3_std": 0.093109,
        "nauc_map_at_3_diff1": 0.31326,
        "nauc_map_at_5_max": 0.345252,
        "nauc_map_at_5_std": 0.102164,
        "nauc_map_at_5_diff1": 0.299077,
        "nauc_map_at_10_max": 0.338834,
        "nauc_map_at_10_std": 0.104555,
        "nauc_map_at_10_diff1": 0.287826,
        "nauc_map_at_20_max": 0.335228,
        "nauc_map_at_20_std": 0.104378,
        "nauc_map_at_20_diff1": 0.281799,
        "nauc_map_at_100_max": 0.334626,
        "nauc_map_at_100_std": 0.107261,
        "nauc_map_at_100_diff1": 0.278551,
        "nauc_map_at_1000_max": 0.334889,
        "nauc_map_at_1000_std": 0.107615,
        "nauc_map_at_1000_diff1": 0.278629,
        "nauc_recall_at_1_max": 0.356781,
        "nauc_recall_at_1_std": 0.077174,
        "nauc_recall_at_1_diff1": 0.390678,
        "nauc_recall_at_3_max": 0.334951,
        "nauc_recall_at_3_std": 0.106417,
        "nauc_recall_at_3_diff1": 0.249322,
        "nauc_recall_at_5_max": 0.33894,
        "nauc_recall_at_5_std": 0.132631,
        "nauc_recall_at_5_diff1": 0.209566,
        "nauc_recall_at_10_max": 0.312112,
        "nauc_recall_at_10_std": 0.141955,
        "nauc_recall_at_10_diff1": 0.171481,
        "nauc_recall_at_20_max": 0.290674,
        "nauc_recall_at_20_std": 0.138013,
        "nauc_recall_at_20_diff1": 0.136564,
        "nauc_recall_at_100_max": 0.276148,
        "nauc_recall_at_100_std": 0.183592,
        "nauc_recall_at_100_diff1": 0.097663,
        "nauc_recall_at_1000_max": 0.316706,
        "nauc_recall_at_1000_std": 0.236416,
        "nauc_recall_at_1000_diff1": 0.088557,
        "nauc_precision_at_1_max": 0.356781,
        "nauc_precision_at_1_std": 0.077174,
        "nauc_precision_at_1_diff1": 0.390678,
        "nauc_precision_at_3_max": 0.334951,
        "nauc_precision_at_3_std": 0.106417,
        "nauc_precision_at_3_diff1": 0.249322,
        "nauc_precision_at_5_max": 0.33894,
        "nauc_precision_at_5_std": 0.132631,
        "nauc_precision_at_5_diff1": 0.209566,
        "nauc_precision_at_10_max": 0.312112,
        "nauc_precision_at_10_std": 0.141955,
        "nauc_precision_at_10_diff1": 0.171481,
        "nauc_precision_at_20_max": 0.290674,
        "nauc_precision_at_20_std": 0.138013,
        "nauc_precision_at_20_diff1": 0.136564,
        "nauc_precision_at_100_max": 0.276148,
        "nauc_precision_at_100_std": 0.183592,
        "nauc_precision_at_100_diff1": 0.097663,
        "nauc_precision_at_1000_max": 0.316706,
        "nauc_precision_at_1000_std": 0.236416,
        "nauc_precision_at_1000_diff1": 0.088557,
        "nauc_mrr_at_1_max": 0.356781,
        "nauc_mrr_at_1_std": 0.077174,
        "nauc_mrr_at_1_diff1": 0.390678,
        "nauc_mrr_at_3_max": 0.344184,
        "nauc_mrr_at_3_std": 0.093044,
        "nauc_mrr_at_3_diff1": 0.313013,
        "nauc_mrr_at_5_max": 0.345213,
        "nauc_mrr_at_5_std": 0.102102,
        "nauc_mrr_at_5_diff1": 0.29884,
        "nauc_mrr_at_10_max": 0.338796,
        "nauc_mrr_at_10_std": 0.104495,
        "nauc_mrr_at_10_diff1": 0.287596,
        "nauc_mrr_at_20_max": 0.33519,
        "nauc_mrr_at_20_std": 0.104318,
        "nauc_mrr_at_20_diff1": 0.281573,
        "nauc_mrr_at_100_max": 0.334589,
        "nauc_mrr_at_100_std": 0.107202,
        "nauc_mrr_at_100_diff1": 0.278327,
        "nauc_mrr_at_1000_max": 0.334852,
        "nauc_mrr_at_1000_std": 0.107556,
        "nauc_mrr_at_1000_diff1": 0.278405,
        "main_score": 0.12281,
        "hf_subset": "default",
        "languages": [
          "eng-Latn",
          "python-Code"
        ]
      }
    ]
  },
  "evaluation_time": 103.8722620010376,
  "kg_co2_emissions": null
}