{
  "dataset_revision": "c22ab2a51041ffd869aaddef7af8d8215647e41a",
  "task_name": "ArguAna",
  "mteb_version": "1.34.8",
  "scores": {
    "test": [
      {
        "ndcg_at_1": 0.28592,
        "ndcg_at_3": 0.4508,
        "ndcg_at_5": 0.50871,
        "ndcg_at_10": 0.55389,
        "ndcg_at_20": 0.57783,
        "ndcg_at_100": 0.58667,
        "ndcg_at_1000": 0.58801,
        "map_at_1": 0.28592,
        "map_at_3": 0.41086,
        "map_at_5": 0.44294,
        "map_at_10": 0.46151,
        "map_at_20": 0.46819,
        "map_at_100": 0.46961,
        "map_at_1000": 0.46966,
        "recall_at_1": 0.28592,
        "recall_at_3": 0.56615,
        "recall_at_5": 0.70697,
        "recall_at_10": 0.84708,
        "recall_at_20": 0.94097,
        "recall_at_100": 0.98578,
        "recall_at_1000": 0.99644,
        "precision_at_1": 0.28592,
        "precision_at_3": 0.18872,
        "precision_at_5": 0.14139,
        "precision_at_10": 0.08471,
        "precision_at_20": 0.04705,
        "precision_at_100": 0.00986,
        "precision_at_1000": 0.001,
        "mrr_at_1": 0.29303,
        "mrr_at_3": 0.413585,
        "mrr_at_5": 0.444986,
        "mrr_at_10": 0.463732,
        "mrr_at_20": 0.470479,
        "mrr_at_100": 0.471898,
        "mrr_at_1000": 0.471949,
        "nauc_ndcg_at_1_max": -0.071288,
        "nauc_ndcg_at_1_std": -0.099376,
        "nauc_ndcg_at_1_diff1": 0.085595,
        "nauc_ndcg_at_3_max": -0.074874,
        "nauc_ndcg_at_3_std": -0.111412,
        "nauc_ndcg_at_3_diff1": 0.024189,
        "nauc_ndcg_at_5_max": -0.046255,
        "nauc_ndcg_at_5_std": -0.096705,
        "nauc_ndcg_at_5_diff1": 0.035246,
        "nauc_ndcg_at_10_max": -0.040884,
        "nauc_ndcg_at_10_std": -0.088549,
        "nauc_ndcg_at_10_diff1": 0.039016,
        "nauc_ndcg_at_20_max": -0.048734,
        "nauc_ndcg_at_20_std": -0.094398,
        "nauc_ndcg_at_20_diff1": 0.036808,
        "nauc_ndcg_at_100_max": -0.050896,
        "nauc_ndcg_at_100_std": -0.091754,
        "nauc_ndcg_at_100_diff1": 0.042149,
        "nauc_ndcg_at_1000_max": -0.053015,
        "nauc_ndcg_at_1000_std": -0.093715,
        "nauc_ndcg_at_1000_diff1": 0.041679,
        "nauc_map_at_1_max": -0.071288,
        "nauc_map_at_1_std": -0.099376,
        "nauc_map_at_1_diff1": 0.085595,
        "nauc_map_at_3_max": -0.073882,
        "nauc_map_at_3_std": -0.107255,
        "nauc_map_at_3_diff1": 0.036419,
        "nauc_map_at_5_max": -0.05901,
        "nauc_map_at_5_std": -0.099402,
        "nauc_map_at_5_diff1": 0.042698,
        "nauc_map_at_10_max": -0.057464,
        "nauc_map_at_10_std": -0.096654,
        "nauc_map_at_10_diff1": 0.044531,
        "nauc_map_at_20_max": -0.059339,
        "nauc_map_at_20_std": -0.098403,
        "nauc_map_at_20_diff1": 0.044008,
        "nauc_map_at_100_max": -0.059285,
        "nauc_map_at_100_std": -0.097817,
        "nauc_map_at_100_diff1": 0.044994,
        "nauc_map_at_1000_max": -0.059359,
        "nauc_map_at_1000_std": -0.097848,
        "nauc_map_at_1000_diff1": 0.044976,
        "nauc_recall_at_1_max": -0.071288,
        "nauc_recall_at_1_std": -0.099376,
        "nauc_recall_at_1_diff1": 0.085595,
        "nauc_recall_at_3_max": -0.077878,
        "nauc_recall_at_3_std": -0.124301,
        "nauc_recall_at_3_diff1": -0.011059,
        "nauc_recall_at_5_max": 0.005996,
        "nauc_recall_at_5_std": -0.084569,
        "nauc_recall_at_5_diff1": 0.011986,
        "nauc_recall_at_10_max": 0.073453,
        "nauc_recall_at_10_std": -0.028088,
        "nauc_recall_at_10_diff1": 0.014932,
        "nauc_recall_at_20_max": 0.103162,
        "nauc_recall_at_20_std": -0.025635,
        "nauc_recall_at_20_diff1": -0.051603,
        "nauc_recall_at_100_max": 0.296532,
        "nauc_recall_at_100_std": 0.339826,
        "nauc_recall_at_100_diff1": 0.054531,
        "nauc_recall_at_1000_max": 0.247752,
        "nauc_recall_at_1000_std": 0.448834,
        "nauc_recall_at_1000_diff1": -0.133546,
        "nauc_precision_at_1_max": -0.071288,
        "nauc_precision_at_1_std": -0.099376,
        "nauc_precision_at_1_diff1": 0.085595,
        "nauc_precision_at_3_max": -0.077878,
        "nauc_precision_at_3_std": -0.124301,
        "nauc_precision_at_3_diff1": -0.011059,
        "nauc_precision_at_5_max": 0.005996,
        "nauc_precision_at_5_std": -0.084569,
        "nauc_precision_at_5_diff1": 0.011986,
        "nauc_precision_at_10_max": 0.073453,
        "nauc_precision_at_10_std": -0.028088,
        "nauc_precision_at_10_diff1": 0.014932,
        "nauc_precision_at_20_max": 0.103162,
        "nauc_precision_at_20_std": -0.025635,
        "nauc_precision_at_20_diff1": -0.051603,
        "nauc_precision_at_100_max": 0.296532,
        "nauc_precision_at_100_std": 0.339826,
        "nauc_precision_at_100_diff1": 0.054531,
        "nauc_precision_at_1000_max": 0.247752,
        "nauc_precision_at_1000_std": 0.448834,
        "nauc_precision_at_1000_diff1": -0.133546,
        "nauc_mrr_at_1_max": -0.075826,
        "nauc_mrr_at_1_std": -0.092647,
        "nauc_mrr_at_1_diff1": 0.063769,
        "nauc_mrr_at_3_max": -0.08124,
        "nauc_mrr_at_3_std": -0.104089,
        "nauc_mrr_at_3_diff1": 0.0187,
        "nauc_mrr_at_5_max": -0.069973,
        "nauc_mrr_at_5_std": -0.098128,
        "nauc_mrr_at_5_diff1": 0.022322,
        "nauc_mrr_at_10_max": -0.068121,
        "nauc_mrr_at_10_std": -0.094877,
        "nauc_mrr_at_10_diff1": 0.024049,
        "nauc_mrr_at_20_max": -0.069902,
        "nauc_mrr_at_20_std": -0.096683,
        "nauc_mrr_at_20_diff1": 0.023427,
        "nauc_mrr_at_100_max": -0.069899,
        "nauc_mrr_at_100_std": -0.096093,
        "nauc_mrr_at_100_diff1": 0.02431,
        "nauc_mrr_at_1000_max": -0.069975,
        "nauc_mrr_at_1000_std": -0.096123,
        "nauc_mrr_at_1000_diff1": 0.024288,
        "main_score": 0.55389,
        "hf_subset": "default",
        "languages": [
          "eng-Latn"
        ]
      }
    ]
  },
  "evaluation_time": 58.91242074966431,
  "kg_co2_emissions": null
}