{
  "dataset_revision": "4adc7bc41202b5c13543c9c886a25f340634dab3",
  "task_name": "COIRCodeSearchNetRetrieval",
  "mteb_version": "1.34.8",
  "scores": {
    "test": [
      {
        "ndcg_at_1": 0.87961,
        "ndcg_at_3": 0.91526,
        "ndcg_at_5": 0.9213,
        "ndcg_at_10": 0.92612,
        "ndcg_at_20": 0.92879,
        "ndcg_at_100": 0.93107,
        "ndcg_at_1000": 0.93186,
        "map_at_1": 0.87961,
        "map_at_3": 0.90689,
        "map_at_5": 0.91023,
        "map_at_10": 0.91222,
        "map_at_20": 0.91295,
        "map_at_100": 0.91327,
        "map_at_1000": 0.9133,
        "recall_at_1": 0.87961,
        "recall_at_3": 0.93934,
        "recall_at_5": 0.95402,
        "recall_at_10": 0.96896,
        "recall_at_20": 0.97949,
        "recall_at_100": 0.99169,
        "recall_at_1000": 0.99785,
        "precision_at_1": 0.87961,
        "precision_at_3": 0.31311,
        "precision_at_5": 0.1908,
        "precision_at_10": 0.0969,
        "precision_at_20": 0.04897,
        "precision_at_100": 0.00992,
        "precision_at_1000": 0.001,
        "mrr_at_1": 0.879474,
        "mrr_at_3": 0.906824,
        "mrr_at_5": 0.910162,
        "mrr_at_10": 0.912148,
        "mrr_at_20": 0.912882,
        "mrr_at_100": 0.913204,
        "mrr_at_1000": 0.913235,
        "nauc_ndcg_at_1_max": 0.799503,
        "nauc_ndcg_at_1_std": 0.065638,
        "nauc_ndcg_at_1_diff1": 0.910533,
        "nauc_ndcg_at_3_max": 0.829237,
        "nauc_ndcg_at_3_std": 0.074382,
        "nauc_ndcg_at_3_diff1": 0.902436,
        "nauc_ndcg_at_5_max": 0.828404,
        "nauc_ndcg_at_5_std": 0.072173,
        "nauc_ndcg_at_5_diff1": 0.903263,
        "nauc_ndcg_at_10_max": 0.828029,
        "nauc_ndcg_at_10_std": 0.080906,
        "nauc_ndcg_at_10_diff1": 0.903842,
        "nauc_ndcg_at_20_max": 0.826249,
        "nauc_ndcg_at_20_std": 0.082232,
        "nauc_ndcg_at_20_diff1": 0.904202,
        "nauc_ndcg_at_100_max": 0.825057,
        "nauc_ndcg_at_100_std": 0.084546,
        "nauc_ndcg_at_100_diff1": 0.904797,
        "nauc_ndcg_at_1000_max": 0.823736,
        "nauc_ndcg_at_1000_std": 0.081077,
        "nauc_ndcg_at_1000_diff1": 0.904571,
        "nauc_map_at_1_max": 0.799503,
        "nauc_map_at_1_std": 0.065638,
        "nauc_map_at_1_diff1": 0.910533,
        "nauc_map_at_3_max": 0.821115,
        "nauc_map_at_3_std": 0.071787,
        "nauc_map_at_3_diff1": 0.90434,
        "nauc_map_at_5_max": 0.820435,
        "nauc_map_at_5_std": 0.07061,
        "nauc_map_at_5_diff1": 0.90481,
        "nauc_map_at_10_max": 0.820139,
        "nauc_map_at_10_std": 0.073591,
        "nauc_map_at_10_diff1": 0.905074,
        "nauc_map_at_20_max": 0.819677,
        "nauc_map_at_20_std": 0.073944,
        "nauc_map_at_20_diff1": 0.905179,
        "nauc_map_at_100_max": 0.819551,
        "nauc_map_at_100_std": 0.074226,
        "nauc_map_at_100_diff1": 0.905233,
        "nauc_map_at_1000_max": 0.819514,
        "nauc_map_at_1000_std": 0.074143,
        "nauc_map_at_1000_diff1": 0.905229,
        "nauc_recall_at_1_max": 0.799503,
        "nauc_recall_at_1_std": 0.065638,
        "nauc_recall_at_1_diff1": 0.910533,
        "nauc_recall_at_3_max": 0.864019,
        "nauc_recall_at_3_std": 0.08564,
        "nauc_recall_at_3_diff1": 0.8945,
        "nauc_recall_at_5_max": 0.871445,
        "nauc_recall_at_5_std": 0.080188,
        "nauc_recall_at_5_diff1": 0.895401,
        "nauc_recall_at_10_max": 0.889205,
        "nauc_recall_at_10_std": 0.147675,
        "nauc_recall_at_10_diff1": 0.895426,
        "nauc_recall_at_20_max": 0.896259,
        "nauc_recall_at_20_std": 0.196207,
        "nauc_recall_at_20_diff1": 0.895523,
        "nauc_recall_at_100_max": 0.942283,
        "nauc_recall_at_100_std": 0.455944,
        "nauc_recall_at_100_diff1": 0.911259,
        "nauc_recall_at_1000_max": 0.946749,
        "nauc_recall_at_1000_std": 0.628138,
        "nauc_recall_at_1000_diff1": 0.870009,
        "nauc_precision_at_1_max": 0.799503,
        "nauc_precision_at_1_std": 0.065638,
        "nauc_precision_at_1_diff1": 0.910533,
        "nauc_precision_at_3_max": 0.864019,
        "nauc_precision_at_3_std": 0.08564,
        "nauc_precision_at_3_diff1": 0.8945,
        "nauc_precision_at_5_max": 0.871445,
        "nauc_precision_at_5_std": 0.080188,
        "nauc_precision_at_5_diff1": 0.895401,
        "nauc_precision_at_10_max": 0.889205,
        "nauc_precision_at_10_std": 0.147675,
        "nauc_precision_at_10_diff1": 0.895426,
        "nauc_precision_at_20_max": 0.896259,
        "nauc_precision_at_20_std": 0.196207,
        "nauc_precision_at_20_diff1": 0.895523,
        "nauc_precision_at_100_max": 0.942283,
        "nauc_precision_at_100_std": 0.455944,
        "nauc_precision_at_100_diff1": 0.911259,
        "nauc_precision_at_1000_max": 0.946749,
        "nauc_precision_at_1000_std": 0.628138,
        "nauc_precision_at_1000_diff1": 0.870009,
        "nauc_mrr_at_1_max": 0.799846,
        "nauc_mrr_at_1_std": 0.064665,
        "nauc_mrr_at_1_diff1": 0.91077,
        "nauc_mrr_at_3_max": 0.821322,
        "nauc_mrr_at_3_std": 0.071159,
        "nauc_mrr_at_3_diff1": 0.904496,
        "nauc_mrr_at_5_max": 0.82065,
        "nauc_mrr_at_5_std": 0.069959,
        "nauc_mrr_at_5_diff1": 0.904972,
        "nauc_mrr_at_10_max": 0.820359,
        "nauc_mrr_at_10_std": 0.072924,
        "nauc_mrr_at_10_diff1": 0.905239,
        "nauc_mrr_at_20_max": 0.819899,
        "nauc_mrr_at_20_std": 0.07327,
        "nauc_mrr_at_20_diff1": 0.905346,
        "nauc_mrr_at_100_max": 0.819774,
        "nauc_mrr_at_100_std": 0.073549,
        "nauc_mrr_at_100_diff1": 0.905401,
        "nauc_mrr_at_1000_max": 0.819737,
        "nauc_mrr_at_1000_std": 0.073466,
        "nauc_mrr_at_1000_diff1": 0.905396,
        "main_score": 0.92612,
        "hf_subset": "python",
        "languages": [
          "python-Code"
        ]
      }
    ]
  },
  "evaluation_time": 2251.842016220093,
  "kg_co2_emissions": null
}