{
  "dataset_revision": "27a168819829fe9bcd655c2df245fb19452e8e06",
  "task_name": "FiQA2018",
  "mteb_version": "1.34.8",
  "scores": {
    "test": [
      {
        "ndcg_at_1": 0.41512,
        "ndcg_at_3": 0.37444,
        "ndcg_at_5": 0.38503,
        "ndcg_at_10": 0.41008,
        "ndcg_at_20": 0.4341,
        "ndcg_at_100": 0.47342,
        "ndcg_at_1000": 0.5025,
        "map_at_1": 0.20487,
        "map_at_3": 0.28901,
        "map_at_5": 0.3125,
        "map_at_10": 0.33128,
        "map_at_20": 0.3406,
        "map_at_100": 0.34831,
        "map_at_1000": 0.34997,
        "recall_at_1": 0.20487,
        "recall_at_3": 0.33744,
        "recall_at_5": 0.39652,
        "recall_at_10": 0.47845,
        "recall_at_20": 0.55205,
        "recall_at_100": 0.71522,
        "recall_at_1000": 0.8901,
        "precision_at_1": 0.41512,
        "precision_at_3": 0.25103,
        "precision_at_5": 0.18395,
        "precision_at_10": 0.11327,
        "precision_at_20": 0.06736,
        "precision_at_100": 0.01795,
        "precision_at_1000": 0.00232,
        "mrr_at_1": 0.415123,
        "mrr_at_3": 0.474023,
        "mrr_at_5": 0.48552,
        "mrr_at_10": 0.495993,
        "mrr_at_20": 0.499934,
        "mrr_at_100": 0.503273,
        "mrr_at_1000": 0.503615,
        "nauc_ndcg_at_1_max": 0.415838,
        "nauc_ndcg_at_1_std": -0.073765,
        "nauc_ndcg_at_1_diff1": 0.521833,
        "nauc_ndcg_at_3_max": 0.363789,
        "nauc_ndcg_at_3_std": -0.028239,
        "nauc_ndcg_at_3_diff1": 0.402835,
        "nauc_ndcg_at_5_max": 0.357007,
        "nauc_ndcg_at_5_std": -0.021117,
        "nauc_ndcg_at_5_diff1": 0.403326,
        "nauc_ndcg_at_10_max": 0.364484,
        "nauc_ndcg_at_10_std": -0.00636,
        "nauc_ndcg_at_10_diff1": 0.392552,
        "nauc_ndcg_at_20_max": 0.370876,
        "nauc_ndcg_at_20_std": 0.003891,
        "nauc_ndcg_at_20_diff1": 0.389031,
        "nauc_ndcg_at_100_max": 0.382694,
        "nauc_ndcg_at_100_std": 0.024245,
        "nauc_ndcg_at_100_diff1": 0.394154,
        "nauc_ndcg_at_1000_max": 0.39753,
        "nauc_ndcg_at_1000_std": 0.022015,
        "nauc_ndcg_at_1000_diff1": 0.403461,
        "nauc_map_at_1_max": 0.243086,
        "nauc_map_at_1_std": -0.08462,
        "nauc_map_at_1_diff1": 0.432153,
        "nauc_map_at_3_max": 0.294829,
        "nauc_map_at_3_std": -0.053249,
        "nauc_map_at_3_diff1": 0.395578,
        "nauc_map_at_5_max": 0.320935,
        "nauc_map_at_5_std": -0.040511,
        "nauc_map_at_5_diff1": 0.394416,
        "nauc_map_at_10_max": 0.342091,
        "nauc_map_at_10_std": -0.028886,
        "nauc_map_at_10_diff1": 0.389367,
        "nauc_map_at_20_max": 0.346927,
        "nauc_map_at_20_std": -0.024575,
        "nauc_map_at_20_diff1": 0.388907,
        "nauc_map_at_100_max": 0.350719,
        "nauc_map_at_100_std": -0.020455,
        "nauc_map_at_100_diff1": 0.390356,
        "nauc_map_at_1000_max": 0.352242,
        "nauc_map_at_1000_std": -0.020145,
        "nauc_map_at_1000_diff1": 0.391339,
        "nauc_recall_at_1_max": 0.243086,
        "nauc_recall_at_1_std": -0.08462,
        "nauc_recall_at_1_diff1": 0.432153,
        "nauc_recall_at_3_max": 0.249568,
        "nauc_recall_at_3_std": -0.023975,
        "nauc_recall_at_3_diff1": 0.325278,
        "nauc_recall_at_5_max": 0.268544,
        "nauc_recall_at_5_std": 0.00996,
        "nauc_recall_at_5_diff1": 0.309314,
        "nauc_recall_at_10_max": 0.285559,
        "nauc_recall_at_10_std": 0.040596,
        "nauc_recall_at_10_diff1": 0.261316,
        "nauc_recall_at_20_max": 0.290608,
        "nauc_recall_at_20_std": 0.077854,
        "nauc_recall_at_20_diff1": 0.23653,
        "nauc_recall_at_100_max": 0.283801,
        "nauc_recall_at_100_std": 0.199654,
        "nauc_recall_at_100_diff1": 0.19617,
        "nauc_recall_at_1000_max": 0.408646,
        "nauc_recall_at_1000_std": 0.348198,
        "nauc_recall_at_1000_diff1": 0.163352,
        "nauc_precision_at_1_max": 0.415838,
        "nauc_precision_at_1_std": -0.073765,
        "nauc_precision_at_1_diff1": 0.521833,
        "nauc_precision_at_3_max": 0.394553,
        "nauc_precision_at_3_std": 0.019634,
        "nauc_precision_at_3_diff1": 0.302301,
        "nauc_precision_at_5_max": 0.418593,
        "nauc_precision_at_5_std": 0.052925,
        "nauc_precision_at_5_diff1": 0.268421,
        "nauc_precision_at_10_max": 0.438698,
        "nauc_precision_at_10_std": 0.091756,
        "nauc_precision_at_10_diff1": 0.223191,
        "nauc_precision_at_20_max": 0.420027,
        "nauc_precision_at_20_std": 0.110665,
        "nauc_precision_at_20_diff1": 0.180967,
        "nauc_precision_at_100_max": 0.378131,
        "nauc_precision_at_100_std": 0.147963,
        "nauc_precision_at_100_diff1": 0.122587,
        "nauc_precision_at_1000_max": 0.329124,
        "nauc_precision_at_1000_std": 0.123218,
        "nauc_precision_at_1000_diff1": 0.073733,
        "nauc_mrr_at_1_max": 0.415838,
        "nauc_mrr_at_1_std": -0.073765,
        "nauc_mrr_at_1_diff1": 0.521833,
        "nauc_mrr_at_3_max": 0.410452,
        "nauc_mrr_at_3_std": -0.046921,
        "nauc_mrr_at_3_diff1": 0.49157,
        "nauc_mrr_at_5_max": 0.413714,
        "nauc_mrr_at_5_std": -0.036652,
        "nauc_mrr_at_5_diff1": 0.489468,
        "nauc_mrr_at_10_max": 0.414793,
        "nauc_mrr_at_10_std": -0.032616,
        "nauc_mrr_at_10_diff1": 0.484987,
        "nauc_mrr_at_20_max": 0.415047,
        "nauc_mrr_at_20_std": -0.031674,
        "nauc_mrr_at_20_diff1": 0.483675,
        "nauc_mrr_at_100_max": 0.415918,
        "nauc_mrr_at_100_std": -0.031153,
        "nauc_mrr_at_100_diff1": 0.485074,
        "nauc_mrr_at_1000_max": 0.41597,
        "nauc_mrr_at_1000_std": -0.031301,
        "nauc_mrr_at_1000_diff1": 0.485117,
        "main_score": 0.41008,
        "hf_subset": "default",
        "languages": [
          "eng-Latn"
        ]
      }
    ]
  },
  "evaluation_time": 290.37609457969666,
  "kg_co2_emissions": null
}