{
  "dataset_revision": "ae763399273d8b20506b80cf6f6f9a31a6a2b238",
  "task_name": "MedicalQARetrieval",
  "mteb_version": "1.34.8",
  "scores": {
    "test": [
      {
        "ndcg_at_1": 0.52539,
        "ndcg_at_3": 0.63784,
        "ndcg_at_5": 0.66279,
        "ndcg_at_10": 0.68459,
        "ndcg_at_20": 0.69702,
        "ndcg_at_100": 0.70778,
        "ndcg_at_1000": 0.71408,
        "map_at_1": 0.52539,
        "map_at_3": 0.61051,
        "map_at_5": 0.62448,
        "map_at_10": 0.63357,
        "map_at_20": 0.63709,
        "map_at_100": 0.63859,
        "map_at_1000": 0.63884,
        "recall_at_1": 0.52539,
        "recall_at_3": 0.7168,
        "recall_at_5": 0.77686,
        "recall_at_10": 0.84375,
        "recall_at_20": 0.89209,
        "recall_at_100": 0.9502,
        "recall_at_1000": 0.99854,
        "precision_at_1": 0.52539,
        "precision_at_3": 0.23893,
        "precision_at_5": 0.15537,
        "precision_at_10": 0.08437,
        "precision_at_20": 0.0446,
        "precision_at_100": 0.0095,
        "precision_at_1000": 0.001,
        "mrr_at_1": 0.524902,
        "mrr_at_3": 0.610189,
        "mrr_at_5": 0.62369,
        "mrr_at_10": 0.633116,
        "mrr_at_20": 0.636636,
        "mrr_at_100": 0.638128,
        "mrr_at_1000": 0.638384,
        "nauc_ndcg_at_1_max": 0.262532,
        "nauc_ndcg_at_1_std": -0.079074,
        "nauc_ndcg_at_1_diff1": 0.500732,
        "nauc_ndcg_at_3_max": 0.251302,
        "nauc_ndcg_at_3_std": -0.088946,
        "nauc_ndcg_at_3_diff1": 0.432811,
        "nauc_ndcg_at_5_max": 0.256166,
        "nauc_ndcg_at_5_std": -0.078697,
        "nauc_ndcg_at_5_diff1": 0.425222,
        "nauc_ndcg_at_10_max": 0.269668,
        "nauc_ndcg_at_10_std": -0.068868,
        "nauc_ndcg_at_10_diff1": 0.420526,
        "nauc_ndcg_at_20_max": 0.285846,
        "nauc_ndcg_at_20_std": -0.063089,
        "nauc_ndcg_at_20_diff1": 0.421719,
        "nauc_ndcg_at_100_max": 0.282064,
        "nauc_ndcg_at_100_std": -0.058809,
        "nauc_ndcg_at_100_diff1": 0.431172,
        "nauc_ndcg_at_1000_max": 0.272356,
        "nauc_ndcg_at_1000_std": -0.067878,
        "nauc_ndcg_at_1000_diff1": 0.435878,
        "nauc_map_at_1_max": 0.262532,
        "nauc_map_at_1_std": -0.079074,
        "nauc_map_at_1_diff1": 0.500732,
        "nauc_map_at_3_max": 0.252431,
        "nauc_map_at_3_std": -0.086706,
        "nauc_map_at_3_diff1": 0.450665,
        "nauc_map_at_5_max": 0.254893,
        "nauc_map_at_5_std": -0.081272,
        "nauc_map_at_5_diff1": 0.447083,
        "nauc_map_at_10_max": 0.259363,
        "nauc_map_at_10_std": -0.077908,
        "nauc_map_at_10_diff1": 0.445633,
        "nauc_map_at_20_max": 0.263323,
        "nauc_map_at_20_std": -0.076439,
        "nauc_map_at_20_diff1": 0.446092,
        "nauc_map_at_100_max": 0.263247,
        "nauc_map_at_100_std": -0.075805,
        "nauc_map_at_100_diff1": 0.447196,
        "nauc_map_at_1000_max": 0.26291,
        "nauc_map_at_1000_std": -0.076079,
        "nauc_map_at_1000_diff1": 0.447332,
        "nauc_recall_at_1_max": 0.262532,
        "nauc_recall_at_1_std": -0.079074,
        "nauc_recall_at_1_diff1": 0.500732,
        "nauc_recall_at_3_max": 0.248315,
        "nauc_recall_at_3_std": -0.096571,
        "nauc_recall_at_3_diff1": 0.370521,
        "nauc_recall_at_5_max": 0.263708,
        "nauc_recall_at_5_std": -0.065912,
        "nauc_recall_at_5_diff1": 0.33474,
        "nauc_recall_at_10_max": 0.341319,
        "nauc_recall_at_10_std": -0.008297,
        "nauc_recall_at_10_diff1": 0.279969,
        "nauc_recall_at_20_max": 0.508273,
        "nauc_recall_at_20_std": 0.062876,
        "nauc_recall_at_20_diff1": 0.237151,
        "nauc_recall_at_100_max": 0.633185,
        "nauc_recall_at_100_std": 0.297342,
        "nauc_recall_at_100_diff1": 0.26959,
        "nauc_recall_at_1000_max": 0.907391,
        "nauc_recall_at_1000_std": 1.0,
        "nauc_recall_at_1000_diff1": 0.758775,
        "nauc_precision_at_1_max": 0.262532,
        "nauc_precision_at_1_std": -0.079074,
        "nauc_precision_at_1_diff1": 0.500732,
        "nauc_precision_at_3_max": 0.248315,
        "nauc_precision_at_3_std": -0.096571,
        "nauc_precision_at_3_diff1": 0.370521,
        "nauc_precision_at_5_max": 0.263708,
        "nauc_precision_at_5_std": -0.065912,
        "nauc_precision_at_5_diff1": 0.33474,
        "nauc_precision_at_10_max": 0.341319,
        "nauc_precision_at_10_std": -0.008297,
        "nauc_precision_at_10_diff1": 0.279969,
        "nauc_precision_at_20_max": 0.508273,
        "nauc_precision_at_20_std": 0.062876,
        "nauc_precision_at_20_diff1": 0.237151,
        "nauc_precision_at_100_max": 0.633185,
        "nauc_precision_at_100_std": 0.297342,
        "nauc_precision_at_100_diff1": 0.26959,
        "nauc_precision_at_1000_max": 0.907391,
        "nauc_precision_at_1000_std": 1.0,
        "nauc_precision_at_1000_diff1": 0.758775,
        "nauc_mrr_at_1_max": 0.263828,
        "nauc_mrr_at_1_std": -0.077603,
        "nauc_mrr_at_1_diff1": 0.501905,
        "nauc_mrr_at_3_max": 0.252269,
        "nauc_mrr_at_3_std": -0.086472,
        "nauc_mrr_at_3_diff1": 0.451549,
        "nauc_mrr_at_5_max": 0.254577,
        "nauc_mrr_at_5_std": -0.081319,
        "nauc_mrr_at_5_diff1": 0.449079,
        "nauc_mrr_at_10_max": 0.259723,
        "nauc_mrr_at_10_std": -0.077426,
        "nauc_mrr_at_10_diff1": 0.446915,
        "nauc_mrr_at_20_max": 0.263684,
        "nauc_mrr_at_20_std": -0.075953,
        "nauc_mrr_at_20_diff1": 0.447388,
        "nauc_mrr_at_100_max": 0.26361,
        "nauc_mrr_at_100_std": -0.075317,
        "nauc_mrr_at_100_diff1": 0.448498,
        "nauc_mrr_at_1000_max": 0.263273,
        "nauc_mrr_at_1000_std": -0.07559,
        "nauc_mrr_at_1000_diff1": 0.448635,
        "main_score": 0.68459,
        "hf_subset": "default",
        "languages": [
          "eng-Latn"
        ]
      }
    ]
  },
  "evaluation_time": 41.968836307525635,
  "kg_co2_emissions": null
}