{
  "dataset_revision": "f8c2fcf00f625baaa80f62ec5bd9e1fff3b8ae88",
  "task_name": "SCIDOCS",
  "mteb_version": "1.34.8",
  "scores": {
    "test": [
      {
        "ndcg_at_1": 0.202,
        "ndcg_at_3": 0.16435,
        "ndcg_at_5": 0.14351,
        "ndcg_at_10": 0.17029,
        "ndcg_at_20": 0.19546,
        "ndcg_at_100": 0.24317,
        "ndcg_at_1000": 0.29233,
        "map_at_1": 0.04108,
        "map_at_3": 0.07278,
        "map_at_5": 0.08644,
        "map_at_10": 0.0998,
        "map_at_20": 0.10865,
        "map_at_100": 0.11743,
        "map_at_1000": 0.12008,
        "recall_at_1": 0.04108,
        "recall_at_3": 0.09338,
        "recall_at_5": 0.12768,
        "recall_at_10": 0.17713,
        "recall_at_20": 0.23622,
        "recall_at_100": 0.39217,
        "recall_at_1000": 0.63202,
        "precision_at_1": 0.202,
        "precision_at_3": 0.15367,
        "precision_at_5": 0.126,
        "precision_at_10": 0.0872,
        "precision_at_20": 0.05815,
        "precision_at_100": 0.01931,
        "precision_at_1000": 0.00311,
        "mrr_at_1": 0.202,
        "mrr_at_3": 0.270667,
        "mrr_at_5": 0.288017,
        "mrr_at_10": 0.300181,
        "mrr_at_20": 0.30703,
        "mrr_at_100": 0.311687,
        "mrr_at_1000": 0.312299,
        "nauc_ndcg_at_1_max": 0.270164,
        "nauc_ndcg_at_1_std": 0.043823,
        "nauc_ndcg_at_1_diff1": 0.169144,
        "nauc_ndcg_at_3_max": 0.336697,
        "nauc_ndcg_at_3_std": 0.106391,
        "nauc_ndcg_at_3_diff1": 0.109085,
        "nauc_ndcg_at_5_max": 0.377064,
        "nauc_ndcg_at_5_std": 0.138053,
        "nauc_ndcg_at_5_diff1": 0.127796,
        "nauc_ndcg_at_10_max": 0.403643,
        "nauc_ndcg_at_10_std": 0.168856,
        "nauc_ndcg_at_10_diff1": 0.113368,
        "nauc_ndcg_at_20_max": 0.422356,
        "nauc_ndcg_at_20_std": 0.20324,
        "nauc_ndcg_at_20_diff1": 0.113371,
        "nauc_ndcg_at_100_max": 0.452352,
        "nauc_ndcg_at_100_std": 0.251169,
        "nauc_ndcg_at_100_diff1": 0.119136,
        "nauc_ndcg_at_1000_max": 0.460761,
        "nauc_ndcg_at_1000_std": 0.276455,
        "nauc_ndcg_at_1000_diff1": 0.124043,
        "nauc_map_at_1_max": 0.271871,
        "nauc_map_at_1_std": 0.04362,
        "nauc_map_at_1_diff1": 0.174348,
        "nauc_map_at_3_max": 0.33196,
        "nauc_map_at_3_std": 0.082197,
        "nauc_map_at_3_diff1": 0.110622,
        "nauc_map_at_5_max": 0.377245,
        "nauc_map_at_5_std": 0.119163,
        "nauc_map_at_5_diff1": 0.127104,
        "nauc_map_at_10_max": 0.406026,
        "nauc_map_at_10_std": 0.151026,
        "nauc_map_at_10_diff1": 0.118758,
        "nauc_map_at_20_max": 0.417742,
        "nauc_map_at_20_std": 0.170547,
        "nauc_map_at_20_diff1": 0.119046,
        "nauc_map_at_100_max": 0.428667,
        "nauc_map_at_100_std": 0.187847,
        "nauc_map_at_100_diff1": 0.119224,
        "nauc_map_at_1000_max": 0.430941,
        "nauc_map_at_1000_std": 0.192089,
        "nauc_map_at_1000_diff1": 0.120345,
        "nauc_recall_at_1_max": 0.271871,
        "nauc_recall_at_1_std": 0.04362,
        "nauc_recall_at_1_diff1": 0.174348,
        "nauc_recall_at_3_max": 0.352662,
        "nauc_recall_at_3_std": 0.126887,
        "nauc_recall_at_3_diff1": 0.086403,
        "nauc_recall_at_5_max": 0.406874,
        "nauc_recall_at_5_std": 0.175181,
        "nauc_recall_at_5_diff1": 0.116825,
        "nauc_recall_at_10_max": 0.423819,
        "nauc_recall_at_10_std": 0.213435,
        "nauc_recall_at_10_diff1": 0.084807,
        "nauc_recall_at_20_max": 0.44509,
        "nauc_recall_at_20_std": 0.272786,
        "nauc_recall_at_20_diff1": 0.083804,
        "nauc_recall_at_100_max": 0.465368,
        "nauc_recall_at_100_std": 0.357726,
        "nauc_recall_at_100_diff1": 0.088125,
        "nauc_recall_at_1000_max": 0.439611,
        "nauc_recall_at_1000_std": 0.421597,
        "nauc_recall_at_1000_diff1": 0.0883,
        "nauc_precision_at_1_max": 0.270164,
        "nauc_precision_at_1_std": 0.043823,
        "nauc_precision_at_1_diff1": 0.169144,
        "nauc_precision_at_3_max": 0.353526,
        "nauc_precision_at_3_std": 0.129819,
        "nauc_precision_at_3_diff1": 0.084065,
        "nauc_precision_at_5_max": 0.408816,
        "nauc_precision_at_5_std": 0.179641,
        "nauc_precision_at_5_diff1": 0.114158,
        "nauc_precision_at_10_max": 0.42562,
        "nauc_precision_at_10_std": 0.217304,
        "nauc_precision_at_10_diff1": 0.082146,
        "nauc_precision_at_20_max": 0.445162,
        "nauc_precision_at_20_std": 0.275896,
        "nauc_precision_at_20_diff1": 0.081902,
        "nauc_precision_at_100_max": 0.464429,
        "nauc_precision_at_100_std": 0.358777,
        "nauc_precision_at_100_diff1": 0.087866,
        "nauc_precision_at_1000_max": 0.428315,
        "nauc_precision_at_1000_std": 0.414842,
        "nauc_precision_at_1000_diff1": 0.087593,
        "nauc_mrr_at_1_max": 0.270164,
        "nauc_mrr_at_1_std": 0.043823,
        "nauc_mrr_at_1_diff1": 0.169144,
        "nauc_mrr_at_3_max": 0.316766,
        "nauc_mrr_at_3_std": 0.105047,
        "nauc_mrr_at_3_diff1": 0.133641,
        "nauc_mrr_at_5_max": 0.321473,
        "nauc_mrr_at_5_std": 0.109234,
        "nauc_mrr_at_5_diff1": 0.138904,
        "nauc_mrr_at_10_max": 0.32265,
        "nauc_mrr_at_10_std": 0.112344,
        "nauc_mrr_at_10_diff1": 0.133967,
        "nauc_mrr_at_20_max": 0.325484,
        "nauc_mrr_at_20_std": 0.117579,
        "nauc_mrr_at_20_diff1": 0.134182,
        "nauc_mrr_at_100_max": 0.325603,
        "nauc_mrr_at_100_std": 0.117896,
        "nauc_mrr_at_100_diff1": 0.135951,
        "nauc_mrr_at_1000_max": 0.325352,
        "nauc_mrr_at_1000_std": 0.117615,
        "nauc_mrr_at_1000_diff1": 0.135826,
        "main_score": 0.17029,
        "hf_subset": "default",
        "languages": [
          "eng-Latn"
        ]
      }
    ]
  },
  "evaluation_time": 174.82368278503418,
  "kg_co2_emissions": null
}