{
  "dataset_revision": "0228b52cf27578f30900b9e5271d331663a030d7",
  "task_name": "SciFact",
  "mteb_version": "1.34.8",
  "scores": {
    "test": [
      {
        "ndcg_at_1": 0.52667,
        "ndcg_at_3": 0.60654,
        "ndcg_at_5": 0.63136,
        "ndcg_at_10": 0.65443,
        "ndcg_at_20": 0.66228,
        "ndcg_at_100": 0.68177,
        "ndcg_at_1000": 0.68948,
        "map_at_1": 0.49578,
        "map_at_3": 0.5761,
        "map_at_5": 0.59273,
        "map_at_10": 0.60418,
        "map_at_20": 0.60674,
        "map_at_100": 0.61006,
        "map_at_1000": 0.61031,
        "recall_at_1": 0.49578,
        "recall_at_3": 0.6635,
        "recall_at_5": 0.72667,
        "recall_at_10": 0.79078,
        "recall_at_20": 0.82022,
        "recall_at_100": 0.91767,
        "recall_at_1000": 0.98,
        "precision_at_1": 0.52667,
        "precision_at_3": 0.24111,
        "precision_at_5": 0.16,
        "precision_at_10": 0.089,
        "precision_at_20": 0.04633,
        "precision_at_100": 0.0104,
        "precision_at_1000": 0.00111,
        "mrr_at_1": 0.526667,
        "mrr_at_3": 0.597222,
        "mrr_at_5": 0.611222,
        "mrr_at_10": 0.620397,
        "mrr_at_20": 0.622015,
        "mrr_at_100": 0.624673,
        "mrr_at_1000": 0.624889,
        "nauc_ndcg_at_1_max": 0.516328,
        "nauc_ndcg_at_1_std": 0.007022,
        "nauc_ndcg_at_1_diff1": 0.69323,
        "nauc_ndcg_at_3_max": 0.521233,
        "nauc_ndcg_at_3_std": -0.027429,
        "nauc_ndcg_at_3_diff1": 0.672891,
        "nauc_ndcg_at_5_max": 0.526685,
        "nauc_ndcg_at_5_std": 0.01379,
        "nauc_ndcg_at_5_diff1": 0.660611,
        "nauc_ndcg_at_10_max": 0.551592,
        "nauc_ndcg_at_10_std": 0.046413,
        "nauc_ndcg_at_10_diff1": 0.643425,
        "nauc_ndcg_at_20_max": 0.559743,
        "nauc_ndcg_at_20_std": 0.057394,
        "nauc_ndcg_at_20_diff1": 0.648016,
        "nauc_ndcg_at_100_max": 0.550823,
        "nauc_ndcg_at_100_std": 0.051131,
        "nauc_ndcg_at_100_diff1": 0.65364,
        "nauc_ndcg_at_1000_max": 0.548297,
        "nauc_ndcg_at_1000_std": 0.042121,
        "nauc_ndcg_at_1000_diff1": 0.65811,
        "nauc_map_at_1_max": 0.455039,
        "nauc_map_at_1_std": -0.070578,
        "nauc_map_at_1_diff1": 0.691704,
        "nauc_map_at_3_max": 0.497109,
        "nauc_map_at_3_std": -0.05119,
        "nauc_map_at_3_diff1": 0.684972,
        "nauc_map_at_5_max": 0.507214,
        "nauc_map_at_5_std": -0.019401,
        "nauc_map_at_5_diff1": 0.676731,
        "nauc_map_at_10_max": 0.523363,
        "nauc_map_at_10_std": -0.000577,
        "nauc_map_at_10_diff1": 0.66812,
        "nauc_map_at_20_max": 0.526636,
        "nauc_map_at_20_std": 0.004231,
        "nauc_map_at_20_diff1": 0.669028,
        "nauc_map_at_100_max": 0.525219,
        "nauc_map_at_100_std": 0.003583,
        "nauc_map_at_100_diff1": 0.669796,
        "nauc_map_at_1000_max": 0.525208,
        "nauc_map_at_1000_std": 0.003233,
        "nauc_map_at_1000_diff1": 0.670029,
        "nauc_recall_at_1_max": 0.455039,
        "nauc_recall_at_1_std": -0.070578,
        "nauc_recall_at_1_diff1": 0.691704,
        "nauc_recall_at_3_max": 0.511469,
        "nauc_recall_at_3_std": -0.060457,
        "nauc_recall_at_3_diff1": 0.651898,
        "nauc_recall_at_5_max": 0.537316,
        "nauc_recall_at_5_std": 0.074165,
        "nauc_recall_at_5_diff1": 0.597787,
        "nauc_recall_at_10_max": 0.623341,
        "nauc_recall_at_10_std": 0.193663,
        "nauc_recall_at_10_diff1": 0.523943,
        "nauc_recall_at_20_max": 0.672151,
        "nauc_recall_at_20_std": 0.263936,
        "nauc_recall_at_20_diff1": 0.537408,
        "nauc_recall_at_100_max": 0.665519,
        "nauc_recall_at_100_std": 0.361271,
        "nauc_recall_at_100_diff1": 0.526692,
        "nauc_recall_at_1000_max": 0.761204,
        "nauc_recall_at_1000_std": 0.541783,
        "nauc_recall_at_1000_diff1": 0.513772,
        "nauc_precision_at_1_max": 0.516328,
        "nauc_precision_at_1_std": 0.007022,
        "nauc_precision_at_1_diff1": 0.69323,
        "nauc_precision_at_3_max": 0.556239,
        "nauc_precision_at_3_std": 0.140256,
        "nauc_precision_at_3_diff1": 0.501402,
        "nauc_precision_at_5_max": 0.557423,
        "nauc_precision_at_5_std": 0.298711,
        "nauc_precision_at_5_diff1": 0.381808,
        "nauc_precision_at_10_max": 0.590597,
        "nauc_precision_at_10_std": 0.447653,
        "nauc_precision_at_10_diff1": 0.210688,
        "nauc_precision_at_20_max": 0.574187,
        "nauc_precision_at_20_std": 0.49314,
        "nauc_precision_at_20_diff1": 0.163513,
        "nauc_precision_at_100_max": 0.450614,
        "nauc_precision_at_100_std": 0.534767,
        "nauc_precision_at_100_diff1": 0.01512,
        "nauc_precision_at_1000_max": 0.358238,
        "nauc_precision_at_1000_std": 0.542928,
        "nauc_precision_at_1000_diff1": -0.120666,
        "nauc_mrr_at_1_max": 0.516328,
        "nauc_mrr_at_1_std": 0.007022,
        "nauc_mrr_at_1_diff1": 0.69323,
        "nauc_mrr_at_3_max": 0.537727,
        "nauc_mrr_at_3_std": 0.00582,
        "nauc_mrr_at_3_diff1": 0.675006,
        "nauc_mrr_at_5_max": 0.539817,
        "nauc_mrr_at_5_std": 0.027532,
        "nauc_mrr_at_5_diff1": 0.666932,
        "nauc_mrr_at_10_max": 0.546252,
        "nauc_mrr_at_10_std": 0.038127,
        "nauc_mrr_at_10_diff1": 0.662335,
        "nauc_mrr_at_20_max": 0.547166,
        "nauc_mrr_at_20_std": 0.038862,
        "nauc_mrr_at_20_diff1": 0.664203,
        "nauc_mrr_at_100_max": 0.545721,
        "nauc_mrr_at_100_std": 0.037728,
        "nauc_mrr_at_100_diff1": 0.664843,
        "nauc_mrr_at_1000_max": 0.54559,
        "nauc_mrr_at_1000_std": 0.037365,
        "nauc_mrr_at_1000_diff1": 0.664899,
        "main_score": 0.65443,
        "hf_subset": "default",
        "languages": [
          "eng-Latn"
        ]
      }
    ]
  },
  "evaluation_time": 47.76809334754944,
  "kg_co2_emissions": null
}