{
  "dataset_revision": "f22508f96b7a36c2415181ed8bb76f76e04ae2d5",
  "task_name": "AppsRetrieval",
  "mteb_version": "1.34.8",
  "scores": {
    "test": [
      {
        "ndcg_at_1": 0.03639,
        "ndcg_at_3": 0.04969,
        "ndcg_at_5": 0.05549,
        "ndcg_at_10": 0.06333,
        "ndcg_at_20": 0.06974,
        "ndcg_at_100": 0.09002,
        "ndcg_at_1000": 0.12707,
        "map_at_1": 0.03639,
        "map_at_3": 0.04639,
        "map_at_5": 0.04955,
        "map_at_10": 0.05286,
        "map_at_20": 0.0546,
        "map_at_100": 0.0571,
        "map_at_1000": 0.0582,
        "recall_at_1": 0.03639,
        "recall_at_3": 0.05923,
        "recall_at_5": 0.07357,
        "recall_at_10": 0.09748,
        "recall_at_20": 0.12297,
        "recall_at_100": 0.23692,
        "recall_at_1000": 0.54608,
        "precision_at_1": 0.03639,
        "precision_at_3": 0.01974,
        "precision_at_5": 0.01471,
        "precision_at_10": 0.00975,
        "precision_at_20": 0.00615,
        "precision_at_100": 0.00237,
        "precision_at_1000": 0.00055,
        "mrr_at_1": 0.036388,
        "mrr_at_3": 0.046392,
        "mrr_at_5": 0.049553,
        "mrr_at_10": 0.052855,
        "mrr_at_20": 0.054597,
        "mrr_at_100": 0.057105,
        "mrr_at_1000": 0.058199,
        "nauc_ndcg_at_1_max": 0.334673,
        "nauc_ndcg_at_1_std": -0.028352,
        "nauc_ndcg_at_1_diff1": 0.357796,
        "nauc_ndcg_at_3_max": 0.306737,
        "nauc_ndcg_at_3_std": -0.007607,
        "nauc_ndcg_at_3_diff1": 0.262916,
        "nauc_ndcg_at_5_max": 0.293009,
        "nauc_ndcg_at_5_std": -0.004191,
        "nauc_ndcg_at_5_diff1": 0.233073,
        "nauc_ndcg_at_10_max": 0.284104,
        "nauc_ndcg_at_10_std": 0.01563,
        "nauc_ndcg_at_10_diff1": 0.200633,
        "nauc_ndcg_at_20_max": 0.280305,
        "nauc_ndcg_at_20_std": 0.029073,
        "nauc_ndcg_at_20_diff1": 0.18599,
        "nauc_ndcg_at_100_max": 0.266721,
        "nauc_ndcg_at_100_std": 0.048038,
        "nauc_ndcg_at_100_diff1": 0.143752,
        "nauc_ndcg_at_1000_max": 0.263728,
        "nauc_ndcg_at_1000_std": 0.057854,
        "nauc_ndcg_at_1000_diff1": 0.132867,
        "nauc_map_at_1_max": 0.334673,
        "nauc_map_at_1_std": -0.028352,
        "nauc_map_at_1_diff1": 0.357796,
        "nauc_map_at_3_max": 0.312364,
        "nauc_map_at_3_std": -0.012305,
        "nauc_map_at_3_diff1": 0.281166,
        "nauc_map_at_5_max": 0.303875,
        "nauc_map_at_5_std": -0.009601,
        "nauc_map_at_5_diff1": 0.261722,
        "nauc_map_at_10_max": 0.298448,
        "nauc_map_at_10_std": 0.000725,
        "nauc_map_at_10_diff1": 0.243627,
        "nauc_map_at_20_max": 0.296528,
        "nauc_map_at_20_std": 0.005358,
        "nauc_map_at_20_diff1": 0.237192,
        "nauc_map_at_100_max": 0.292888,
        "nauc_map_at_100_std": 0.008768,
        "nauc_map_at_100_diff1": 0.227694,
        "nauc_map_at_1000_max": 0.292419,
        "nauc_map_at_1000_std": 0.009555,
        "nauc_map_at_1000_diff1": 0.226611,
        "nauc_recall_at_1_max": 0.334673,
        "nauc_recall_at_1_std": -0.028352,
        "nauc_recall_at_1_diff1": 0.357796,
        "nauc_recall_at_3_max": 0.293905,
        "nauc_recall_at_3_std": 0.003263,
        "nauc_recall_at_3_diff1": 0.221567,
        "nauc_recall_at_5_max": 0.270151,
        "nauc_recall_at_5_std": 0.006611,
        "nauc_recall_at_5_diff1": 0.174239,
        "nauc_recall_at_10_max": 0.25884,
        "nauc_recall_at_10_std": 0.043276,
        "nauc_recall_at_10_diff1": 0.124269,
        "nauc_recall_at_20_max": 0.254852,
        "nauc_recall_at_20_std": 0.07146,
        "nauc_recall_at_20_diff1": 0.103361,
        "nauc_recall_at_100_max": 0.233572,
        "nauc_recall_at_100_std": 0.106344,
        "nauc_recall_at_100_diff1": 0.030031,
        "nauc_recall_at_1000_max": 0.229183,
        "nauc_recall_at_1000_std": 0.131557,
        "nauc_recall_at_1000_diff1": 0.005287,
        "nauc_precision_at_1_max": 0.334673,
        "nauc_precision_at_1_std": -0.028352,
        "nauc_precision_at_1_diff1": 0.357796,
        "nauc_precision_at_3_max": 0.293905,
        "nauc_precision_at_3_std": 0.003263,
        "nauc_precision_at_3_diff1": 0.221567,
        "nauc_precision_at_5_max": 0.270151,
        "nauc_precision_at_5_std": 0.006611,
        "nauc_precision_at_5_diff1": 0.174239,
        "nauc_precision_at_10_max": 0.25884,
        "nauc_precision_at_10_std": 0.043276,
        "nauc_precision_at_10_diff1": 0.124269,
        "nauc_precision_at_20_max": 0.254852,
        "nauc_precision_at_20_std": 0.07146,
        "nauc_precision_at_20_diff1": 0.103361,
        "nauc_precision_at_100_max": 0.233572,
        "nauc_precision_at_100_std": 0.106344,
        "nauc_precision_at_100_diff1": 0.030031,
        "nauc_precision_at_1000_max": 0.229183,
        "nauc_precision_at_1000_std": 0.131557,
        "nauc_precision_at_1000_diff1": 0.005287,
        "nauc_mrr_at_1_max": 0.334673,
        "nauc_mrr_at_1_std": -0.028352,
        "nauc_mrr_at_1_diff1": 0.357796,
        "nauc_mrr_at_3_max": 0.312364,
        "nauc_mrr_at_3_std": -0.012305,
        "nauc_mrr_at_3_diff1": 0.281166,
        "nauc_mrr_at_5_max": 0.303875,
        "nauc_mrr_at_5_std": -0.009601,
        "nauc_mrr_at_5_diff1": 0.261722,
        "nauc_mrr_at_10_max": 0.298448,
        "nauc_mrr_at_10_std": 0.000725,
        "nauc_mrr_at_10_diff1": 0.243627,
        "nauc_mrr_at_20_max": 0.296528,
        "nauc_mrr_at_20_std": 0.005358,
        "nauc_mrr_at_20_diff1": 0.237192,
        "nauc_mrr_at_100_max": 0.292888,
        "nauc_mrr_at_100_std": 0.008768,
        "nauc_mrr_at_100_diff1": 0.227694,
        "nauc_mrr_at_1000_max": 0.292419,
        "nauc_mrr_at_1000_std": 0.009555,
        "nauc_mrr_at_1000_diff1": 0.226611,
        "main_score": 0.06333,
        "hf_subset": "default",
        "languages": [
          "eng-Latn",
          "python-Code"
        ]
      }
    ]
  },
  "evaluation_time": 14.747095346450806,
  "kg_co2_emissions": null
}