{
  "dataset_revision": "c22ab2a51041ffd869aaddef7af8d8215647e41a",
  "task_name": "ArguAna",
  "mteb_version": "1.34.8",
  "scores": {
    "test": [
      {
        "ndcg_at_1": 0.26387,
        "ndcg_at_3": 0.40633,
        "ndcg_at_5": 0.45208,
        "ndcg_at_10": 0.50752,
        "ndcg_at_20": 0.53748,
        "ndcg_at_100": 0.55042,
        "ndcg_at_1000": 0.55271,
        "map_at_1": 0.26387,
        "map_at_3": 0.36996,
        "map_at_5": 0.39521,
        "map_at_10": 0.41822,
        "map_at_20": 0.4266,
        "map_at_100": 0.42865,
        "map_at_1000": 0.42875,
        "recall_at_1": 0.26387,
        "recall_at_3": 0.51209,
        "recall_at_5": 0.62376,
        "recall_at_10": 0.79445,
        "recall_at_20": 0.91181,
        "recall_at_100": 0.97795,
        "recall_at_1000": 0.99502,
        "precision_at_1": 0.26387,
        "precision_at_3": 0.1707,
        "precision_at_5": 0.12475,
        "precision_at_10": 0.07945,
        "precision_at_20": 0.04559,
        "precision_at_100": 0.00978,
        "precision_at_1000": 0.001,
        "mrr_at_1": 0.268137,
        "mrr_at_3": 0.371029,
        "mrr_at_5": 0.396989,
        "mrr_at_10": 0.419877,
        "mrr_at_20": 0.428285,
        "mrr_at_100": 0.430299,
        "mrr_at_1000": 0.430401,
        "nauc_ndcg_at_1_max": -0.033477,
        "nauc_ndcg_at_1_std": -0.091158,
        "nauc_ndcg_at_1_diff1": 0.130302,
        "nauc_ndcg_at_3_max": -0.013409,
        "nauc_ndcg_at_3_std": -0.079987,
        "nauc_ndcg_at_3_diff1": 0.088316,
        "nauc_ndcg_at_5_max": -0.012837,
        "nauc_ndcg_at_5_std": -0.084902,
        "nauc_ndcg_at_5_diff1": 0.075031,
        "nauc_ndcg_at_10_max": -0.002983,
        "nauc_ndcg_at_10_std": -0.072944,
        "nauc_ndcg_at_10_diff1": 0.073202,
        "nauc_ndcg_at_20_max": -0.002134,
        "nauc_ndcg_at_20_std": -0.080773,
        "nauc_ndcg_at_20_diff1": 0.082488,
        "nauc_ndcg_at_100_max": -0.003479,
        "nauc_ndcg_at_100_std": -0.07541,
        "nauc_ndcg_at_100_diff1": 0.087645,
        "nauc_ndcg_at_1000_max": -0.009006,
        "nauc_ndcg_at_1000_std": -0.078893,
        "nauc_ndcg_at_1000_diff1": 0.087371,
        "nauc_map_at_1_max": -0.033477,
        "nauc_map_at_1_std": -0.091158,
        "nauc_map_at_1_diff1": 0.130302,
        "nauc_map_at_3_max": -0.020522,
        "nauc_map_at_3_std": -0.084699,
        "nauc_map_at_3_diff1": 0.09579,
        "nauc_map_at_5_max": -0.02069,
        "nauc_map_at_5_std": -0.087257,
        "nauc_map_at_5_diff1": 0.088624,
        "nauc_map_at_10_max": -0.017339,
        "nauc_map_at_10_std": -0.083183,
        "nauc_map_at_10_diff1": 0.089139,
        "nauc_map_at_20_max": -0.017415,
        "nauc_map_at_20_std": -0.085217,
        "nauc_map_at_20_diff1": 0.091491,
        "nauc_map_at_100_max": -0.017263,
        "nauc_map_at_100_std": -0.084576,
        "nauc_map_at_100_diff1": 0.092591,
        "nauc_map_at_1000_max": -0.017454,
        "nauc_map_at_1000_std": -0.08468,
        "nauc_map_at_1000_diff1": 0.092581,
        "nauc_recall_at_1_max": -0.033477,
        "nauc_recall_at_1_std": -0.091158,
        "nauc_recall_at_1_diff1": 0.130302,
        "nauc_recall_at_3_max": 0.00765,
        "nauc_recall_at_3_std": -0.065836,
        "nauc_recall_at_3_diff1": 0.068142,
        "nauc_recall_at_5_max": 0.013443,
        "nauc_recall_at_5_std": -0.077685,
        "nauc_recall_at_5_diff1": 0.031378,
        "nauc_recall_at_10_max": 0.07455,
        "nauc_recall_at_10_std": -0.015141,
        "nauc_recall_at_10_diff1": -0.007406,
        "nauc_recall_at_20_max": 0.172691,
        "nauc_recall_at_20_std": -0.040045,
        "nauc_recall_at_20_diff1": 0.011937,
        "nauc_recall_at_100_max": 0.530522,
        "nauc_recall_at_100_std": 0.390025,
        "nauc_recall_at_100_diff1": 0.025232,
        "nauc_recall_at_1000_max": 0.295124,
        "nauc_recall_at_1000_std": 0.637562,
        "nauc_recall_at_1000_diff1": -0.282841,
        "nauc_precision_at_1_max": -0.033477,
        "nauc_precision_at_1_std": -0.091158,
        "nauc_precision_at_1_diff1": 0.130302,
        "nauc_precision_at_3_max": 0.00765,
        "nauc_precision_at_3_std": -0.065836,
        "nauc_precision_at_3_diff1": 0.068142,
        "nauc_precision_at_5_max": 0.013443,
        "nauc_precision_at_5_std": -0.077685,
        "nauc_precision_at_5_diff1": 0.031378,
        "nauc_precision_at_10_max": 0.07455,
        "nauc_precision_at_10_std": -0.015141,
        "nauc_precision_at_10_diff1": -0.007406,
        "nauc_precision_at_20_max": 0.172691,
        "nauc_precision_at_20_std": -0.040045,
        "nauc_precision_at_20_diff1": 0.011937,
        "nauc_precision_at_100_max": 0.530522,
        "nauc_precision_at_100_std": 0.390025,
        "nauc_precision_at_100_diff1": 0.025232,
        "nauc_precision_at_1000_max": 0.295124,
        "nauc_precision_at_1000_std": 0.637562,
        "nauc_precision_at_1000_diff1": -0.282841,
        "nauc_mrr_at_1_max": -0.040573,
        "nauc_mrr_at_1_std": -0.09249,
        "nauc_mrr_at_1_diff1": 0.116317,
        "nauc_mrr_at_3_max": -0.031036,
        "nauc_mrr_at_3_std": -0.086424,
        "nauc_mrr_at_3_diff1": 0.082076,
        "nauc_mrr_at_5_max": -0.02963,
        "nauc_mrr_at_5_std": -0.087052,
        "nauc_mrr_at_5_diff1": 0.076325,
        "nauc_mrr_at_10_max": -0.026634,
        "nauc_mrr_at_10_std": -0.083659,
        "nauc_mrr_at_10_diff1": 0.076275,
        "nauc_mrr_at_20_max": -0.027006,
        "nauc_mrr_at_20_std": -0.085645,
        "nauc_mrr_at_20_diff1": 0.078211,
        "nauc_mrr_at_100_max": -0.026911,
        "nauc_mrr_at_100_std": -0.085068,
        "nauc_mrr_at_100_diff1": 0.079261,
        "nauc_mrr_at_1000_max": -0.027104,
        "nauc_mrr_at_1000_std": -0.085171,
        "nauc_mrr_at_1000_diff1": 0.079247,
        "main_score": 0.50752,
        "hf_subset": "default",
        "languages": [
          "eng-Latn"
        ]
      }
    ]
  },
  "evaluation_time": 8.03720474243164,
  "kg_co2_emissions": null
}