{
  "dataset_revision": "5d958fb6b31055495347724d46431ba41309b03a",
  "task_name": "ChemNQRetrieval",
  "mteb_version": "1.34.8",
  "scores": {
    "test": [
      {
        "ndcg_at_1": 0.33333,
        "ndcg_at_3": 0.39264,
        "ndcg_at_5": 0.45843,
        "ndcg_at_10": 0.49002,
        "ndcg_at_20": 0.51582,
        "ndcg_at_100": 0.55245,
        "ndcg_at_1000": 0.55649,
        "map_at_1": 0.25926,
        "map_at_3": 0.35185,
        "map_at_5": 0.39167,
        "map_at_10": 0.40725,
        "map_at_20": 0.41688,
        "map_at_100": 0.42376,
        "map_at_1000": 0.42382,
        "recall_at_1": 0.25926,
        "recall_at_3": 0.46296,
        "recall_at_5": 0.61111,
        "recall_at_10": 0.7037,
        "recall_at_20": 0.79012,
        "recall_at_100": 0.96296,
        "recall_at_1000": 1.0,
        "precision_at_1": 0.33333,
        "precision_at_3": 0.18519,
        "precision_at_5": 0.14815,
        "precision_at_10": 0.08519,
        "precision_at_20": 0.05,
        "precision_at_100": 0.01259,
        "precision_at_1000": 0.0013,
        "mrr_at_1": 0.333333,
        "mrr_at_3": 0.407407,
        "mrr_at_5": 0.442593,
        "mrr_at_10": 0.451999,
        "mrr_at_20": 0.456797,
        "mrr_at_100": 0.460781,
        "mrr_at_1000": 0.460846,
        "nauc_ndcg_at_1_max": 0.383281,
        "nauc_ndcg_at_1_std": -0.335522,
        "nauc_ndcg_at_1_diff1": 0.298888,
        "nauc_ndcg_at_3_max": 0.456333,
        "nauc_ndcg_at_3_std": -0.3936,
        "nauc_ndcg_at_3_diff1": 0.073646,
        "nauc_ndcg_at_5_max": 0.504199,
        "nauc_ndcg_at_5_std": -0.438543,
        "nauc_ndcg_at_5_diff1": -0.037881,
        "nauc_ndcg_at_10_max": 0.465336,
        "nauc_ndcg_at_10_std": -0.491549,
        "nauc_ndcg_at_10_diff1": 0.004718,
        "nauc_ndcg_at_20_max": 0.464158,
        "nauc_ndcg_at_20_std": -0.385197,
        "nauc_ndcg_at_20_diff1": 0.024725,
        "nauc_ndcg_at_100_max": 0.443002,
        "nauc_ndcg_at_100_std": -0.361044,
        "nauc_ndcg_at_100_diff1": 0.077979,
        "nauc_ndcg_at_1000_max": 0.444373,
        "nauc_ndcg_at_1000_std": -0.375766,
        "nauc_ndcg_at_1000_diff1": 0.082049,
        "nauc_map_at_1_max": 0.355753,
        "nauc_map_at_1_std": -0.392672,
        "nauc_map_at_1_diff1": 0.245967,
        "nauc_map_at_3_max": 0.42691,
        "nauc_map_at_3_std": -0.404981,
        "nauc_map_at_3_diff1": 0.103858,
        "nauc_map_at_5_max": 0.439317,
        "nauc_map_at_5_std": -0.434973,
        "nauc_map_at_5_diff1": 0.053145,
        "nauc_map_at_10_max": 0.424282,
        "nauc_map_at_10_std": -0.466041,
        "nauc_map_at_10_diff1": 0.062988,
        "nauc_map_at_20_max": 0.429314,
        "nauc_map_at_20_std": -0.431612,
        "nauc_map_at_20_diff1": 0.073042,
        "nauc_map_at_100_max": 0.425621,
        "nauc_map_at_100_std": -0.421495,
        "nauc_map_at_100_diff1": 0.08433,
        "nauc_map_at_1000_max": 0.425635,
        "nauc_map_at_1000_std": -0.421702,
        "nauc_map_at_1000_diff1": 0.084385,
        "nauc_recall_at_1_max": 0.355753,
        "nauc_recall_at_1_std": -0.392672,
        "nauc_recall_at_1_diff1": 0.245967,
        "nauc_recall_at_3_max": 0.49491,
        "nauc_recall_at_3_std": -0.394358,
        "nauc_recall_at_3_diff1": -0.08451,
        "nauc_recall_at_5_max": 0.649058,
        "nauc_recall_at_5_std": -0.470863,
        "nauc_recall_at_5_diff1": -0.382563,
        "nauc_recall_at_10_max": 0.518922,
        "nauc_recall_at_10_std": -0.629898,
        "nauc_recall_at_10_diff1": -0.271927,
        "nauc_recall_at_20_max": 0.597602,
        "nauc_recall_at_20_std": -0.223929,
        "nauc_recall_at_20_diff1": -0.319798,
        "nauc_recall_at_100_max": 0.35755,
        "nauc_recall_at_100_std": 0.556079,
        "nauc_recall_at_100_diff1": -0.175564,
        "nauc_recall_at_1000_max": NaN,
        "nauc_recall_at_1000_std": NaN,
        "nauc_recall_at_1000_diff1": NaN,
        "nauc_precision_at_1_max": 0.383281,
        "nauc_precision_at_1_std": -0.335522,
        "nauc_precision_at_1_diff1": 0.298888,
        "nauc_precision_at_3_max": 0.510319,
        "nauc_precision_at_3_std": -0.352244,
        "nauc_precision_at_3_diff1": -0.011745,
        "nauc_precision_at_5_max": 0.536791,
        "nauc_precision_at_5_std": -0.441346,
        "nauc_precision_at_5_diff1": -0.244064,
        "nauc_precision_at_10_max": 0.354033,
        "nauc_precision_at_10_std": -0.5059,
        "nauc_precision_at_10_diff1": -0.165748,
        "nauc_precision_at_20_max": 0.29314,
        "nauc_precision_at_20_std": -0.053817,
        "nauc_precision_at_20_diff1": -0.031527,
        "nauc_precision_at_100_max": -0.056532,
        "nauc_precision_at_100_std": 0.343007,
        "nauc_precision_at_100_diff1": 0.251018,
        "nauc_precision_at_1000_max": -0.09593,
        "nauc_precision_at_1000_std": 0.322734,
        "nauc_precision_at_1000_diff1": 0.291605,
        "nauc_mrr_at_1_max": 0.383281,
        "nauc_mrr_at_1_std": -0.335522,
        "nauc_mrr_at_1_diff1": 0.298888,
        "nauc_mrr_at_3_max": 0.430136,
        "nauc_mrr_at_3_std": -0.329431,
        "nauc_mrr_at_3_diff1": 0.18013,
        "nauc_mrr_at_5_max": 0.465852,
        "nauc_mrr_at_5_std": -0.357712,
        "nauc_mrr_at_5_diff1": 0.108406,
        "nauc_mrr_at_10_max": 0.450146,
        "nauc_mrr_at_10_std": -0.362722,
        "nauc_mrr_at_10_diff1": 0.136848,
        "nauc_mrr_at_20_max": 0.443045,
        "nauc_mrr_at_20_std": -0.341056,
        "nauc_mrr_at_20_diff1": 0.144521,
        "nauc_mrr_at_100_max": 0.444089,
        "nauc_mrr_at_100_std": -0.341941,
        "nauc_mrr_at_100_diff1": 0.145781,
        "nauc_mrr_at_1000_max": 0.444106,
        "nauc_mrr_at_1000_std": -0.342121,
        "nauc_mrr_at_1000_diff1": 0.145845,
        "main_score": 0.49002,
        "hf_subset": "default",
        "languages": [
          "eng-Latn"
        ]
      }
    ]
  },
  "evaluation_time": 7.997561454772949,
  "kg_co2_emissions": null
}