{
  "dataset_revision": "ec0fa4fe99da2ff19ca1214b7966684033a58814",
  "task_name": "NFCorpus",
  "mteb_version": "1.34.8",
  "scores": {
    "test": [
      {
        "ndcg_at_1": 0.39628,
        "ndcg_at_3": 0.35525,
        "ndcg_at_5": 0.32913,
        "ndcg_at_10": 0.30742,
        "ndcg_at_20": 0.28698,
        "ndcg_at_100": 0.28824,
        "ndcg_at_1000": 0.37788,
        "map_at_1": 0.04053,
        "map_at_3": 0.07369,
        "map_at_5": 0.08687,
        "map_at_10": 0.10575,
        "map_at_20": 0.11793,
        "map_at_100": 0.13832,
        "map_at_1000": 0.15346,
        "recall_at_1": 0.04053,
        "recall_at_3": 0.08556,
        "recall_at_5": 0.1074,
        "recall_at_10": 0.15033,
        "recall_at_20": 0.18278,
        "recall_at_100": 0.29993,
        "recall_at_1000": 0.6223,
        "precision_at_1": 0.41486,
        "precision_at_3": 0.34056,
        "precision_at_5": 0.2904,
        "precision_at_10": 0.23653,
        "precision_at_20": 0.17678,
        "precision_at_100": 0.07932,
        "precision_at_1000": 0.0211,
        "mrr_at_1": 0.414861,
        "mrr_at_3": 0.482972,
        "mrr_at_5": 0.493963,
        "mrr_at_10": 0.500448,
        "mrr_at_20": 0.504342,
        "mrr_at_100": 0.507012,
        "mrr_at_1000": 0.507386,
        "nauc_ndcg_at_1_max": 0.340747,
        "nauc_ndcg_at_1_std": 0.124524,
        "nauc_ndcg_at_1_diff1": 0.27118,
        "nauc_ndcg_at_3_max": 0.363362,
        "nauc_ndcg_at_3_std": 0.217332,
        "nauc_ndcg_at_3_diff1": 0.174389,
        "nauc_ndcg_at_5_max": 0.38041,
        "nauc_ndcg_at_5_std": 0.245744,
        "nauc_ndcg_at_5_diff1": 0.150732,
        "nauc_ndcg_at_10_max": 0.387313,
        "nauc_ndcg_at_10_std": 0.287317,
        "nauc_ndcg_at_10_diff1": 0.11649,
        "nauc_ndcg_at_20_max": 0.369406,
        "nauc_ndcg_at_20_std": 0.299363,
        "nauc_ndcg_at_20_diff1": 0.099908,
        "nauc_ndcg_at_100_max": 0.41017,
        "nauc_ndcg_at_100_std": 0.31281,
        "nauc_ndcg_at_100_diff1": 0.131525,
        "nauc_ndcg_at_1000_max": 0.479769,
        "nauc_ndcg_at_1000_std": 0.392514,
        "nauc_ndcg_at_1000_diff1": 0.156723,
        "nauc_map_at_1_max": 0.116625,
        "nauc_map_at_1_std": -0.117413,
        "nauc_map_at_1_diff1": 0.243138,
        "nauc_map_at_3_max": 0.176217,
        "nauc_map_at_3_std": -0.052234,
        "nauc_map_at_3_diff1": 0.22088,
        "nauc_map_at_5_max": 0.208187,
        "nauc_map_at_5_std": -0.021055,
        "nauc_map_at_5_diff1": 0.191168,
        "nauc_map_at_10_max": 0.257698,
        "nauc_map_at_10_std": 0.043144,
        "nauc_map_at_10_diff1": 0.153199,
        "nauc_map_at_20_max": 0.28735,
        "nauc_map_at_20_std": 0.092775,
        "nauc_map_at_20_diff1": 0.134473,
        "nauc_map_at_100_max": 0.315533,
        "nauc_map_at_100_std": 0.17412,
        "nauc_map_at_100_diff1": 0.113696,
        "nauc_map_at_1000_max": 0.324359,
        "nauc_map_at_1000_std": 0.221678,
        "nauc_map_at_1000_diff1": 0.101157,
        "nauc_recall_at_1_max": 0.116625,
        "nauc_recall_at_1_std": -0.117413,
        "nauc_recall_at_1_diff1": 0.243138,
        "nauc_recall_at_3_max": 0.171519,
        "nauc_recall_at_3_std": -0.04045,
        "nauc_recall_at_3_diff1": 0.218686,
        "nauc_recall_at_5_max": 0.201516,
        "nauc_recall_at_5_std": -0.007801,
        "nauc_recall_at_5_diff1": 0.18397,
        "nauc_recall_at_10_max": 0.210387,
        "nauc_recall_at_10_std": 0.050665,
        "nauc_recall_at_10_diff1": 0.0997,
        "nauc_recall_at_20_max": 0.239263,
        "nauc_recall_at_20_std": 0.106468,
        "nauc_recall_at_20_diff1": 0.094332,
        "nauc_recall_at_100_max": 0.310891,
        "nauc_recall_at_100_std": 0.219414,
        "nauc_recall_at_100_diff1": 0.096479,
        "nauc_recall_at_1000_max": 0.318655,
        "nauc_recall_at_1000_std": 0.319404,
        "nauc_recall_at_1000_diff1": 0.126037,
        "nauc_precision_at_1_max": 0.369978,
        "nauc_precision_at_1_std": 0.125457,
        "nauc_precision_at_1_diff1": 0.266369,
        "nauc_precision_at_3_max": 0.39576,
        "nauc_precision_at_3_std": 0.277202,
        "nauc_precision_at_3_diff1": 0.12216,
        "nauc_precision_at_5_max": 0.411434,
        "nauc_precision_at_5_std": 0.332361,
        "nauc_precision_at_5_diff1": 0.067502,
        "nauc_precision_at_10_max": 0.401484,
        "nauc_precision_at_10_std": 0.407307,
        "nauc_precision_at_10_diff1": -0.005681,
        "nauc_precision_at_20_max": 0.324574,
        "nauc_precision_at_20_std": 0.445179,
        "nauc_precision_at_20_diff1": -0.06637,
        "nauc_precision_at_100_max": 0.200179,
        "nauc_precision_at_100_std": 0.484686,
        "nauc_precision_at_100_diff1": -0.116226,
        "nauc_precision_at_1000_max": 0.048152,
        "nauc_precision_at_1000_std": 0.378621,
        "nauc_precision_at_1000_diff1": -0.140888,
        "nauc_mrr_at_1_max": 0.369978,
        "nauc_mrr_at_1_std": 0.125457,
        "nauc_mrr_at_1_diff1": 0.266369,
        "nauc_mrr_at_3_max": 0.425672,
        "nauc_mrr_at_3_std": 0.194123,
        "nauc_mrr_at_3_diff1": 0.272429,
        "nauc_mrr_at_5_max": 0.437787,
        "nauc_mrr_at_5_std": 0.205458,
        "nauc_mrr_at_5_diff1": 0.277817,
        "nauc_mrr_at_10_max": 0.440806,
        "nauc_mrr_at_10_std": 0.2107,
        "nauc_mrr_at_10_diff1": 0.274549,
        "nauc_mrr_at_20_max": 0.441129,
        "nauc_mrr_at_20_std": 0.215146,
        "nauc_mrr_at_20_diff1": 0.27375,
        "nauc_mrr_at_100_max": 0.440964,
        "nauc_mrr_at_100_std": 0.214552,
        "nauc_mrr_at_100_diff1": 0.273429,
        "nauc_mrr_at_1000_max": 0.440773,
        "nauc_mrr_at_1000_std": 0.214227,
        "nauc_mrr_at_1000_diff1": 0.2734,
        "main_score": 0.30742,
        "hf_subset": "default",
        "languages": [
          "eng-Latn"
        ]
      }
    ]
  },
  "evaluation_time": 3.437906503677368,
  "kg_co2_emissions": null
}