{
  "dataset_revision": "f8c2fcf00f625baaa80f62ec5bd9e1fff3b8ae88",
  "task_name": "SCIDOCS",
  "mteb_version": "1.34.8",
  "scores": {
    "test": [
      {
        "ndcg_at_1": 0.243,
        "ndcg_at_3": 0.20148,
        "ndcg_at_5": 0.17703,
        "ndcg_at_10": 0.2159,
        "ndcg_at_20": 0.25077,
        "ndcg_at_100": 0.31009,
        "ndcg_at_1000": 0.36479,
        "map_at_1": 0.04928,
        "map_at_3": 0.09128,
        "map_at_5": 0.10971,
        "map_at_10": 0.12938,
        "map_at_20": 0.14298,
        "map_at_100": 0.15535,
        "map_at_1000": 0.15874,
        "recall_at_1": 0.04928,
        "recall_at_3": 0.11523,
        "recall_at_5": 0.15873,
        "recall_at_10": 0.23027,
        "recall_at_20": 0.31193,
        "recall_at_100": 0.50517,
        "recall_at_1000": 0.77168,
        "precision_at_1": 0.243,
        "precision_at_3": 0.18933,
        "precision_at_5": 0.1566,
        "precision_at_10": 0.1137,
        "precision_at_20": 0.07695,
        "precision_at_100": 0.02491,
        "precision_at_1000": 0.0038,
        "mrr_at_1": 0.243,
        "mrr_at_3": 0.3215,
        "mrr_at_5": 0.3425,
        "mrr_at_10": 0.358681,
        "mrr_at_20": 0.365431,
        "mrr_at_100": 0.369566,
        "mrr_at_1000": 0.369947,
        "nauc_ndcg_at_1_max": 0.247756,
        "nauc_ndcg_at_1_std": 0.052105,
        "nauc_ndcg_at_1_diff1": 0.211218,
        "nauc_ndcg_at_3_max": 0.303839,
        "nauc_ndcg_at_3_std": 0.085778,
        "nauc_ndcg_at_3_diff1": 0.154512,
        "nauc_ndcg_at_5_max": 0.327151,
        "nauc_ndcg_at_5_std": 0.114181,
        "nauc_ndcg_at_5_diff1": 0.1435,
        "nauc_ndcg_at_10_max": 0.356407,
        "nauc_ndcg_at_10_std": 0.152198,
        "nauc_ndcg_at_10_diff1": 0.128015,
        "nauc_ndcg_at_20_max": 0.380623,
        "nauc_ndcg_at_20_std": 0.189739,
        "nauc_ndcg_at_20_diff1": 0.119425,
        "nauc_ndcg_at_100_max": 0.392795,
        "nauc_ndcg_at_100_std": 0.235669,
        "nauc_ndcg_at_100_diff1": 0.116663,
        "nauc_ndcg_at_1000_max": 0.390833,
        "nauc_ndcg_at_1000_std": 0.240268,
        "nauc_ndcg_at_1000_diff1": 0.1121,
        "nauc_map_at_1_max": 0.24718,
        "nauc_map_at_1_std": 0.051396,
        "nauc_map_at_1_diff1": 0.211451,
        "nauc_map_at_3_max": 0.296134,
        "nauc_map_at_3_std": 0.0689,
        "nauc_map_at_3_diff1": 0.155334,
        "nauc_map_at_5_max": 0.311543,
        "nauc_map_at_5_std": 0.092244,
        "nauc_map_at_5_diff1": 0.141746,
        "nauc_map_at_10_max": 0.339597,
        "nauc_map_at_10_std": 0.126875,
        "nauc_map_at_10_diff1": 0.126319,
        "nauc_map_at_20_max": 0.358349,
        "nauc_map_at_20_std": 0.152082,
        "nauc_map_at_20_diff1": 0.120648,
        "nauc_map_at_100_max": 0.36562,
        "nauc_map_at_100_std": 0.170309,
        "nauc_map_at_100_diff1": 0.119101,
        "nauc_map_at_1000_max": 0.366456,
        "nauc_map_at_1000_std": 0.172569,
        "nauc_map_at_1000_diff1": 0.118756,
        "nauc_recall_at_1_max": 0.24718,
        "nauc_recall_at_1_std": 0.051396,
        "nauc_recall_at_1_diff1": 0.211451,
        "nauc_recall_at_3_max": 0.322719,
        "nauc_recall_at_3_std": 0.096912,
        "nauc_recall_at_3_diff1": 0.132492,
        "nauc_recall_at_5_max": 0.34348,
        "nauc_recall_at_5_std": 0.140293,
        "nauc_recall_at_5_diff1": 0.110096,
        "nauc_recall_at_10_max": 0.376394,
        "nauc_recall_at_10_std": 0.198418,
        "nauc_recall_at_10_diff1": 0.081705,
        "nauc_recall_at_20_max": 0.40039,
        "nauc_recall_at_20_std": 0.260894,
        "nauc_recall_at_20_diff1": 0.061625,
        "nauc_recall_at_100_max": 0.377522,
        "nauc_recall_at_100_std": 0.346852,
        "nauc_recall_at_100_diff1": 0.04476,
        "nauc_recall_at_1000_max": 0.345799,
        "nauc_recall_at_1000_std": 0.395877,
        "nauc_recall_at_1000_diff1": -0.009211,
        "nauc_precision_at_1_max": 0.247756,
        "nauc_precision_at_1_std": 0.052105,
        "nauc_precision_at_1_diff1": 0.211218,
        "nauc_precision_at_3_max": 0.322163,
        "nauc_precision_at_3_std": 0.099458,
        "nauc_precision_at_3_diff1": 0.129416,
        "nauc_precision_at_5_max": 0.343415,
        "nauc_precision_at_5_std": 0.143147,
        "nauc_precision_at_5_diff1": 0.106467,
        "nauc_precision_at_10_max": 0.37699,
        "nauc_precision_at_10_std": 0.201043,
        "nauc_precision_at_10_diff1": 0.079295,
        "nauc_precision_at_20_max": 0.400343,
        "nauc_precision_at_20_std": 0.263174,
        "nauc_precision_at_20_diff1": 0.057883,
        "nauc_precision_at_100_max": 0.373078,
        "nauc_precision_at_100_std": 0.344659,
        "nauc_precision_at_100_diff1": 0.039355,
        "nauc_precision_at_1000_max": 0.331058,
        "nauc_precision_at_1000_std": 0.384314,
        "nauc_precision_at_1000_diff1": -0.02097,
        "nauc_mrr_at_1_max": 0.247756,
        "nauc_mrr_at_1_std": 0.052105,
        "nauc_mrr_at_1_diff1": 0.211218,
        "nauc_mrr_at_3_max": 0.290425,
        "nauc_mrr_at_3_std": 0.087594,
        "nauc_mrr_at_3_diff1": 0.183685,
        "nauc_mrr_at_5_max": 0.302298,
        "nauc_mrr_at_5_std": 0.102966,
        "nauc_mrr_at_5_diff1": 0.183682,
        "nauc_mrr_at_10_max": 0.303102,
        "nauc_mrr_at_10_std": 0.105946,
        "nauc_mrr_at_10_diff1": 0.184889,
        "nauc_mrr_at_20_max": 0.303701,
        "nauc_mrr_at_20_std": 0.108415,
        "nauc_mrr_at_20_diff1": 0.182984,
        "nauc_mrr_at_100_max": 0.302857,
        "nauc_mrr_at_100_std": 0.107864,
        "nauc_mrr_at_100_diff1": 0.183086,
        "nauc_mrr_at_1000_max": 0.302643,
        "nauc_mrr_at_1000_std": 0.107561,
        "nauc_mrr_at_1000_diff1": 0.183165,
        "main_score": 0.2159,
        "hf_subset": "default",
        "languages": [
          "eng-Latn"
        ]
      }
    ]
  },
  "evaluation_time": 17.820117712020874,
  "kg_co2_emissions": null
}