{
  "dataset_revision": "0228b52cf27578f30900b9e5271d331663a030d7",
  "task_name": "SciFact",
  "mteb_version": "1.34.8",
  "scores": {
    "test": [
      {
        "ndcg_at_1": 0.49,
        "ndcg_at_3": 0.58861,
        "ndcg_at_5": 0.62441,
        "ndcg_at_10": 0.64265,
        "ndcg_at_20": 0.65609,
        "ndcg_at_100": 0.66999,
        "ndcg_at_1000": 0.67983,
        "map_at_1": 0.469,
        "map_at_3": 0.5574,
        "map_at_5": 0.58018,
        "map_at_10": 0.5895,
        "map_at_20": 0.59357,
        "map_at_100": 0.5956,
        "map_at_1000": 0.59601,
        "recall_at_1": 0.469,
        "recall_at_3": 0.65311,
        "recall_at_5": 0.74283,
        "recall_at_10": 0.795,
        "recall_at_20": 0.844,
        "recall_at_100": 0.91833,
        "recall_at_1000": 0.99333,
        "precision_at_1": 0.49,
        "precision_at_3": 0.23778,
        "precision_at_5": 0.164,
        "precision_at_10": 0.08933,
        "precision_at_20": 0.04783,
        "precision_at_100": 0.01047,
        "precision_at_1000": 0.00112,
        "mrr_at_1": 0.49,
        "mrr_at_3": 0.572778,
        "mrr_at_5": 0.592278,
        "mrr_at_10": 0.597923,
        "mrr_at_20": 0.601625,
        "mrr_at_100": 0.603178,
        "mrr_at_1000": 0.60356,
        "nauc_ndcg_at_1_max": 0.411461,
        "nauc_ndcg_at_1_std": -0.021705,
        "nauc_ndcg_at_1_diff1": 0.696104,
        "nauc_ndcg_at_3_max": 0.444312,
        "nauc_ndcg_at_3_std": -0.021011,
        "nauc_ndcg_at_3_diff1": 0.623672,
        "nauc_ndcg_at_5_max": 0.463003,
        "nauc_ndcg_at_5_std": 0.008136,
        "nauc_ndcg_at_5_diff1": 0.617552,
        "nauc_ndcg_at_10_max": 0.467048,
        "nauc_ndcg_at_10_std": 0.013363,
        "nauc_ndcg_at_10_diff1": 0.61397,
        "nauc_ndcg_at_20_max": 0.488285,
        "nauc_ndcg_at_20_std": 0.02656,
        "nauc_ndcg_at_20_diff1": 0.625603,
        "nauc_ndcg_at_100_max": 0.483233,
        "nauc_ndcg_at_100_std": 0.035353,
        "nauc_ndcg_at_100_diff1": 0.630869,
        "nauc_ndcg_at_1000_max": 0.469435,
        "nauc_ndcg_at_1000_std": 0.018206,
        "nauc_ndcg_at_1000_diff1": 0.632328,
        "nauc_map_at_1_max": 0.373331,
        "nauc_map_at_1_std": -0.07329,
        "nauc_map_at_1_diff1": 0.703978,
        "nauc_map_at_3_max": 0.422846,
        "nauc_map_at_3_std": -0.040292,
        "nauc_map_at_3_diff1": 0.646561,
        "nauc_map_at_5_max": 0.440849,
        "nauc_map_at_5_std": -0.015798,
        "nauc_map_at_5_diff1": 0.643125,
        "nauc_map_at_10_max": 0.44704,
        "nauc_map_at_10_std": -0.00903,
        "nauc_map_at_10_diff1": 0.640891,
        "nauc_map_at_20_max": 0.452873,
        "nauc_map_at_20_std": -0.004824,
        "nauc_map_at_20_diff1": 0.644409,
        "nauc_map_at_100_max": 0.451636,
        "nauc_map_at_100_std": -0.004227,
        "nauc_map_at_100_diff1": 0.645091,
        "nauc_map_at_1000_max": 0.451106,
        "nauc_map_at_1000_std": -0.004915,
        "nauc_map_at_1000_diff1": 0.645086,
        "nauc_recall_at_1_max": 0.373331,
        "nauc_recall_at_1_std": -0.07329,
        "nauc_recall_at_1_diff1": 0.703978,
        "nauc_recall_at_3_max": 0.446081,
        "nauc_recall_at_3_std": -0.038196,
        "nauc_recall_at_3_diff1": 0.554143,
        "nauc_recall_at_5_max": 0.509199,
        "nauc_recall_at_5_std": 0.055651,
        "nauc_recall_at_5_diff1": 0.51108,
        "nauc_recall_at_10_max": 0.526606,
        "nauc_recall_at_10_std": 0.071031,
        "nauc_recall_at_10_diff1": 0.49058,
        "nauc_recall_at_20_max": 0.679386,
        "nauc_recall_at_20_std": 0.165862,
        "nauc_recall_at_20_diff1": 0.533816,
        "nauc_recall_at_100_max": 0.778883,
        "nauc_recall_at_100_std": 0.437766,
        "nauc_recall_at_100_diff1": 0.553059,
        "nauc_recall_at_1000_max": 0.348973,
        "nauc_recall_at_1000_std": 0.338469,
        "nauc_recall_at_1000_diff1": 0.24043,
        "nauc_precision_at_1_max": 0.411461,
        "nauc_precision_at_1_std": -0.021705,
        "nauc_precision_at_1_diff1": 0.696104,
        "nauc_precision_at_3_max": 0.462935,
        "nauc_precision_at_3_std": 0.107062,
        "nauc_precision_at_3_diff1": 0.399864,
        "nauc_precision_at_5_max": 0.507965,
        "nauc_precision_at_5_std": 0.260898,
        "nauc_precision_at_5_diff1": 0.282962,
        "nauc_precision_at_10_max": 0.450739,
        "nauc_precision_at_10_std": 0.298844,
        "nauc_precision_at_10_diff1": 0.167237,
        "nauc_precision_at_20_max": 0.485692,
        "nauc_precision_at_20_std": 0.364108,
        "nauc_precision_at_20_diff1": 0.120297,
        "nauc_precision_at_100_max": 0.366112,
        "nauc_precision_at_100_std": 0.441782,
        "nauc_precision_at_100_diff1": -0.020468,
        "nauc_precision_at_1000_max": 0.201962,
        "nauc_precision_at_1000_std": 0.420899,
        "nauc_precision_at_1000_diff1": -0.219705,
        "nauc_mrr_at_1_max": 0.411461,
        "nauc_mrr_at_1_std": -0.021705,
        "nauc_mrr_at_1_diff1": 0.696104,
        "nauc_mrr_at_3_max": 0.45379,
        "nauc_mrr_at_3_std": 0.001688,
        "nauc_mrr_at_3_diff1": 0.644363,
        "nauc_mrr_at_5_max": 0.459291,
        "nauc_mrr_at_5_std": 0.015451,
        "nauc_mrr_at_5_diff1": 0.638649,
        "nauc_mrr_at_10_max": 0.457176,
        "nauc_mrr_at_10_std": 0.012213,
        "nauc_mrr_at_10_diff1": 0.63824,
        "nauc_mrr_at_20_max": 0.462178,
        "nauc_mrr_at_20_std": 0.014641,
        "nauc_mrr_at_20_diff1": 0.641742,
        "nauc_mrr_at_100_max": 0.461357,
        "nauc_mrr_at_100_std": 0.014995,
        "nauc_mrr_at_100_diff1": 0.64272,
        "nauc_mrr_at_1000_max": 0.460886,
        "nauc_mrr_at_1000_std": 0.014386,
        "nauc_mrr_at_1000_diff1": 0.642736,
        "main_score": 0.64265,
        "hf_subset": "default",
        "languages": [
          "eng-Latn"
        ]
      }
    ]
  },
  "evaluation_time": 5.140662431716919,
  "kg_co2_emissions": null
}