{
  "dataset_revision": "bb9466bac8153a0349341eb1b22e06409e78ef4e",
  "task_name": "TRECCOVID",
  "mteb_version": "1.34.8",
  "scores": {
    "test": [
      {
        "ndcg_at_1": 0.58,
        "ndcg_at_3": 0.59358,
        "ndcg_at_5": 0.55785,
        "ndcg_at_10": 0.51427,
        "ndcg_at_20": 0.47214,
        "ndcg_at_100": 0.36943,
        "ndcg_at_1000": 0.36177,
        "map_at_1": 0.00173,
        "map_at_3": 0.00484,
        "map_at_5": 0.00748,
        "map_at_10": 0.01284,
        "map_at_20": 0.0213,
        "map_at_100": 0.06031,
        "map_at_1000": 0.14894,
        "recall_at_1": 0.00173,
        "recall_at_3": 0.00539,
        "recall_at_5": 0.00852,
        "recall_at_10": 0.01508,
        "recall_at_20": 0.02632,
        "recall_at_100": 0.09334,
        "recall_at_1000": 0.3487,
        "precision_at_1": 0.64,
        "precision_at_3": 0.65333,
        "precision_at_5": 0.608,
        "precision_at_10": 0.554,
        "precision_at_20": 0.492,
        "precision_at_100": 0.3808,
        "precision_at_1000": 0.1607,
        "mrr_at_1": 0.64,
        "mrr_at_3": 0.773333,
        "mrr_at_5": 0.777333,
        "mrr_at_10": 0.777333,
        "mrr_at_20": 0.777333,
        "mrr_at_100": 0.777788,
        "mrr_at_1000": 0.777955,
        "nauc_ndcg_at_1_max": 0.382804,
        "nauc_ndcg_at_1_std": 0.409848,
        "nauc_ndcg_at_1_diff1": -0.231425,
        "nauc_ndcg_at_3_max": 0.413883,
        "nauc_ndcg_at_3_std": 0.40295,
        "nauc_ndcg_at_3_diff1": -0.265328,
        "nauc_ndcg_at_5_max": 0.402176,
        "nauc_ndcg_at_5_std": 0.43144,
        "nauc_ndcg_at_5_diff1": -0.249428,
        "nauc_ndcg_at_10_max": 0.33773,
        "nauc_ndcg_at_10_std": 0.512341,
        "nauc_ndcg_at_10_diff1": -0.24217,
        "nauc_ndcg_at_20_max": 0.343431,
        "nauc_ndcg_at_20_std": 0.527587,
        "nauc_ndcg_at_20_diff1": -0.250601,
        "nauc_ndcg_at_100_max": 0.419821,
        "nauc_ndcg_at_100_std": 0.663485,
        "nauc_ndcg_at_100_diff1": -0.281711,
        "nauc_ndcg_at_1000_max": 0.443541,
        "nauc_ndcg_at_1000_std": 0.70625,
        "nauc_ndcg_at_1000_diff1": -0.281923,
        "nauc_map_at_1_max": 0.247006,
        "nauc_map_at_1_std": 0.161793,
        "nauc_map_at_1_diff1": -0.128816,
        "nauc_map_at_3_max": 0.268086,
        "nauc_map_at_3_std": 0.183347,
        "nauc_map_at_3_diff1": -0.187674,
        "nauc_map_at_5_max": 0.234783,
        "nauc_map_at_5_std": 0.21583,
        "nauc_map_at_5_diff1": -0.215422,
        "nauc_map_at_10_max": 0.231048,
        "nauc_map_at_10_std": 0.309481,
        "nauc_map_at_10_diff1": -0.254819,
        "nauc_map_at_20_max": 0.275269,
        "nauc_map_at_20_std": 0.384974,
        "nauc_map_at_20_diff1": -0.299208,
        "nauc_map_at_100_max": 0.363446,
        "nauc_map_at_100_std": 0.62075,
        "nauc_map_at_100_diff1": -0.326955,
        "nauc_map_at_1000_max": 0.442596,
        "nauc_map_at_1000_std": 0.732871,
        "nauc_map_at_1000_diff1": -0.288297,
        "nauc_recall_at_1_max": 0.247006,
        "nauc_recall_at_1_std": 0.161793,
        "nauc_recall_at_1_diff1": -0.128816,
        "nauc_recall_at_3_max": 0.243905,
        "nauc_recall_at_3_std": 0.167096,
        "nauc_recall_at_3_diff1": -0.159574,
        "nauc_recall_at_5_max": 0.191866,
        "nauc_recall_at_5_std": 0.183635,
        "nauc_recall_at_5_diff1": -0.178744,
        "nauc_recall_at_10_max": 0.189526,
        "nauc_recall_at_10_std": 0.284274,
        "nauc_recall_at_10_diff1": -0.218025,
        "nauc_recall_at_20_max": 0.235749,
        "nauc_recall_at_20_std": 0.345291,
        "nauc_recall_at_20_diff1": -0.263692,
        "nauc_recall_at_100_max": 0.319519,
        "nauc_recall_at_100_std": 0.577446,
        "nauc_recall_at_100_diff1": -0.303791,
        "nauc_recall_at_1000_max": 0.410342,
        "nauc_recall_at_1000_std": 0.66588,
        "nauc_recall_at_1000_diff1": -0.265037,
        "nauc_precision_at_1_max": 0.37591,
        "nauc_precision_at_1_std": 0.369875,
        "nauc_precision_at_1_diff1": -0.196928,
        "nauc_precision_at_3_max": 0.424626,
        "nauc_precision_at_3_std": 0.383842,
        "nauc_precision_at_3_diff1": -0.301483,
        "nauc_precision_at_5_max": 0.338291,
        "nauc_precision_at_5_std": 0.404225,
        "nauc_precision_at_5_diff1": -0.259086,
        "nauc_precision_at_10_max": 0.278681,
        "nauc_precision_at_10_std": 0.518274,
        "nauc_precision_at_10_diff1": -0.265532,
        "nauc_precision_at_20_max": 0.318324,
        "nauc_precision_at_20_std": 0.501823,
        "nauc_precision_at_20_diff1": -0.261527,
        "nauc_precision_at_100_max": 0.416623,
        "nauc_precision_at_100_std": 0.655461,
        "nauc_precision_at_100_diff1": -0.295043,
        "nauc_precision_at_1000_max": 0.41895,
        "nauc_precision_at_1000_std": 0.564912,
        "nauc_precision_at_1000_diff1": -0.225146,
        "nauc_mrr_at_1_max": 0.37591,
        "nauc_mrr_at_1_std": 0.369875,
        "nauc_mrr_at_1_diff1": -0.196928,
        "nauc_mrr_at_3_max": 0.42436,
        "nauc_mrr_at_3_std": 0.399452,
        "nauc_mrr_at_3_diff1": -0.155188,
        "nauc_mrr_at_5_max": 0.412083,
        "nauc_mrr_at_5_std": 0.389433,
        "nauc_mrr_at_5_diff1": -0.161116,
        "nauc_mrr_at_10_max": 0.412083,
        "nauc_mrr_at_10_std": 0.389433,
        "nauc_mrr_at_10_diff1": -0.161116,
        "nauc_mrr_at_20_max": 0.412083,
        "nauc_mrr_at_20_std": 0.389433,
        "nauc_mrr_at_20_diff1": -0.161116,
        "nauc_mrr_at_100_max": 0.410655,
        "nauc_mrr_at_100_std": 0.388624,
        "nauc_mrr_at_100_diff1": -0.161091,
        "nauc_mrr_at_1000_max": 0.410377,
        "nauc_mrr_at_1000_std": 0.388079,
        "nauc_mrr_at_1000_diff1": -0.161729,
        "main_score": 0.51427,
        "hf_subset": "default",
        "languages": [
          "eng-Latn"
        ]
      }
    ]
  },
  "evaluation_time": 102.41256046295166,
  "kg_co2_emissions": null
}