{
  "dataset_revision": "f22508f96b7a36c2415181ed8bb76f76e04ae2d5",
  "task_name": "AppsRetrieval",
  "mteb_version": "1.34.8",
  "scores": {
    "test": [
      {
        "ndcg_at_1": 0.05604,
        "ndcg_at_3": 0.07575,
        "ndcg_at_5": 0.08438,
        "ndcg_at_10": 0.09236,
        "ndcg_at_20": 0.10088,
        "ndcg_at_100": 0.12116,
        "ndcg_at_1000": 0.15428,
        "map_at_1": 0.05604,
        "map_at_3": 0.07074,
        "map_at_5": 0.07552,
        "map_at_10": 0.07881,
        "map_at_20": 0.08115,
        "map_at_100": 0.08371,
        "map_at_1000": 0.08467,
        "recall_at_1": 0.05604,
        "recall_at_3": 0.09031,
        "recall_at_5": 0.11129,
        "recall_at_10": 0.13599,
        "recall_at_20": 0.16972,
        "recall_at_100": 0.2826,
        "recall_at_1000": 0.56069,
        "precision_at_1": 0.05604,
        "precision_at_3": 0.0301,
        "precision_at_5": 0.02226,
        "precision_at_10": 0.0136,
        "precision_at_20": 0.00849,
        "precision_at_100": 0.00283,
        "precision_at_1000": 0.00056,
        "mrr_at_1": 0.056042,
        "mrr_at_3": 0.070828,
        "mrr_at_5": 0.075542,
        "mrr_at_10": 0.078828,
        "mrr_at_20": 0.081163,
        "mrr_at_100": 0.083729,
        "mrr_at_1000": 0.084681,
        "nauc_ndcg_at_1_max": 0.455731,
        "nauc_ndcg_at_1_std": 0.114539,
        "nauc_ndcg_at_1_diff1": 0.43403,
        "nauc_ndcg_at_3_max": 0.411353,
        "nauc_ndcg_at_3_std": 0.121359,
        "nauc_ndcg_at_3_diff1": 0.334893,
        "nauc_ndcg_at_5_max": 0.386922,
        "nauc_ndcg_at_5_std": 0.124832,
        "nauc_ndcg_at_5_diff1": 0.295958,
        "nauc_ndcg_at_10_max": 0.373359,
        "nauc_ndcg_at_10_std": 0.124413,
        "nauc_ndcg_at_10_diff1": 0.278135,
        "nauc_ndcg_at_20_max": 0.359016,
        "nauc_ndcg_at_20_std": 0.129601,
        "nauc_ndcg_at_20_diff1": 0.259541,
        "nauc_ndcg_at_100_max": 0.339844,
        "nauc_ndcg_at_100_std": 0.140975,
        "nauc_ndcg_at_100_diff1": 0.230782,
        "nauc_ndcg_at_1000_max": 0.339795,
        "nauc_ndcg_at_1000_std": 0.151802,
        "nauc_ndcg_at_1000_diff1": 0.224646,
        "nauc_map_at_1_max": 0.455731,
        "nauc_map_at_1_std": 0.114539,
        "nauc_map_at_1_diff1": 0.43403,
        "nauc_map_at_3_max": 0.420235,
        "nauc_map_at_3_std": 0.119664,
        "nauc_map_at_3_diff1": 0.354091,
        "nauc_map_at_5_max": 0.404237,
        "nauc_map_at_5_std": 0.121532,
        "nauc_map_at_5_diff1": 0.328993,
        "nauc_map_at_10_max": 0.397396,
        "nauc_map_at_10_std": 0.121421,
        "nauc_map_at_10_diff1": 0.319531,
        "nauc_map_at_20_max": 0.39222,
        "nauc_map_at_20_std": 0.123238,
        "nauc_map_at_20_diff1": 0.312574,
        "nauc_map_at_100_max": 0.38824,
        "nauc_map_at_100_std": 0.124608,
        "nauc_map_at_100_diff1": 0.306938,
        "nauc_map_at_1000_max": 0.388122,
        "nauc_map_at_1000_std": 0.125134,
        "nauc_map_at_1000_diff1": 0.306517,
        "nauc_recall_at_1_max": 0.455731,
        "nauc_recall_at_1_std": 0.114539,
        "nauc_recall_at_1_diff1": 0.43403,
        "nauc_recall_at_3_max": 0.391144,
        "nauc_recall_at_3_std": 0.125318,
        "nauc_recall_at_3_diff1": 0.291413,
        "nauc_recall_at_5_max": 0.350053,
        "nauc_recall_at_5_std": 0.132223,
        "nauc_recall_at_5_diff1": 0.225808,
        "nauc_recall_at_10_max": 0.324826,
        "nauc_recall_at_10_std": 0.130346,
        "nauc_recall_at_10_diff1": 0.196116,
        "nauc_recall_at_20_max": 0.295837,
        "nauc_recall_at_20_std": 0.14242,
        "nauc_recall_at_20_diff1": 0.161668,
        "nauc_recall_at_100_max": 0.256429,
        "nauc_recall_at_100_std": 0.176169,
        "nauc_recall_at_100_diff1": 0.10148,
        "nauc_recall_at_1000_max": 0.257177,
        "nauc_recall_at_1000_std": 0.224623,
        "nauc_recall_at_1000_diff1": 0.074167,
        "nauc_precision_at_1_max": 0.455731,
        "nauc_precision_at_1_std": 0.114539,
        "nauc_precision_at_1_diff1": 0.43403,
        "nauc_precision_at_3_max": 0.391144,
        "nauc_precision_at_3_std": 0.125318,
        "nauc_precision_at_3_diff1": 0.291413,
        "nauc_precision_at_5_max": 0.350053,
        "nauc_precision_at_5_std": 0.132223,
        "nauc_precision_at_5_diff1": 0.225808,
        "nauc_precision_at_10_max": 0.324826,
        "nauc_precision_at_10_std": 0.130346,
        "nauc_precision_at_10_diff1": 0.196116,
        "nauc_precision_at_20_max": 0.295837,
        "nauc_precision_at_20_std": 0.14242,
        "nauc_precision_at_20_diff1": 0.161668,
        "nauc_precision_at_100_max": 0.256429,
        "nauc_precision_at_100_std": 0.176169,
        "nauc_precision_at_100_diff1": 0.10148,
        "nauc_precision_at_1000_max": 0.257177,
        "nauc_precision_at_1000_std": 0.224623,
        "nauc_precision_at_1000_diff1": 0.074167,
        "nauc_mrr_at_1_max": 0.455731,
        "nauc_mrr_at_1_std": 0.114539,
        "nauc_mrr_at_1_diff1": 0.43403,
        "nauc_mrr_at_3_max": 0.41919,
        "nauc_mrr_at_3_std": 0.119426,
        "nauc_mrr_at_3_diff1": 0.35325,
        "nauc_mrr_at_5_max": 0.403994,
        "nauc_mrr_at_5_std": 0.121475,
        "nauc_mrr_at_5_diff1": 0.328802,
        "nauc_mrr_at_10_max": 0.397218,
        "nauc_mrr_at_10_std": 0.121378,
        "nauc_mrr_at_10_diff1": 0.31937,
        "nauc_mrr_at_20_max": 0.392047,
        "nauc_mrr_at_20_std": 0.123195,
        "nauc_mrr_at_20_diff1": 0.312418,
        "nauc_mrr_at_100_max": 0.38807,
        "nauc_mrr_at_100_std": 0.124566,
        "nauc_mrr_at_100_diff1": 0.306786,
        "nauc_mrr_at_1000_max": 0.387952,
        "nauc_mrr_at_1000_std": 0.125092,
        "nauc_mrr_at_1000_diff1": 0.306366,
        "main_score": 0.09236,
        "hf_subset": "default",
        "languages": [
          "eng-Latn",
          "python-Code"
        ]
      }
    ]
  },
  "evaluation_time": 105.28491139411926,
  "kg_co2_emissions": null
}