{
  "dataset_revision": "c22ab2a51041ffd869aaddef7af8d8215647e41a",
  "task_name": "ArguAna",
  "mteb_version": "1.34.8",
  "scores": {
    "test": [
      {
        "ndcg_at_1": 0.27809,
        "ndcg_at_3": 0.43759,
        "ndcg_at_5": 0.49556,
        "ndcg_at_10": 0.54216,
        "ndcg_at_20": 0.56759,
        "ndcg_at_100": 0.57762,
        "ndcg_at_1000": 0.57893,
        "map_at_1": 0.27809,
        "map_at_3": 0.39877,
        "map_at_5": 0.43092,
        "map_at_10": 0.4501,
        "map_at_20": 0.45721,
        "map_at_100": 0.4588,
        "map_at_1000": 0.45885,
        "recall_at_1": 0.27809,
        "recall_at_3": 0.54979,
        "recall_at_5": 0.69061,
        "recall_at_10": 0.83499,
        "recall_at_20": 0.93457,
        "recall_at_100": 0.98578,
        "recall_at_1000": 0.99644,
        "precision_at_1": 0.27809,
        "precision_at_3": 0.18326,
        "precision_at_5": 0.13812,
        "precision_at_10": 0.0835,
        "precision_at_20": 0.04673,
        "precision_at_100": 0.00986,
        "precision_at_1000": 0.001,
        "mrr_at_1": 0.284495,
        "mrr_at_3": 0.401375,
        "mrr_at_5": 0.432847,
        "mrr_at_10": 0.452511,
        "mrr_at_20": 0.459622,
        "mrr_at_100": 0.461215,
        "mrr_at_1000": 0.46126,
        "nauc_ndcg_at_1_max": -0.073964,
        "nauc_ndcg_at_1_std": -0.092848,
        "nauc_ndcg_at_1_diff1": 0.070007,
        "nauc_ndcg_at_3_max": -0.074526,
        "nauc_ndcg_at_3_std": -0.103636,
        "nauc_ndcg_at_3_diff1": 0.017963,
        "nauc_ndcg_at_5_max": -0.045446,
        "nauc_ndcg_at_5_std": -0.087278,
        "nauc_ndcg_at_5_diff1": 0.030551,
        "nauc_ndcg_at_10_max": -0.043365,
        "nauc_ndcg_at_10_std": -0.085671,
        "nauc_ndcg_at_10_diff1": 0.033456,
        "nauc_ndcg_at_20_max": -0.046665,
        "nauc_ndcg_at_20_std": -0.087147,
        "nauc_ndcg_at_20_diff1": 0.027965,
        "nauc_ndcg_at_100_max": -0.052145,
        "nauc_ndcg_at_100_std": -0.084911,
        "nauc_ndcg_at_100_diff1": 0.033206,
        "nauc_ndcg_at_1000_max": -0.054063,
        "nauc_ndcg_at_1000_std": -0.086912,
        "nauc_ndcg_at_1000_diff1": 0.03292,
        "nauc_map_at_1_max": -0.073964,
        "nauc_map_at_1_std": -0.092848,
        "nauc_map_at_1_diff1": 0.070007,
        "nauc_map_at_3_max": -0.074664,
        "nauc_map_at_3_std": -0.100149,
        "nauc_map_at_3_diff1": 0.02786,
        "nauc_map_at_5_max": -0.059895,
        "nauc_map_at_5_std": -0.091937,
        "nauc_map_at_5_diff1": 0.034728,
        "nauc_map_at_10_max": -0.059677,
        "nauc_map_at_10_std": -0.091448,
        "nauc_map_at_10_diff1": 0.035936,
        "nauc_map_at_20_max": -0.060365,
        "nauc_map_at_20_std": -0.091844,
        "nauc_map_at_20_diff1": 0.034685,
        "nauc_map_at_100_max": -0.060839,
        "nauc_map_at_100_std": -0.091304,
        "nauc_map_at_100_diff1": 0.035608,
        "nauc_map_at_1000_max": -0.060901,
        "nauc_map_at_1000_std": -0.091332,
        "nauc_map_at_1000_diff1": 0.035594,
        "nauc_recall_at_1_max": -0.073964,
        "nauc_recall_at_1_std": -0.092848,
        "nauc_recall_at_1_diff1": 0.070007,
        "nauc_recall_at_3_max": -0.074012,
        "nauc_recall_at_3_std": -0.114205,
        "nauc_recall_at_3_diff1": -0.009899,
        "nauc_recall_at_5_max": 0.011808,
        "nauc_recall_at_5_std": -0.067389,
        "nauc_recall_at_5_diff1": 0.020015,
        "nauc_recall_at_10_max": 0.061083,
        "nauc_recall_at_10_std": -0.046239,
        "nauc_recall_at_10_diff1": 0.028757,
        "nauc_recall_at_20_max": 0.142793,
        "nauc_recall_at_20_std": -0.015084,
        "nauc_recall_at_20_diff1": -0.058872,
        "nauc_recall_at_100_max": 0.267134,
        "nauc_recall_at_100_std": 0.349625,
        "nauc_recall_at_100_diff1": 0.018251,
        "nauc_recall_at_1000_max": 0.208555,
        "nauc_recall_at_1000_std": 0.409637,
        "nauc_recall_at_1000_diff1": -0.151199,
        "nauc_precision_at_1_max": -0.073964,
        "nauc_precision_at_1_std": -0.092848,
        "nauc_precision_at_1_diff1": 0.070007,
        "nauc_precision_at_3_max": -0.074012,
        "nauc_precision_at_3_std": -0.114205,
        "nauc_precision_at_3_diff1": -0.009899,
        "nauc_precision_at_5_max": 0.011808,
        "nauc_precision_at_5_std": -0.067389,
        "nauc_precision_at_5_diff1": 0.020015,
        "nauc_precision_at_10_max": 0.061083,
        "nauc_precision_at_10_std": -0.046239,
        "nauc_precision_at_10_diff1": 0.028757,
        "nauc_precision_at_20_max": 0.142793,
        "nauc_precision_at_20_std": -0.015084,
        "nauc_precision_at_20_diff1": -0.058872,
        "nauc_precision_at_100_max": 0.267134,
        "nauc_precision_at_100_std": 0.349625,
        "nauc_precision_at_100_diff1": 0.018251,
        "nauc_precision_at_1000_max": 0.208555,
        "nauc_precision_at_1000_std": 0.409637,
        "nauc_precision_at_1000_diff1": -0.151199,
        "nauc_mrr_at_1_max": -0.077753,
        "nauc_mrr_at_1_std": -0.084559,
        "nauc_mrr_at_1_diff1": 0.05025,
        "nauc_mrr_at_3_max": -0.081142,
        "nauc_mrr_at_3_std": -0.0974,
        "nauc_mrr_at_3_diff1": 0.011555,
        "nauc_mrr_at_5_max": -0.070558,
        "nauc_mrr_at_5_std": -0.090565,
        "nauc_mrr_at_5_diff1": 0.015447,
        "nauc_mrr_at_10_max": -0.068673,
        "nauc_mrr_at_10_std": -0.089174,
        "nauc_mrr_at_10_diff1": 0.017676,
        "nauc_mrr_at_20_max": -0.069236,
        "nauc_mrr_at_20_std": -0.089526,
        "nauc_mrr_at_20_diff1": 0.016468,
        "nauc_mrr_at_100_max": -0.069763,
        "nauc_mrr_at_100_std": -0.088978,
        "nauc_mrr_at_100_diff1": 0.017285,
        "nauc_mrr_at_1000_max": -0.069826,
        "nauc_mrr_at_1000_std": -0.089005,
        "nauc_mrr_at_1000_diff1": 0.017269,
        "main_score": 0.54216,
        "hf_subset": "default",
        "languages": [
          "eng-Latn"
        ]
      }
    ]
  },
  "evaluation_time": 59.0962929725647,
  "kg_co2_emissions": null
}