{
  "dataset_revision": "5d958fb6b31055495347724d46431ba41309b03a",
  "task_name": "ChemNQRetrieval",
  "mteb_version": "1.34.8",
  "scores": {
    "test": [
      {
        "ndcg_at_1": 0.37037,
        "ndcg_at_3": 0.47222,
        "ndcg_at_5": 0.51216,
        "ndcg_at_10": 0.55504,
        "ndcg_at_20": 0.59115,
        "ndcg_at_100": 0.61569,
        "ndcg_at_1000": 0.61569,
        "map_at_1": 0.31481,
        "map_at_3": 0.43519,
        "map_at_5": 0.46173,
        "map_at_10": 0.48091,
        "map_at_20": 0.49205,
        "map_at_100": 0.49603,
        "map_at_1000": 0.49603,
        "recall_at_1": 0.31481,
        "recall_at_3": 0.53704,
        "recall_at_5": 0.61728,
        "recall_at_10": 0.74691,
        "recall_at_20": 0.87654,
        "recall_at_100": 1.0,
        "recall_at_1000": 1.0,
        "precision_at_1": 0.37037,
        "precision_at_3": 0.22222,
        "precision_at_5": 0.16296,
        "precision_at_10": 0.0963,
        "precision_at_20": 0.05741,
        "precision_at_100": 0.01296,
        "precision_at_1000": 0.0013,
        "mrr_at_1": 0.37037,
        "mrr_at_3": 0.475309,
        "mrr_at_5": 0.493827,
        "mrr_at_10": 0.508377,
        "mrr_at_20": 0.5173,
        "mrr_at_100": 0.520494,
        "mrr_at_1000": 0.520494,
        "nauc_ndcg_at_1_max": 0.517671,
        "nauc_ndcg_at_1_std": 0.28214,
        "nauc_ndcg_at_1_diff1": 0.207843,
        "nauc_ndcg_at_3_max": 0.557384,
        "nauc_ndcg_at_3_std": 0.263819,
        "nauc_ndcg_at_3_diff1": 0.31392,
        "nauc_ndcg_at_5_max": 0.551405,
        "nauc_ndcg_at_5_std": 0.202435,
        "nauc_ndcg_at_5_diff1": 0.328368,
        "nauc_ndcg_at_10_max": 0.514146,
        "nauc_ndcg_at_10_std": 0.15965,
        "nauc_ndcg_at_10_diff1": 0.291922,
        "nauc_ndcg_at_20_max": 0.530436,
        "nauc_ndcg_at_20_std": 0.166275,
        "nauc_ndcg_at_20_diff1": 0.293473,
        "nauc_ndcg_at_100_max": 0.528814,
        "nauc_ndcg_at_100_std": 0.195408,
        "nauc_ndcg_at_100_diff1": 0.293111,
        "nauc_ndcg_at_1000_max": 0.528814,
        "nauc_ndcg_at_1000_std": 0.195408,
        "nauc_ndcg_at_1000_diff1": 0.293111,
        "nauc_map_at_1_max": 0.38176,
        "nauc_map_at_1_std": 0.098619,
        "nauc_map_at_1_diff1": 0.027773,
        "nauc_map_at_3_max": 0.497866,
        "nauc_map_at_3_std": 0.221755,
        "nauc_map_at_3_diff1": 0.24463,
        "nauc_map_at_5_max": 0.514032,
        "nauc_map_at_5_std": 0.193606,
        "nauc_map_at_5_diff1": 0.249444,
        "nauc_map_at_10_max": 0.501322,
        "nauc_map_at_10_std": 0.178452,
        "nauc_map_at_10_diff1": 0.242302,
        "nauc_map_at_20_max": 0.506311,
        "nauc_map_at_20_std": 0.182749,
        "nauc_map_at_20_diff1": 0.241458,
        "nauc_map_at_100_max": 0.504251,
        "nauc_map_at_100_std": 0.183831,
        "nauc_map_at_100_diff1": 0.241428,
        "nauc_map_at_1000_max": 0.504251,
        "nauc_map_at_1000_std": 0.183831,
        "nauc_map_at_1000_diff1": 0.241428,
        "nauc_recall_at_1_max": 0.38176,
        "nauc_recall_at_1_std": 0.098619,
        "nauc_recall_at_1_diff1": 0.027773,
        "nauc_recall_at_3_max": 0.578964,
        "nauc_recall_at_3_std": 0.268033,
        "nauc_recall_at_3_diff1": 0.388646,
        "nauc_recall_at_5_max": 0.550138,
        "nauc_recall_at_5_std": 0.130441,
        "nauc_recall_at_5_diff1": 0.406751,
        "nauc_recall_at_10_max": 0.403924,
        "nauc_recall_at_10_std": -0.067745,
        "nauc_recall_at_10_diff1": 0.267614,
        "nauc_recall_at_20_max": 0.480812,
        "nauc_recall_at_20_std": -0.220096,
        "nauc_recall_at_20_diff1": 0.30498,
        "nauc_recall_at_100_max": NaN,
        "nauc_recall_at_100_std": NaN,
        "nauc_recall_at_100_diff1": NaN,
        "nauc_recall_at_1000_max": NaN,
        "nauc_recall_at_1000_std": NaN,
        "nauc_recall_at_1000_diff1": NaN,
        "nauc_precision_at_1_max": 0.517671,
        "nauc_precision_at_1_std": 0.28214,
        "nauc_precision_at_1_diff1": 0.207843,
        "nauc_precision_at_3_max": 0.654339,
        "nauc_precision_at_3_std": 0.403859,
        "nauc_precision_at_3_diff1": 0.499858,
        "nauc_precision_at_5_max": 0.476965,
        "nauc_precision_at_5_std": 0.175657,
        "nauc_precision_at_5_diff1": 0.468137,
        "nauc_precision_at_10_max": 0.372849,
        "nauc_precision_at_10_std": 0.080553,
        "nauc_precision_at_10_diff1": 0.434,
        "nauc_precision_at_20_max": 0.3825,
        "nauc_precision_at_20_std": 0.151622,
        "nauc_precision_at_20_diff1": 0.423791,
        "nauc_precision_at_100_max": 0.214552,
        "nauc_precision_at_100_std": 0.175286,
        "nauc_precision_at_100_diff1": 0.415581,
        "nauc_precision_at_1000_max": 0.214552,
        "nauc_precision_at_1000_std": 0.175286,
        "nauc_precision_at_1000_diff1": 0.415581,
        "nauc_mrr_at_1_max": 0.517671,
        "nauc_mrr_at_1_std": 0.28214,
        "nauc_mrr_at_1_diff1": 0.207843,
        "nauc_mrr_at_3_max": 0.623935,
        "nauc_mrr_at_3_std": 0.338752,
        "nauc_mrr_at_3_diff1": 0.363904,
        "nauc_mrr_at_5_max": 0.587316,
        "nauc_mrr_at_5_std": 0.29324,
        "nauc_mrr_at_5_diff1": 0.375716,
        "nauc_mrr_at_10_max": 0.570064,
        "nauc_mrr_at_10_std": 0.2793,
        "nauc_mrr_at_10_diff1": 0.348038,
        "nauc_mrr_at_20_max": 0.56938,
        "nauc_mrr_at_20_std": 0.274986,
        "nauc_mrr_at_20_diff1": 0.346514,
        "nauc_mrr_at_100_max": 0.569834,
        "nauc_mrr_at_100_std": 0.279281,
        "nauc_mrr_at_100_diff1": 0.345771,
        "nauc_mrr_at_1000_max": 0.569834,
        "nauc_mrr_at_1000_std": 0.279281,
        "nauc_mrr_at_1000_diff1": 0.345771,
        "main_score": 0.55504,
        "hf_subset": "default",
        "languages": [
          "eng-Latn"
        ]
      }
    ]
  },
  "evaluation_time": 157.25195288658142,
  "kg_co2_emissions": null
}