{
  "dataset_revision": "4adc7bc41202b5c13543c9c886a25f340634dab3",
  "task_name": "COIRCodeSearchNetRetrieval",
  "mteb_version": "1.34.8",
  "scores": {
    "test": [
      {
        "ndcg_at_1": 0.82243,
        "ndcg_at_3": 0.8656,
        "ndcg_at_5": 0.87446,
        "ndcg_at_10": 0.88129,
        "ndcg_at_20": 0.88564,
        "ndcg_at_100": 0.89029,
        "ndcg_at_1000": 0.89214,
        "map_at_1": 0.82243,
        "map_at_3": 0.85543,
        "map_at_5": 0.86036,
        "map_at_10": 0.8632,
        "map_at_20": 0.8644,
        "map_at_100": 0.86505,
        "map_at_1000": 0.86512,
        "recall_at_1": 0.82243,
        "recall_at_3": 0.89483,
        "recall_at_5": 0.91634,
        "recall_at_10": 0.93732,
        "recall_at_20": 0.95448,
        "recall_at_100": 0.97935,
        "recall_at_1000": 0.99383,
        "precision_at_1": 0.82243,
        "precision_at_3": 0.29828,
        "precision_at_5": 0.18327,
        "precision_at_10": 0.09373,
        "precision_at_20": 0.04772,
        "precision_at_100": 0.00979,
        "precision_at_1000": 0.00099,
        "mrr_at_1": 0.822362,
        "mrr_at_3": 0.855398,
        "mrr_at_5": 0.860322,
        "mrr_at_10": 0.863163,
        "mrr_at_20": 0.864363,
        "mrr_at_100": 0.865018,
        "mrr_at_1000": 0.86509,
        "nauc_ndcg_at_1_max": 0.813101,
        "nauc_ndcg_at_1_std": 0.14578,
        "nauc_ndcg_at_1_diff1": 0.903582,
        "nauc_ndcg_at_3_max": 0.823851,
        "nauc_ndcg_at_3_std": 0.141742,
        "nauc_ndcg_at_3_diff1": 0.885332,
        "nauc_ndcg_at_5_max": 0.823412,
        "nauc_ndcg_at_5_std": 0.145804,
        "nauc_ndcg_at_5_diff1": 0.886336,
        "nauc_ndcg_at_10_max": 0.824129,
        "nauc_ndcg_at_10_std": 0.15019,
        "nauc_ndcg_at_10_diff1": 0.888883,
        "nauc_ndcg_at_20_max": 0.825162,
        "nauc_ndcg_at_20_std": 0.155946,
        "nauc_ndcg_at_20_diff1": 0.889926,
        "nauc_ndcg_at_100_max": 0.824925,
        "nauc_ndcg_at_100_std": 0.157903,
        "nauc_ndcg_at_100_diff1": 0.89065,
        "nauc_ndcg_at_1000_max": 0.824312,
        "nauc_ndcg_at_1000_std": 0.15559,
        "nauc_ndcg_at_1000_diff1": 0.891258,
        "nauc_map_at_1_max": 0.813101,
        "nauc_map_at_1_std": 0.14578,
        "nauc_map_at_1_diff1": 0.903582,
        "nauc_map_at_3_max": 0.821646,
        "nauc_map_at_3_std": 0.14308,
        "nauc_map_at_3_diff1": 0.890629,
        "nauc_map_at_5_max": 0.821344,
        "nauc_map_at_5_std": 0.145222,
        "nauc_map_at_5_diff1": 0.89132,
        "nauc_map_at_10_max": 0.82154,
        "nauc_map_at_10_std": 0.146646,
        "nauc_map_at_10_diff1": 0.892394,
        "nauc_map_at_20_max": 0.821772,
        "nauc_map_at_20_std": 0.148025,
        "nauc_map_at_20_diff1": 0.892665,
        "nauc_map_at_100_max": 0.821752,
        "nauc_map_at_100_std": 0.148312,
        "nauc_map_at_100_diff1": 0.892784,
        "nauc_map_at_1000_max": 0.82174,
        "nauc_map_at_1000_std": 0.148274,
        "nauc_map_at_1000_diff1": 0.892805,
        "nauc_recall_at_1_max": 0.813101,
        "nauc_recall_at_1_std": 0.14578,
        "nauc_recall_at_1_diff1": 0.903582,
        "nauc_recall_at_3_max": 0.83179,
        "nauc_recall_at_3_std": 0.136524,
        "nauc_recall_at_3_diff1": 0.865045,
        "nauc_recall_at_5_max": 0.832247,
        "nauc_recall_at_5_std": 0.149175,
        "nauc_recall_at_5_diff1": 0.863532,
        "nauc_recall_at_10_max": 0.839462,
        "nauc_recall_at_10_std": 0.176755,
        "nauc_recall_at_10_diff1": 0.869773,
        "nauc_recall_at_20_max": 0.85484,
        "nauc_recall_at_20_std": 0.240463,
        "nauc_recall_at_20_diff1": 0.872651,
        "nauc_recall_at_100_max": 0.882282,
        "nauc_recall_at_100_std": 0.386281,
        "nauc_recall_at_100_diff1": 0.870162,
        "nauc_recall_at_1000_max": 0.926089,
        "nauc_recall_at_1000_std": 0.576793,
        "nauc_recall_at_1000_diff1": 0.900011,
        "nauc_precision_at_1_max": 0.813101,
        "nauc_precision_at_1_std": 0.14578,
        "nauc_precision_at_1_diff1": 0.903582,
        "nauc_precision_at_3_max": 0.83179,
        "nauc_precision_at_3_std": 0.136524,
        "nauc_precision_at_3_diff1": 0.865045,
        "nauc_precision_at_5_max": 0.832247,
        "nauc_precision_at_5_std": 0.149175,
        "nauc_precision_at_5_diff1": 0.863532,
        "nauc_precision_at_10_max": 0.839462,
        "nauc_precision_at_10_std": 0.176755,
        "nauc_precision_at_10_diff1": 0.869773,
        "nauc_precision_at_20_max": 0.85484,
        "nauc_precision_at_20_std": 0.240463,
        "nauc_precision_at_20_diff1": 0.872651,
        "nauc_precision_at_100_max": 0.882282,
        "nauc_precision_at_100_std": 0.386281,
        "nauc_precision_at_100_diff1": 0.870162,
        "nauc_precision_at_1000_max": 0.926089,
        "nauc_precision_at_1000_std": 0.576793,
        "nauc_precision_at_1000_diff1": 0.900011,
        "nauc_mrr_at_1_max": 0.813626,
        "nauc_mrr_at_1_std": 0.145414,
        "nauc_mrr_at_1_diff1": 0.903668,
        "nauc_mrr_at_3_max": 0.821961,
        "nauc_mrr_at_3_std": 0.14286,
        "nauc_mrr_at_3_diff1": 0.890684,
        "nauc_mrr_at_5_max": 0.82167,
        "nauc_mrr_at_5_std": 0.144994,
        "nauc_mrr_at_5_diff1": 0.891376,
        "nauc_mrr_at_10_max": 0.821873,
        "nauc_mrr_at_10_std": 0.146412,
        "nauc_mrr_at_10_diff1": 0.892451,
        "nauc_mrr_at_20_max": 0.822108,
        "nauc_mrr_at_20_std": 0.147789,
        "nauc_mrr_at_20_diff1": 0.892723,
        "nauc_mrr_at_100_max": 0.82209,
        "nauc_mrr_at_100_std": 0.148074,
        "nauc_mrr_at_100_diff1": 0.892842,
        "nauc_mrr_at_1000_max": 0.822078,
        "nauc_mrr_at_1000_std": 0.148037,
        "nauc_mrr_at_1000_diff1": 0.892863,
        "main_score": 0.88129,
        "hf_subset": "python",
        "languages": [
          "python-Code"
        ]
      }
    ]
  },
  "evaluation_time": 1091.2952601909637,
  "kg_co2_emissions": null
}