{
  "dataset_revision": "ae763399273d8b20506b80cf6f6f9a31a6a2b238",
  "task_name": "MedicalQARetrieval",
  "mteb_version": "1.34.8",
  "scores": {
    "test": [
      {
        "ndcg_at_1": 0.51758,
        "ndcg_at_3": 0.63008,
        "ndcg_at_5": 0.65667,
        "ndcg_at_10": 0.67848,
        "ndcg_at_20": 0.68992,
        "ndcg_at_100": 0.70119,
        "ndcg_at_1000": 0.70786,
        "map_at_1": 0.51758,
        "map_at_3": 0.60262,
        "map_at_5": 0.61751,
        "map_at_10": 0.62653,
        "map_at_20": 0.62971,
        "map_at_100": 0.6313,
        "map_at_1000": 0.63156,
        "recall_at_1": 0.51758,
        "recall_at_3": 0.70947,
        "recall_at_5": 0.77344,
        "recall_at_10": 0.84082,
        "recall_at_20": 0.88574,
        "recall_at_100": 0.94629,
        "recall_at_1000": 0.99805,
        "precision_at_1": 0.51758,
        "precision_at_3": 0.23649,
        "precision_at_5": 0.15469,
        "precision_at_10": 0.08408,
        "precision_at_20": 0.04429,
        "precision_at_100": 0.00946,
        "precision_at_1000": 0.001,
        "mrr_at_1": 0.51709,
        "mrr_at_3": 0.602051,
        "mrr_at_5": 0.616943,
        "mrr_at_10": 0.626041,
        "mrr_at_20": 0.629224,
        "mrr_at_100": 0.63081,
        "mrr_at_1000": 0.631071,
        "nauc_ndcg_at_1_max": 0.292424,
        "nauc_ndcg_at_1_std": -0.072946,
        "nauc_ndcg_at_1_diff1": 0.483613,
        "nauc_ndcg_at_3_max": 0.293114,
        "nauc_ndcg_at_3_std": -0.06947,
        "nauc_ndcg_at_3_diff1": 0.404056,
        "nauc_ndcg_at_5_max": 0.298327,
        "nauc_ndcg_at_5_std": -0.059484,
        "nauc_ndcg_at_5_diff1": 0.392608,
        "nauc_ndcg_at_10_max": 0.305922,
        "nauc_ndcg_at_10_std": -0.0531,
        "nauc_ndcg_at_10_diff1": 0.390836,
        "nauc_ndcg_at_20_max": 0.322831,
        "nauc_ndcg_at_20_std": -0.044837,
        "nauc_ndcg_at_20_diff1": 0.39193,
        "nauc_ndcg_at_100_max": 0.317504,
        "nauc_ndcg_at_100_std": -0.044879,
        "nauc_ndcg_at_100_diff1": 0.399783,
        "nauc_ndcg_at_1000_max": 0.309475,
        "nauc_ndcg_at_1000_std": -0.052506,
        "nauc_ndcg_at_1000_diff1": 0.408174,
        "nauc_map_at_1_max": 0.292424,
        "nauc_map_at_1_std": -0.072946,
        "nauc_map_at_1_diff1": 0.483613,
        "nauc_map_at_3_max": 0.291295,
        "nauc_map_at_3_std": -0.071102,
        "nauc_map_at_3_diff1": 0.425285,
        "nauc_map_at_5_max": 0.293752,
        "nauc_map_at_5_std": -0.065635,
        "nauc_map_at_5_diff1": 0.42005,
        "nauc_map_at_10_max": 0.295837,
        "nauc_map_at_10_std": -0.063811,
        "nauc_map_at_10_diff1": 0.419989,
        "nauc_map_at_20_max": 0.300146,
        "nauc_map_at_20_std": -0.061877,
        "nauc_map_at_20_diff1": 0.42046,
        "nauc_map_at_100_max": 0.299858,
        "nauc_map_at_100_std": -0.061801,
        "nauc_map_at_100_diff1": 0.421533,
        "nauc_map_at_1000_max": 0.299606,
        "nauc_map_at_1000_std": -0.062003,
        "nauc_map_at_1000_diff1": 0.421844,
        "nauc_recall_at_1_max": 0.292424,
        "nauc_recall_at_1_std": -0.072946,
        "nauc_recall_at_1_diff1": 0.483613,
        "nauc_recall_at_3_max": 0.300258,
        "nauc_recall_at_3_std": -0.063442,
        "nauc_recall_at_3_diff1": 0.330351,
        "nauc_recall_at_5_max": 0.319468,
        "nauc_recall_at_5_std": -0.032453,
        "nauc_recall_at_5_diff1": 0.277949,
        "nauc_recall_at_10_max": 0.372316,
        "nauc_recall_at_10_std": 0.01382,
        "nauc_recall_at_10_diff1": 0.228357,
        "nauc_recall_at_20_max": 0.533322,
        "nauc_recall_at_20_std": 0.106557,
        "nauc_recall_at_20_diff1": 0.182725,
        "nauc_recall_at_100_max": 0.6058,
        "nauc_recall_at_100_std": 0.259586,
        "nauc_recall_at_100_diff1": 0.136498,
        "nauc_recall_at_1000_max": 0.930543,
        "nauc_recall_at_1000_std": 1.0,
        "nauc_recall_at_1000_diff1": 0.625924,
        "nauc_precision_at_1_max": 0.292424,
        "nauc_precision_at_1_std": -0.072946,
        "nauc_precision_at_1_diff1": 0.483613,
        "nauc_precision_at_3_max": 0.300258,
        "nauc_precision_at_3_std": -0.063442,
        "nauc_precision_at_3_diff1": 0.330351,
        "nauc_precision_at_5_max": 0.319468,
        "nauc_precision_at_5_std": -0.032453,
        "nauc_precision_at_5_diff1": 0.277949,
        "nauc_precision_at_10_max": 0.372316,
        "nauc_precision_at_10_std": 0.01382,
        "nauc_precision_at_10_diff1": 0.228357,
        "nauc_precision_at_20_max": 0.533322,
        "nauc_precision_at_20_std": 0.106557,
        "nauc_precision_at_20_diff1": 0.182725,
        "nauc_precision_at_100_max": 0.6058,
        "nauc_precision_at_100_std": 0.259586,
        "nauc_precision_at_100_diff1": 0.136498,
        "nauc_precision_at_1000_max": 0.930543,
        "nauc_precision_at_1000_std": 1.0,
        "nauc_precision_at_1000_diff1": 0.625924,
        "nauc_mrr_at_1_max": 0.293509,
        "nauc_mrr_at_1_std": -0.071676,
        "nauc_mrr_at_1_diff1": 0.484785,
        "nauc_mrr_at_3_max": 0.291176,
        "nauc_mrr_at_3_std": -0.07087,
        "nauc_mrr_at_3_diff1": 0.426742,
        "nauc_mrr_at_5_max": 0.293626,
        "nauc_mrr_at_5_std": -0.065205,
        "nauc_mrr_at_5_diff1": 0.421565,
        "nauc_mrr_at_10_max": 0.296093,
        "nauc_mrr_at_10_std": -0.063225,
        "nauc_mrr_at_10_diff1": 0.421345,
        "nauc_mrr_at_20_max": 0.300401,
        "nauc_mrr_at_20_std": -0.061287,
        "nauc_mrr_at_20_diff1": 0.421829,
        "nauc_mrr_at_100_max": 0.300114,
        "nauc_mrr_at_100_std": -0.061208,
        "nauc_mrr_at_100_diff1": 0.422909,
        "nauc_mrr_at_1000_max": 0.299863,
        "nauc_mrr_at_1000_std": -0.06141,
        "nauc_mrr_at_1000_diff1": 0.42322,
        "main_score": 0.67848,
        "hf_subset": "default",
        "languages": [
          "eng-Latn"
        ]
      }
    ]
  },
  "evaluation_time": 21.479832410812378,
  "kg_co2_emissions": null
}