{
  "dataset_revision": "ec0fa4fe99da2ff19ca1214b7966684033a58814",
  "task_name": "NFCorpus",
  "mteb_version": "1.34.8",
  "scores": {
    "test": [
      {
        "ndcg_at_1": 0.40248,
        "ndcg_at_3": 0.35796,
        "ndcg_at_5": 0.33189,
        "ndcg_at_10": 0.30154,
        "ndcg_at_20": 0.28032,
        "ndcg_at_100": 0.27474,
        "ndcg_at_1000": 0.36087,
        "map_at_1": 0.05294,
        "map_at_3": 0.08863,
        "map_at_5": 0.09969,
        "map_at_10": 0.11444,
        "map_at_20": 0.12612,
        "map_at_100": 0.14016,
        "map_at_1000": 0.15201,
        "recall_at_1": 0.05294,
        "recall_at_3": 0.09756,
        "recall_at_5": 0.1144,
        "recall_at_10": 0.14116,
        "recall_at_20": 0.17656,
        "recall_at_100": 0.26678,
        "recall_at_1000": 0.57544,
        "precision_at_1": 0.41176,
        "precision_at_3": 0.33127,
        "precision_at_5": 0.27802,
        "precision_at_10": 0.21672,
        "precision_at_20": 0.15913,
        "precision_at_100": 0.06737,
        "precision_at_1000": 0.01877,
        "mrr_at_1": 0.411765,
        "mrr_at_3": 0.481424,
        "mrr_at_5": 0.493034,
        "mrr_at_10": 0.500657,
        "mrr_at_20": 0.504813,
        "mrr_at_100": 0.507169,
        "mrr_at_1000": 0.507639,
        "nauc_ndcg_at_1_max": 0.547518,
        "nauc_ndcg_at_1_std": 0.304304,
        "nauc_ndcg_at_1_diff1": 0.363389,
        "nauc_ndcg_at_3_max": 0.555563,
        "nauc_ndcg_at_3_std": 0.333409,
        "nauc_ndcg_at_3_diff1": 0.278715,
        "nauc_ndcg_at_5_max": 0.560514,
        "nauc_ndcg_at_5_std": 0.360992,
        "nauc_ndcg_at_5_diff1": 0.236231,
        "nauc_ndcg_at_10_max": 0.547375,
        "nauc_ndcg_at_10_std": 0.380223,
        "nauc_ndcg_at_10_diff1": 0.228737,
        "nauc_ndcg_at_20_max": 0.543259,
        "nauc_ndcg_at_20_std": 0.392927,
        "nauc_ndcg_at_20_diff1": 0.224774,
        "nauc_ndcg_at_100_max": 0.540629,
        "nauc_ndcg_at_100_std": 0.373864,
        "nauc_ndcg_at_100_diff1": 0.232208,
        "nauc_ndcg_at_1000_max": 0.562682,
        "nauc_ndcg_at_1000_std": 0.400782,
        "nauc_ndcg_at_1000_diff1": 0.243267,
        "nauc_map_at_1_max": 0.273366,
        "nauc_map_at_1_std": -0.014203,
        "nauc_map_at_1_diff1": 0.353904,
        "nauc_map_at_3_max": 0.361917,
        "nauc_map_at_3_std": 0.028749,
        "nauc_map_at_3_diff1": 0.307219,
        "nauc_map_at_5_max": 0.39682,
        "nauc_map_at_5_std": 0.069126,
        "nauc_map_at_5_diff1": 0.28186,
        "nauc_map_at_10_max": 0.436335,
        "nauc_map_at_10_std": 0.118565,
        "nauc_map_at_10_diff1": 0.262172,
        "nauc_map_at_20_max": 0.459504,
        "nauc_map_at_20_std": 0.162741,
        "nauc_map_at_20_diff1": 0.249715,
        "nauc_map_at_100_max": 0.477494,
        "nauc_map_at_100_std": 0.219324,
        "nauc_map_at_100_diff1": 0.238255,
        "nauc_map_at_1000_max": 0.479594,
        "nauc_map_at_1000_std": 0.250748,
        "nauc_map_at_1000_diff1": 0.232511,
        "nauc_recall_at_1_max": 0.273366,
        "nauc_recall_at_1_std": -0.014203,
        "nauc_recall_at_1_diff1": 0.353904,
        "nauc_recall_at_3_max": 0.336072,
        "nauc_recall_at_3_std": 0.022649,
        "nauc_recall_at_3_diff1": 0.268257,
        "nauc_recall_at_5_max": 0.369007,
        "nauc_recall_at_5_std": 0.058436,
        "nauc_recall_at_5_diff1": 0.243297,
        "nauc_recall_at_10_max": 0.405182,
        "nauc_recall_at_10_std": 0.118473,
        "nauc_recall_at_10_diff1": 0.227714,
        "nauc_recall_at_20_max": 0.415076,
        "nauc_recall_at_20_std": 0.182966,
        "nauc_recall_at_20_diff1": 0.19484,
        "nauc_recall_at_100_max": 0.392953,
        "nauc_recall_at_100_std": 0.256599,
        "nauc_recall_at_100_diff1": 0.180735,
        "nauc_recall_at_1000_max": 0.271514,
        "nauc_recall_at_1000_std": 0.229963,
        "nauc_recall_at_1000_diff1": 0.049699,
        "nauc_precision_at_1_max": 0.570561,
        "nauc_precision_at_1_std": 0.320329,
        "nauc_precision_at_1_diff1": 0.380626,
        "nauc_precision_at_3_max": 0.564496,
        "nauc_precision_at_3_std": 0.384703,
        "nauc_precision_at_3_diff1": 0.215939,
        "nauc_precision_at_5_max": 0.54845,
        "nauc_precision_at_5_std": 0.435048,
        "nauc_precision_at_5_diff1": 0.127045,
        "nauc_precision_at_10_max": 0.492051,
        "nauc_precision_at_10_std": 0.486013,
        "nauc_precision_at_10_diff1": 0.093144,
        "nauc_precision_at_20_max": 0.434519,
        "nauc_precision_at_20_std": 0.538346,
        "nauc_precision_at_20_diff1": 0.04949,
        "nauc_precision_at_100_max": 0.24978,
        "nauc_precision_at_100_std": 0.540422,
        "nauc_precision_at_100_diff1": -0.039502,
        "nauc_precision_at_1000_max": 0.069064,
        "nauc_precision_at_1000_std": 0.406418,
        "nauc_precision_at_1000_diff1": -0.063162,
        "nauc_mrr_at_1_max": 0.570561,
        "nauc_mrr_at_1_std": 0.320329,
        "nauc_mrr_at_1_diff1": 0.380626,
        "nauc_mrr_at_3_max": 0.591774,
        "nauc_mrr_at_3_std": 0.351692,
        "nauc_mrr_at_3_diff1": 0.344507,
        "nauc_mrr_at_5_max": 0.598289,
        "nauc_mrr_at_5_std": 0.354228,
        "nauc_mrr_at_5_diff1": 0.352202,
        "nauc_mrr_at_10_max": 0.601659,
        "nauc_mrr_at_10_std": 0.365614,
        "nauc_mrr_at_10_diff1": 0.355602,
        "nauc_mrr_at_20_max": 0.601606,
        "nauc_mrr_at_20_std": 0.365946,
        "nauc_mrr_at_20_diff1": 0.353207,
        "nauc_mrr_at_100_max": 0.600492,
        "nauc_mrr_at_100_std": 0.365103,
        "nauc_mrr_at_100_diff1": 0.353093,
        "nauc_mrr_at_1000_max": 0.600361,
        "nauc_mrr_at_1000_std": 0.36484,
        "nauc_mrr_at_1000_diff1": 0.352873,
        "main_score": 0.30154,
        "hf_subset": "default",
        "languages": [
          "eng-Latn"
        ]
      }
    ]
  },
  "evaluation_time": 35.18370008468628,
  "kg_co2_emissions": null
}