{
  "dataset_revision": "27a168819829fe9bcd655c2df245fb19452e8e06",
  "task_name": "FiQA2018",
  "mteb_version": "1.34.8",
  "scores": {
    "test": [
      {
        "ndcg_at_1": 0.34722,
        "ndcg_at_3": 0.3318,
        "ndcg_at_5": 0.34504,
        "ndcg_at_10": 0.36867,
        "ndcg_at_20": 0.39432,
        "ndcg_at_100": 0.43931,
        "ndcg_at_1000": 0.47276,
        "map_at_1": 0.1714,
        "map_at_3": 0.25188,
        "map_at_5": 0.27507,
        "map_at_10": 0.29141,
        "map_at_20": 0.30072,
        "map_at_100": 0.30956,
        "map_at_1000": 0.31159,
        "recall_at_1": 0.1714,
        "recall_at_3": 0.30536,
        "recall_at_5": 0.36706,
        "recall_at_10": 0.44131,
        "recall_at_20": 0.51995,
        "recall_at_100": 0.70606,
        "recall_at_1000": 0.90672,
        "precision_at_1": 0.34722,
        "precision_at_3": 0.22377,
        "precision_at_5": 0.16759,
        "precision_at_10": 0.10448,
        "precision_at_20": 0.06296,
        "precision_at_100": 0.01778,
        "precision_at_1000": 0.00236,
        "mrr_at_1": 0.347222,
        "mrr_at_3": 0.42001,
        "mrr_at_5": 0.434053,
        "mrr_at_10": 0.445122,
        "mrr_at_20": 0.450913,
        "mrr_at_100": 0.454279,
        "mrr_at_1000": 0.454718,
        "nauc_ndcg_at_1_max": 0.364003,
        "nauc_ndcg_at_1_std": -0.02687,
        "nauc_ndcg_at_1_diff1": 0.450427,
        "nauc_ndcg_at_3_max": 0.32484,
        "nauc_ndcg_at_3_std": -0.036144,
        "nauc_ndcg_at_3_diff1": 0.365639,
        "nauc_ndcg_at_5_max": 0.31026,
        "nauc_ndcg_at_5_std": -0.031752,
        "nauc_ndcg_at_5_diff1": 0.348966,
        "nauc_ndcg_at_10_max": 0.298355,
        "nauc_ndcg_at_10_std": -0.022106,
        "nauc_ndcg_at_10_diff1": 0.337399,
        "nauc_ndcg_at_20_max": 0.303058,
        "nauc_ndcg_at_20_std": -0.011235,
        "nauc_ndcg_at_20_diff1": 0.330912,
        "nauc_ndcg_at_100_max": 0.322084,
        "nauc_ndcg_at_100_std": 0.016443,
        "nauc_ndcg_at_100_diff1": 0.328685,
        "nauc_ndcg_at_1000_max": 0.336039,
        "nauc_ndcg_at_1000_std": 0.015785,
        "nauc_ndcg_at_1000_diff1": 0.342978,
        "nauc_map_at_1_max": 0.2264,
        "nauc_map_at_1_std": -0.06492,
        "nauc_map_at_1_diff1": 0.422908,
        "nauc_map_at_3_max": 0.265115,
        "nauc_map_at_3_std": -0.059881,
        "nauc_map_at_3_diff1": 0.373445,
        "nauc_map_at_5_max": 0.280633,
        "nauc_map_at_5_std": -0.051177,
        "nauc_map_at_5_diff1": 0.362396,
        "nauc_map_at_10_max": 0.282342,
        "nauc_map_at_10_std": -0.042723,
        "nauc_map_at_10_diff1": 0.347924,
        "nauc_map_at_20_max": 0.286653,
        "nauc_map_at_20_std": -0.037912,
        "nauc_map_at_20_diff1": 0.346843,
        "nauc_map_at_100_max": 0.291353,
        "nauc_map_at_100_std": -0.032319,
        "nauc_map_at_100_diff1": 0.345543,
        "nauc_map_at_1000_max": 0.292718,
        "nauc_map_at_1000_std": -0.031728,
        "nauc_map_at_1000_diff1": 0.345998,
        "nauc_recall_at_1_max": 0.2264,
        "nauc_recall_at_1_std": -0.06492,
        "nauc_recall_at_1_diff1": 0.422908,
        "nauc_recall_at_3_max": 0.22866,
        "nauc_recall_at_3_std": -0.044173,
        "nauc_recall_at_3_diff1": 0.292823,
        "nauc_recall_at_5_max": 0.230879,
        "nauc_recall_at_5_std": -0.024409,
        "nauc_recall_at_5_diff1": 0.257691,
        "nauc_recall_at_10_max": 0.202967,
        "nauc_recall_at_10_std": -0.003308,
        "nauc_recall_at_10_diff1": 0.210358,
        "nauc_recall_at_20_max": 0.196278,
        "nauc_recall_at_20_std": 0.023806,
        "nauc_recall_at_20_diff1": 0.173846,
        "nauc_recall_at_100_max": 0.228874,
        "nauc_recall_at_100_std": 0.169311,
        "nauc_recall_at_100_diff1": 0.120936,
        "nauc_recall_at_1000_max": 0.339458,
        "nauc_recall_at_1000_std": 0.363186,
        "nauc_recall_at_1000_diff1": 0.189604,
        "nauc_precision_at_1_max": 0.364003,
        "nauc_precision_at_1_std": -0.02687,
        "nauc_precision_at_1_diff1": 0.450427,
        "nauc_precision_at_3_max": 0.371571,
        "nauc_precision_at_3_std": -0.014143,
        "nauc_precision_at_3_diff1": 0.286678,
        "nauc_precision_at_5_max": 0.365824,
        "nauc_precision_at_5_std": 0.011871,
        "nauc_precision_at_5_diff1": 0.21829,
        "nauc_precision_at_10_max": 0.334453,
        "nauc_precision_at_10_std": 0.047447,
        "nauc_precision_at_10_diff1": 0.145303,
        "nauc_precision_at_20_max": 0.327052,
        "nauc_precision_at_20_std": 0.087095,
        "nauc_precision_at_20_diff1": 0.105917,
        "nauc_precision_at_100_max": 0.312273,
        "nauc_precision_at_100_std": 0.137742,
        "nauc_precision_at_100_diff1": 0.039447,
        "nauc_precision_at_1000_max": 0.271046,
        "nauc_precision_at_1000_std": 0.117785,
        "nauc_precision_at_1000_diff1": 0.003237,
        "nauc_mrr_at_1_max": 0.364003,
        "nauc_mrr_at_1_std": -0.02687,
        "nauc_mrr_at_1_diff1": 0.450427,
        "nauc_mrr_at_3_max": 0.366395,
        "nauc_mrr_at_3_std": -0.006826,
        "nauc_mrr_at_3_diff1": 0.40634,
        "nauc_mrr_at_5_max": 0.372715,
        "nauc_mrr_at_5_std": -0.007022,
        "nauc_mrr_at_5_diff1": 0.403594,
        "nauc_mrr_at_10_max": 0.367965,
        "nauc_mrr_at_10_std": -0.005537,
        "nauc_mrr_at_10_diff1": 0.400858,
        "nauc_mrr_at_20_max": 0.366971,
        "nauc_mrr_at_20_std": -0.004874,
        "nauc_mrr_at_20_diff1": 0.398261,
        "nauc_mrr_at_100_max": 0.368048,
        "nauc_mrr_at_100_std": -0.002976,
        "nauc_mrr_at_100_diff1": 0.39864,
        "nauc_mrr_at_1000_max": 0.368192,
        "nauc_mrr_at_1000_std": -0.003232,
        "nauc_mrr_at_1000_diff1": 0.399079,
        "main_score": 0.36867,
        "hf_subset": "default",
        "languages": [
          "eng-Latn"
        ]
      }
    ]
  },
  "evaluation_time": 28.307900428771973,
  "kg_co2_emissions": null
}