{
  "dataset_revision": "bb9466bac8153a0349341eb1b22e06409e78ef4e",
  "task_name": "TRECCOVID",
  "mteb_version": "1.34.8",
  "scores": {
    "test": [
      {
        "ndcg_at_1": 0.56,
        "ndcg_at_3": 0.51939,
        "ndcg_at_5": 0.50569,
        "ndcg_at_10": 0.47229,
        "ndcg_at_20": 0.44396,
        "ndcg_at_100": 0.35168,
        "ndcg_at_1000": 0.3403,
        "map_at_1": 0.00169,
        "map_at_3": 0.00408,
        "map_at_5": 0.00627,
        "map_at_10": 0.01053,
        "map_at_20": 0.01747,
        "map_at_100": 0.05308,
        "map_at_1000": 0.13312,
        "recall_at_1": 0.00169,
        "recall_at_3": 0.0044,
        "recall_at_5": 0.00709,
        "recall_at_10": 0.01284,
        "recall_at_20": 0.02331,
        "recall_at_100": 0.08552,
        "recall_at_1000": 0.3281,
        "precision_at_1": 0.62,
        "precision_at_3": 0.56,
        "precision_at_5": 0.552,
        "precision_at_10": 0.504,
        "precision_at_20": 0.471,
        "precision_at_100": 0.3614,
        "precision_at_1000": 0.1545,
        "mrr_at_1": 0.62,
        "mrr_at_3": 0.706667,
        "mrr_at_5": 0.716667,
        "mrr_at_10": 0.724381,
        "mrr_at_20": 0.726964,
        "mrr_at_100": 0.727499,
        "mrr_at_1000": 0.727499,
        "nauc_ndcg_at_1_max": 0.254855,
        "nauc_ndcg_at_1_std": 0.308177,
        "nauc_ndcg_at_1_diff1": -0.03807,
        "nauc_ndcg_at_3_max": 0.226026,
        "nauc_ndcg_at_3_std": 0.439896,
        "nauc_ndcg_at_3_diff1": -0.160299,
        "nauc_ndcg_at_5_max": 0.226124,
        "nauc_ndcg_at_5_std": 0.50668,
        "nauc_ndcg_at_5_diff1": -0.225321,
        "nauc_ndcg_at_10_max": 0.2223,
        "nauc_ndcg_at_10_std": 0.605912,
        "nauc_ndcg_at_10_diff1": -0.20664,
        "nauc_ndcg_at_20_max": 0.220369,
        "nauc_ndcg_at_20_std": 0.730424,
        "nauc_ndcg_at_20_diff1": -0.233509,
        "nauc_ndcg_at_100_max": 0.250195,
        "nauc_ndcg_at_100_std": 0.833118,
        "nauc_ndcg_at_100_diff1": -0.298226,
        "nauc_ndcg_at_1000_max": 0.293873,
        "nauc_ndcg_at_1000_std": 0.850483,
        "nauc_ndcg_at_1000_diff1": -0.252917,
        "nauc_map_at_1_max": 0.134227,
        "nauc_map_at_1_std": 0.07462,
        "nauc_map_at_1_diff1": -0.109799,
        "nauc_map_at_3_max": 0.182241,
        "nauc_map_at_3_std": 0.208246,
        "nauc_map_at_3_diff1": -0.185463,
        "nauc_map_at_5_max": 0.148283,
        "nauc_map_at_5_std": 0.271106,
        "nauc_map_at_5_diff1": -0.239853,
        "nauc_map_at_10_max": 0.13233,
        "nauc_map_at_10_std": 0.37163,
        "nauc_map_at_10_diff1": -0.22498,
        "nauc_map_at_20_max": 0.163237,
        "nauc_map_at_20_std": 0.534369,
        "nauc_map_at_20_diff1": -0.243789,
        "nauc_map_at_100_max": 0.289205,
        "nauc_map_at_100_std": 0.804527,
        "nauc_map_at_100_diff1": -0.319209,
        "nauc_map_at_1000_max": 0.340728,
        "nauc_map_at_1000_std": 0.881978,
        "nauc_map_at_1000_diff1": -0.287924,
        "nauc_recall_at_1_max": 0.134227,
        "nauc_recall_at_1_std": 0.07462,
        "nauc_recall_at_1_diff1": -0.109799,
        "nauc_recall_at_3_max": 0.154841,
        "nauc_recall_at_3_std": 0.216823,
        "nauc_recall_at_3_diff1": -0.188406,
        "nauc_recall_at_5_max": 0.114634,
        "nauc_recall_at_5_std": 0.280257,
        "nauc_recall_at_5_diff1": -0.255587,
        "nauc_recall_at_10_max": 0.103279,
        "nauc_recall_at_10_std": 0.359908,
        "nauc_recall_at_10_diff1": -0.190539,
        "nauc_recall_at_20_max": 0.118196,
        "nauc_recall_at_20_std": 0.485387,
        "nauc_recall_at_20_diff1": -0.208248,
        "nauc_recall_at_100_max": 0.262482,
        "nauc_recall_at_100_std": 0.722883,
        "nauc_recall_at_100_diff1": -0.304616,
        "nauc_recall_at_1000_max": 0.301845,
        "nauc_recall_at_1000_std": 0.802151,
        "nauc_recall_at_1000_diff1": -0.223817,
        "nauc_precision_at_1_max": 0.285235,
        "nauc_precision_at_1_std": 0.301695,
        "nauc_precision_at_1_diff1": -0.020706,
        "nauc_precision_at_3_max": 0.212486,
        "nauc_precision_at_3_std": 0.497981,
        "nauc_precision_at_3_diff1": -0.211557,
        "nauc_precision_at_5_max": 0.218198,
        "nauc_precision_at_5_std": 0.577551,
        "nauc_precision_at_5_diff1": -0.27459,
        "nauc_precision_at_10_max": 0.215425,
        "nauc_precision_at_10_std": 0.66684,
        "nauc_precision_at_10_diff1": -0.204825,
        "nauc_precision_at_20_max": 0.211745,
        "nauc_precision_at_20_std": 0.773086,
        "nauc_precision_at_20_diff1": -0.231462,
        "nauc_precision_at_100_max": 0.27007,
        "nauc_precision_at_100_std": 0.856065,
        "nauc_precision_at_100_diff1": -0.30447,
        "nauc_precision_at_1000_max": 0.296777,
        "nauc_precision_at_1000_std": 0.750939,
        "nauc_precision_at_1000_diff1": -0.206935,
        "nauc_mrr_at_1_max": 0.285235,
        "nauc_mrr_at_1_std": 0.301695,
        "nauc_mrr_at_1_diff1": -0.020706,
        "nauc_mrr_at_3_max": 0.234809,
        "nauc_mrr_at_3_std": 0.441477,
        "nauc_mrr_at_3_diff1": -0.053632,
        "nauc_mrr_at_5_max": 0.283551,
        "nauc_mrr_at_5_std": 0.436759,
        "nauc_mrr_at_5_diff1": -0.015428,
        "nauc_mrr_at_10_max": 0.285221,
        "nauc_mrr_at_10_std": 0.431025,
        "nauc_mrr_at_10_diff1": -0.034581,
        "nauc_mrr_at_20_max": 0.283559,
        "nauc_mrr_at_20_std": 0.427792,
        "nauc_mrr_at_20_diff1": -0.029666,
        "nauc_mrr_at_100_max": 0.282623,
        "nauc_mrr_at_100_std": 0.426714,
        "nauc_mrr_at_100_diff1": -0.030351,
        "nauc_mrr_at_1000_max": 0.282623,
        "nauc_mrr_at_1000_std": 0.426714,
        "nauc_mrr_at_1000_diff1": -0.030351,
        "main_score": 0.47229,
        "hf_subset": "default",
        "languages": [
          "eng-Latn"
        ]
      }
    ]
  },
  "evaluation_time": 109.15582394599915,
  "kg_co2_emissions": null
}