{
  "dataset_revision": "f22508f96b7a36c2415181ed8bb76f76e04ae2d5",
  "task_name": "AppsRetrieval",
  "mteb_version": "1.34.8",
  "scores": {
    "test": [
      {
        "ndcg_at_1": 0.03506,
        "ndcg_at_3": 0.04979,
        "ndcg_at_5": 0.0537,
        "ndcg_at_10": 0.05958,
        "ndcg_at_20": 0.06531,
        "ndcg_at_100": 0.08033,
        "ndcg_at_1000": 0.11104,
        "map_at_1": 0.03506,
        "map_at_3": 0.04608,
        "map_at_5": 0.04823,
        "map_at_10": 0.05068,
        "map_at_20": 0.05226,
        "map_at_100": 0.05412,
        "map_at_1000": 0.05502,
        "recall_at_1": 0.03506,
        "recall_at_3": 0.06056,
        "recall_at_5": 0.07012,
        "recall_at_10": 0.08818,
        "recall_at_20": 0.11076,
        "recall_at_100": 0.19495,
        "recall_at_1000": 0.45232,
        "precision_at_1": 0.03506,
        "precision_at_3": 0.02019,
        "precision_at_5": 0.01402,
        "precision_at_10": 0.00882,
        "precision_at_20": 0.00554,
        "precision_at_100": 0.00195,
        "precision_at_1000": 0.00045,
        "mrr_at_1": 0.034794,
        "mrr_at_3": 0.045994,
        "mrr_at_5": 0.048145,
        "mrr_at_10": 0.05059,
        "mrr_at_20": 0.052172,
        "mrr_at_100": 0.054035,
        "mrr_at_1000": 0.05493,
        "nauc_ndcg_at_1_max": 0.400195,
        "nauc_ndcg_at_1_std": 0.043225,
        "nauc_ndcg_at_1_diff1": 0.391177,
        "nauc_ndcg_at_3_max": 0.335174,
        "nauc_ndcg_at_3_std": 0.030901,
        "nauc_ndcg_at_3_diff1": 0.294703,
        "nauc_ndcg_at_5_max": 0.329044,
        "nauc_ndcg_at_5_std": 0.042606,
        "nauc_ndcg_at_5_diff1": 0.266389,
        "nauc_ndcg_at_10_max": 0.32253,
        "nauc_ndcg_at_10_std": 0.048048,
        "nauc_ndcg_at_10_diff1": 0.255413,
        "nauc_ndcg_at_20_max": 0.310649,
        "nauc_ndcg_at_20_std": 0.054039,
        "nauc_ndcg_at_20_diff1": 0.242252,
        "nauc_ndcg_at_100_max": 0.28755,
        "nauc_ndcg_at_100_std": 0.076447,
        "nauc_ndcg_at_100_diff1": 0.204103,
        "nauc_ndcg_at_1000_max": 0.272149,
        "nauc_ndcg_at_1000_std": 0.098061,
        "nauc_ndcg_at_1000_diff1": 0.176767,
        "nauc_map_at_1_max": 0.400195,
        "nauc_map_at_1_std": 0.043225,
        "nauc_map_at_1_diff1": 0.391177,
        "nauc_map_at_3_max": 0.350135,
        "nauc_map_at_3_std": 0.033779,
        "nauc_map_at_3_diff1": 0.315216,
        "nauc_map_at_5_max": 0.345927,
        "nauc_map_at_5_std": 0.040912,
        "nauc_map_at_5_diff1": 0.297076,
        "nauc_map_at_10_max": 0.341946,
        "nauc_map_at_10_std": 0.043906,
        "nauc_map_at_10_diff1": 0.28955,
        "nauc_map_at_20_max": 0.337173,
        "nauc_map_at_20_std": 0.046044,
        "nauc_map_at_20_diff1": 0.284176,
        "nauc_map_at_100_max": 0.331905,
        "nauc_map_at_100_std": 0.050022,
        "nauc_map_at_100_diff1": 0.276148,
        "nauc_map_at_1000_max": 0.331018,
        "nauc_map_at_1000_std": 0.051435,
        "nauc_map_at_1000_diff1": 0.27444,
        "nauc_recall_at_1_max": 0.400195,
        "nauc_recall_at_1_std": 0.043225,
        "nauc_recall_at_1_diff1": 0.391177,
        "nauc_recall_at_3_max": 0.301365,
        "nauc_recall_at_3_std": 0.024387,
        "nauc_recall_at_3_diff1": 0.248773,
        "nauc_recall_at_5_max": 0.293878,
        "nauc_recall_at_5_std": 0.046954,
        "nauc_recall_at_5_diff1": 0.201631,
        "nauc_recall_at_10_max": 0.287483,
        "nauc_recall_at_10_std": 0.056572,
        "nauc_recall_at_10_diff1": 0.194164,
        "nauc_recall_at_20_max": 0.266208,
        "nauc_recall_at_20_std": 0.06929,
        "nauc_recall_at_20_diff1": 0.173694,
        "nauc_recall_at_100_max": 0.225762,
        "nauc_recall_at_100_std": 0.122221,
        "nauc_recall_at_100_diff1": 0.101691,
        "nauc_recall_at_1000_max": 0.189146,
        "nauc_recall_at_1000_std": 0.178667,
        "nauc_recall_at_1000_diff1": 0.036287,
        "nauc_precision_at_1_max": 0.400195,
        "nauc_precision_at_1_std": 0.043225,
        "nauc_precision_at_1_diff1": 0.391177,
        "nauc_precision_at_3_max": 0.301365,
        "nauc_precision_at_3_std": 0.024387,
        "nauc_precision_at_3_diff1": 0.248773,
        "nauc_precision_at_5_max": 0.293878,
        "nauc_precision_at_5_std": 0.046954,
        "nauc_precision_at_5_diff1": 0.201631,
        "nauc_precision_at_10_max": 0.287483,
        "nauc_precision_at_10_std": 0.056572,
        "nauc_precision_at_10_diff1": 0.194164,
        "nauc_precision_at_20_max": 0.266208,
        "nauc_precision_at_20_std": 0.06929,
        "nauc_precision_at_20_diff1": 0.173694,
        "nauc_precision_at_100_max": 0.225762,
        "nauc_precision_at_100_std": 0.122221,
        "nauc_precision_at_100_diff1": 0.101691,
        "nauc_precision_at_1000_max": 0.189146,
        "nauc_precision_at_1000_std": 0.178667,
        "nauc_precision_at_1000_diff1": 0.036287,
        "nauc_mrr_at_1_max": 0.403789,
        "nauc_mrr_at_1_std": 0.042803,
        "nauc_mrr_at_1_diff1": 0.398551,
        "nauc_mrr_at_3_max": 0.350945,
        "nauc_mrr_at_3_std": 0.033655,
        "nauc_mrr_at_3_diff1": 0.317002,
        "nauc_mrr_at_5_max": 0.346693,
        "nauc_mrr_at_5_std": 0.040806,
        "nauc_mrr_at_5_diff1": 0.298748,
        "nauc_mrr_at_10_max": 0.342668,
        "nauc_mrr_at_10_std": 0.04381,
        "nauc_mrr_at_10_diff1": 0.291128,
        "nauc_mrr_at_20_max": 0.337868,
        "nauc_mrr_at_20_std": 0.045954,
        "nauc_mrr_at_20_diff1": 0.285704,
        "nauc_mrr_at_100_max": 0.332575,
        "nauc_mrr_at_100_std": 0.049942,
        "nauc_mrr_at_100_diff1": 0.277627,
        "nauc_mrr_at_1000_max": 0.331684,
        "nauc_mrr_at_1000_std": 0.051357,
        "nauc_mrr_at_1000_diff1": 0.27591,
        "main_score": 0.05958,
        "hf_subset": "default",
        "languages": [
          "eng-Latn",
          "python-Code"
        ]
      }
    ]
  },
  "evaluation_time": 40.97303915023804,
  "kg_co2_emissions": null
}