{
  "dataset_revision": "5d958fb6b31055495347724d46431ba41309b03a",
  "task_name": "ChemNQRetrieval",
  "mteb_version": "1.34.8",
  "scores": {
    "test": [
      {
        "ndcg_at_1": 0.40741,
        "ndcg_at_3": 0.46811,
        "ndcg_at_5": 0.53963,
        "ndcg_at_10": 0.58581,
        "ndcg_at_20": 0.58581,
        "ndcg_at_100": 0.61367,
        "ndcg_at_1000": 0.61864,
        "map_at_1": 0.30864,
        "map_at_3": 0.41667,
        "map_at_5": 0.4642,
        "map_at_10": 0.48598,
        "map_at_20": 0.48598,
        "map_at_100": 0.49143,
        "map_at_1000": 0.49164,
        "recall_at_1": 0.30864,
        "recall_at_3": 0.53086,
        "recall_at_5": 0.69136,
        "recall_at_10": 0.82099,
        "recall_at_20": 0.82099,
        "recall_at_100": 0.96296,
        "recall_at_1000": 1.0,
        "precision_at_1": 0.40741,
        "precision_at_3": 0.22222,
        "precision_at_5": 0.17778,
        "precision_at_10": 0.10741,
        "precision_at_20": 0.0537,
        "precision_at_100": 0.01259,
        "precision_at_1000": 0.0013,
        "mrr_at_1": 0.407407,
        "mrr_at_3": 0.512346,
        "mrr_at_5": 0.538272,
        "mrr_at_10": 0.554365,
        "mrr_at_20": 0.554365,
        "mrr_at_100": 0.556366,
        "mrr_at_1000": 0.55658,
        "nauc_ndcg_at_1_max": 0.172429,
        "nauc_ndcg_at_1_std": 0.241899,
        "nauc_ndcg_at_1_diff1": 0.26993,
        "nauc_ndcg_at_3_max": 0.22154,
        "nauc_ndcg_at_3_std": 0.287441,
        "nauc_ndcg_at_3_diff1": 0.187915,
        "nauc_ndcg_at_5_max": 0.348197,
        "nauc_ndcg_at_5_std": 0.364246,
        "nauc_ndcg_at_5_diff1": 0.205587,
        "nauc_ndcg_at_10_max": 0.376266,
        "nauc_ndcg_at_10_std": 0.299817,
        "nauc_ndcg_at_10_diff1": 0.211248,
        "nauc_ndcg_at_20_max": 0.376266,
        "nauc_ndcg_at_20_std": 0.299817,
        "nauc_ndcg_at_20_diff1": 0.211248,
        "nauc_ndcg_at_100_max": 0.327204,
        "nauc_ndcg_at_100_std": 0.287718,
        "nauc_ndcg_at_100_diff1": 0.229598,
        "nauc_ndcg_at_1000_max": 0.32656,
        "nauc_ndcg_at_1000_std": 0.297546,
        "nauc_ndcg_at_1000_diff1": 0.213254,
        "nauc_map_at_1_max": 0.247813,
        "nauc_map_at_1_std": 0.281029,
        "nauc_map_at_1_diff1": 0.236675,
        "nauc_map_at_3_max": 0.231435,
        "nauc_map_at_3_std": 0.279058,
        "nauc_map_at_3_diff1": 0.218092,
        "nauc_map_at_5_max": 0.312502,
        "nauc_map_at_5_std": 0.316741,
        "nauc_map_at_5_diff1": 0.219493,
        "nauc_map_at_10_max": 0.323696,
        "nauc_map_at_10_std": 0.288907,
        "nauc_map_at_10_diff1": 0.221729,
        "nauc_map_at_20_max": 0.323696,
        "nauc_map_at_20_std": 0.288907,
        "nauc_map_at_20_diff1": 0.221729,
        "nauc_map_at_100_max": 0.316202,
        "nauc_map_at_100_std": 0.291987,
        "nauc_map_at_100_diff1": 0.220881,
        "nauc_map_at_1000_max": 0.316171,
        "nauc_map_at_1000_std": 0.292337,
        "nauc_map_at_1000_diff1": 0.220297,
        "nauc_recall_at_1_max": 0.247813,
        "nauc_recall_at_1_std": 0.281029,
        "nauc_recall_at_1_diff1": 0.236675,
        "nauc_recall_at_3_max": 0.195792,
        "nauc_recall_at_3_std": 0.305132,
        "nauc_recall_at_3_diff1": 0.119188,
        "nauc_recall_at_5_max": 0.497461,
        "nauc_recall_at_5_std": 0.504035,
        "nauc_recall_at_5_diff1": 0.167483,
        "nauc_recall_at_10_max": 0.673204,
        "nauc_recall_at_10_std": 0.306937,
        "nauc_recall_at_10_diff1": 0.142341,
        "nauc_recall_at_20_max": 0.673204,
        "nauc_recall_at_20_std": 0.306937,
        "nauc_recall_at_20_diff1": 0.142341,
        "nauc_recall_at_100_max": 0.35755,
        "nauc_recall_at_100_std": -0.175564,
        "nauc_recall_at_100_diff1": 1.0,
        "nauc_recall_at_1000_max": NaN,
        "nauc_recall_at_1000_std": NaN,
        "nauc_recall_at_1000_diff1": NaN,
        "nauc_precision_at_1_max": 0.172429,
        "nauc_precision_at_1_std": 0.241899,
        "nauc_precision_at_1_diff1": 0.26993,
        "nauc_precision_at_3_max": 0.196864,
        "nauc_precision_at_3_std": 0.219424,
        "nauc_precision_at_3_diff1": 0.208962,
        "nauc_precision_at_5_max": 0.285895,
        "nauc_precision_at_5_std": 0.226688,
        "nauc_precision_at_5_diff1": 0.151761,
        "nauc_precision_at_10_max": 0.370474,
        "nauc_precision_at_10_std": 0.025281,
        "nauc_precision_at_10_diff1": 0.200086,
        "nauc_precision_at_20_max": 0.370474,
        "nauc_precision_at_20_std": 0.025281,
        "nauc_precision_at_20_diff1": 0.200086,
        "nauc_precision_at_100_max": 0.116683,
        "nauc_precision_at_100_std": -0.069087,
        "nauc_precision_at_100_diff1": 0.219235,
        "nauc_precision_at_1000_max": 0.093766,
        "nauc_precision_at_1000_std": -0.058956,
        "nauc_precision_at_1000_diff1": 0.14495,
        "nauc_mrr_at_1_max": 0.172429,
        "nauc_mrr_at_1_std": 0.241899,
        "nauc_mrr_at_1_diff1": 0.26993,
        "nauc_mrr_at_3_max": 0.187471,
        "nauc_mrr_at_3_std": 0.259029,
        "nauc_mrr_at_3_diff1": 0.177425,
        "nauc_mrr_at_5_max": 0.246912,
        "nauc_mrr_at_5_std": 0.306619,
        "nauc_mrr_at_5_diff1": 0.194143,
        "nauc_mrr_at_10_max": 0.248007,
        "nauc_mrr_at_10_std": 0.283108,
        "nauc_mrr_at_10_diff1": 0.196485,
        "nauc_mrr_at_20_max": 0.248007,
        "nauc_mrr_at_20_std": 0.283108,
        "nauc_mrr_at_20_diff1": 0.196485,
        "nauc_mrr_at_100_max": 0.244308,
        "nauc_mrr_at_100_std": 0.281626,
        "nauc_mrr_at_100_diff1": 0.198476,
        "nauc_mrr_at_1000_max": 0.244228,
        "nauc_mrr_at_1000_std": 0.281947,
        "nauc_mrr_at_1000_diff1": 0.197912,
        "main_score": 0.58581,
        "hf_subset": "default",
        "languages": [
          "eng-Latn"
        ]
      }
    ]
  },
  "evaluation_time": 23.766860008239746,
  "kg_co2_emissions": null
}