{
  "dataset_revision": "27a168819829fe9bcd655c2df245fb19452e8e06",
  "task_name": "FiQA2018",
  "mteb_version": "1.34.8",
  "scores": {
    "test": [
      {
        "ndcg_at_1": 0.4429,
        "ndcg_at_3": 0.42545,
        "ndcg_at_5": 0.44237,
        "ndcg_at_10": 0.46894,
        "ndcg_at_20": 0.4959,
        "ndcg_at_100": 0.53871,
        "ndcg_at_1000": 0.56194,
        "map_at_1": 0.21737,
        "map_at_3": 0.33062,
        "map_at_5": 0.36023,
        "map_at_10": 0.38169,
        "map_at_20": 0.39331,
        "map_at_100": 0.40275,
        "map_at_1000": 0.40426,
        "recall_at_1": 0.21737,
        "recall_at_3": 0.39345,
        "recall_at_5": 0.46837,
        "recall_at_10": 0.55374,
        "recall_at_20": 0.6354,
        "recall_at_100": 0.80734,
        "recall_at_1000": 0.94645,
        "precision_at_1": 0.4429,
        "precision_at_3": 0.28858,
        "precision_at_5": 0.21574,
        "precision_at_10": 0.13256,
        "precision_at_20": 0.07793,
        "precision_at_100": 0.02054,
        "precision_at_1000": 0.00248,
        "mrr_at_1": 0.442901,
        "mrr_at_3": 0.519033,
        "mrr_at_5": 0.536317,
        "mrr_at_10": 0.546667,
        "mrr_at_20": 0.550382,
        "mrr_at_100": 0.553276,
        "mrr_at_1000": 0.553514,
        "nauc_ndcg_at_1_max": 0.485329,
        "nauc_ndcg_at_1_std": -0.030119,
        "nauc_ndcg_at_1_diff1": 0.557199,
        "nauc_ndcg_at_3_max": 0.405762,
        "nauc_ndcg_at_3_std": -0.065294,
        "nauc_ndcg_at_3_diff1": 0.430784,
        "nauc_ndcg_at_5_max": 0.406727,
        "nauc_ndcg_at_5_std": -0.073718,
        "nauc_ndcg_at_5_diff1": 0.43798,
        "nauc_ndcg_at_10_max": 0.40438,
        "nauc_ndcg_at_10_std": -0.068825,
        "nauc_ndcg_at_10_diff1": 0.443351,
        "nauc_ndcg_at_20_max": 0.419835,
        "nauc_ndcg_at_20_std": -0.044701,
        "nauc_ndcg_at_20_diff1": 0.443245,
        "nauc_ndcg_at_100_max": 0.438683,
        "nauc_ndcg_at_100_std": -0.024565,
        "nauc_ndcg_at_100_diff1": 0.445003,
        "nauc_ndcg_at_1000_max": 0.442181,
        "nauc_ndcg_at_1000_std": -0.025315,
        "nauc_ndcg_at_1000_diff1": 0.448081,
        "nauc_map_at_1_max": 0.318489,
        "nauc_map_at_1_std": -0.073563,
        "nauc_map_at_1_diff1": 0.5364,
        "nauc_map_at_3_max": 0.35489,
        "nauc_map_at_3_std": -0.081844,
        "nauc_map_at_3_diff1": 0.453042,
        "nauc_map_at_5_max": 0.376124,
        "nauc_map_at_5_std": -0.084182,
        "nauc_map_at_5_diff1": 0.445065,
        "nauc_map_at_10_max": 0.383774,
        "nauc_map_at_10_std": -0.079354,
        "nauc_map_at_10_diff1": 0.437288,
        "nauc_map_at_20_max": 0.393379,
        "nauc_map_at_20_std": -0.068395,
        "nauc_map_at_20_diff1": 0.43687,
        "nauc_map_at_100_max": 0.399074,
        "nauc_map_at_100_std": -0.06405,
        "nauc_map_at_100_diff1": 0.437823,
        "nauc_map_at_1000_max": 0.399812,
        "nauc_map_at_1000_std": -0.063796,
        "nauc_map_at_1000_diff1": 0.437871,
        "nauc_recall_at_1_max": 0.318489,
        "nauc_recall_at_1_std": -0.073563,
        "nauc_recall_at_1_diff1": 0.5364,
        "nauc_recall_at_3_max": 0.29048,
        "nauc_recall_at_3_std": -0.088347,
        "nauc_recall_at_3_diff1": 0.366766,
        "nauc_recall_at_5_max": 0.303172,
        "nauc_recall_at_5_std": -0.095019,
        "nauc_recall_at_5_diff1": 0.342,
        "nauc_recall_at_10_max": 0.300644,
        "nauc_recall_at_10_std": -0.088138,
        "nauc_recall_at_10_diff1": 0.326956,
        "nauc_recall_at_20_max": 0.326596,
        "nauc_recall_at_20_std": -0.024,
        "nauc_recall_at_20_diff1": 0.312015,
        "nauc_recall_at_100_max": 0.363389,
        "nauc_recall_at_100_std": 0.088771,
        "nauc_recall_at_100_diff1": 0.272003,
        "nauc_recall_at_1000_max": 0.376493,
        "nauc_recall_at_1000_std": 0.205551,
        "nauc_recall_at_1000_diff1": 0.212384,
        "nauc_precision_at_1_max": 0.485329,
        "nauc_precision_at_1_std": -0.030119,
        "nauc_precision_at_1_diff1": 0.557199,
        "nauc_precision_at_3_max": 0.386842,
        "nauc_precision_at_3_std": -0.02467,
        "nauc_precision_at_3_diff1": 0.255938,
        "nauc_precision_at_5_max": 0.384565,
        "nauc_precision_at_5_std": -0.013296,
        "nauc_precision_at_5_diff1": 0.193348,
        "nauc_precision_at_10_max": 0.355966,
        "nauc_precision_at_10_std": 0.022286,
        "nauc_precision_at_10_diff1": 0.128048,
        "nauc_precision_at_20_max": 0.346205,
        "nauc_precision_at_20_std": 0.094232,
        "nauc_precision_at_20_diff1": 0.083271,
        "nauc_precision_at_100_max": 0.301636,
        "nauc_precision_at_100_std": 0.146799,
        "nauc_precision_at_100_diff1": -0.013865,
        "nauc_precision_at_1000_max": 0.219052,
        "nauc_precision_at_1000_std": 0.139984,
        "nauc_precision_at_1000_diff1": -0.07276,
        "nauc_mrr_at_1_max": 0.485329,
        "nauc_mrr_at_1_std": -0.030119,
        "nauc_mrr_at_1_diff1": 0.557199,
        "nauc_mrr_at_3_max": 0.473155,
        "nauc_mrr_at_3_std": -0.033053,
        "nauc_mrr_at_3_diff1": 0.522688,
        "nauc_mrr_at_5_max": 0.476051,
        "nauc_mrr_at_5_std": -0.029382,
        "nauc_mrr_at_5_diff1": 0.517637,
        "nauc_mrr_at_10_max": 0.47805,
        "nauc_mrr_at_10_std": -0.027304,
        "nauc_mrr_at_10_diff1": 0.520542,
        "nauc_mrr_at_20_max": 0.477469,
        "nauc_mrr_at_20_std": -0.025353,
        "nauc_mrr_at_20_diff1": 0.518892,
        "nauc_mrr_at_100_max": 0.478532,
        "nauc_mrr_at_100_std": -0.024003,
        "nauc_mrr_at_100_diff1": 0.519374,
        "nauc_mrr_at_1000_max": 0.478559,
        "nauc_mrr_at_1000_std": -0.023978,
        "nauc_mrr_at_1000_diff1": 0.519548,
        "main_score": 0.46894,
        "hf_subset": "default",
        "languages": [
          "eng-Latn"
        ]
      }
    ]
  },
  "evaluation_time": 108.13200449943542,
  "kg_co2_emissions": null
}