{
  "dataset_revision": "ec0fa4fe99da2ff19ca1214b7966684033a58814",
  "task_name": "NFCorpus",
  "mteb_version": "1.34.8",
  "scores": {
    "test": [
      {
        "ndcg_at_1": 0.41796,
        "ndcg_at_3": 0.36072,
        "ndcg_at_5": 0.33751,
        "ndcg_at_10": 0.3112,
        "ndcg_at_20": 0.2909,
        "ndcg_at_100": 0.2838,
        "ndcg_at_1000": 0.36895,
        "map_at_1": 0.04991,
        "map_at_3": 0.07779,
        "map_at_5": 0.09106,
        "map_at_10": 0.10798,
        "map_at_20": 0.12046,
        "map_at_100": 0.13656,
        "map_at_1000": 0.1494,
        "recall_at_1": 0.04991,
        "recall_at_3": 0.08567,
        "recall_at_5": 0.10804,
        "recall_at_10": 0.14768,
        "recall_at_20": 0.18669,
        "recall_at_100": 0.29533,
        "recall_at_1000": 0.60436,
        "precision_at_1": 0.43344,
        "precision_at_3": 0.33746,
        "precision_at_5": 0.29164,
        "precision_at_10": 0.23189,
        "precision_at_20": 0.17245,
        "precision_at_100": 0.07288,
        "precision_at_1000": 0.0195,
        "mrr_at_1": 0.436533,
        "mrr_at_3": 0.496904,
        "mrr_at_5": 0.506347,
        "mrr_at_10": 0.514906,
        "mrr_at_20": 0.519041,
        "mrr_at_100": 0.521791,
        "mrr_at_1000": 0.522226,
        "nauc_ndcg_at_1_max": 0.516602,
        "nauc_ndcg_at_1_std": 0.212275,
        "nauc_ndcg_at_1_diff1": 0.319399,
        "nauc_ndcg_at_3_max": 0.51498,
        "nauc_ndcg_at_3_std": 0.242257,
        "nauc_ndcg_at_3_diff1": 0.220742,
        "nauc_ndcg_at_5_max": 0.524954,
        "nauc_ndcg_at_5_std": 0.245514,
        "nauc_ndcg_at_5_diff1": 0.21136,
        "nauc_ndcg_at_10_max": 0.525414,
        "nauc_ndcg_at_10_std": 0.289437,
        "nauc_ndcg_at_10_diff1": 0.189901,
        "nauc_ndcg_at_20_max": 0.505447,
        "nauc_ndcg_at_20_std": 0.292504,
        "nauc_ndcg_at_20_diff1": 0.182664,
        "nauc_ndcg_at_100_max": 0.528031,
        "nauc_ndcg_at_100_std": 0.302361,
        "nauc_ndcg_at_100_diff1": 0.232798,
        "nauc_ndcg_at_1000_max": 0.562699,
        "nauc_ndcg_at_1000_std": 0.359733,
        "nauc_ndcg_at_1000_diff1": 0.240952,
        "nauc_map_at_1_max": 0.277101,
        "nauc_map_at_1_std": -0.145716,
        "nauc_map_at_1_diff1": 0.522256,
        "nauc_map_at_3_max": 0.323124,
        "nauc_map_at_3_std": -0.066512,
        "nauc_map_at_3_diff1": 0.413389,
        "nauc_map_at_5_max": 0.346192,
        "nauc_map_at_5_std": -0.037063,
        "nauc_map_at_5_diff1": 0.359572,
        "nauc_map_at_10_max": 0.383715,
        "nauc_map_at_10_std": 0.025528,
        "nauc_map_at_10_diff1": 0.314419,
        "nauc_map_at_20_max": 0.40269,
        "nauc_map_at_20_std": 0.070482,
        "nauc_map_at_20_diff1": 0.287347,
        "nauc_map_at_100_max": 0.434014,
        "nauc_map_at_100_std": 0.136211,
        "nauc_map_at_100_diff1": 0.272877,
        "nauc_map_at_1000_max": 0.446805,
        "nauc_map_at_1000_std": 0.17878,
        "nauc_map_at_1000_diff1": 0.258613,
        "nauc_recall_at_1_max": 0.277101,
        "nauc_recall_at_1_std": -0.145716,
        "nauc_recall_at_1_diff1": 0.522256,
        "nauc_recall_at_3_max": 0.304095,
        "nauc_recall_at_3_std": -0.05955,
        "nauc_recall_at_3_diff1": 0.381391,
        "nauc_recall_at_5_max": 0.324257,
        "nauc_recall_at_5_std": -0.034189,
        "nauc_recall_at_5_diff1": 0.308512,
        "nauc_recall_at_10_max": 0.325867,
        "nauc_recall_at_10_std": 0.035579,
        "nauc_recall_at_10_diff1": 0.245769,
        "nauc_recall_at_20_max": 0.312652,
        "nauc_recall_at_20_std": 0.073359,
        "nauc_recall_at_20_diff1": 0.188796,
        "nauc_recall_at_100_max": 0.303468,
        "nauc_recall_at_100_std": 0.149986,
        "nauc_recall_at_100_diff1": 0.174204,
        "nauc_recall_at_1000_max": 0.251173,
        "nauc_recall_at_1000_std": 0.192743,
        "nauc_recall_at_1000_diff1": 0.104418,
        "nauc_precision_at_1_max": 0.530236,
        "nauc_precision_at_1_std": 0.206622,
        "nauc_precision_at_1_diff1": 0.334948,
        "nauc_precision_at_3_max": 0.499716,
        "nauc_precision_at_3_std": 0.292927,
        "nauc_precision_at_3_diff1": 0.115651,
        "nauc_precision_at_5_max": 0.494967,
        "nauc_precision_at_5_std": 0.309485,
        "nauc_precision_at_5_diff1": 0.066104,
        "nauc_precision_at_10_max": 0.479145,
        "nauc_precision_at_10_std": 0.418012,
        "nauc_precision_at_10_diff1": -0.014078,
        "nauc_precision_at_20_max": 0.417521,
        "nauc_precision_at_20_std": 0.453363,
        "nauc_precision_at_20_diff1": -0.056743,
        "nauc_precision_at_100_max": 0.333296,
        "nauc_precision_at_100_std": 0.504376,
        "nauc_precision_at_100_diff1": -0.078072,
        "nauc_precision_at_1000_max": 0.200266,
        "nauc_precision_at_1000_std": 0.438481,
        "nauc_precision_at_1000_diff1": -0.124473,
        "nauc_mrr_at_1_max": 0.532284,
        "nauc_mrr_at_1_std": 0.202055,
        "nauc_mrr_at_1_diff1": 0.326665,
        "nauc_mrr_at_3_max": 0.569767,
        "nauc_mrr_at_3_std": 0.267239,
        "nauc_mrr_at_3_diff1": 0.30682,
        "nauc_mrr_at_5_max": 0.57881,
        "nauc_mrr_at_5_std": 0.271926,
        "nauc_mrr_at_5_diff1": 0.308466,
        "nauc_mrr_at_10_max": 0.586459,
        "nauc_mrr_at_10_std": 0.28501,
        "nauc_mrr_at_10_diff1": 0.313574,
        "nauc_mrr_at_20_max": 0.586051,
        "nauc_mrr_at_20_std": 0.285832,
        "nauc_mrr_at_20_diff1": 0.311307,
        "nauc_mrr_at_100_max": 0.585678,
        "nauc_mrr_at_100_std": 0.285635,
        "nauc_mrr_at_100_diff1": 0.312198,
        "nauc_mrr_at_1000_max": 0.585384,
        "nauc_mrr_at_1000_std": 0.285182,
        "nauc_mrr_at_1000_diff1": 0.312155,
        "main_score": 0.3112,
        "hf_subset": "default",
        "languages": [
          "eng-Latn"
        ]
      }
    ]
  },
  "evaluation_time": 14.524359226226807,
  "kg_co2_emissions": null
}