{
  "dataset_revision": "f8c2fcf00f625baaa80f62ec5bd9e1fff3b8ae88",
  "task_name": "SCIDOCS",
  "mteb_version": "1.34.8",
  "scores": {
    "test": [
      {
        "ndcg_at_1": 0.223,
        "ndcg_at_3": 0.17423,
        "ndcg_at_5": 0.15024,
        "ndcg_at_10": 0.17773,
        "ndcg_at_20": 0.20205,
        "ndcg_at_100": 0.2468,
        "ndcg_at_1000": 0.29658,
        "map_at_1": 0.04503,
        "map_at_3": 0.07829,
        "map_at_5": 0.09209,
        "map_at_10": 0.10574,
        "map_at_20": 0.11405,
        "map_at_100": 0.12259,
        "map_at_1000": 0.12517,
        "recall_at_1": 0.04503,
        "recall_at_3": 0.09755,
        "recall_at_5": 0.1312,
        "recall_at_10": 0.18118,
        "recall_at_20": 0.23887,
        "recall_at_100": 0.3837,
        "recall_at_1000": 0.62838,
        "precision_at_1": 0.223,
        "precision_at_3": 0.16,
        "precision_at_5": 0.1292,
        "precision_at_10": 0.0894,
        "precision_at_20": 0.0589,
        "precision_at_100": 0.01894,
        "precision_at_1000": 0.00309,
        "mrr_at_1": 0.223,
        "mrr_at_3": 0.286333,
        "mrr_at_5": 0.303433,
        "mrr_at_10": 0.316113,
        "mrr_at_20": 0.322691,
        "mrr_at_100": 0.326747,
        "mrr_at_1000": 0.327496,
        "nauc_ndcg_at_1_max": 0.223916,
        "nauc_ndcg_at_1_std": 0.012773,
        "nauc_ndcg_at_1_diff1": 0.225146,
        "nauc_ndcg_at_3_max": 0.266362,
        "nauc_ndcg_at_3_std": 0.041146,
        "nauc_ndcg_at_3_diff1": 0.182687,
        "nauc_ndcg_at_5_max": 0.292692,
        "nauc_ndcg_at_5_std": 0.058601,
        "nauc_ndcg_at_5_diff1": 0.179755,
        "nauc_ndcg_at_10_max": 0.310641,
        "nauc_ndcg_at_10_std": 0.084453,
        "nauc_ndcg_at_10_diff1": 0.177923,
        "nauc_ndcg_at_20_max": 0.331658,
        "nauc_ndcg_at_20_std": 0.121416,
        "nauc_ndcg_at_20_diff1": 0.173233,
        "nauc_ndcg_at_100_max": 0.361078,
        "nauc_ndcg_at_100_std": 0.168872,
        "nauc_ndcg_at_100_diff1": 0.173316,
        "nauc_ndcg_at_1000_max": 0.364103,
        "nauc_ndcg_at_1000_std": 0.191357,
        "nauc_ndcg_at_1000_diff1": 0.166222,
        "nauc_map_at_1_max": 0.225356,
        "nauc_map_at_1_std": 0.012272,
        "nauc_map_at_1_diff1": 0.227051,
        "nauc_map_at_3_max": 0.259412,
        "nauc_map_at_3_std": 0.028914,
        "nauc_map_at_3_diff1": 0.179518,
        "nauc_map_at_5_max": 0.286168,
        "nauc_map_at_5_std": 0.040303,
        "nauc_map_at_5_diff1": 0.179204,
        "nauc_map_at_10_max": 0.299261,
        "nauc_map_at_10_std": 0.056557,
        "nauc_map_at_10_diff1": 0.181321,
        "nauc_map_at_20_max": 0.311295,
        "nauc_map_at_20_std": 0.077368,
        "nauc_map_at_20_diff1": 0.176733,
        "nauc_map_at_100_max": 0.324564,
        "nauc_map_at_100_std": 0.096458,
        "nauc_map_at_100_diff1": 0.176825,
        "nauc_map_at_1000_max": 0.325702,
        "nauc_map_at_1000_std": 0.100082,
        "nauc_map_at_1000_diff1": 0.176104,
        "nauc_recall_at_1_max": 0.225356,
        "nauc_recall_at_1_std": 0.012272,
        "nauc_recall_at_1_diff1": 0.227051,
        "nauc_recall_at_3_max": 0.278259,
        "nauc_recall_at_3_std": 0.056123,
        "nauc_recall_at_3_diff1": 0.157444,
        "nauc_recall_at_5_max": 0.310502,
        "nauc_recall_at_5_std": 0.08008,
        "nauc_recall_at_5_diff1": 0.151627,
        "nauc_recall_at_10_max": 0.327536,
        "nauc_recall_at_10_std": 0.12373,
        "nauc_recall_at_10_diff1": 0.144634,
        "nauc_recall_at_20_max": 0.357364,
        "nauc_recall_at_20_std": 0.196694,
        "nauc_recall_at_20_diff1": 0.130141,
        "nauc_recall_at_100_max": 0.389155,
        "nauc_recall_at_100_std": 0.290938,
        "nauc_recall_at_100_diff1": 0.118858,
        "nauc_recall_at_1000_max": 0.354099,
        "nauc_recall_at_1000_std": 0.358371,
        "nauc_recall_at_1000_diff1": 0.066898,
        "nauc_precision_at_1_max": 0.223916,
        "nauc_precision_at_1_std": 0.012773,
        "nauc_precision_at_1_diff1": 0.225146,
        "nauc_precision_at_3_max": 0.275965,
        "nauc_precision_at_3_std": 0.052747,
        "nauc_precision_at_3_diff1": 0.159479,
        "nauc_precision_at_5_max": 0.310141,
        "nauc_precision_at_5_std": 0.078474,
        "nauc_precision_at_5_diff1": 0.154105,
        "nauc_precision_at_10_max": 0.326942,
        "nauc_precision_at_10_std": 0.122339,
        "nauc_precision_at_10_diff1": 0.147771,
        "nauc_precision_at_20_max": 0.355509,
        "nauc_precision_at_20_std": 0.194458,
        "nauc_precision_at_20_diff1": 0.133312,
        "nauc_precision_at_100_max": 0.388085,
        "nauc_precision_at_100_std": 0.289513,
        "nauc_precision_at_100_diff1": 0.122897,
        "nauc_precision_at_1000_max": 0.34797,
        "nauc_precision_at_1000_std": 0.352999,
        "nauc_precision_at_1000_diff1": 0.069976,
        "nauc_mrr_at_1_max": 0.223916,
        "nauc_mrr_at_1_std": 0.012773,
        "nauc_mrr_at_1_diff1": 0.225146,
        "nauc_mrr_at_3_max": 0.259481,
        "nauc_mrr_at_3_std": 0.045677,
        "nauc_mrr_at_3_diff1": 0.204191,
        "nauc_mrr_at_5_max": 0.267811,
        "nauc_mrr_at_5_std": 0.055494,
        "nauc_mrr_at_5_diff1": 0.20365,
        "nauc_mrr_at_10_max": 0.269558,
        "nauc_mrr_at_10_std": 0.062419,
        "nauc_mrr_at_10_diff1": 0.199394,
        "nauc_mrr_at_20_max": 0.27154,
        "nauc_mrr_at_20_std": 0.065621,
        "nauc_mrr_at_20_diff1": 0.199604,
        "nauc_mrr_at_100_max": 0.270978,
        "nauc_mrr_at_100_std": 0.065742,
        "nauc_mrr_at_100_diff1": 0.199581,
        "nauc_mrr_at_1000_max": 0.270825,
        "nauc_mrr_at_1000_std": 0.065484,
        "nauc_mrr_at_1000_diff1": 0.199736,
        "main_score": 0.17773,
        "hf_subset": "default",
        "languages": [
          "eng-Latn"
        ]
      }
    ]
  },
  "evaluation_time": 63.26370692253113,
  "kg_co2_emissions": null
}