{
  "dataset_revision": "0228b52cf27578f30900b9e5271d331663a030d7",
  "task_name": "SciFact",
  "mteb_version": "1.34.8",
  "scores": {
    "test": [
      {
        "ndcg_at_1": 0.45667,
        "ndcg_at_3": 0.53326,
        "ndcg_at_5": 0.56284,
        "ndcg_at_10": 0.58579,
        "ndcg_at_20": 0.60849,
        "ndcg_at_100": 0.62569,
        "ndcg_at_1000": 0.63555,
        "map_at_1": 0.43194,
        "map_at_3": 0.50574,
        "map_at_5": 0.52481,
        "map_at_10": 0.53483,
        "map_at_20": 0.5422,
        "map_at_100": 0.54494,
        "map_at_1000": 0.54532,
        "recall_at_1": 0.43194,
        "recall_at_3": 0.58228,
        "recall_at_5": 0.65633,
        "recall_at_10": 0.72439,
        "recall_at_20": 0.80922,
        "recall_at_100": 0.89833,
        "recall_at_1000": 0.975,
        "precision_at_1": 0.45667,
        "precision_at_3": 0.21333,
        "precision_at_5": 0.14733,
        "precision_at_10": 0.08167,
        "precision_at_20": 0.04583,
        "precision_at_100": 0.01027,
        "precision_at_1000": 0.0011,
        "mrr_at_1": 0.456667,
        "mrr_at_3": 0.527778,
        "mrr_at_5": 0.543278,
        "mrr_at_10": 0.552423,
        "mrr_at_20": 0.558027,
        "mrr_at_100": 0.559872,
        "mrr_at_1000": 0.560254,
        "nauc_ndcg_at_1_max": 0.591235,
        "nauc_ndcg_at_1_std": 0.069519,
        "nauc_ndcg_at_1_diff1": 0.699496,
        "nauc_ndcg_at_3_max": 0.556057,
        "nauc_ndcg_at_3_std": 0.045931,
        "nauc_ndcg_at_3_diff1": 0.61796,
        "nauc_ndcg_at_5_max": 0.567146,
        "nauc_ndcg_at_5_std": 0.064451,
        "nauc_ndcg_at_5_diff1": 0.611441,
        "nauc_ndcg_at_10_max": 0.572051,
        "nauc_ndcg_at_10_std": 0.088327,
        "nauc_ndcg_at_10_diff1": 0.590822,
        "nauc_ndcg_at_20_max": 0.582527,
        "nauc_ndcg_at_20_std": 0.114894,
        "nauc_ndcg_at_20_diff1": 0.585211,
        "nauc_ndcg_at_100_max": 0.588216,
        "nauc_ndcg_at_100_std": 0.115729,
        "nauc_ndcg_at_100_diff1": 0.604641,
        "nauc_ndcg_at_1000_max": 0.585294,
        "nauc_ndcg_at_1000_std": 0.105744,
        "nauc_ndcg_at_1000_diff1": 0.607515,
        "nauc_map_at_1_max": 0.542243,
        "nauc_map_at_1_std": -0.001303,
        "nauc_map_at_1_diff1": 0.705247,
        "nauc_map_at_3_max": 0.544913,
        "nauc_map_at_3_std": 0.022852,
        "nauc_map_at_3_diff1": 0.637537,
        "nauc_map_at_5_max": 0.559537,
        "nauc_map_at_5_std": 0.041484,
        "nauc_map_at_5_diff1": 0.633727,
        "nauc_map_at_10_max": 0.562171,
        "nauc_map_at_10_std": 0.052141,
        "nauc_map_at_10_diff1": 0.625171,
        "nauc_map_at_20_max": 0.567267,
        "nauc_map_at_20_std": 0.061628,
        "nauc_map_at_20_diff1": 0.623839,
        "nauc_map_at_100_max": 0.569074,
        "nauc_map_at_100_std": 0.063249,
        "nauc_map_at_100_diff1": 0.626791,
        "nauc_map_at_1000_max": 0.569061,
        "nauc_map_at_1000_std": 0.062952,
        "nauc_map_at_1000_diff1": 0.626999,
        "nauc_recall_at_1_max": 0.542243,
        "nauc_recall_at_1_std": -0.001303,
        "nauc_recall_at_1_diff1": 0.705247,
        "nauc_recall_at_3_max": 0.514806,
        "nauc_recall_at_3_std": 0.02847,
        "nauc_recall_at_3_diff1": 0.55601,
        "nauc_recall_at_5_max": 0.548701,
        "nauc_recall_at_5_std": 0.08451,
        "nauc_recall_at_5_diff1": 0.525303,
        "nauc_recall_at_10_max": 0.550159,
        "nauc_recall_at_10_std": 0.163992,
        "nauc_recall_at_10_diff1": 0.428561,
        "nauc_recall_at_20_max": 0.594194,
        "nauc_recall_at_20_std": 0.332131,
        "nauc_recall_at_20_diff1": 0.342669,
        "nauc_recall_at_100_max": 0.68702,
        "nauc_recall_at_100_std": 0.467281,
        "nauc_recall_at_100_diff1": 0.465432,
        "nauc_recall_at_1000_max": 0.682446,
        "nauc_recall_at_1000_std": 0.667943,
        "nauc_recall_at_1000_diff1": 0.218425,
        "nauc_precision_at_1_max": 0.591235,
        "nauc_precision_at_1_std": 0.069519,
        "nauc_precision_at_1_diff1": 0.699496,
        "nauc_precision_at_3_max": 0.561506,
        "nauc_precision_at_3_std": 0.168687,
        "nauc_precision_at_3_diff1": 0.452628,
        "nauc_precision_at_5_max": 0.552637,
        "nauc_precision_at_5_std": 0.26052,
        "nauc_precision_at_5_diff1": 0.337727,
        "nauc_precision_at_10_max": 0.541739,
        "nauc_precision_at_10_std": 0.357468,
        "nauc_precision_at_10_diff1": 0.216219,
        "nauc_precision_at_20_max": 0.525194,
        "nauc_precision_at_20_std": 0.482496,
        "nauc_precision_at_20_diff1": 0.084042,
        "nauc_precision_at_100_max": 0.434075,
        "nauc_precision_at_100_std": 0.509335,
        "nauc_precision_at_100_diff1": 0.031037,
        "nauc_precision_at_1000_max": 0.354655,
        "nauc_precision_at_1000_std": 0.543564,
        "nauc_precision_at_1000_diff1": -0.130526,
        "nauc_mrr_at_1_max": 0.591235,
        "nauc_mrr_at_1_std": 0.069519,
        "nauc_mrr_at_1_diff1": 0.699496,
        "nauc_mrr_at_3_max": 0.58012,
        "nauc_mrr_at_3_std": 0.080733,
        "nauc_mrr_at_3_diff1": 0.639501,
        "nauc_mrr_at_5_max": 0.585484,
        "nauc_mrr_at_5_std": 0.089496,
        "nauc_mrr_at_5_diff1": 0.635479,
        "nauc_mrr_at_10_max": 0.587902,
        "nauc_mrr_at_10_std": 0.098456,
        "nauc_mrr_at_10_diff1": 0.628911,
        "nauc_mrr_at_20_max": 0.5888,
        "nauc_mrr_at_20_std": 0.103053,
        "nauc_mrr_at_20_diff1": 0.628349,
        "nauc_mrr_at_100_max": 0.589398,
        "nauc_mrr_at_100_std": 0.102298,
        "nauc_mrr_at_100_diff1": 0.630644,
        "nauc_mrr_at_1000_max": 0.589409,
        "nauc_mrr_at_1000_std": 0.102046,
        "nauc_mrr_at_1000_diff1": 0.630858,
        "main_score": 0.58579,
        "hf_subset": "default",
        "languages": [
          "eng-Latn"
        ]
      }
    ]
  },
  "evaluation_time": 18.78425168991089,
  "kg_co2_emissions": null
}