{
  "dataset_revision": "f22508f96b7a36c2415181ed8bb76f76e04ae2d5",
  "task_name": "AppsRetrieval",
  "mteb_version": "1.34.8",
  "scores": {
    "test": [
      {
        "ndcg_at_1": 0.43108,
        "ndcg_at_3": 0.51493,
        "ndcg_at_5": 0.54175,
        "ndcg_at_10": 0.56796,
        "ndcg_at_20": 0.58431,
        "ndcg_at_100": 0.60808,
        "ndcg_at_1000": 0.61789,
        "map_at_1": 0.43108,
        "map_at_3": 0.49442,
        "map_at_5": 0.50931,
        "map_at_10": 0.52014,
        "map_at_20": 0.52468,
        "map_at_100": 0.528,
        "map_at_1000": 0.52839,
        "recall_at_1": 0.43108,
        "recall_at_3": 0.57424,
        "recall_at_5": 0.63931,
        "recall_at_10": 0.72032,
        "recall_at_20": 0.78459,
        "recall_at_100": 0.91208,
        "recall_at_1000": 0.98858,
        "precision_at_1": 0.43108,
        "precision_at_3": 0.19141,
        "precision_at_5": 0.12786,
        "precision_at_10": 0.07203,
        "precision_at_20": 0.03923,
        "precision_at_100": 0.00912,
        "precision_at_1000": 0.00099,
        "mrr_at_1": 0.430544,
        "mrr_at_3": 0.494112,
        "mrr_at_5": 0.509013,
        "mrr_at_10": 0.51984,
        "mrr_at_20": 0.524381,
        "mrr_at_100": 0.527706,
        "mrr_at_1000": 0.528092,
        "nauc_ndcg_at_1_max": 0.42268,
        "nauc_ndcg_at_1_std": -0.170462,
        "nauc_ndcg_at_1_diff1": 0.663129,
        "nauc_ndcg_at_3_max": 0.434677,
        "nauc_ndcg_at_3_std": -0.154322,
        "nauc_ndcg_at_3_diff1": 0.593051,
        "nauc_ndcg_at_5_max": 0.4376,
        "nauc_ndcg_at_5_std": -0.144055,
        "nauc_ndcg_at_5_diff1": 0.580579,
        "nauc_ndcg_at_10_max": 0.436877,
        "nauc_ndcg_at_10_std": -0.137209,
        "nauc_ndcg_at_10_diff1": 0.575501,
        "nauc_ndcg_at_20_max": 0.441974,
        "nauc_ndcg_at_20_std": -0.129896,
        "nauc_ndcg_at_20_diff1": 0.578514,
        "nauc_ndcg_at_100_max": 0.442387,
        "nauc_ndcg_at_100_std": -0.126853,
        "nauc_ndcg_at_100_diff1": 0.585765,
        "nauc_ndcg_at_1000_max": 0.439314,
        "nauc_ndcg_at_1000_std": -0.134488,
        "nauc_ndcg_at_1000_diff1": 0.591036,
        "nauc_map_at_1_max": 0.42268,
        "nauc_map_at_1_std": -0.170462,
        "nauc_map_at_1_diff1": 0.663129,
        "nauc_map_at_3_max": 0.431669,
        "nauc_map_at_3_std": -0.158695,
        "nauc_map_at_3_diff1": 0.610186,
        "nauc_map_at_5_max": 0.433129,
        "nauc_map_at_5_std": -0.153374,
        "nauc_map_at_5_diff1": 0.603641,
        "nauc_map_at_10_max": 0.432424,
        "nauc_map_at_10_std": -0.150786,
        "nauc_map_at_10_diff1": 0.601894,
        "nauc_map_at_20_max": 0.433789,
        "nauc_map_at_20_std": -0.148904,
        "nauc_map_at_20_diff1": 0.602897,
        "nauc_map_at_100_max": 0.433728,
        "nauc_map_at_100_std": -0.148721,
        "nauc_map_at_100_diff1": 0.604009,
        "nauc_map_at_1000_max": 0.433666,
        "nauc_map_at_1000_std": -0.148927,
        "nauc_map_at_1000_diff1": 0.604231,
        "nauc_recall_at_1_max": 0.42268,
        "nauc_recall_at_1_std": -0.170462,
        "nauc_recall_at_1_diff1": 0.663129,
        "nauc_recall_at_3_max": 0.443905,
        "nauc_recall_at_3_std": -0.140767,
        "nauc_recall_at_3_diff1": 0.540689,
        "nauc_recall_at_5_max": 0.453012,
        "nauc_recall_at_5_std": -0.111062,
        "nauc_recall_at_5_diff1": 0.502361,
        "nauc_recall_at_10_max": 0.45564,
        "nauc_recall_at_10_std": -0.078475,
        "nauc_recall_at_10_diff1": 0.468489,
        "nauc_recall_at_20_max": 0.488927,
        "nauc_recall_at_20_std": -0.023243,
        "nauc_recall_at_20_diff1": 0.461637,
        "nauc_recall_at_100_max": 0.557451,
        "nauc_recall_at_100_std": 0.162147,
        "nauc_recall_at_100_diff1": 0.437427,
        "nauc_recall_at_1000_max": 0.695466,
        "nauc_recall_at_1000_std": 0.592891,
        "nauc_recall_at_1000_diff1": 0.380376,
        "nauc_precision_at_1_max": 0.42268,
        "nauc_precision_at_1_std": -0.170462,
        "nauc_precision_at_1_diff1": 0.663129,
        "nauc_precision_at_3_max": 0.443905,
        "nauc_precision_at_3_std": -0.140767,
        "nauc_precision_at_3_diff1": 0.540689,
        "nauc_precision_at_5_max": 0.453012,
        "nauc_precision_at_5_std": -0.111062,
        "nauc_precision_at_5_diff1": 0.502361,
        "nauc_precision_at_10_max": 0.45564,
        "nauc_precision_at_10_std": -0.078475,
        "nauc_precision_at_10_diff1": 0.468489,
        "nauc_precision_at_20_max": 0.488927,
        "nauc_precision_at_20_std": -0.023243,
        "nauc_precision_at_20_diff1": 0.461637,
        "nauc_precision_at_100_max": 0.557451,
        "nauc_precision_at_100_std": 0.162147,
        "nauc_precision_at_100_diff1": 0.437427,
        "nauc_precision_at_1000_max": 0.695466,
        "nauc_precision_at_1000_std": 0.592891,
        "nauc_precision_at_1000_diff1": 0.380376,
        "nauc_mrr_at_1_max": 0.423673,
        "nauc_mrr_at_1_std": -0.16993,
        "nauc_mrr_at_1_diff1": 0.664489,
        "nauc_mrr_at_3_max": 0.432228,
        "nauc_mrr_at_3_std": -0.158484,
        "nauc_mrr_at_3_diff1": 0.610917,
        "nauc_mrr_at_5_max": 0.433681,
        "nauc_mrr_at_5_std": -0.153168,
        "nauc_mrr_at_5_diff1": 0.604373,
        "nauc_mrr_at_10_max": 0.432986,
        "nauc_mrr_at_10_std": -0.150576,
        "nauc_mrr_at_10_diff1": 0.602641,
        "nauc_mrr_at_20_max": 0.434357,
        "nauc_mrr_at_20_std": -0.148692,
        "nauc_mrr_at_20_diff1": 0.603651,
        "nauc_mrr_at_100_max": 0.4343,
        "nauc_mrr_at_100_std": -0.148508,
        "nauc_mrr_at_100_diff1": 0.604769,
        "nauc_mrr_at_1000_max": 0.434239,
        "nauc_mrr_at_1000_std": -0.148713,
        "nauc_mrr_at_1000_diff1": 0.604992,
        "main_score": 0.56796,
        "hf_subset": "default",
        "languages": [
          "eng-Latn",
          "python-Code"
        ]
      }
    ]
  },
  "evaluation_time": 71.86075949668884,
  "kg_co2_emissions": null
}