{
  "dataset_revision": "5d958fb6b31055495347724d46431ba41309b03a",
  "task_name": "ChemNQRetrieval",
  "mteb_version": "1.34.8",
  "scores": {
    "test": [
      {
        "ndcg_at_1": 0.44444,
        "ndcg_at_3": 0.55848,
        "ndcg_at_5": 0.60633,
        "ndcg_at_10": 0.63325,
        "ndcg_at_20": 0.65391,
        "ndcg_at_100": 0.66916,
        "ndcg_at_1000": 0.67364,
        "map_at_1": 0.37037,
        "map_at_3": 0.50926,
        "map_at_5": 0.53704,
        "map_at_10": 0.54969,
        "map_at_20": 0.55736,
        "map_at_100": 0.56124,
        "map_at_1000": 0.56136,
        "recall_at_1": 0.37037,
        "recall_at_3": 0.64198,
        "recall_at_5": 0.75309,
        "recall_at_10": 0.82716,
        "recall_at_20": 0.90123,
        "recall_at_100": 0.96296,
        "recall_at_1000": 1.0,
        "precision_at_1": 0.44444,
        "precision_at_3": 0.2716,
        "precision_at_5": 0.18519,
        "precision_at_10": 0.1037,
        "precision_at_20": 0.05741,
        "precision_at_100": 0.01259,
        "precision_at_1000": 0.0013,
        "mrr_at_1": 0.444444,
        "mrr_at_3": 0.567901,
        "mrr_at_5": 0.595679,
        "mrr_at_10": 0.605556,
        "mrr_at_20": 0.607734,
        "mrr_at_100": 0.609216,
        "mrr_at_1000": 0.609336,
        "nauc_ndcg_at_1_max": 0.219414,
        "nauc_ndcg_at_1_std": -0.097552,
        "nauc_ndcg_at_1_diff1": 0.050257,
        "nauc_ndcg_at_3_max": 0.201494,
        "nauc_ndcg_at_3_std": -0.115022,
        "nauc_ndcg_at_3_diff1": -0.159463,
        "nauc_ndcg_at_5_max": 0.171272,
        "nauc_ndcg_at_5_std": -0.090379,
        "nauc_ndcg_at_5_diff1": -0.188285,
        "nauc_ndcg_at_10_max": 0.210871,
        "nauc_ndcg_at_10_std": -0.10657,
        "nauc_ndcg_at_10_diff1": -0.192119,
        "nauc_ndcg_at_20_max": 0.264178,
        "nauc_ndcg_at_20_std": -0.04069,
        "nauc_ndcg_at_20_diff1": -0.136056,
        "nauc_ndcg_at_100_max": 0.236432,
        "nauc_ndcg_at_100_std": -0.049838,
        "nauc_ndcg_at_100_diff1": -0.156696,
        "nauc_ndcg_at_1000_max": 0.226545,
        "nauc_ndcg_at_1000_std": -0.062143,
        "nauc_ndcg_at_1000_diff1": -0.148249,
        "nauc_map_at_1_max": 0.118696,
        "nauc_map_at_1_std": -0.140891,
        "nauc_map_at_1_diff1": -0.121003,
        "nauc_map_at_3_max": 0.170987,
        "nauc_map_at_3_std": -0.132391,
        "nauc_map_at_3_diff1": -0.174843,
        "nauc_map_at_5_max": 0.152997,
        "nauc_map_at_5_std": -0.120515,
        "nauc_map_at_5_diff1": -0.191057,
        "nauc_map_at_10_max": 0.170905,
        "nauc_map_at_10_std": -0.135466,
        "nauc_map_at_10_diff1": -0.185298,
        "nauc_map_at_20_max": 0.19043,
        "nauc_map_at_20_std": -0.107013,
        "nauc_map_at_20_diff1": -0.166227,
        "nauc_map_at_100_max": 0.183517,
        "nauc_map_at_100_std": -0.108623,
        "nauc_map_at_100_diff1": -0.173629,
        "nauc_map_at_1000_max": 0.183286,
        "nauc_map_at_1000_std": -0.108908,
        "nauc_map_at_1000_diff1": -0.173458,
        "nauc_recall_at_1_max": 0.118696,
        "nauc_recall_at_1_std": -0.140891,
        "nauc_recall_at_1_diff1": -0.121003,
        "nauc_recall_at_3_max": 0.185073,
        "nauc_recall_at_3_std": -0.134766,
        "nauc_recall_at_3_diff1": -0.248576,
        "nauc_recall_at_5_max": 0.086156,
        "nauc_recall_at_5_std": -0.066533,
        "nauc_recall_at_5_diff1": -0.352894,
        "nauc_recall_at_10_max": 0.225075,
        "nauc_recall_at_10_std": -0.133335,
        "nauc_recall_at_10_diff1": -0.459008,
        "nauc_recall_at_20_max": 0.660569,
        "nauc_recall_at_20_std": 0.29872,
        "nauc_recall_at_20_diff1": -0.179467,
        "nauc_recall_at_100_max": 0.723262,
        "nauc_recall_at_100_std": 0.556079,
        "nauc_recall_at_100_diff1": -0.572623,
        "nauc_recall_at_1000_max": NaN,
        "nauc_recall_at_1000_std": NaN,
        "nauc_recall_at_1000_diff1": NaN,
        "nauc_precision_at_1_max": 0.219414,
        "nauc_precision_at_1_std": -0.097552,
        "nauc_precision_at_1_diff1": 0.050257,
        "nauc_precision_at_3_max": 0.198057,
        "nauc_precision_at_3_std": -0.032204,
        "nauc_precision_at_3_diff1": -0.133219,
        "nauc_precision_at_5_max": 0.146998,
        "nauc_precision_at_5_std": 0.027144,
        "nauc_precision_at_5_diff1": -0.17732,
        "nauc_precision_at_10_max": 0.361731,
        "nauc_precision_at_10_std": 0.094919,
        "nauc_precision_at_10_diff1": -0.076286,
        "nauc_precision_at_20_max": 0.497509,
        "nauc_precision_at_20_std": 0.393241,
        "nauc_precision_at_20_diff1": 0.173219,
        "nauc_precision_at_100_max": 0.266907,
        "nauc_precision_at_100_std": 0.34793,
        "nauc_precision_at_100_diff1": 0.029498,
        "nauc_precision_at_1000_max": 0.223488,
        "nauc_precision_at_1000_std": 0.328126,
        "nauc_precision_at_1000_diff1": 0.086786,
        "nauc_mrr_at_1_max": 0.219414,
        "nauc_mrr_at_1_std": -0.097552,
        "nauc_mrr_at_1_diff1": 0.050257,
        "nauc_mrr_at_3_max": 0.270201,
        "nauc_mrr_at_3_std": -0.053,
        "nauc_mrr_at_3_diff1": -0.008582,
        "nauc_mrr_at_5_max": 0.259057,
        "nauc_mrr_at_5_std": -0.035708,
        "nauc_mrr_at_5_diff1": -0.013918,
        "nauc_mrr_at_10_max": 0.260895,
        "nauc_mrr_at_10_std": -0.035864,
        "nauc_mrr_at_10_diff1": -0.030945,
        "nauc_mrr_at_20_max": 0.26204,
        "nauc_mrr_at_20_std": -0.038912,
        "nauc_mrr_at_20_diff1": -0.026748,
        "nauc_mrr_at_100_max": 0.260482,
        "nauc_mrr_at_100_std": -0.041012,
        "nauc_mrr_at_100_diff1": -0.023857,
        "nauc_mrr_at_1000_max": 0.260283,
        "nauc_mrr_at_1000_std": -0.041269,
        "nauc_mrr_at_1000_diff1": -0.023621,
        "main_score": 0.63325,
        "hf_subset": "default",
        "languages": [
          "eng-Latn"
        ]
      }
    ]
  },
  "evaluation_time": 79.41202664375305,
  "kg_co2_emissions": null
}