{
  "dataset_revision": "4adc7bc41202b5c13543c9c886a25f340634dab3",
  "task_name": "COIRCodeSearchNetRetrieval",
  "mteb_version": "1.34.8",
  "scores": {
    "test": [
      {
        "ndcg_at_1": 0.82772,
        "ndcg_at_3": 0.87628,
        "ndcg_at_5": 0.88403,
        "ndcg_at_10": 0.8903,
        "ndcg_at_20": 0.89372,
        "ndcg_at_100": 0.89752,
        "ndcg_at_1000": 0.89896,
        "map_at_1": 0.82772,
        "map_at_3": 0.86474,
        "map_at_5": 0.86904,
        "map_at_10": 0.87163,
        "map_at_20": 0.87259,
        "map_at_100": 0.87313,
        "map_at_1000": 0.87318,
        "recall_at_1": 0.82772,
        "recall_at_3": 0.90951,
        "recall_at_5": 0.92834,
        "recall_at_10": 0.94771,
        "recall_at_20": 0.96112,
        "recall_at_100": 0.9813,
        "recall_at_1000": 0.99296,
        "precision_at_1": 0.82772,
        "precision_at_3": 0.30317,
        "precision_at_5": 0.18567,
        "precision_at_10": 0.09477,
        "precision_at_20": 0.04806,
        "precision_at_100": 0.00981,
        "precision_at_1000": 0.00099,
        "mrr_at_1": 0.827725,
        "mrr_at_3": 0.864738,
        "mrr_at_5": 0.869039,
        "mrr_at_10": 0.871629,
        "mrr_at_20": 0.872586,
        "mrr_at_100": 0.873131,
        "mrr_at_1000": 0.87318,
        "nauc_ndcg_at_1_max": 0.725912,
        "nauc_ndcg_at_1_std": 0.065136,
        "nauc_ndcg_at_1_diff1": 0.86858,
        "nauc_ndcg_at_3_max": 0.767903,
        "nauc_ndcg_at_3_std": 0.110262,
        "nauc_ndcg_at_3_diff1": 0.846871,
        "nauc_ndcg_at_5_max": 0.770031,
        "nauc_ndcg_at_5_std": 0.119366,
        "nauc_ndcg_at_5_diff1": 0.848874,
        "nauc_ndcg_at_10_max": 0.769246,
        "nauc_ndcg_at_10_std": 0.121305,
        "nauc_ndcg_at_10_diff1": 0.851441,
        "nauc_ndcg_at_20_max": 0.7686,
        "nauc_ndcg_at_20_std": 0.122638,
        "nauc_ndcg_at_20_diff1": 0.853134,
        "nauc_ndcg_at_100_max": 0.765265,
        "nauc_ndcg_at_100_std": 0.118974,
        "nauc_ndcg_at_100_diff1": 0.853299,
        "nauc_ndcg_at_1000_max": 0.763323,
        "nauc_ndcg_at_1000_std": 0.114989,
        "nauc_ndcg_at_1000_diff1": 0.853309,
        "nauc_map_at_1_max": 0.725912,
        "nauc_map_at_1_std": 0.065136,
        "nauc_map_at_1_diff1": 0.86858,
        "nauc_map_at_3_max": 0.756484,
        "nauc_map_at_3_std": 0.096215,
        "nauc_map_at_3_diff1": 0.852979,
        "nauc_map_at_5_max": 0.757072,
        "nauc_map_at_5_std": 0.100003,
        "nauc_map_at_5_diff1": 0.854161,
        "nauc_map_at_10_max": 0.756561,
        "nauc_map_at_10_std": 0.100237,
        "nauc_map_at_10_diff1": 0.85519,
        "nauc_map_at_20_max": 0.756293,
        "nauc_map_at_20_std": 0.100306,
        "nauc_map_at_20_diff1": 0.855618,
        "nauc_map_at_100_max": 0.755867,
        "nauc_map_at_100_std": 0.099875,
        "nauc_map_at_100_diff1": 0.855639,
        "nauc_map_at_1000_max": 0.755814,
        "nauc_map_at_1000_std": 0.099796,
        "nauc_map_at_1000_diff1": 0.855638,
        "nauc_recall_at_1_max": 0.725912,
        "nauc_recall_at_1_std": 0.065136,
        "nauc_recall_at_1_diff1": 0.86858,
        "nauc_recall_at_3_max": 0.814587,
        "nauc_recall_at_3_std": 0.168862,
        "nauc_recall_at_3_diff1": 0.821762,
        "nauc_recall_at_5_max": 0.835505,
        "nauc_recall_at_5_std": 0.220607,
        "nauc_recall_at_5_diff1": 0.822908,
        "nauc_recall_at_10_max": 0.854374,
        "nauc_recall_at_10_std": 0.270939,
        "nauc_recall_at_10_diff1": 0.829257,
        "nauc_recall_at_20_max": 0.877415,
        "nauc_recall_at_20_std": 0.33805,
        "nauc_recall_at_20_diff1": 0.839042,
        "nauc_recall_at_100_max": 0.89965,
        "nauc_recall_at_100_std": 0.458535,
        "nauc_recall_at_100_diff1": 0.829298,
        "nauc_recall_at_1000_max": 0.900683,
        "nauc_recall_at_1000_std": 0.539398,
        "nauc_recall_at_1000_diff1": 0.793512,
        "nauc_precision_at_1_max": 0.725912,
        "nauc_precision_at_1_std": 0.065136,
        "nauc_precision_at_1_diff1": 0.86858,
        "nauc_precision_at_3_max": 0.814587,
        "nauc_precision_at_3_std": 0.168862,
        "nauc_precision_at_3_diff1": 0.821762,
        "nauc_precision_at_5_max": 0.835505,
        "nauc_precision_at_5_std": 0.220607,
        "nauc_precision_at_5_diff1": 0.822908,
        "nauc_precision_at_10_max": 0.854374,
        "nauc_precision_at_10_std": 0.270939,
        "nauc_precision_at_10_diff1": 0.829257,
        "nauc_precision_at_20_max": 0.877415,
        "nauc_precision_at_20_std": 0.33805,
        "nauc_precision_at_20_diff1": 0.839042,
        "nauc_precision_at_100_max": 0.89965,
        "nauc_precision_at_100_std": 0.458535,
        "nauc_precision_at_100_diff1": 0.829298,
        "nauc_precision_at_1000_max": 0.900683,
        "nauc_precision_at_1000_std": 0.539398,
        "nauc_precision_at_1000_diff1": 0.793512,
        "nauc_mrr_at_1_max": 0.725912,
        "nauc_mrr_at_1_std": 0.065136,
        "nauc_mrr_at_1_diff1": 0.86858,
        "nauc_mrr_at_3_max": 0.756484,
        "nauc_mrr_at_3_std": 0.096215,
        "nauc_mrr_at_3_diff1": 0.852979,
        "nauc_mrr_at_5_max": 0.757072,
        "nauc_mrr_at_5_std": 0.100003,
        "nauc_mrr_at_5_diff1": 0.854161,
        "nauc_mrr_at_10_max": 0.756561,
        "nauc_mrr_at_10_std": 0.100237,
        "nauc_mrr_at_10_diff1": 0.85519,
        "nauc_mrr_at_20_max": 0.756293,
        "nauc_mrr_at_20_std": 0.100306,
        "nauc_mrr_at_20_diff1": 0.855618,
        "nauc_mrr_at_100_max": 0.755867,
        "nauc_mrr_at_100_std": 0.099875,
        "nauc_mrr_at_100_diff1": 0.855639,
        "nauc_mrr_at_1000_max": 0.755814,
        "nauc_mrr_at_1000_std": 0.099796,
        "nauc_mrr_at_1000_diff1": 0.855638,
        "main_score": 0.8903,
        "hf_subset": "python",
        "languages": [
          "python-Code"
        ]
      }
    ]
  },
  "evaluation_time": 1117.6857647895813,
  "kg_co2_emissions": null
}