{
  "dataset_revision": "27a168819829fe9bcd655c2df245fb19452e8e06",
  "task_name": "FiQA2018",
  "mteb_version": "1.34.8",
  "scores": {
    "test": [
      {
        "ndcg_at_1": 0.51543,
        "ndcg_at_3": 0.47367,
        "ndcg_at_5": 0.497,
        "ndcg_at_10": 0.52461,
        "ndcg_at_20": 0.55169,
        "ndcg_at_100": 0.58847,
        "ndcg_at_1000": 0.60965,
        "map_at_1": 0.26083,
        "map_at_3": 0.37387,
        "map_at_5": 0.40996,
        "map_at_10": 0.43351,
        "map_at_20": 0.44478,
        "map_at_100": 0.45345,
        "map_at_1000": 0.45493,
        "recall_at_1": 0.26083,
        "recall_at_3": 0.42928,
        "recall_at_5": 0.52215,
        "recall_at_10": 0.60817,
        "recall_at_20": 0.69211,
        "recall_at_100": 0.83812,
        "recall_at_1000": 0.96202,
        "precision_at_1": 0.51543,
        "precision_at_3": 0.31379,
        "precision_at_5": 0.23673,
        "precision_at_10": 0.14444,
        "precision_at_20": 0.08395,
        "precision_at_100": 0.02117,
        "precision_at_1000": 0.0025,
        "mrr_at_1": 0.515432,
        "mrr_at_3": 0.582562,
        "mrr_at_5": 0.602083,
        "mrr_at_10": 0.611687,
        "mrr_at_20": 0.615576,
        "mrr_at_100": 0.617414,
        "mrr_at_1000": 0.617661,
        "nauc_ndcg_at_1_max": 0.448408,
        "nauc_ndcg_at_1_std": -0.077502,
        "nauc_ndcg_at_1_diff1": 0.580408,
        "nauc_ndcg_at_3_max": 0.389431,
        "nauc_ndcg_at_3_std": -0.102231,
        "nauc_ndcg_at_3_diff1": 0.426819,
        "nauc_ndcg_at_5_max": 0.353961,
        "nauc_ndcg_at_5_std": -0.106937,
        "nauc_ndcg_at_5_diff1": 0.404848,
        "nauc_ndcg_at_10_max": 0.374392,
        "nauc_ndcg_at_10_std": -0.09397,
        "nauc_ndcg_at_10_diff1": 0.414725,
        "nauc_ndcg_at_20_max": 0.387495,
        "nauc_ndcg_at_20_std": -0.063655,
        "nauc_ndcg_at_20_diff1": 0.408557,
        "nauc_ndcg_at_100_max": 0.406473,
        "nauc_ndcg_at_100_std": -0.057773,
        "nauc_ndcg_at_100_diff1": 0.421651,
        "nauc_ndcg_at_1000_max": 0.410758,
        "nauc_ndcg_at_1000_std": -0.056299,
        "nauc_ndcg_at_1000_diff1": 0.432758,
        "nauc_map_at_1_max": 0.221744,
        "nauc_map_at_1_std": -0.148359,
        "nauc_map_at_1_diff1": 0.466509,
        "nauc_map_at_3_max": 0.293485,
        "nauc_map_at_3_std": -0.149766,
        "nauc_map_at_3_diff1": 0.412816,
        "nauc_map_at_5_max": 0.311252,
        "nauc_map_at_5_std": -0.135317,
        "nauc_map_at_5_diff1": 0.400919,
        "nauc_map_at_10_max": 0.338085,
        "nauc_map_at_10_std": -0.124071,
        "nauc_map_at_10_diff1": 0.401757,
        "nauc_map_at_20_max": 0.346399,
        "nauc_map_at_20_std": -0.112388,
        "nauc_map_at_20_diff1": 0.400533,
        "nauc_map_at_100_max": 0.353206,
        "nauc_map_at_100_std": -0.108415,
        "nauc_map_at_100_diff1": 0.403856,
        "nauc_map_at_1000_max": 0.353954,
        "nauc_map_at_1000_std": -0.107721,
        "nauc_map_at_1000_diff1": 0.40438,
        "nauc_recall_at_1_max": 0.221744,
        "nauc_recall_at_1_std": -0.148359,
        "nauc_recall_at_1_diff1": 0.466509,
        "nauc_recall_at_3_max": 0.255652,
        "nauc_recall_at_3_std": -0.142726,
        "nauc_recall_at_3_diff1": 0.335128,
        "nauc_recall_at_5_max": 0.222774,
        "nauc_recall_at_5_std": -0.124932,
        "nauc_recall_at_5_diff1": 0.275508,
        "nauc_recall_at_10_max": 0.284846,
        "nauc_recall_at_10_std": -0.0828,
        "nauc_recall_at_10_diff1": 0.282842,
        "nauc_recall_at_20_max": 0.296026,
        "nauc_recall_at_20_std": 0.028067,
        "nauc_recall_at_20_diff1": 0.216395,
        "nauc_recall_at_100_max": 0.357333,
        "nauc_recall_at_100_std": 0.078435,
        "nauc_recall_at_100_diff1": 0.196978,
        "nauc_recall_at_1000_max": 0.451254,
        "nauc_recall_at_1000_std": 0.278158,
        "nauc_recall_at_1000_diff1": 0.229359,
        "nauc_precision_at_1_max": 0.448408,
        "nauc_precision_at_1_std": -0.077502,
        "nauc_precision_at_1_diff1": 0.580408,
        "nauc_precision_at_3_max": 0.421105,
        "nauc_precision_at_3_std": -0.003289,
        "nauc_precision_at_3_diff1": 0.267427,
        "nauc_precision_at_5_max": 0.385801,
        "nauc_precision_at_5_std": 0.047759,
        "nauc_precision_at_5_diff1": 0.176568,
        "nauc_precision_at_10_max": 0.419268,
        "nauc_precision_at_10_std": 0.111905,
        "nauc_precision_at_10_diff1": 0.130037,
        "nauc_precision_at_20_max": 0.389009,
        "nauc_precision_at_20_std": 0.168514,
        "nauc_precision_at_20_diff1": 0.086039,
        "nauc_precision_at_100_max": 0.34006,
        "nauc_precision_at_100_std": 0.192841,
        "nauc_precision_at_100_diff1": 0.054445,
        "nauc_precision_at_1000_max": 0.257372,
        "nauc_precision_at_1000_std": 0.202954,
        "nauc_precision_at_1000_diff1": 0.01211,
        "nauc_mrr_at_1_max": 0.448408,
        "nauc_mrr_at_1_std": -0.077502,
        "nauc_mrr_at_1_diff1": 0.580408,
        "nauc_mrr_at_3_max": 0.45245,
        "nauc_mrr_at_3_std": -0.059613,
        "nauc_mrr_at_3_diff1": 0.530719,
        "nauc_mrr_at_5_max": 0.444054,
        "nauc_mrr_at_5_std": -0.058688,
        "nauc_mrr_at_5_diff1": 0.524733,
        "nauc_mrr_at_10_max": 0.453659,
        "nauc_mrr_at_10_std": -0.051355,
        "nauc_mrr_at_10_diff1": 0.529405,
        "nauc_mrr_at_20_max": 0.454119,
        "nauc_mrr_at_20_std": -0.047409,
        "nauc_mrr_at_20_diff1": 0.528472,
        "nauc_mrr_at_100_max": 0.453693,
        "nauc_mrr_at_100_std": -0.048704,
        "nauc_mrr_at_100_diff1": 0.528353,
        "nauc_mrr_at_1000_max": 0.453629,
        "nauc_mrr_at_1000_std": -0.048842,
        "nauc_mrr_at_1000_diff1": 0.528591,
        "main_score": 0.52461,
        "hf_subset": "default",
        "languages": [
          "eng-Latn"
        ]
      }
    ]
  },
  "evaluation_time": 234.28453254699707,
  "kg_co2_emissions": null
}