{
  "dataset_revision": "ae763399273d8b20506b80cf6f6f9a31a6a2b238",
  "task_name": "MedicalQARetrieval",
  "mteb_version": "1.34.8",
  "scores": {
    "test": [
      {
        "ndcg_at_1": 0.56152,
        "ndcg_at_3": 0.67684,
        "ndcg_at_5": 0.70542,
        "ndcg_at_10": 0.72498,
        "ndcg_at_20": 0.73661,
        "ndcg_at_100": 0.74458,
        "ndcg_at_1000": 0.74777,
        "map_at_1": 0.56152,
        "map_at_3": 0.64852,
        "map_at_5": 0.66451,
        "map_at_10": 0.67275,
        "map_at_20": 0.67602,
        "map_at_100": 0.67716,
        "map_at_1000": 0.67729,
        "recall_at_1": 0.56152,
        "recall_at_3": 0.75879,
        "recall_at_5": 0.82764,
        "recall_at_10": 0.88721,
        "recall_at_20": 0.93262,
        "recall_at_100": 0.9751,
        "recall_at_1000": 1.0,
        "precision_at_1": 0.56152,
        "precision_at_3": 0.25293,
        "precision_at_5": 0.16553,
        "precision_at_10": 0.08872,
        "precision_at_20": 0.04663,
        "precision_at_100": 0.00975,
        "precision_at_1000": 0.001,
        "mrr_at_1": 0.561523,
        "mrr_at_3": 0.6486,
        "mrr_at_5": 0.664689,
        "mrr_at_10": 0.672804,
        "mrr_at_20": 0.676125,
        "mrr_at_100": 0.677264,
        "mrr_at_1000": 0.677388,
        "nauc_ndcg_at_1_max": 0.241588,
        "nauc_ndcg_at_1_std": -0.065664,
        "nauc_ndcg_at_1_diff1": 0.526621,
        "nauc_ndcg_at_3_max": 0.250122,
        "nauc_ndcg_at_3_std": -0.072944,
        "nauc_ndcg_at_3_diff1": 0.450687,
        "nauc_ndcg_at_5_max": 0.248599,
        "nauc_ndcg_at_5_std": -0.078028,
        "nauc_ndcg_at_5_diff1": 0.447644,
        "nauc_ndcg_at_10_max": 0.252317,
        "nauc_ndcg_at_10_std": -0.078554,
        "nauc_ndcg_at_10_diff1": 0.444241,
        "nauc_ndcg_at_20_max": 0.260647,
        "nauc_ndcg_at_20_std": -0.064259,
        "nauc_ndcg_at_20_diff1": 0.447019,
        "nauc_ndcg_at_100_max": 0.256382,
        "nauc_ndcg_at_100_std": -0.058857,
        "nauc_ndcg_at_100_diff1": 0.455988,
        "nauc_ndcg_at_1000_max": 0.252883,
        "nauc_ndcg_at_1000_std": -0.065442,
        "nauc_ndcg_at_1000_diff1": 0.460894,
        "nauc_map_at_1_max": 0.241588,
        "nauc_map_at_1_std": -0.065664,
        "nauc_map_at_1_diff1": 0.526621,
        "nauc_map_at_3_max": 0.247842,
        "nauc_map_at_3_std": -0.070497,
        "nauc_map_at_3_diff1": 0.471176,
        "nauc_map_at_5_max": 0.24665,
        "nauc_map_at_5_std": -0.072979,
        "nauc_map_at_5_diff1": 0.470545,
        "nauc_map_at_10_max": 0.248096,
        "nauc_map_at_10_std": -0.072676,
        "nauc_map_at_10_diff1": 0.469979,
        "nauc_map_at_20_max": 0.249694,
        "nauc_map_at_20_std": -0.069467,
        "nauc_map_at_20_diff1": 0.470849,
        "nauc_map_at_100_max": 0.24927,
        "nauc_map_at_100_std": -0.068559,
        "nauc_map_at_100_diff1": 0.471964,
        "nauc_map_at_1000_max": 0.249154,
        "nauc_map_at_1000_std": -0.068724,
        "nauc_map_at_1000_diff1": 0.472125,
        "nauc_recall_at_1_max": 0.241588,
        "nauc_recall_at_1_std": -0.065664,
        "nauc_recall_at_1_diff1": 0.526621,
        "nauc_recall_at_3_max": 0.258573,
        "nauc_recall_at_3_std": -0.0823,
        "nauc_recall_at_3_diff1": 0.374629,
        "nauc_recall_at_5_max": 0.258082,
        "nauc_recall_at_5_std": -0.103384,
        "nauc_recall_at_5_diff1": 0.338901,
        "nauc_recall_at_10_max": 0.283654,
        "nauc_recall_at_10_std": -0.122838,
        "nauc_recall_at_10_diff1": 0.266724,
        "nauc_recall_at_20_max": 0.415509,
        "nauc_recall_at_20_std": 0.03123,
        "nauc_recall_at_20_diff1": 0.1884,
        "nauc_recall_at_100_max": 0.470689,
        "nauc_recall_at_100_std": 0.382378,
        "nauc_recall_at_100_diff1": 0.142826,
        "nauc_recall_at_1000_max": NaN,
        "nauc_recall_at_1000_std": NaN,
        "nauc_recall_at_1000_diff1": NaN,
        "nauc_precision_at_1_max": 0.241588,
        "nauc_precision_at_1_std": -0.065664,
        "nauc_precision_at_1_diff1": 0.526621,
        "nauc_precision_at_3_max": 0.258573,
        "nauc_precision_at_3_std": -0.0823,
        "nauc_precision_at_3_diff1": 0.374629,
        "nauc_precision_at_5_max": 0.258082,
        "nauc_precision_at_5_std": -0.103384,
        "nauc_precision_at_5_diff1": 0.338901,
        "nauc_precision_at_10_max": 0.283654,
        "nauc_precision_at_10_std": -0.122838,
        "nauc_precision_at_10_diff1": 0.266724,
        "nauc_precision_at_20_max": 0.415509,
        "nauc_precision_at_20_std": 0.03123,
        "nauc_precision_at_20_diff1": 0.1884,
        "nauc_precision_at_100_max": 0.470689,
        "nauc_precision_at_100_std": 0.382378,
        "nauc_precision_at_100_diff1": 0.142826,
        "nauc_precision_at_1000_max": NaN,
        "nauc_precision_at_1000_std": NaN,
        "nauc_precision_at_1000_diff1": NaN,
        "nauc_mrr_at_1_max": 0.241807,
        "nauc_mrr_at_1_std": -0.065469,
        "nauc_mrr_at_1_diff1": 0.526621,
        "nauc_mrr_at_3_max": 0.249164,
        "nauc_mrr_at_3_std": -0.069399,
        "nauc_mrr_at_3_diff1": 0.470962,
        "nauc_mrr_at_5_max": 0.247701,
        "nauc_mrr_at_5_std": -0.072846,
        "nauc_mrr_at_5_diff1": 0.470106,
        "nauc_mrr_at_10_max": 0.248743,
        "nauc_mrr_at_10_std": -0.072625,
        "nauc_mrr_at_10_diff1": 0.46981,
        "nauc_mrr_at_20_max": 0.250495,
        "nauc_mrr_at_20_std": -0.069102,
        "nauc_mrr_at_20_diff1": 0.470568,
        "nauc_mrr_at_100_max": 0.250075,
        "nauc_mrr_at_100_std": -0.068192,
        "nauc_mrr_at_100_diff1": 0.471682,
        "nauc_mrr_at_1000_max": 0.249959,
        "nauc_mrr_at_1000_std": -0.068357,
        "nauc_mrr_at_1000_diff1": 0.471843,
        "main_score": 0.72498,
        "hf_subset": "default",
        "languages": [
          "eng-Latn"
        ]
      }
    ]
  },
  "evaluation_time": 18.882246017456055,
  "kg_co2_emissions": null
}