{
  "dataset_revision": "ec0fa4fe99da2ff19ca1214b7966684033a58814",
  "task_name": "NFCorpus",
  "mteb_version": "1.34.8",
  "scores": {
    "test": [
      {
        "ndcg_at_1": 0.4613,
        "ndcg_at_3": 0.40055,
        "ndcg_at_5": 0.37836,
        "ndcg_at_10": 0.343,
        "ndcg_at_20": 0.32065,
        "ndcg_at_100": 0.31765,
        "ndcg_at_1000": 0.40356,
        "map_at_1": 0.0555,
        "map_at_3": 0.09006,
        "map_at_5": 0.10727,
        "map_at_10": 0.12414,
        "map_at_20": 0.14007,
        "map_at_100": 0.16068,
        "map_at_1000": 0.17589,
        "recall_at_1": 0.0555,
        "recall_at_3": 0.09886,
        "recall_at_5": 0.12603,
        "recall_at_10": 0.15579,
        "recall_at_20": 0.19953,
        "recall_at_100": 0.32424,
        "recall_at_1000": 0.63347,
        "precision_at_1": 0.47988,
        "precision_at_3": 0.37461,
        "precision_at_5": 0.32941,
        "precision_at_10": 0.2582,
        "precision_at_20": 0.19056,
        "precision_at_100": 0.08294,
        "precision_at_1000": 0.0212,
        "mrr_at_1": 0.479876,
        "mrr_at_3": 0.534056,
        "mrr_at_5": 0.54257,
        "mrr_at_10": 0.550896,
        "mrr_at_20": 0.555734,
        "mrr_at_100": 0.557799,
        "mrr_at_1000": 0.558179,
        "nauc_ndcg_at_1_max": 0.550069,
        "nauc_ndcg_at_1_std": 0.249811,
        "nauc_ndcg_at_1_diff1": 0.344892,
        "nauc_ndcg_at_3_max": 0.533993,
        "nauc_ndcg_at_3_std": 0.274866,
        "nauc_ndcg_at_3_diff1": 0.238586,
        "nauc_ndcg_at_5_max": 0.535762,
        "nauc_ndcg_at_5_std": 0.286594,
        "nauc_ndcg_at_5_diff1": 0.210264,
        "nauc_ndcg_at_10_max": 0.506102,
        "nauc_ndcg_at_10_std": 0.286939,
        "nauc_ndcg_at_10_diff1": 0.17857,
        "nauc_ndcg_at_20_max": 0.496946,
        "nauc_ndcg_at_20_std": 0.273571,
        "nauc_ndcg_at_20_diff1": 0.179046,
        "nauc_ndcg_at_100_max": 0.51896,
        "nauc_ndcg_at_100_std": 0.28743,
        "nauc_ndcg_at_100_diff1": 0.219474,
        "nauc_ndcg_at_1000_max": 0.570987,
        "nauc_ndcg_at_1000_std": 0.351774,
        "nauc_ndcg_at_1000_diff1": 0.225972,
        "nauc_map_at_1_max": 0.222683,
        "nauc_map_at_1_std": -0.177736,
        "nauc_map_at_1_diff1": 0.387419,
        "nauc_map_at_3_max": 0.259392,
        "nauc_map_at_3_std": -0.147979,
        "nauc_map_at_3_diff1": 0.321474,
        "nauc_map_at_5_max": 0.308503,
        "nauc_map_at_5_std": -0.101775,
        "nauc_map_at_5_diff1": 0.3138,
        "nauc_map_at_10_max": 0.356555,
        "nauc_map_at_10_std": -0.036482,
        "nauc_map_at_10_diff1": 0.293226,
        "nauc_map_at_20_max": 0.388742,
        "nauc_map_at_20_std": 0.023719,
        "nauc_map_at_20_diff1": 0.271008,
        "nauc_map_at_100_max": 0.422394,
        "nauc_map_at_100_std": 0.103144,
        "nauc_map_at_100_diff1": 0.24749,
        "nauc_map_at_1000_max": 0.431384,
        "nauc_map_at_1000_std": 0.140076,
        "nauc_map_at_1000_diff1": 0.232434,
        "nauc_recall_at_1_max": 0.222683,
        "nauc_recall_at_1_std": -0.177736,
        "nauc_recall_at_1_diff1": 0.387419,
        "nauc_recall_at_3_max": 0.225602,
        "nauc_recall_at_3_std": -0.144105,
        "nauc_recall_at_3_diff1": 0.271652,
        "nauc_recall_at_5_max": 0.267137,
        "nauc_recall_at_5_std": -0.098837,
        "nauc_recall_at_5_diff1": 0.266335,
        "nauc_recall_at_10_max": 0.306094,
        "nauc_recall_at_10_std": -0.035593,
        "nauc_recall_at_10_diff1": 0.250506,
        "nauc_recall_at_20_max": 0.321703,
        "nauc_recall_at_20_std": 0.035659,
        "nauc_recall_at_20_diff1": 0.222646,
        "nauc_recall_at_100_max": 0.310267,
        "nauc_recall_at_100_std": 0.164111,
        "nauc_recall_at_100_diff1": 0.165287,
        "nauc_recall_at_1000_max": 0.311127,
        "nauc_recall_at_1000_std": 0.230548,
        "nauc_recall_at_1000_diff1": 0.120087,
        "nauc_precision_at_1_max": 0.555733,
        "nauc_precision_at_1_std": 0.266395,
        "nauc_precision_at_1_diff1": 0.340121,
        "nauc_precision_at_3_max": 0.517907,
        "nauc_precision_at_3_std": 0.333127,
        "nauc_precision_at_3_diff1": 0.159967,
        "nauc_precision_at_5_max": 0.513967,
        "nauc_precision_at_5_std": 0.384454,
        "nauc_precision_at_5_diff1": 0.093984,
        "nauc_precision_at_10_max": 0.451429,
        "nauc_precision_at_10_std": 0.427387,
        "nauc_precision_at_10_diff1": 0.005404,
        "nauc_precision_at_20_max": 0.403641,
        "nauc_precision_at_20_std": 0.447189,
        "nauc_precision_at_20_diff1": -0.039725,
        "nauc_precision_at_100_max": 0.25344,
        "nauc_precision_at_100_std": 0.454885,
        "nauc_precision_at_100_diff1": -0.113041,
        "nauc_precision_at_1000_max": 0.104699,
        "nauc_precision_at_1000_std": 0.330719,
        "nauc_precision_at_1000_diff1": -0.128415,
        "nauc_mrr_at_1_max": 0.555733,
        "nauc_mrr_at_1_std": 0.266395,
        "nauc_mrr_at_1_diff1": 0.340121,
        "nauc_mrr_at_3_max": 0.580824,
        "nauc_mrr_at_3_std": 0.318357,
        "nauc_mrr_at_3_diff1": 0.306573,
        "nauc_mrr_at_5_max": 0.583754,
        "nauc_mrr_at_5_std": 0.318424,
        "nauc_mrr_at_5_diff1": 0.310549,
        "nauc_mrr_at_10_max": 0.588452,
        "nauc_mrr_at_10_std": 0.324647,
        "nauc_mrr_at_10_diff1": 0.316612,
        "nauc_mrr_at_20_max": 0.59076,
        "nauc_mrr_at_20_std": 0.327301,
        "nauc_mrr_at_20_diff1": 0.317073,
        "nauc_mrr_at_100_max": 0.590535,
        "nauc_mrr_at_100_std": 0.327877,
        "nauc_mrr_at_100_diff1": 0.318474,
        "nauc_mrr_at_1000_max": 0.590317,
        "nauc_mrr_at_1000_std": 0.327515,
        "nauc_mrr_at_1000_diff1": 0.318373,
        "main_score": 0.343,
        "hf_subset": "default",
        "languages": [
          "eng-Latn"
        ]
      }
    ]
  },
  "evaluation_time": 18.965796947479248,
  "kg_co2_emissions": null
}