{
  "dataset_revision": "f8c2fcf00f625baaa80f62ec5bd9e1fff3b8ae88",
  "task_name": "SCIDOCS",
  "mteb_version": "1.34.8",
  "scores": {
    "test": [
      {
        "ndcg_at_1": 0.266,
        "ndcg_at_3": 0.21034,
        "ndcg_at_5": 0.18274,
        "ndcg_at_10": 0.22035,
        "ndcg_at_20": 0.25133,
        "ndcg_at_100": 0.30931,
        "ndcg_at_1000": 0.36753,
        "map_at_1": 0.05408,
        "map_at_3": 0.09567,
        "map_at_5": 0.11455,
        "map_at_10": 0.13397,
        "map_at_20": 0.14511,
        "map_at_100": 0.15705,
        "map_at_1000": 0.16051,
        "recall_at_1": 0.05408,
        "recall_at_3": 0.11788,
        "recall_at_5": 0.16043,
        "recall_at_10": 0.22972,
        "recall_at_20": 0.3028,
        "recall_at_100": 0.49067,
        "recall_at_1000": 0.7755,
        "precision_at_1": 0.266,
        "precision_at_3": 0.194,
        "precision_at_5": 0.1582,
        "precision_at_10": 0.1133,
        "precision_at_20": 0.0747,
        "precision_at_100": 0.02415,
        "precision_at_1000": 0.00382,
        "mrr_at_1": 0.266,
        "mrr_at_3": 0.34,
        "mrr_at_5": 0.35775,
        "mrr_at_10": 0.373246,
        "mrr_at_20": 0.380833,
        "mrr_at_100": 0.385412,
        "mrr_at_1000": 0.385809,
        "nauc_ndcg_at_1_max": 0.34033,
        "nauc_ndcg_at_1_std": 0.088283,
        "nauc_ndcg_at_1_diff1": 0.19739,
        "nauc_ndcg_at_3_max": 0.390488,
        "nauc_ndcg_at_3_std": 0.125939,
        "nauc_ndcg_at_3_diff1": 0.164185,
        "nauc_ndcg_at_5_max": 0.40249,
        "nauc_ndcg_at_5_std": 0.153546,
        "nauc_ndcg_at_5_diff1": 0.142337,
        "nauc_ndcg_at_10_max": 0.422301,
        "nauc_ndcg_at_10_std": 0.182809,
        "nauc_ndcg_at_10_diff1": 0.125172,
        "nauc_ndcg_at_20_max": 0.443799,
        "nauc_ndcg_at_20_std": 0.21592,
        "nauc_ndcg_at_20_diff1": 0.122633,
        "nauc_ndcg_at_100_max": 0.461647,
        "nauc_ndcg_at_100_std": 0.278733,
        "nauc_ndcg_at_100_diff1": 0.103923,
        "nauc_ndcg_at_1000_max": 0.456211,
        "nauc_ndcg_at_1000_std": 0.272973,
        "nauc_ndcg_at_1000_diff1": 0.104813,
        "nauc_map_at_1_max": 0.330549,
        "nauc_map_at_1_std": 0.084313,
        "nauc_map_at_1_diff1": 0.189568,
        "nauc_map_at_3_max": 0.386405,
        "nauc_map_at_3_std": 0.114646,
        "nauc_map_at_3_diff1": 0.151136,
        "nauc_map_at_5_max": 0.403484,
        "nauc_map_at_5_std": 0.146509,
        "nauc_map_at_5_diff1": 0.138649,
        "nauc_map_at_10_max": 0.417527,
        "nauc_map_at_10_std": 0.167496,
        "nauc_map_at_10_diff1": 0.12601,
        "nauc_map_at_20_max": 0.432645,
        "nauc_map_at_20_std": 0.189797,
        "nauc_map_at_20_diff1": 0.120408,
        "nauc_map_at_100_max": 0.443545,
        "nauc_map_at_100_std": 0.212969,
        "nauc_map_at_100_diff1": 0.117016,
        "nauc_map_at_1000_max": 0.444115,
        "nauc_map_at_1000_std": 0.214291,
        "nauc_map_at_1000_diff1": 0.116981,
        "nauc_recall_at_1_max": 0.330549,
        "nauc_recall_at_1_std": 0.084313,
        "nauc_recall_at_1_diff1": 0.189568,
        "nauc_recall_at_3_max": 0.40104,
        "nauc_recall_at_3_std": 0.139581,
        "nauc_recall_at_3_diff1": 0.145563,
        "nauc_recall_at_5_max": 0.404091,
        "nauc_recall_at_5_std": 0.179901,
        "nauc_recall_at_5_diff1": 0.107957,
        "nauc_recall_at_10_max": 0.420404,
        "nauc_recall_at_10_std": 0.221795,
        "nauc_recall_at_10_diff1": 0.076054,
        "nauc_recall_at_20_max": 0.435966,
        "nauc_recall_at_20_std": 0.275946,
        "nauc_recall_at_20_diff1": 0.067551,
        "nauc_recall_at_100_max": 0.414027,
        "nauc_recall_at_100_std": 0.405191,
        "nauc_recall_at_100_diff1": -0.000442,
        "nauc_recall_at_1000_max": 0.344378,
        "nauc_recall_at_1000_std": 0.409493,
        "nauc_recall_at_1000_diff1": -0.044845,
        "nauc_precision_at_1_max": 0.34033,
        "nauc_precision_at_1_std": 0.088283,
        "nauc_precision_at_1_diff1": 0.19739,
        "nauc_precision_at_3_max": 0.408435,
        "nauc_precision_at_3_std": 0.14426,
        "nauc_precision_at_3_diff1": 0.150567,
        "nauc_precision_at_5_max": 0.410988,
        "nauc_precision_at_5_std": 0.183558,
        "nauc_precision_at_5_diff1": 0.112691,
        "nauc_precision_at_10_max": 0.426765,
        "nauc_precision_at_10_std": 0.224637,
        "nauc_precision_at_10_diff1": 0.081064,
        "nauc_precision_at_20_max": 0.442384,
        "nauc_precision_at_20_std": 0.279941,
        "nauc_precision_at_20_diff1": 0.071715,
        "nauc_precision_at_100_max": 0.422819,
        "nauc_precision_at_100_std": 0.407794,
        "nauc_precision_at_100_diff1": 0.005995,
        "nauc_precision_at_1000_max": 0.346266,
        "nauc_precision_at_1000_std": 0.40007,
        "nauc_precision_at_1000_diff1": -0.033114,
        "nauc_mrr_at_1_max": 0.34033,
        "nauc_mrr_at_1_std": 0.088283,
        "nauc_mrr_at_1_diff1": 0.19739,
        "nauc_mrr_at_3_max": 0.367894,
        "nauc_mrr_at_3_std": 0.117373,
        "nauc_mrr_at_3_diff1": 0.192065,
        "nauc_mrr_at_5_max": 0.368591,
        "nauc_mrr_at_5_std": 0.126065,
        "nauc_mrr_at_5_diff1": 0.178276,
        "nauc_mrr_at_10_max": 0.37735,
        "nauc_mrr_at_10_std": 0.134823,
        "nauc_mrr_at_10_diff1": 0.177603,
        "nauc_mrr_at_20_max": 0.377251,
        "nauc_mrr_at_20_std": 0.134016,
        "nauc_mrr_at_20_diff1": 0.180678,
        "nauc_mrr_at_100_max": 0.37622,
        "nauc_mrr_at_100_std": 0.134133,
        "nauc_mrr_at_100_diff1": 0.180006,
        "nauc_mrr_at_1000_max": 0.376033,
        "nauc_mrr_at_1000_std": 0.133797,
        "nauc_mrr_at_1000_diff1": 0.180001,
        "main_score": 0.22035,
        "hf_subset": "default",
        "languages": [
          "eng-Latn"
        ]
      }
    ]
  },
  "evaluation_time": 115.31987428665161,
  "kg_co2_emissions": null
}