{
  "dataset_revision": "0228b52cf27578f30900b9e5271d331663a030d7",
  "task_name": "SciFact",
  "mteb_version": "1.34.8",
  "scores": {
    "test": [
      {
        "ndcg_at_1": 0.66,
        "ndcg_at_3": 0.72201,
        "ndcg_at_5": 0.74533,
        "ndcg_at_10": 0.77054,
        "ndcg_at_20": 0.78175,
        "ndcg_at_100": 0.78962,
        "ndcg_at_1000": 0.79311,
        "map_at_1": 0.62661,
        "map_at_3": 0.69546,
        "map_at_5": 0.71251,
        "map_at_10": 0.72507,
        "map_at_20": 0.72862,
        "map_at_100": 0.73014,
        "map_at_1000": 0.73032,
        "recall_at_1": 0.62661,
        "recall_at_3": 0.76378,
        "recall_at_5": 0.82328,
        "recall_at_10": 0.89589,
        "recall_at_20": 0.93767,
        "recall_at_100": 0.975,
        "recall_at_1000": 1.0,
        "precision_at_1": 0.66,
        "precision_at_3": 0.27889,
        "precision_at_5": 0.18333,
        "precision_at_10": 0.101,
        "precision_at_20": 0.05317,
        "precision_at_100": 0.01103,
        "precision_at_1000": 0.00113,
        "mrr_at_1": 0.66,
        "mrr_at_3": 0.718889,
        "mrr_at_5": 0.730389,
        "mrr_at_10": 0.739225,
        "mrr_at_20": 0.741859,
        "mrr_at_100": 0.743253,
        "mrr_at_1000": 0.743404,
        "nauc_ndcg_at_1_max": 0.582855,
        "nauc_ndcg_at_1_std": -0.172337,
        "nauc_ndcg_at_1_diff1": 0.70113,
        "nauc_ndcg_at_3_max": 0.611526,
        "nauc_ndcg_at_3_std": -0.135885,
        "nauc_ndcg_at_3_diff1": 0.68545,
        "nauc_ndcg_at_5_max": 0.62499,
        "nauc_ndcg_at_5_std": -0.140631,
        "nauc_ndcg_at_5_diff1": 0.685131,
        "nauc_ndcg_at_10_max": 0.639927,
        "nauc_ndcg_at_10_std": -0.1054,
        "nauc_ndcg_at_10_diff1": 0.684402,
        "nauc_ndcg_at_20_max": 0.639034,
        "nauc_ndcg_at_20_std": -0.090829,
        "nauc_ndcg_at_20_diff1": 0.683877,
        "nauc_ndcg_at_100_max": 0.629898,
        "nauc_ndcg_at_100_std": -0.102741,
        "nauc_ndcg_at_100_diff1": 0.684895,
        "nauc_ndcg_at_1000_max": 0.624474,
        "nauc_ndcg_at_1000_std": -0.116666,
        "nauc_ndcg_at_1000_diff1": 0.686279,
        "nauc_map_at_1_max": 0.490666,
        "nauc_map_at_1_std": -0.27048,
        "nauc_map_at_1_diff1": 0.70941,
        "nauc_map_at_3_max": 0.566452,
        "nauc_map_at_3_std": -0.191992,
        "nauc_map_at_3_diff1": 0.694562,
        "nauc_map_at_5_max": 0.58473,
        "nauc_map_at_5_std": -0.177473,
        "nauc_map_at_5_diff1": 0.692022,
        "nauc_map_at_10_max": 0.598538,
        "nauc_map_at_10_std": -0.156599,
        "nauc_map_at_10_diff1": 0.691184,
        "nauc_map_at_20_max": 0.598793,
        "nauc_map_at_20_std": -0.151892,
        "nauc_map_at_20_diff1": 0.691142,
        "nauc_map_at_100_max": 0.597337,
        "nauc_map_at_100_std": -0.153329,
        "nauc_map_at_100_diff1": 0.691141,
        "nauc_map_at_1000_max": 0.597055,
        "nauc_map_at_1000_std": -0.15396,
        "nauc_map_at_1000_diff1": 0.691139,
        "nauc_recall_at_1_max": 0.490666,
        "nauc_recall_at_1_std": -0.27048,
        "nauc_recall_at_1_diff1": 0.70941,
        "nauc_recall_at_3_max": 0.61596,
        "nauc_recall_at_3_std": -0.120518,
        "nauc_recall_at_3_diff1": 0.670065,
        "nauc_recall_at_5_max": 0.688661,
        "nauc_recall_at_5_std": -0.093734,
        "nauc_recall_at_5_diff1": 0.651498,
        "nauc_recall_at_10_max": 0.780344,
        "nauc_recall_at_10_std": 0.088214,
        "nauc_recall_at_10_diff1": 0.641354,
        "nauc_recall_at_20_max": 0.862296,
        "nauc_recall_at_20_std": 0.3721,
        "nauc_recall_at_20_diff1": 0.619677,
        "nauc_recall_at_100_max": 0.877373,
        "nauc_recall_at_100_std": 0.600747,
        "nauc_recall_at_100_diff1": 0.575537,
        "nauc_recall_at_1000_max": NaN,
        "nauc_recall_at_1000_std": NaN,
        "nauc_recall_at_1000_diff1": NaN,
        "nauc_precision_at_1_max": 0.582855,
        "nauc_precision_at_1_std": -0.172337,
        "nauc_precision_at_1_diff1": 0.70113,
        "nauc_precision_at_3_max": 0.629867,
        "nauc_precision_at_3_std": 0.206777,
        "nauc_precision_at_3_diff1": 0.387094,
        "nauc_precision_at_5_max": 0.57038,
        "nauc_precision_at_5_std": 0.309231,
        "nauc_precision_at_5_diff1": 0.213311,
        "nauc_precision_at_10_max": 0.50881,
        "nauc_precision_at_10_std": 0.504273,
        "nauc_precision_at_10_diff1": 0.023415,
        "nauc_precision_at_20_max": 0.4192,
        "nauc_precision_at_20_std": 0.604024,
        "nauc_precision_at_20_diff1": -0.098195,
        "nauc_precision_at_100_max": 0.34041,
        "nauc_precision_at_100_std": 0.659577,
        "nauc_precision_at_100_diff1": -0.219589,
        "nauc_precision_at_1000_max": 0.263421,
        "nauc_precision_at_1000_std": 0.637902,
        "nauc_precision_at_1000_diff1": -0.306626,
        "nauc_mrr_at_1_max": 0.582855,
        "nauc_mrr_at_1_std": -0.172337,
        "nauc_mrr_at_1_diff1": 0.70113,
        "nauc_mrr_at_3_max": 0.633985,
        "nauc_mrr_at_3_std": -0.113511,
        "nauc_mrr_at_3_diff1": 0.687679,
        "nauc_mrr_at_5_max": 0.640735,
        "nauc_mrr_at_5_std": -0.113199,
        "nauc_mrr_at_5_diff1": 0.685833,
        "nauc_mrr_at_10_max": 0.637683,
        "nauc_mrr_at_10_std": -0.107866,
        "nauc_mrr_at_10_diff1": 0.685851,
        "nauc_mrr_at_20_max": 0.636187,
        "nauc_mrr_at_20_std": -0.107744,
        "nauc_mrr_at_20_diff1": 0.685904,
        "nauc_mrr_at_100_max": 0.634796,
        "nauc_mrr_at_100_std": -0.109571,
        "nauc_mrr_at_100_diff1": 0.686153,
        "nauc_mrr_at_1000_max": 0.634612,
        "nauc_mrr_at_1000_std": -0.11005,
        "nauc_mrr_at_1000_diff1": 0.68622,
        "main_score": 0.77054,
        "hf_subset": "default",
        "languages": [
          "eng-Latn"
        ]
      }
    ]
  },
  "evaluation_time": 25.49179196357727,
  "kg_co2_emissions": null
}