{
  "dataset_revision": "f22508f96b7a36c2415181ed8bb76f76e04ae2d5",
  "task_name": "AppsRetrieval",
  "mteb_version": "1.34.8",
  "scores": {
    "test": [
      {
        "ndcg_at_1": 0.05073,
        "ndcg_at_3": 0.0689,
        "ndcg_at_5": 0.0758,
        "ndcg_at_10": 0.08497,
        "ndcg_at_20": 0.09407,
        "ndcg_at_100": 0.11735,
        "ndcg_at_1000": 0.15818,
        "map_at_1": 0.05073,
        "map_at_3": 0.06436,
        "map_at_5": 0.06819,
        "map_at_10": 0.07197,
        "map_at_20": 0.07452,
        "map_at_100": 0.07738,
        "map_at_1000": 0.07857,
        "recall_at_1": 0.05073,
        "recall_at_3": 0.08207,
        "recall_at_5": 0.0988,
        "recall_at_10": 0.12722,
        "recall_at_20": 0.16282,
        "recall_at_100": 0.29376,
        "recall_at_1000": 0.63506,
        "precision_at_1": 0.05073,
        "precision_at_3": 0.02736,
        "precision_at_5": 0.01976,
        "precision_at_10": 0.01272,
        "precision_at_20": 0.00814,
        "precision_at_100": 0.00294,
        "precision_at_1000": 0.00064,
        "mrr_at_1": 0.05073,
        "mrr_at_3": 0.064365,
        "mrr_at_5": 0.068189,
        "mrr_at_10": 0.071968,
        "mrr_at_20": 0.074515,
        "mrr_at_100": 0.077375,
        "mrr_at_1000": 0.078572,
        "nauc_ndcg_at_1_max": 0.322085,
        "nauc_ndcg_at_1_std": 0.007642,
        "nauc_ndcg_at_1_diff1": 0.363888,
        "nauc_ndcg_at_3_max": 0.32021,
        "nauc_ndcg_at_3_std": 0.026398,
        "nauc_ndcg_at_3_diff1": 0.284721,
        "nauc_ndcg_at_5_max": 0.30134,
        "nauc_ndcg_at_5_std": 0.032804,
        "nauc_ndcg_at_5_diff1": 0.251277,
        "nauc_ndcg_at_10_max": 0.287736,
        "nauc_ndcg_at_10_std": 0.034271,
        "nauc_ndcg_at_10_diff1": 0.223001,
        "nauc_ndcg_at_20_max": 0.280353,
        "nauc_ndcg_at_20_std": 0.04388,
        "nauc_ndcg_at_20_diff1": 0.204901,
        "nauc_ndcg_at_100_max": 0.269639,
        "nauc_ndcg_at_100_std": 0.054675,
        "nauc_ndcg_at_100_diff1": 0.172588,
        "nauc_ndcg_at_1000_max": 0.272225,
        "nauc_ndcg_at_1000_std": 0.067268,
        "nauc_ndcg_at_1000_diff1": 0.167506,
        "nauc_map_at_1_max": 0.322085,
        "nauc_map_at_1_std": 0.007642,
        "nauc_map_at_1_diff1": 0.363888,
        "nauc_map_at_3_max": 0.320626,
        "nauc_map_at_3_std": 0.023155,
        "nauc_map_at_3_diff1": 0.299351,
        "nauc_map_at_5_max": 0.308965,
        "nauc_map_at_5_std": 0.027232,
        "nauc_map_at_5_diff1": 0.277992,
        "nauc_map_at_10_max": 0.301795,
        "nauc_map_at_10_std": 0.028063,
        "nauc_map_at_10_diff1": 0.263277,
        "nauc_map_at_20_max": 0.298894,
        "nauc_map_at_20_std": 0.031442,
        "nauc_map_at_20_diff1": 0.256263,
        "nauc_map_at_100_max": 0.296637,
        "nauc_map_at_100_std": 0.033503,
        "nauc_map_at_100_diff1": 0.249776,
        "nauc_map_at_1000_max": 0.296666,
        "nauc_map_at_1000_std": 0.034138,
        "nauc_map_at_1000_diff1": 0.249317,
        "nauc_recall_at_1_max": 0.322085,
        "nauc_recall_at_1_std": 0.007642,
        "nauc_recall_at_1_diff1": 0.363888,
        "nauc_recall_at_3_max": 0.319248,
        "nauc_recall_at_3_std": 0.033634,
        "nauc_recall_at_3_diff1": 0.251746,
        "nauc_recall_at_5_max": 0.28426,
        "nauc_recall_at_5_std": 0.0445,
        "nauc_recall_at_5_diff1": 0.19478,
        "nauc_recall_at_10_max": 0.259023,
        "nauc_recall_at_10_std": 0.046045,
        "nauc_recall_at_10_diff1": 0.143926,
        "nauc_recall_at_20_max": 0.246056,
        "nauc_recall_at_20_std": 0.067615,
        "nauc_recall_at_20_diff1": 0.112753,
        "nauc_recall_at_100_max": 0.226871,
        "nauc_recall_at_100_std": 0.09117,
        "nauc_recall_at_100_diff1": 0.049691,
        "nauc_recall_at_1000_max": 0.233986,
        "nauc_recall_at_1000_std": 0.152401,
        "nauc_recall_at_1000_diff1": 0.01313,
        "nauc_precision_at_1_max": 0.322085,
        "nauc_precision_at_1_std": 0.007642,
        "nauc_precision_at_1_diff1": 0.363888,
        "nauc_precision_at_3_max": 0.319248,
        "nauc_precision_at_3_std": 0.033634,
        "nauc_precision_at_3_diff1": 0.251746,
        "nauc_precision_at_5_max": 0.28426,
        "nauc_precision_at_5_std": 0.0445,
        "nauc_precision_at_5_diff1": 0.19478,
        "nauc_precision_at_10_max": 0.259023,
        "nauc_precision_at_10_std": 0.046045,
        "nauc_precision_at_10_diff1": 0.143926,
        "nauc_precision_at_20_max": 0.246056,
        "nauc_precision_at_20_std": 0.067615,
        "nauc_precision_at_20_diff1": 0.112753,
        "nauc_precision_at_100_max": 0.226871,
        "nauc_precision_at_100_std": 0.09117,
        "nauc_precision_at_100_diff1": 0.049691,
        "nauc_precision_at_1000_max": 0.233986,
        "nauc_precision_at_1000_std": 0.152401,
        "nauc_precision_at_1000_diff1": 0.01313,
        "nauc_mrr_at_1_max": 0.322085,
        "nauc_mrr_at_1_std": 0.007642,
        "nauc_mrr_at_1_diff1": 0.363888,
        "nauc_mrr_at_3_max": 0.320626,
        "nauc_mrr_at_3_std": 0.023155,
        "nauc_mrr_at_3_diff1": 0.299351,
        "nauc_mrr_at_5_max": 0.308965,
        "nauc_mrr_at_5_std": 0.027232,
        "nauc_mrr_at_5_diff1": 0.277992,
        "nauc_mrr_at_10_max": 0.301795,
        "nauc_mrr_at_10_std": 0.028063,
        "nauc_mrr_at_10_diff1": 0.263277,
        "nauc_mrr_at_20_max": 0.298894,
        "nauc_mrr_at_20_std": 0.031442,
        "nauc_mrr_at_20_diff1": 0.256263,
        "nauc_mrr_at_100_max": 0.296637,
        "nauc_mrr_at_100_std": 0.033503,
        "nauc_mrr_at_100_diff1": 0.249776,
        "nauc_mrr_at_1000_max": 0.296666,
        "nauc_mrr_at_1000_std": 0.034138,
        "nauc_mrr_at_1000_diff1": 0.249317,
        "main_score": 0.08497,
        "hf_subset": "default",
        "languages": [
          "eng-Latn",
          "python-Code"
        ]
      }
    ]
  },
  "evaluation_time": 33.783432722091675,
  "kg_co2_emissions": null
}