{
  "dataset_revision": "5d958fb6b31055495347724d46431ba41309b03a",
  "task_name": "ChemNQRetrieval",
  "mteb_version": "1.34.8",
  "scores": {
    "test": [
      {
        "ndcg_at_1": 0.25926,
        "ndcg_at_3": 0.30271,
        "ndcg_at_5": 0.37305,
        "ndcg_at_10": 0.42608,
        "ndcg_at_20": 0.45089,
        "ndcg_at_100": 0.4825,
        "ndcg_at_1000": 0.4917,
        "map_at_1": 0.17901,
        "map_at_3": 0.26543,
        "map_at_5": 0.30802,
        "map_at_10": 0.33279,
        "map_at_20": 0.34087,
        "map_at_100": 0.34577,
        "map_at_1000": 0.34606,
        "recall_at_1": 0.17901,
        "recall_at_3": 0.35802,
        "recall_at_5": 0.52469,
        "recall_at_10": 0.67284,
        "recall_at_20": 0.75926,
        "recall_at_100": 0.92593,
        "recall_at_1000": 1.0,
        "precision_at_1": 0.25926,
        "precision_at_3": 0.16049,
        "precision_at_5": 0.13333,
        "precision_at_10": 0.08889,
        "precision_at_20": 0.05185,
        "precision_at_100": 0.01222,
        "precision_at_1000": 0.0013,
        "mrr_at_1": 0.259259,
        "mrr_at_3": 0.320988,
        "mrr_at_5": 0.354321,
        "mrr_at_10": 0.372986,
        "mrr_at_20": 0.378481,
        "mrr_at_100": 0.381777,
        "mrr_at_1000": 0.382062,
        "nauc_ndcg_at_1_max": 0.509545,
        "nauc_ndcg_at_1_std": 0.016769,
        "nauc_ndcg_at_1_diff1": 0.147049,
        "nauc_ndcg_at_3_max": 0.475883,
        "nauc_ndcg_at_3_std": -0.202188,
        "nauc_ndcg_at_3_diff1": 0.157624,
        "nauc_ndcg_at_5_max": 0.521678,
        "nauc_ndcg_at_5_std": -0.110314,
        "nauc_ndcg_at_5_diff1": 0.086258,
        "nauc_ndcg_at_10_max": 0.521699,
        "nauc_ndcg_at_10_std": -0.174334,
        "nauc_ndcg_at_10_diff1": 0.09713,
        "nauc_ndcg_at_20_max": 0.52462,
        "nauc_ndcg_at_20_std": -0.099671,
        "nauc_ndcg_at_20_diff1": 0.136788,
        "nauc_ndcg_at_100_max": 0.507498,
        "nauc_ndcg_at_100_std": -0.065011,
        "nauc_ndcg_at_100_diff1": 0.12022,
        "nauc_ndcg_at_1000_max": 0.51034,
        "nauc_ndcg_at_1000_std": -0.091305,
        "nauc_ndcg_at_1000_diff1": 0.133744,
        "nauc_map_at_1_max": 0.60326,
        "nauc_map_at_1_std": -0.078625,
        "nauc_map_at_1_diff1": 0.084742,
        "nauc_map_at_3_max": 0.509163,
        "nauc_map_at_3_std": -0.161636,
        "nauc_map_at_3_diff1": 0.160006,
        "nauc_map_at_5_max": 0.542222,
        "nauc_map_at_5_std": -0.103913,
        "nauc_map_at_5_diff1": 0.110134,
        "nauc_map_at_10_max": 0.53458,
        "nauc_map_at_10_std": -0.143552,
        "nauc_map_at_10_diff1": 0.111555,
        "nauc_map_at_20_max": 0.532385,
        "nauc_map_at_20_std": -0.115891,
        "nauc_map_at_20_diff1": 0.127976,
        "nauc_map_at_100_max": 0.530594,
        "nauc_map_at_100_std": -0.112066,
        "nauc_map_at_100_diff1": 0.126874,
        "nauc_map_at_1000_max": 0.530636,
        "nauc_map_at_1000_std": -0.112834,
        "nauc_map_at_1000_diff1": 0.127308,
        "nauc_recall_at_1_max": 0.60326,
        "nauc_recall_at_1_std": -0.078625,
        "nauc_recall_at_1_diff1": 0.084742,
        "nauc_recall_at_3_max": 0.417141,
        "nauc_recall_at_3_std": -0.342293,
        "nauc_recall_at_3_diff1": 0.106493,
        "nauc_recall_at_5_max": 0.495557,
        "nauc_recall_at_5_std": -0.148279,
        "nauc_recall_at_5_diff1": -0.039894,
        "nauc_recall_at_10_max": 0.548983,
        "nauc_recall_at_10_std": -0.33757,
        "nauc_recall_at_10_diff1": -0.006268,
        "nauc_recall_at_20_max": 0.606484,
        "nauc_recall_at_20_std": -0.090803,
        "nauc_recall_at_20_diff1": 0.128517,
        "nauc_recall_at_100_max": 0.418234,
        "nauc_recall_at_100_std": 0.639671,
        "nauc_recall_at_100_diff1": -0.229708,
        "nauc_recall_at_1000_max": NaN,
        "nauc_recall_at_1000_std": NaN,
        "nauc_recall_at_1000_diff1": NaN,
        "nauc_precision_at_1_max": 0.509545,
        "nauc_precision_at_1_std": 0.016769,
        "nauc_precision_at_1_diff1": 0.147049,
        "nauc_precision_at_3_max": 0.339555,
        "nauc_precision_at_3_std": -0.112992,
        "nauc_precision_at_3_diff1": 0.18945,
        "nauc_precision_at_5_max": 0.379786,
        "nauc_precision_at_5_std": 0.036086,
        "nauc_precision_at_5_diff1": 0.067542,
        "nauc_precision_at_10_max": 0.263548,
        "nauc_precision_at_10_std": -0.106347,
        "nauc_precision_at_10_diff1": 0.040263,
        "nauc_precision_at_20_max": 0.183401,
        "nauc_precision_at_20_std": 0.214915,
        "nauc_precision_at_20_diff1": 0.202007,
        "nauc_precision_at_100_max": -0.011808,
        "nauc_precision_at_100_std": 0.431885,
        "nauc_precision_at_100_diff1": 0.15911,
        "nauc_precision_at_1000_max": -0.09364,
        "nauc_precision_at_1000_std": 0.392345,
        "nauc_precision_at_1000_diff1": 0.233098,
        "nauc_mrr_at_1_max": 0.509545,
        "nauc_mrr_at_1_std": 0.016769,
        "nauc_mrr_at_1_diff1": 0.147049,
        "nauc_mrr_at_3_max": 0.45138,
        "nauc_mrr_at_3_std": -0.12513,
        "nauc_mrr_at_3_diff1": 0.179362,
        "nauc_mrr_at_5_max": 0.474812,
        "nauc_mrr_at_5_std": -0.081185,
        "nauc_mrr_at_5_diff1": 0.148633,
        "nauc_mrr_at_10_max": 0.479233,
        "nauc_mrr_at_10_std": -0.090592,
        "nauc_mrr_at_10_diff1": 0.155414,
        "nauc_mrr_at_20_max": 0.483757,
        "nauc_mrr_at_20_std": -0.07929,
        "nauc_mrr_at_20_diff1": 0.159455,
        "nauc_mrr_at_100_max": 0.482642,
        "nauc_mrr_at_100_std": -0.078013,
        "nauc_mrr_at_100_diff1": 0.1574,
        "nauc_mrr_at_1000_max": 0.482637,
        "nauc_mrr_at_1000_std": -0.078671,
        "nauc_mrr_at_1000_diff1": 0.157816,
        "main_score": 0.42608,
        "hf_subset": "default",
        "languages": [
          "eng-Latn"
        ]
      }
    ]
  },
  "evaluation_time": 23.825944423675537,
  "kg_co2_emissions": null
}