{
  "dataset_revision": "4adc7bc41202b5c13543c9c886a25f340634dab3",
  "task_name": "COIRCodeSearchNetRetrieval",
  "mteb_version": "1.34.8",
  "scores": {
    "test": [
      {
        "ndcg_at_1": 0.69292,
        "ndcg_at_3": 0.75539,
        "ndcg_at_5": 0.76885,
        "ndcg_at_10": 0.78133,
        "ndcg_at_20": 0.78869,
        "ndcg_at_100": 0.79828,
        "ndcg_at_1000": 0.80276,
        "map_at_1": 0.69292,
        "map_at_3": 0.74062,
        "map_at_5": 0.74808,
        "map_at_10": 0.75326,
        "map_at_20": 0.75529,
        "map_at_100": 0.75665,
        "map_at_1000": 0.75681,
        "recall_at_1": 0.69292,
        "recall_at_3": 0.7979,
        "recall_at_5": 0.83061,
        "recall_at_10": 0.86902,
        "recall_at_20": 0.89804,
        "recall_at_100": 0.94932,
        "recall_at_1000": 0.98472,
        "precision_at_1": 0.69292,
        "precision_at_3": 0.26597,
        "precision_at_5": 0.16612,
        "precision_at_10": 0.0869,
        "precision_at_20": 0.0449,
        "precision_at_100": 0.00949,
        "precision_at_1000": 0.00098,
        "mrr_at_1": 0.69272,
        "mrr_at_3": 0.740504,
        "mrr_at_5": 0.747964,
        "mrr_at_10": 0.753151,
        "mrr_at_20": 0.75518,
        "mrr_at_100": 0.756538,
        "mrr_at_1000": 0.756703,
        "nauc_ndcg_at_1_max": 0.693191,
        "nauc_ndcg_at_1_std": -0.026292,
        "nauc_ndcg_at_1_diff1": 0.82236,
        "nauc_ndcg_at_3_max": 0.713444,
        "nauc_ndcg_at_3_std": -0.010018,
        "nauc_ndcg_at_3_diff1": 0.790912,
        "nauc_ndcg_at_5_max": 0.712858,
        "nauc_ndcg_at_5_std": -0.00319,
        "nauc_ndcg_at_5_diff1": 0.789172,
        "nauc_ndcg_at_10_max": 0.71219,
        "nauc_ndcg_at_10_std": 0.003738,
        "nauc_ndcg_at_10_diff1": 0.788581,
        "nauc_ndcg_at_20_max": 0.711245,
        "nauc_ndcg_at_20_std": 0.00798,
        "nauc_ndcg_at_20_diff1": 0.787803,
        "nauc_ndcg_at_100_max": 0.711883,
        "nauc_ndcg_at_100_std": 0.008116,
        "nauc_ndcg_at_100_diff1": 0.791611,
        "nauc_ndcg_at_1000_max": 0.711335,
        "nauc_ndcg_at_1000_std": 0.004767,
        "nauc_ndcg_at_1000_diff1": 0.793385,
        "nauc_map_at_1_max": 0.693191,
        "nauc_map_at_1_std": -0.026292,
        "nauc_map_at_1_diff1": 0.82236,
        "nauc_map_at_3_max": 0.709039,
        "nauc_map_at_3_std": -0.014476,
        "nauc_map_at_3_diff1": 0.799349,
        "nauc_map_at_5_max": 0.708606,
        "nauc_map_at_5_std": -0.011183,
        "nauc_map_at_5_diff1": 0.7987,
        "nauc_map_at_10_max": 0.708269,
        "nauc_map_at_10_std": -0.00879,
        "nauc_map_at_10_diff1": 0.798645,
        "nauc_map_at_20_max": 0.708006,
        "nauc_map_at_20_std": -0.007939,
        "nauc_map_at_20_diff1": 0.798548,
        "nauc_map_at_100_max": 0.708069,
        "nauc_map_at_100_std": -0.007938,
        "nauc_map_at_100_diff1": 0.799058,
        "nauc_map_at_1000_max": 0.708055,
        "nauc_map_at_1000_std": -0.008021,
        "nauc_map_at_1000_diff1": 0.799118,
        "nauc_recall_at_1_max": 0.693191,
        "nauc_recall_at_1_std": -0.026292,
        "nauc_recall_at_1_diff1": 0.82236,
        "nauc_recall_at_3_max": 0.728301,
        "nauc_recall_at_3_std": 0.005611,
        "nauc_recall_at_3_diff1": 0.761432,
        "nauc_recall_at_5_max": 0.729096,
        "nauc_recall_at_5_std": 0.030349,
        "nauc_recall_at_5_diff1": 0.750762,
        "nauc_recall_at_10_max": 0.730201,
        "nauc_recall_at_10_std": 0.072433,
        "nauc_recall_at_10_diff1": 0.738141,
        "nauc_recall_at_20_max": 0.727737,
        "nauc_recall_at_20_std": 0.121838,
        "nauc_recall_at_20_diff1": 0.719763,
        "nauc_recall_at_100_max": 0.755844,
        "nauc_recall_at_100_std": 0.233737,
        "nauc_recall_at_100_diff1": 0.724039,
        "nauc_recall_at_1000_max": 0.80305,
        "nauc_recall_at_1000_std": 0.426964,
        "nauc_recall_at_1000_diff1": 0.728159,
        "nauc_precision_at_1_max": 0.693191,
        "nauc_precision_at_1_std": -0.026292,
        "nauc_precision_at_1_diff1": 0.82236,
        "nauc_precision_at_3_max": 0.728301,
        "nauc_precision_at_3_std": 0.005611,
        "nauc_precision_at_3_diff1": 0.761432,
        "nauc_precision_at_5_max": 0.729096,
        "nauc_precision_at_5_std": 0.030349,
        "nauc_precision_at_5_diff1": 0.750762,
        "nauc_precision_at_10_max": 0.730201,
        "nauc_precision_at_10_std": 0.072433,
        "nauc_precision_at_10_diff1": 0.738141,
        "nauc_precision_at_20_max": 0.727737,
        "nauc_precision_at_20_std": 0.121838,
        "nauc_precision_at_20_diff1": 0.719763,
        "nauc_precision_at_100_max": 0.755844,
        "nauc_precision_at_100_std": 0.233737,
        "nauc_precision_at_100_diff1": 0.724039,
        "nauc_precision_at_1000_max": 0.80305,
        "nauc_precision_at_1000_std": 0.426964,
        "nauc_precision_at_1000_diff1": 0.728159,
        "nauc_mrr_at_1_max": 0.693037,
        "nauc_mrr_at_1_std": -0.026478,
        "nauc_mrr_at_1_diff1": 0.822776,
        "nauc_mrr_at_3_max": 0.708964,
        "nauc_mrr_at_3_std": -0.014543,
        "nauc_mrr_at_3_diff1": 0.7996,
        "nauc_mrr_at_5_max": 0.708528,
        "nauc_mrr_at_5_std": -0.011253,
        "nauc_mrr_at_5_diff1": 0.798959,
        "nauc_mrr_at_10_max": 0.70819,
        "nauc_mrr_at_10_std": -0.008862,
        "nauc_mrr_at_10_diff1": 0.79891,
        "nauc_mrr_at_20_max": 0.707927,
        "nauc_mrr_at_20_std": -0.008011,
        "nauc_mrr_at_20_diff1": 0.798814,
        "nauc_mrr_at_100_max": 0.707989,
        "nauc_mrr_at_100_std": -0.008011,
        "nauc_mrr_at_100_diff1": 0.799326,
        "nauc_mrr_at_1000_max": 0.707975,
        "nauc_mrr_at_1000_std": -0.008094,
        "nauc_mrr_at_1000_diff1": 0.799386,
        "main_score": 0.78133,
        "hf_subset": "python",
        "languages": [
          "python-Code"
        ]
      }
    ]
  },
  "evaluation_time": 295.0054614543915,
  "kg_co2_emissions": null
}