{
  "dataset_revision": "ec0fa4fe99da2ff19ca1214b7966684033a58814",
  "task_name": "NFCorpus",
  "mteb_version": "1.34.8",
  "scores": {
    "test": [
      {
        "ndcg_at_1": 0.39009,
        "ndcg_at_3": 0.36084,
        "ndcg_at_5": 0.34573,
        "ndcg_at_10": 0.31729,
        "ndcg_at_20": 0.3033,
        "ndcg_at_100": 0.3057,
        "ndcg_at_1000": 0.39421,
        "map_at_1": 0.04667,
        "map_at_3": 0.07721,
        "map_at_5": 0.09359,
        "map_at_10": 0.11248,
        "map_at_20": 0.12675,
        "map_at_100": 0.1498,
        "map_at_1000": 0.16557,
        "recall_at_1": 0.04667,
        "recall_at_3": 0.08629,
        "recall_at_5": 0.11583,
        "recall_at_10": 0.15512,
        "recall_at_20": 0.2011,
        "recall_at_100": 0.32664,
        "recall_at_1000": 0.64169,
        "precision_at_1": 0.40557,
        "precision_at_3": 0.34985,
        "precision_at_5": 0.31393,
        "precision_at_10": 0.24489,
        "precision_at_20": 0.18839,
        "precision_at_100": 0.08461,
        "precision_at_1000": 0.02143,
        "mrr_at_1": 0.408669,
        "mrr_at_3": 0.47678,
        "mrr_at_5": 0.491022,
        "mrr_at_10": 0.499138,
        "mrr_at_20": 0.50302,
        "mrr_at_100": 0.505518,
        "mrr_at_1000": 0.506094,
        "nauc_ndcg_at_1_max": 0.328905,
        "nauc_ndcg_at_1_std": 0.175204,
        "nauc_ndcg_at_1_diff1": 0.297489,
        "nauc_ndcg_at_3_max": 0.368718,
        "nauc_ndcg_at_3_std": 0.248583,
        "nauc_ndcg_at_3_diff1": 0.234087,
        "nauc_ndcg_at_5_max": 0.375155,
        "nauc_ndcg_at_5_std": 0.270086,
        "nauc_ndcg_at_5_diff1": 0.228846,
        "nauc_ndcg_at_10_max": 0.397112,
        "nauc_ndcg_at_10_std": 0.293376,
        "nauc_ndcg_at_10_diff1": 0.225237,
        "nauc_ndcg_at_20_max": 0.388129,
        "nauc_ndcg_at_20_std": 0.292405,
        "nauc_ndcg_at_20_diff1": 0.221094,
        "nauc_ndcg_at_100_max": 0.408365,
        "nauc_ndcg_at_100_std": 0.301569,
        "nauc_ndcg_at_100_diff1": 0.204916,
        "nauc_ndcg_at_1000_max": 0.467443,
        "nauc_ndcg_at_1000_std": 0.381821,
        "nauc_ndcg_at_1000_diff1": 0.204752,
        "nauc_map_at_1_max": 0.031951,
        "nauc_map_at_1_std": -0.15879,
        "nauc_map_at_1_diff1": 0.423445,
        "nauc_map_at_3_max": 0.125673,
        "nauc_map_at_3_std": -0.088969,
        "nauc_map_at_3_diff1": 0.348734,
        "nauc_map_at_5_max": 0.160894,
        "nauc_map_at_5_std": -0.047387,
        "nauc_map_at_5_diff1": 0.303626,
        "nauc_map_at_10_max": 0.227937,
        "nauc_map_at_10_std": 0.01597,
        "nauc_map_at_10_diff1": 0.267134,
        "nauc_map_at_20_max": 0.266102,
        "nauc_map_at_20_std": 0.065323,
        "nauc_map_at_20_diff1": 0.244561,
        "nauc_map_at_100_max": 0.30354,
        "nauc_map_at_100_std": 0.14551,
        "nauc_map_at_100_diff1": 0.219031,
        "nauc_map_at_1000_max": 0.313341,
        "nauc_map_at_1000_std": 0.190435,
        "nauc_map_at_1000_diff1": 0.212835,
        "nauc_recall_at_1_max": 0.031951,
        "nauc_recall_at_1_std": -0.15879,
        "nauc_recall_at_1_diff1": 0.423445,
        "nauc_recall_at_3_max": 0.150841,
        "nauc_recall_at_3_std": -0.062872,
        "nauc_recall_at_3_diff1": 0.32977,
        "nauc_recall_at_5_max": 0.15488,
        "nauc_recall_at_5_std": -0.020845,
        "nauc_recall_at_5_diff1": 0.253451,
        "nauc_recall_at_10_max": 0.241161,
        "nauc_recall_at_10_std": 0.033896,
        "nauc_recall_at_10_diff1": 0.223359,
        "nauc_recall_at_20_max": 0.256183,
        "nauc_recall_at_20_std": 0.078279,
        "nauc_recall_at_20_diff1": 0.204907,
        "nauc_recall_at_100_max": 0.296671,
        "nauc_recall_at_100_std": 0.191937,
        "nauc_recall_at_100_diff1": 0.124241,
        "nauc_recall_at_1000_max": 0.299343,
        "nauc_recall_at_1000_std": 0.278008,
        "nauc_recall_at_1000_diff1": 0.060913,
        "nauc_precision_at_1_max": 0.336525,
        "nauc_precision_at_1_std": 0.159874,
        "nauc_precision_at_1_diff1": 0.29654,
        "nauc_precision_at_3_max": 0.401027,
        "nauc_precision_at_3_std": 0.303978,
        "nauc_precision_at_3_diff1": 0.149323,
        "nauc_precision_at_5_max": 0.411892,
        "nauc_precision_at_5_std": 0.346606,
        "nauc_precision_at_5_diff1": 0.114026,
        "nauc_precision_at_10_max": 0.403993,
        "nauc_precision_at_10_std": 0.396801,
        "nauc_precision_at_10_diff1": 0.072009,
        "nauc_precision_at_20_max": 0.343507,
        "nauc_precision_at_20_std": 0.412263,
        "nauc_precision_at_20_diff1": 0.031313,
        "nauc_precision_at_100_max": 0.205707,
        "nauc_precision_at_100_std": 0.439809,
        "nauc_precision_at_100_diff1": -0.018534,
        "nauc_precision_at_1000_max": 0.057581,
        "nauc_precision_at_1000_std": 0.340452,
        "nauc_precision_at_1000_diff1": -0.02436,
        "nauc_mrr_at_1_max": 0.329438,
        "nauc_mrr_at_1_std": 0.152603,
        "nauc_mrr_at_1_diff1": 0.288295,
        "nauc_mrr_at_3_max": 0.407102,
        "nauc_mrr_at_3_std": 0.250447,
        "nauc_mrr_at_3_diff1": 0.297013,
        "nauc_mrr_at_5_max": 0.411298,
        "nauc_mrr_at_5_std": 0.260959,
        "nauc_mrr_at_5_diff1": 0.293732,
        "nauc_mrr_at_10_max": 0.414714,
        "nauc_mrr_at_10_std": 0.264771,
        "nauc_mrr_at_10_diff1": 0.289924,
        "nauc_mrr_at_20_max": 0.417061,
        "nauc_mrr_at_20_std": 0.267448,
        "nauc_mrr_at_20_diff1": 0.29358,
        "nauc_mrr_at_100_max": 0.415711,
        "nauc_mrr_at_100_std": 0.266819,
        "nauc_mrr_at_100_diff1": 0.292042,
        "nauc_mrr_at_1000_max": 0.415414,
        "nauc_mrr_at_1000_std": 0.266237,
        "nauc_mrr_at_1000_diff1": 0.292209,
        "main_score": 0.31729,
        "hf_subset": "default",
        "languages": [
          "eng-Latn"
        ]
      }
    ]
  },
  "evaluation_time": 11.359057664871216,
  "kg_co2_emissions": null
}