{
  "dataset_revision": "f8c2fcf00f625baaa80f62ec5bd9e1fff3b8ae88",
  "task_name": "SCIDOCS",
  "mteb_version": "1.34.8",
  "scores": {
    "test": [
      {
        "ndcg_at_1": 0.254,
        "ndcg_at_3": 0.21664,
        "ndcg_at_5": 0.19139,
        "ndcg_at_10": 0.23516,
        "ndcg_at_20": 0.2691,
        "ndcg_at_100": 0.33303,
        "ndcg_at_1000": 0.38962,
        "map_at_1": 0.05172,
        "map_at_3": 0.09905,
        "map_at_5": 0.11991,
        "map_at_10": 0.14324,
        "map_at_20": 0.15689,
        "map_at_100": 0.17061,
        "map_at_1000": 0.17439,
        "recall_at_1": 0.05172,
        "recall_at_3": 0.12562,
        "recall_at_5": 0.17392,
        "recall_at_10": 0.25407,
        "recall_at_20": 0.33285,
        "recall_at_100": 0.54202,
        "recall_at_1000": 0.81443,
        "precision_at_1": 0.254,
        "precision_at_3": 0.20633,
        "precision_at_5": 0.1714,
        "precision_at_10": 0.1254,
        "precision_at_20": 0.08225,
        "precision_at_100": 0.0267,
        "precision_at_1000": 0.00401,
        "mrr_at_1": 0.254,
        "mrr_at_3": 0.337167,
        "mrr_at_5": 0.360967,
        "mrr_at_10": 0.375852,
        "mrr_at_20": 0.382171,
        "mrr_at_100": 0.386354,
        "mrr_at_1000": 0.386718,
        "nauc_ndcg_at_1_max": 0.298264,
        "nauc_ndcg_at_1_std": 0.083164,
        "nauc_ndcg_at_1_diff1": 0.192184,
        "nauc_ndcg_at_3_max": 0.346048,
        "nauc_ndcg_at_3_std": 0.121641,
        "nauc_ndcg_at_3_diff1": 0.139071,
        "nauc_ndcg_at_5_max": 0.381805,
        "nauc_ndcg_at_5_std": 0.157944,
        "nauc_ndcg_at_5_diff1": 0.123806,
        "nauc_ndcg_at_10_max": 0.415819,
        "nauc_ndcg_at_10_std": 0.193878,
        "nauc_ndcg_at_10_diff1": 0.107128,
        "nauc_ndcg_at_20_max": 0.415977,
        "nauc_ndcg_at_20_std": 0.213321,
        "nauc_ndcg_at_20_diff1": 0.100413,
        "nauc_ndcg_at_100_max": 0.44856,
        "nauc_ndcg_at_100_std": 0.277382,
        "nauc_ndcg_at_100_diff1": 0.108522,
        "nauc_ndcg_at_1000_max": 0.435922,
        "nauc_ndcg_at_1000_std": 0.267535,
        "nauc_ndcg_at_1000_diff1": 0.111361,
        "nauc_map_at_1_max": 0.294698,
        "nauc_map_at_1_std": 0.083125,
        "nauc_map_at_1_diff1": 0.192454,
        "nauc_map_at_3_max": 0.348811,
        "nauc_map_at_3_std": 0.104935,
        "nauc_map_at_3_diff1": 0.146564,
        "nauc_map_at_5_max": 0.375403,
        "nauc_map_at_5_std": 0.138652,
        "nauc_map_at_5_diff1": 0.124981,
        "nauc_map_at_10_max": 0.406027,
        "nauc_map_at_10_std": 0.165453,
        "nauc_map_at_10_diff1": 0.113717,
        "nauc_map_at_20_max": 0.411488,
        "nauc_map_at_20_std": 0.181852,
        "nauc_map_at_20_diff1": 0.107019,
        "nauc_map_at_100_max": 0.422308,
        "nauc_map_at_100_std": 0.204244,
        "nauc_map_at_100_diff1": 0.10934,
        "nauc_map_at_1000_max": 0.421886,
        "nauc_map_at_1000_std": 0.205383,
        "nauc_map_at_1000_diff1": 0.108979,
        "nauc_recall_at_1_max": 0.294698,
        "nauc_recall_at_1_std": 0.083125,
        "nauc_recall_at_1_diff1": 0.192454,
        "nauc_recall_at_3_max": 0.35476,
        "nauc_recall_at_3_std": 0.133966,
        "nauc_recall_at_3_diff1": 0.116009,
        "nauc_recall_at_5_max": 0.398342,
        "nauc_recall_at_5_std": 0.188919,
        "nauc_recall_at_5_diff1": 0.087954,
        "nauc_recall_at_10_max": 0.432981,
        "nauc_recall_at_10_std": 0.24025,
        "nauc_recall_at_10_diff1": 0.056378,
        "nauc_recall_at_20_max": 0.4055,
        "nauc_recall_at_20_std": 0.264305,
        "nauc_recall_at_20_diff1": 0.041508,
        "nauc_recall_at_100_max": 0.443851,
        "nauc_recall_at_100_std": 0.409258,
        "nauc_recall_at_100_diff1": 0.05214,
        "nauc_recall_at_1000_max": 0.370384,
        "nauc_recall_at_1000_std": 0.420974,
        "nauc_recall_at_1000_diff1": 0.044894,
        "nauc_precision_at_1_max": 0.298264,
        "nauc_precision_at_1_std": 0.083164,
        "nauc_precision_at_1_diff1": 0.192184,
        "nauc_precision_at_3_max": 0.3553,
        "nauc_precision_at_3_std": 0.136266,
        "nauc_precision_at_3_diff1": 0.115309,
        "nauc_precision_at_5_max": 0.398861,
        "nauc_precision_at_5_std": 0.192079,
        "nauc_precision_at_5_diff1": 0.087356,
        "nauc_precision_at_10_max": 0.433679,
        "nauc_precision_at_10_std": 0.242994,
        "nauc_precision_at_10_diff1": 0.055426,
        "nauc_precision_at_20_max": 0.402531,
        "nauc_precision_at_20_std": 0.263971,
        "nauc_precision_at_20_diff1": 0.040497,
        "nauc_precision_at_100_max": 0.436134,
        "nauc_precision_at_100_std": 0.404189,
        "nauc_precision_at_100_diff1": 0.050075,
        "nauc_precision_at_1000_max": 0.346215,
        "nauc_precision_at_1000_std": 0.395648,
        "nauc_precision_at_1000_diff1": 0.037542,
        "nauc_mrr_at_1_max": 0.298264,
        "nauc_mrr_at_1_std": 0.083164,
        "nauc_mrr_at_1_diff1": 0.192184,
        "nauc_mrr_at_3_max": 0.325522,
        "nauc_mrr_at_3_std": 0.125365,
        "nauc_mrr_at_3_diff1": 0.153914,
        "nauc_mrr_at_5_max": 0.344486,
        "nauc_mrr_at_5_std": 0.138537,
        "nauc_mrr_at_5_diff1": 0.157824,
        "nauc_mrr_at_10_max": 0.344671,
        "nauc_mrr_at_10_std": 0.144819,
        "nauc_mrr_at_10_diff1": 0.153409,
        "nauc_mrr_at_20_max": 0.341693,
        "nauc_mrr_at_20_std": 0.143195,
        "nauc_mrr_at_20_diff1": 0.154454,
        "nauc_mrr_at_100_max": 0.341727,
        "nauc_mrr_at_100_std": 0.143193,
        "nauc_mrr_at_100_diff1": 0.155727,
        "nauc_mrr_at_1000_max": 0.341538,
        "nauc_mrr_at_1000_std": 0.142942,
        "nauc_mrr_at_1000_diff1": 0.15573,
        "main_score": 0.23516,
        "hf_subset": "default",
        "languages": [
          "eng-Latn"
        ]
      }
    ]
  },
  "evaluation_time": 58.71744084358215,
  "kg_co2_emissions": null
}