{
  "dataset_revision": "f22508f96b7a36c2415181ed8bb76f76e04ae2d5",
  "task_name": "AppsRetrieval",
  "mteb_version": "1.34.8",
  "scores": {
    "test": [
      {
        "ndcg_at_1": 0.03851,
        "ndcg_at_3": 0.05284,
        "ndcg_at_5": 0.06009,
        "ndcg_at_10": 0.06839,
        "ndcg_at_20": 0.07602,
        "ndcg_at_100": 0.09316,
        "ndcg_at_1000": 0.12948,
        "map_at_1": 0.03851,
        "map_at_3": 0.04918,
        "map_at_5": 0.05322,
        "map_at_10": 0.05663,
        "map_at_20": 0.05871,
        "map_at_100": 0.06085,
        "map_at_1000": 0.06188,
        "recall_at_1": 0.03851,
        "recall_at_3": 0.06348,
        "recall_at_5": 0.08101,
        "recall_at_10": 0.10677,
        "recall_at_20": 0.13705,
        "recall_at_100": 0.23293,
        "recall_at_1000": 0.53865,
        "precision_at_1": 0.03851,
        "precision_at_3": 0.02116,
        "precision_at_5": 0.0162,
        "precision_at_10": 0.01068,
        "precision_at_20": 0.00685,
        "precision_at_100": 0.00233,
        "precision_at_1000": 0.00054,
        "mrr_at_1": 0.038247,
        "mrr_at_3": 0.049093,
        "mrr_at_5": 0.05313,
        "mrr_at_10": 0.056541,
        "mrr_at_20": 0.058622,
        "mrr_at_100": 0.06076,
        "mrr_at_1000": 0.061792,
        "nauc_ndcg_at_1_max": 0.350027,
        "nauc_ndcg_at_1_std": 0.063,
        "nauc_ndcg_at_1_diff1": 0.30645,
        "nauc_ndcg_at_3_max": 0.343103,
        "nauc_ndcg_at_3_std": 0.07401,
        "nauc_ndcg_at_3_diff1": 0.225949,
        "nauc_ndcg_at_5_max": 0.312849,
        "nauc_ndcg_at_5_std": 0.07053,
        "nauc_ndcg_at_5_diff1": 0.19646,
        "nauc_ndcg_at_10_max": 0.292301,
        "nauc_ndcg_at_10_std": 0.071788,
        "nauc_ndcg_at_10_diff1": 0.167455,
        "nauc_ndcg_at_20_max": 0.287485,
        "nauc_ndcg_at_20_std": 0.080312,
        "nauc_ndcg_at_20_diff1": 0.153529,
        "nauc_ndcg_at_100_max": 0.272449,
        "nauc_ndcg_at_100_std": 0.091579,
        "nauc_ndcg_at_100_diff1": 0.138285,
        "nauc_ndcg_at_1000_max": 0.272617,
        "nauc_ndcg_at_1000_std": 0.112127,
        "nauc_ndcg_at_1000_diff1": 0.118295,
        "nauc_map_at_1_max": 0.350027,
        "nauc_map_at_1_std": 0.063,
        "nauc_map_at_1_diff1": 0.30645,
        "nauc_map_at_3_max": 0.345473,
        "nauc_map_at_3_std": 0.07188,
        "nauc_map_at_3_diff1": 0.241706,
        "nauc_map_at_5_max": 0.326275,
        "nauc_map_at_5_std": 0.069587,
        "nauc_map_at_5_diff1": 0.222162,
        "nauc_map_at_10_max": 0.315394,
        "nauc_map_at_10_std": 0.070561,
        "nauc_map_at_10_diff1": 0.205417,
        "nauc_map_at_20_max": 0.313109,
        "nauc_map_at_20_std": 0.073588,
        "nauc_map_at_20_diff1": 0.199408,
        "nauc_map_at_100_max": 0.30997,
        "nauc_map_at_100_std": 0.075634,
        "nauc_map_at_100_diff1": 0.195415,
        "nauc_map_at_1000_max": 0.309744,
        "nauc_map_at_1000_std": 0.076617,
        "nauc_map_at_1000_diff1": 0.194247,
        "nauc_recall_at_1_max": 0.350027,
        "nauc_recall_at_1_std": 0.063,
        "nauc_recall_at_1_diff1": 0.30645,
        "nauc_recall_at_3_max": 0.337463,
        "nauc_recall_at_3_std": 0.07879,
        "nauc_recall_at_3_diff1": 0.190543,
        "nauc_recall_at_5_max": 0.284377,
        "nauc_recall_at_5_std": 0.072234,
        "nauc_recall_at_5_diff1": 0.144755,
        "nauc_recall_at_10_max": 0.249461,
        "nauc_recall_at_10_std": 0.073536,
        "nauc_recall_at_10_diff1": 0.100934,
        "nauc_recall_at_20_max": 0.245411,
        "nauc_recall_at_20_std": 0.092716,
        "nauc_recall_at_20_diff1": 0.080461,
        "nauc_recall_at_100_max": 0.218748,
        "nauc_recall_at_100_std": 0.11871,
        "nauc_recall_at_100_diff1": 0.0642,
        "nauc_recall_at_1000_max": 0.226081,
        "nauc_recall_at_1000_std": 0.190967,
        "nauc_recall_at_1000_diff1": -0.000584,
        "nauc_precision_at_1_max": 0.350027,
        "nauc_precision_at_1_std": 0.063,
        "nauc_precision_at_1_diff1": 0.30645,
        "nauc_precision_at_3_max": 0.337463,
        "nauc_precision_at_3_std": 0.07879,
        "nauc_precision_at_3_diff1": 0.190543,
        "nauc_precision_at_5_max": 0.284377,
        "nauc_precision_at_5_std": 0.072234,
        "nauc_precision_at_5_diff1": 0.144755,
        "nauc_precision_at_10_max": 0.249461,
        "nauc_precision_at_10_std": 0.073536,
        "nauc_precision_at_10_diff1": 0.100934,
        "nauc_precision_at_20_max": 0.245411,
        "nauc_precision_at_20_std": 0.092716,
        "nauc_precision_at_20_diff1": 0.080461,
        "nauc_precision_at_100_max": 0.218748,
        "nauc_precision_at_100_std": 0.11871,
        "nauc_precision_at_100_diff1": 0.0642,
        "nauc_precision_at_1000_max": 0.226081,
        "nauc_precision_at_1000_std": 0.190967,
        "nauc_precision_at_1000_diff1": -0.000584,
        "nauc_mrr_at_1_max": 0.352948,
        "nauc_mrr_at_1_std": 0.058838,
        "nauc_mrr_at_1_diff1": 0.312571,
        "nauc_mrr_at_3_max": 0.346223,
        "nauc_mrr_at_3_std": 0.070815,
        "nauc_mrr_at_3_diff1": 0.243322,
        "nauc_mrr_at_5_max": 0.326936,
        "nauc_mrr_at_5_std": 0.068599,
        "nauc_mrr_at_5_diff1": 0.223623,
        "nauc_mrr_at_10_max": 0.316001,
        "nauc_mrr_at_10_std": 0.069631,
        "nauc_mrr_at_10_diff1": 0.206769,
        "nauc_mrr_at_20_max": 0.313698,
        "nauc_mrr_at_20_std": 0.072684,
        "nauc_mrr_at_20_diff1": 0.200719,
        "nauc_mrr_at_100_max": 0.310541,
        "nauc_mrr_at_100_std": 0.074753,
        "nauc_mrr_at_100_diff1": 0.196692,
        "nauc_mrr_at_1000_max": 0.310313,
        "nauc_mrr_at_1000_std": 0.07574,
        "nauc_mrr_at_1000_diff1": 0.195518,
        "main_score": 0.06839,
        "hf_subset": "default",
        "languages": [
          "eng-Latn",
          "python-Code"
        ]
      }
    ]
  },
  "evaluation_time": 98.79522013664246,
  "kg_co2_emissions": null
}