{
  "dataset_revision": "c22ab2a51041ffd869aaddef7af8d8215647e41a",
  "task_name": "ArguAna",
  "mteb_version": "1.34.8",
  "scores": {
    "test": [
      {
        "ndcg_at_1": 0.30228,
        "ndcg_at_3": 0.45881,
        "ndcg_at_5": 0.51298,
        "ndcg_at_10": 0.56383,
        "ndcg_at_20": 0.58657,
        "ndcg_at_100": 0.59437,
        "ndcg_at_1000": 0.5953,
        "map_at_1": 0.30228,
        "map_at_3": 0.41939,
        "map_at_5": 0.44927,
        "map_at_10": 0.47053,
        "map_at_20": 0.477,
        "map_at_100": 0.47823,
        "map_at_1000": 0.47827,
        "recall_at_1": 0.30228,
        "recall_at_3": 0.57326,
        "recall_at_5": 0.70555,
        "recall_at_10": 0.86131,
        "recall_at_20": 0.9495,
        "recall_at_100": 0.98933,
        "recall_at_1000": 0.99644,
        "precision_at_1": 0.30228,
        "precision_at_3": 0.19109,
        "precision_at_5": 0.14111,
        "precision_at_10": 0.08613,
        "precision_at_20": 0.04748,
        "precision_at_100": 0.00989,
        "precision_at_1000": 0.001,
        "mrr_at_1": 0.305832,
        "mrr_at_3": 0.419867,
        "mrr_at_5": 0.450522,
        "mrr_at_10": 0.471903,
        "mrr_at_20": 0.478376,
        "mrr_at_100": 0.479607,
        "mrr_at_1000": 0.479645,
        "nauc_ndcg_at_1_max": -0.133273,
        "nauc_ndcg_at_1_std": -0.205072,
        "nauc_ndcg_at_1_diff1": 0.09695,
        "nauc_ndcg_at_3_max": -0.136269,
        "nauc_ndcg_at_3_std": -0.204532,
        "nauc_ndcg_at_3_diff1": 0.056188,
        "nauc_ndcg_at_5_max": -0.126215,
        "nauc_ndcg_at_5_std": -0.210926,
        "nauc_ndcg_at_5_diff1": 0.060516,
        "nauc_ndcg_at_10_max": -0.122422,
        "nauc_ndcg_at_10_std": -0.205412,
        "nauc_ndcg_at_10_diff1": 0.055808,
        "nauc_ndcg_at_20_max": -0.114528,
        "nauc_ndcg_at_20_std": -0.202329,
        "nauc_ndcg_at_20_diff1": 0.061214,
        "nauc_ndcg_at_100_max": -0.121725,
        "nauc_ndcg_at_100_std": -0.199335,
        "nauc_ndcg_at_100_diff1": 0.063754,
        "nauc_ndcg_at_1000_max": -0.124348,
        "nauc_ndcg_at_1000_std": -0.201103,
        "nauc_ndcg_at_1000_diff1": 0.063629,
        "nauc_map_at_1_max": -0.133273,
        "nauc_map_at_1_std": -0.205072,
        "nauc_map_at_1_diff1": 0.09695,
        "nauc_map_at_3_max": -0.136144,
        "nauc_map_at_3_std": -0.204231,
        "nauc_map_at_3_diff1": 0.064433,
        "nauc_map_at_5_max": -0.131126,
        "nauc_map_at_5_std": -0.207147,
        "nauc_map_at_5_diff1": 0.066579,
        "nauc_map_at_10_max": -0.13,
        "nauc_map_at_10_std": -0.204186,
        "nauc_map_at_10_diff1": 0.064747,
        "nauc_map_at_20_max": -0.12806,
        "nauc_map_at_20_std": -0.20341,
        "nauc_map_at_20_diff1": 0.065983,
        "nauc_map_at_100_max": -0.128777,
        "nauc_map_at_100_std": -0.203154,
        "nauc_map_at_100_diff1": 0.06644,
        "nauc_map_at_1000_max": -0.12888,
        "nauc_map_at_1000_std": -0.203195,
        "nauc_map_at_1000_diff1": 0.066423,
        "nauc_recall_at_1_max": -0.133273,
        "nauc_recall_at_1_std": -0.205072,
        "nauc_recall_at_1_diff1": 0.09695,
        "nauc_recall_at_3_max": -0.13638,
        "nauc_recall_at_3_std": -0.205634,
        "nauc_recall_at_3_diff1": 0.031975,
        "nauc_recall_at_5_max": -0.10546,
        "nauc_recall_at_5_std": -0.226974,
        "nauc_recall_at_5_diff1": 0.040886,
        "nauc_recall_at_10_max": -0.063165,
        "nauc_recall_at_10_std": -0.216806,
        "nauc_recall_at_10_diff1": -0.000659,
        "nauc_recall_at_20_max": 0.172466,
        "nauc_recall_at_20_std": -0.179303,
        "nauc_recall_at_20_diff1": 0.01734,
        "nauc_recall_at_100_max": 0.328347,
        "nauc_recall_at_100_std": 0.286952,
        "nauc_recall_at_100_diff1": 0.102725,
        "nauc_recall_at_1000_max": -0.039184,
        "nauc_recall_at_1000_std": 0.259434,
        "nauc_recall_at_1000_diff1": 0.184725,
        "nauc_precision_at_1_max": -0.133273,
        "nauc_precision_at_1_std": -0.205072,
        "nauc_precision_at_1_diff1": 0.09695,
        "nauc_precision_at_3_max": -0.13638,
        "nauc_precision_at_3_std": -0.205634,
        "nauc_precision_at_3_diff1": 0.031975,
        "nauc_precision_at_5_max": -0.10546,
        "nauc_precision_at_5_std": -0.226974,
        "nauc_precision_at_5_diff1": 0.040886,
        "nauc_precision_at_10_max": -0.063165,
        "nauc_precision_at_10_std": -0.216806,
        "nauc_precision_at_10_diff1": -0.000659,
        "nauc_precision_at_20_max": 0.172466,
        "nauc_precision_at_20_std": -0.179303,
        "nauc_precision_at_20_diff1": 0.01734,
        "nauc_precision_at_100_max": 0.328347,
        "nauc_precision_at_100_std": 0.286952,
        "nauc_precision_at_100_diff1": 0.102725,
        "nauc_precision_at_1000_max": -0.039184,
        "nauc_precision_at_1000_std": 0.259434,
        "nauc_precision_at_1000_diff1": 0.184725,
        "nauc_mrr_at_1_max": -0.13507,
        "nauc_mrr_at_1_std": -0.203355,
        "nauc_mrr_at_1_diff1": 0.086519,
        "nauc_mrr_at_3_max": -0.144442,
        "nauc_mrr_at_3_std": -0.205873,
        "nauc_mrr_at_3_diff1": 0.052106,
        "nauc_mrr_at_5_max": -0.136016,
        "nauc_mrr_at_5_std": -0.205934,
        "nauc_mrr_at_5_diff1": 0.056717,
        "nauc_mrr_at_10_max": -0.134521,
        "nauc_mrr_at_10_std": -0.203247,
        "nauc_mrr_at_10_diff1": 0.055048,
        "nauc_mrr_at_20_max": -0.132691,
        "nauc_mrr_at_20_std": -0.202451,
        "nauc_mrr_at_20_diff1": 0.056085,
        "nauc_mrr_at_100_max": -0.133443,
        "nauc_mrr_at_100_std": -0.202192,
        "nauc_mrr_at_100_diff1": 0.056478,
        "nauc_mrr_at_1000_max": -0.133547,
        "nauc_mrr_at_1000_std": -0.202233,
        "nauc_mrr_at_1000_diff1": 0.056459,
        "main_score": 0.56383,
        "hf_subset": "default",
        "languages": [
          "eng-Latn"
        ]
      }
    ]
  },
  "evaluation_time": 62.15418362617493,
  "kg_co2_emissions": null
}