{
  "dataset_revision": "5d958fb6b31055495347724d46431ba41309b03a",
  "task_name": "ChemNQRetrieval",
  "mteb_version": "1.34.8",
  "scores": {
    "test": [
      {
        "ndcg_at_1": 0.2963,
        "ndcg_at_3": 0.40461,
        "ndcg_at_5": 0.44891,
        "ndcg_at_10": 0.4845,
        "ndcg_at_20": 0.52159,
        "ndcg_at_100": 0.54708,
        "ndcg_at_1000": 0.5521,
        "map_at_1": 0.23457,
        "map_at_3": 0.34877,
        "map_at_5": 0.38395,
        "map_at_10": 0.39866,
        "map_at_20": 0.40862,
        "map_at_100": 0.41359,
        "map_at_1000": 0.41382,
        "recall_at_1": 0.23457,
        "recall_at_3": 0.49383,
        "recall_at_5": 0.58642,
        "recall_at_10": 0.69136,
        "recall_at_20": 0.83951,
        "recall_at_100": 0.96296,
        "recall_at_1000": 1.0,
        "precision_at_1": 0.2963,
        "precision_at_3": 0.20988,
        "precision_at_5": 0.15556,
        "precision_at_10": 0.09259,
        "precision_at_20": 0.0537,
        "precision_at_100": 0.01259,
        "precision_at_1000": 0.0013,
        "mrr_at_1": 0.296296,
        "mrr_at_3": 0.425926,
        "mrr_at_5": 0.435185,
        "mrr_at_10": 0.447634,
        "mrr_at_20": 0.457596,
        "mrr_at_100": 0.459085,
        "mrr_at_1000": 0.459308,
        "nauc_ndcg_at_1_max": -0.196583,
        "nauc_ndcg_at_1_std": -0.263273,
        "nauc_ndcg_at_1_diff1": 0.139308,
        "nauc_ndcg_at_3_max": -0.032505,
        "nauc_ndcg_at_3_std": -0.284947,
        "nauc_ndcg_at_3_diff1": 0.087534,
        "nauc_ndcg_at_5_max": -0.048295,
        "nauc_ndcg_at_5_std": -0.340992,
        "nauc_ndcg_at_5_diff1": 0.075361,
        "nauc_ndcg_at_10_max": -0.022324,
        "nauc_ndcg_at_10_std": -0.321971,
        "nauc_ndcg_at_10_diff1": 0.141874,
        "nauc_ndcg_at_20_max": -0.065328,
        "nauc_ndcg_at_20_std": -0.332581,
        "nauc_ndcg_at_20_diff1": 0.071768,
        "nauc_ndcg_at_100_max": -0.065634,
        "nauc_ndcg_at_100_std": -0.314992,
        "nauc_ndcg_at_100_diff1": 0.11952,
        "nauc_ndcg_at_1000_max": -0.078506,
        "nauc_ndcg_at_1000_std": -0.317879,
        "nauc_ndcg_at_1000_diff1": 0.101292,
        "nauc_map_at_1_max": -0.138807,
        "nauc_map_at_1_std": -0.30939,
        "nauc_map_at_1_diff1": 0.194402,
        "nauc_map_at_3_max": -0.065073,
        "nauc_map_at_3_std": -0.300585,
        "nauc_map_at_3_diff1": 0.11788,
        "nauc_map_at_5_max": -0.068191,
        "nauc_map_at_5_std": -0.331529,
        "nauc_map_at_5_diff1": 0.097548,
        "nauc_map_at_10_max": -0.063048,
        "nauc_map_at_10_std": -0.327663,
        "nauc_map_at_10_diff1": 0.118958,
        "nauc_map_at_20_max": -0.074017,
        "nauc_map_at_20_std": -0.332227,
        "nauc_map_at_20_diff1": 0.101493,
        "nauc_map_at_100_max": -0.074606,
        "nauc_map_at_100_std": -0.325931,
        "nauc_map_at_100_diff1": 0.110353,
        "nauc_map_at_1000_max": -0.075087,
        "nauc_map_at_1000_std": -0.326046,
        "nauc_map_at_1000_diff1": 0.109674,
        "nauc_recall_at_1_max": -0.138807,
        "nauc_recall_at_1_std": -0.30939,
        "nauc_recall_at_1_diff1": 0.194402,
        "nauc_recall_at_3_max": 0.112609,
        "nauc_recall_at_3_std": -0.216482,
        "nauc_recall_at_3_diff1": 0.068626,
        "nauc_recall_at_5_max": 0.079905,
        "nauc_recall_at_5_std": -0.351248,
        "nauc_recall_at_5_diff1": 0.055361,
        "nauc_recall_at_10_max": 0.209378,
        "nauc_recall_at_10_std": -0.291089,
        "nauc_recall_at_10_diff1": 0.281597,
        "nauc_recall_at_20_max": 0.074047,
        "nauc_recall_at_20_std": -0.293895,
        "nauc_recall_at_20_diff1": -0.107634,
        "nauc_recall_at_100_max": 0.556079,
        "nauc_recall_at_100_std": -0.175564,
        "nauc_recall_at_100_diff1": 1.0,
        "nauc_recall_at_1000_max": NaN,
        "nauc_recall_at_1000_std": NaN,
        "nauc_recall_at_1000_diff1": NaN,
        "nauc_precision_at_1_max": -0.196583,
        "nauc_precision_at_1_std": -0.263273,
        "nauc_precision_at_1_diff1": 0.139308,
        "nauc_precision_at_3_max": -0.037559,
        "nauc_precision_at_3_std": -0.31928,
        "nauc_precision_at_3_diff1": -0.078077,
        "nauc_precision_at_5_max": -0.038283,
        "nauc_precision_at_5_std": -0.306396,
        "nauc_precision_at_5_diff1": -0.11797,
        "nauc_precision_at_10_max": 0.002461,
        "nauc_precision_at_10_std": -0.223645,
        "nauc_precision_at_10_diff1": 0.011679,
        "nauc_precision_at_20_max": -0.106216,
        "nauc_precision_at_20_std": -0.212308,
        "nauc_precision_at_20_diff1": -0.212091,
        "nauc_precision_at_100_max": -0.117364,
        "nauc_precision_at_100_std": -0.066985,
        "nauc_precision_at_100_diff1": -0.031142,
        "nauc_precision_at_1000_max": -0.181439,
        "nauc_precision_at_1000_std": -0.056655,
        "nauc_precision_at_1000_diff1": -0.129249,
        "nauc_mrr_at_1_max": -0.196583,
        "nauc_mrr_at_1_std": -0.263273,
        "nauc_mrr_at_1_diff1": 0.139308,
        "nauc_mrr_at_3_max": -0.119569,
        "nauc_mrr_at_3_std": -0.275053,
        "nauc_mrr_at_3_diff1": 0.046869,
        "nauc_mrr_at_5_max": -0.136865,
        "nauc_mrr_at_5_std": -0.303405,
        "nauc_mrr_at_5_diff1": 0.0635,
        "nauc_mrr_at_10_max": -0.121465,
        "nauc_mrr_at_10_std": -0.288666,
        "nauc_mrr_at_10_diff1": 0.094257,
        "nauc_mrr_at_20_max": -0.133095,
        "nauc_mrr_at_20_std": -0.292012,
        "nauc_mrr_at_20_diff1": 0.077467,
        "nauc_mrr_at_100_max": -0.133419,
        "nauc_mrr_at_100_std": -0.292007,
        "nauc_mrr_at_100_diff1": 0.078747,
        "nauc_mrr_at_1000_max": -0.133905,
        "nauc_mrr_at_1000_std": -0.292089,
        "nauc_mrr_at_1000_diff1": 0.078097,
        "main_score": 0.4845,
        "hf_subset": "default",
        "languages": [
          "eng-Latn"
        ]
      }
    ]
  },
  "evaluation_time": 78.10873007774353,
  "kg_co2_emissions": null
}