{
  "dataset_revision": "4adc7bc41202b5c13543c9c886a25f340634dab3",
  "task_name": "COIRCodeSearchNetRetrieval",
  "mteb_version": "1.34.8",
  "scores": {
    "test": [
      {
        "ndcg_at_1": 0.8422,
        "ndcg_at_3": 0.8866,
        "ndcg_at_5": 0.89417,
        "ndcg_at_10": 0.90014,
        "ndcg_at_20": 0.90348,
        "ndcg_at_100": 0.90664,
        "ndcg_at_1000": 0.90804,
        "map_at_1": 0.8422,
        "map_at_3": 0.87615,
        "map_at_5": 0.88034,
        "map_at_10": 0.88287,
        "map_at_20": 0.88379,
        "map_at_100": 0.88423,
        "map_at_1000": 0.88429,
        "recall_at_1": 0.8422,
        "recall_at_3": 0.91668,
        "recall_at_5": 0.93504,
        "recall_at_10": 0.95321,
        "recall_at_20": 0.96635,
        "recall_at_100": 0.98331,
        "recall_at_1000": 0.99417,
        "precision_at_1": 0.8422,
        "precision_at_3": 0.30556,
        "precision_at_5": 0.18701,
        "precision_at_10": 0.09532,
        "precision_at_20": 0.04832,
        "precision_at_100": 0.00983,
        "precision_at_1000": 0.00099,
        "mrr_at_1": 0.842204,
        "mrr_at_3": 0.876145,
        "mrr_at_5": 0.880338,
        "mrr_at_10": 0.882863,
        "mrr_at_20": 0.883787,
        "mrr_at_100": 0.884231,
        "mrr_at_1000": 0.884286,
        "nauc_ndcg_at_1_max": 0.753698,
        "nauc_ndcg_at_1_std": -0.055415,
        "nauc_ndcg_at_1_diff1": 0.889845,
        "nauc_ndcg_at_3_max": 0.77704,
        "nauc_ndcg_at_3_std": -0.044931,
        "nauc_ndcg_at_3_diff1": 0.869809,
        "nauc_ndcg_at_5_max": 0.780509,
        "nauc_ndcg_at_5_std": -0.033657,
        "nauc_ndcg_at_5_diff1": 0.873386,
        "nauc_ndcg_at_10_max": 0.78203,
        "nauc_ndcg_at_10_std": -0.02364,
        "nauc_ndcg_at_10_diff1": 0.87423,
        "nauc_ndcg_at_20_max": 0.781165,
        "nauc_ndcg_at_20_std": -0.022908,
        "nauc_ndcg_at_20_diff1": 0.874821,
        "nauc_ndcg_at_100_max": 0.779569,
        "nauc_ndcg_at_100_std": -0.022667,
        "nauc_ndcg_at_100_diff1": 0.87567,
        "nauc_ndcg_at_1000_max": 0.777778,
        "nauc_ndcg_at_1000_std": -0.026661,
        "nauc_ndcg_at_1000_diff1": 0.875783,
        "nauc_map_at_1_max": 0.753698,
        "nauc_map_at_1_std": -0.055415,
        "nauc_map_at_1_diff1": 0.889845,
        "nauc_map_at_3_max": 0.770529,
        "nauc_map_at_3_std": -0.049128,
        "nauc_map_at_3_diff1": 0.874841,
        "nauc_map_at_5_max": 0.772027,
        "nauc_map_at_5_std": -0.043671,
        "nauc_map_at_5_diff1": 0.876781,
        "nauc_map_at_10_max": 0.772409,
        "nauc_map_at_10_std": -0.04026,
        "nauc_map_at_10_diff1": 0.877144,
        "nauc_map_at_20_max": 0.772152,
        "nauc_map_at_20_std": -0.040143,
        "nauc_map_at_20_diff1": 0.877299,
        "nauc_map_at_100_max": 0.771965,
        "nauc_map_at_100_std": -0.040056,
        "nauc_map_at_100_diff1": 0.877435,
        "nauc_map_at_1000_max": 0.771906,
        "nauc_map_at_1000_std": -0.040176,
        "nauc_map_at_1000_diff1": 0.87744,
        "nauc_recall_at_1_max": 0.753698,
        "nauc_recall_at_1_std": -0.055415,
        "nauc_recall_at_1_diff1": 0.889845,
        "nauc_recall_at_3_max": 0.803782,
        "nauc_recall_at_3_std": -0.026872,
        "nauc_recall_at_3_diff1": 0.849496,
        "nauc_recall_at_5_max": 0.824538,
        "nauc_recall_at_5_std": 0.021297,
        "nauc_recall_at_5_diff1": 0.85758,
        "nauc_recall_at_10_max": 0.850959,
        "nauc_recall_at_10_std": 0.10569,
        "nauc_recall_at_10_diff1": 0.857004,
        "nauc_recall_at_20_max": 0.867854,
        "nauc_recall_at_20_std": 0.162079,
        "nauc_recall_at_20_diff1": 0.856891,
        "nauc_recall_at_100_max": 0.906561,
        "nauc_recall_at_100_std": 0.343843,
        "nauc_recall_at_100_diff1": 0.86085,
        "nauc_recall_at_1000_max": 0.929118,
        "nauc_recall_at_1000_std": 0.538178,
        "nauc_recall_at_1000_diff1": 0.844923,
        "nauc_precision_at_1_max": 0.753698,
        "nauc_precision_at_1_std": -0.055415,
        "nauc_precision_at_1_diff1": 0.889845,
        "nauc_precision_at_3_max": 0.803782,
        "nauc_precision_at_3_std": -0.026872,
        "nauc_precision_at_3_diff1": 0.849496,
        "nauc_precision_at_5_max": 0.824538,
        "nauc_precision_at_5_std": 0.021297,
        "nauc_precision_at_5_diff1": 0.85758,
        "nauc_precision_at_10_max": 0.850959,
        "nauc_precision_at_10_std": 0.10569,
        "nauc_precision_at_10_diff1": 0.857004,
        "nauc_precision_at_20_max": 0.867854,
        "nauc_precision_at_20_std": 0.162079,
        "nauc_precision_at_20_diff1": 0.856891,
        "nauc_precision_at_100_max": 0.906561,
        "nauc_precision_at_100_std": 0.343843,
        "nauc_precision_at_100_diff1": 0.86085,
        "nauc_precision_at_1000_max": 0.929118,
        "nauc_precision_at_1000_std": 0.538178,
        "nauc_precision_at_1000_diff1": 0.844923,
        "nauc_mrr_at_1_max": 0.753698,
        "nauc_mrr_at_1_std": -0.055415,
        "nauc_mrr_at_1_diff1": 0.889845,
        "nauc_mrr_at_3_max": 0.770529,
        "nauc_mrr_at_3_std": -0.049128,
        "nauc_mrr_at_3_diff1": 0.874841,
        "nauc_mrr_at_5_max": 0.772025,
        "nauc_mrr_at_5_std": -0.043675,
        "nauc_mrr_at_5_diff1": 0.876785,
        "nauc_mrr_at_10_max": 0.772408,
        "nauc_mrr_at_10_std": -0.040264,
        "nauc_mrr_at_10_diff1": 0.877147,
        "nauc_mrr_at_20_max": 0.772151,
        "nauc_mrr_at_20_std": -0.040147,
        "nauc_mrr_at_20_diff1": 0.877303,
        "nauc_mrr_at_100_max": 0.771964,
        "nauc_mrr_at_100_std": -0.04006,
        "nauc_mrr_at_100_diff1": 0.877439,
        "nauc_mrr_at_1000_max": 0.771905,
        "nauc_mrr_at_1000_std": -0.040179,
        "nauc_mrr_at_1000_diff1": 0.877444,
        "main_score": 0.90014,
        "hf_subset": "python",
        "languages": [
          "python-Code"
        ]
      }
    ]
  },
  "evaluation_time": 807.9258832931519,
  "kg_co2_emissions": null
}