{
  "dataset_revision": "27a168819829fe9bcd655c2df245fb19452e8e06",
  "task_name": "FiQA2018",
  "mteb_version": "1.34.8",
  "scores": {
    "test": [
      {
        "ndcg_at_1": 0.45525,
        "ndcg_at_3": 0.42217,
        "ndcg_at_5": 0.43664,
        "ndcg_at_10": 0.46517,
        "ndcg_at_20": 0.49076,
        "ndcg_at_100": 0.53531,
        "ndcg_at_1000": 0.56046,
        "map_at_1": 0.22868,
        "map_at_3": 0.32896,
        "map_at_5": 0.35944,
        "map_at_10": 0.3818,
        "map_at_20": 0.39264,
        "map_at_100": 0.40232,
        "map_at_1000": 0.40402,
        "recall_at_1": 0.22868,
        "recall_at_3": 0.38126,
        "recall_at_5": 0.44984,
        "recall_at_10": 0.54213,
        "recall_at_20": 0.62073,
        "recall_at_100": 0.80293,
        "recall_at_1000": 0.95135,
        "precision_at_1": 0.45525,
        "precision_at_3": 0.28549,
        "precision_at_5": 0.21327,
        "precision_at_10": 0.13225,
        "precision_at_20": 0.07731,
        "precision_at_100": 0.02051,
        "precision_at_1000": 0.00249,
        "mrr_at_1": 0.455247,
        "mrr_at_3": 0.516718,
        "mrr_at_5": 0.530838,
        "mrr_at_10": 0.542495,
        "mrr_at_20": 0.546634,
        "mrr_at_100": 0.549792,
        "mrr_at_1000": 0.550097,
        "nauc_ndcg_at_1_max": 0.456569,
        "nauc_ndcg_at_1_std": -0.028039,
        "nauc_ndcg_at_1_diff1": 0.56247,
        "nauc_ndcg_at_3_max": 0.390549,
        "nauc_ndcg_at_3_std": -0.050815,
        "nauc_ndcg_at_3_diff1": 0.429804,
        "nauc_ndcg_at_5_max": 0.390453,
        "nauc_ndcg_at_5_std": -0.062118,
        "nauc_ndcg_at_5_diff1": 0.43822,
        "nauc_ndcg_at_10_max": 0.386167,
        "nauc_ndcg_at_10_std": -0.070292,
        "nauc_ndcg_at_10_diff1": 0.44631,
        "nauc_ndcg_at_20_max": 0.391272,
        "nauc_ndcg_at_20_std": -0.057933,
        "nauc_ndcg_at_20_diff1": 0.443897,
        "nauc_ndcg_at_100_max": 0.424694,
        "nauc_ndcg_at_100_std": -0.016765,
        "nauc_ndcg_at_100_diff1": 0.453057,
        "nauc_ndcg_at_1000_max": 0.423336,
        "nauc_ndcg_at_1000_std": -0.01764,
        "nauc_ndcg_at_1000_diff1": 0.455699,
        "nauc_map_at_1_max": 0.249286,
        "nauc_map_at_1_std": -0.102241,
        "nauc_map_at_1_diff1": 0.481198,
        "nauc_map_at_3_max": 0.315217,
        "nauc_map_at_3_std": -0.091773,
        "nauc_map_at_3_diff1": 0.423747,
        "nauc_map_at_5_max": 0.348649,
        "nauc_map_at_5_std": -0.080836,
        "nauc_map_at_5_diff1": 0.424833,
        "nauc_map_at_10_max": 0.362681,
        "nauc_map_at_10_std": -0.079763,
        "nauc_map_at_10_diff1": 0.429668,
        "nauc_map_at_20_max": 0.367968,
        "nauc_map_at_20_std": -0.072759,
        "nauc_map_at_20_diff1": 0.429229,
        "nauc_map_at_100_max": 0.376737,
        "nauc_map_at_100_std": -0.064843,
        "nauc_map_at_100_diff1": 0.43355,
        "nauc_map_at_1000_max": 0.377138,
        "nauc_map_at_1000_std": -0.064225,
        "nauc_map_at_1000_diff1": 0.433849,
        "nauc_recall_at_1_max": 0.249286,
        "nauc_recall_at_1_std": -0.102241,
        "nauc_recall_at_1_diff1": 0.481198,
        "nauc_recall_at_3_max": 0.266693,
        "nauc_recall_at_3_std": -0.099782,
        "nauc_recall_at_3_diff1": 0.347359,
        "nauc_recall_at_5_max": 0.297143,
        "nauc_recall_at_5_std": -0.08977,
        "nauc_recall_at_5_diff1": 0.35214,
        "nauc_recall_at_10_max": 0.295932,
        "nauc_recall_at_10_std": -0.094482,
        "nauc_recall_at_10_diff1": 0.346269,
        "nauc_recall_at_20_max": 0.294989,
        "nauc_recall_at_20_std": -0.06354,
        "nauc_recall_at_20_diff1": 0.325512,
        "nauc_recall_at_100_max": 0.435355,
        "nauc_recall_at_100_std": 0.179841,
        "nauc_recall_at_100_diff1": 0.314519,
        "nauc_recall_at_1000_max": 0.583379,
        "nauc_recall_at_1000_std": 0.480394,
        "nauc_recall_at_1000_diff1": 0.276083,
        "nauc_precision_at_1_max": 0.456569,
        "nauc_precision_at_1_std": -0.028039,
        "nauc_precision_at_1_diff1": 0.56247,
        "nauc_precision_at_3_max": 0.406493,
        "nauc_precision_at_3_std": 0.011319,
        "nauc_precision_at_3_diff1": 0.275667,
        "nauc_precision_at_5_max": 0.422723,
        "nauc_precision_at_5_std": 0.04113,
        "nauc_precision_at_5_diff1": 0.244557,
        "nauc_precision_at_10_max": 0.404628,
        "nauc_precision_at_10_std": 0.064076,
        "nauc_precision_at_10_diff1": 0.217389,
        "nauc_precision_at_20_max": 0.37548,
        "nauc_precision_at_20_std": 0.105966,
        "nauc_precision_at_20_diff1": 0.172628,
        "nauc_precision_at_100_max": 0.353955,
        "nauc_precision_at_100_std": 0.208606,
        "nauc_precision_at_100_diff1": 0.107895,
        "nauc_precision_at_1000_max": 0.253439,
        "nauc_precision_at_1000_std": 0.208054,
        "nauc_precision_at_1000_diff1": 0.031388,
        "nauc_mrr_at_1_max": 0.456569,
        "nauc_mrr_at_1_std": -0.028039,
        "nauc_mrr_at_1_diff1": 0.56247,
        "nauc_mrr_at_3_max": 0.445852,
        "nauc_mrr_at_3_std": -0.037814,
        "nauc_mrr_at_3_diff1": 0.516998,
        "nauc_mrr_at_5_max": 0.44684,
        "nauc_mrr_at_5_std": -0.034566,
        "nauc_mrr_at_5_diff1": 0.517855,
        "nauc_mrr_at_10_max": 0.446123,
        "nauc_mrr_at_10_std": -0.033343,
        "nauc_mrr_at_10_diff1": 0.520767,
        "nauc_mrr_at_20_max": 0.447843,
        "nauc_mrr_at_20_std": -0.03052,
        "nauc_mrr_at_20_diff1": 0.520934,
        "nauc_mrr_at_100_max": 0.449233,
        "nauc_mrr_at_100_std": -0.028368,
        "nauc_mrr_at_100_diff1": 0.521526,
        "nauc_mrr_at_1000_max": 0.449066,
        "nauc_mrr_at_1000_std": -0.028677,
        "nauc_mrr_at_1000_diff1": 0.521652,
        "main_score": 0.46517,
        "hf_subset": "default",
        "languages": [
          "eng-Latn"
        ]
      }
    ]
  },
  "evaluation_time": 299.1818735599518,
  "kg_co2_emissions": null
}