{
  "dataset_revision": "ae763399273d8b20506b80cf6f6f9a31a6a2b238",
  "task_name": "MedicalQARetrieval",
  "mteb_version": "1.34.8",
  "scores": {
    "test": [
      {
        "ndcg_at_1": 0.52148,
        "ndcg_at_3": 0.63071,
        "ndcg_at_5": 0.6617,
        "ndcg_at_10": 0.6847,
        "ndcg_at_20": 0.69651,
        "ndcg_at_100": 0.70804,
        "ndcg_at_1000": 0.71266,
        "map_at_1": 0.52148,
        "map_at_3": 0.60368,
        "map_at_5": 0.62101,
        "map_at_10": 0.63056,
        "map_at_20": 0.63378,
        "map_at_100": 0.63545,
        "map_at_1000": 0.63562,
        "recall_at_1": 0.52148,
        "recall_at_3": 0.70898,
        "recall_at_5": 0.78369,
        "recall_at_10": 0.85449,
        "recall_at_20": 0.90137,
        "recall_at_100": 0.9624,
        "recall_at_1000": 0.99902,
        "precision_at_1": 0.52148,
        "precision_at_3": 0.23633,
        "precision_at_5": 0.15674,
        "precision_at_10": 0.08545,
        "precision_at_20": 0.04507,
        "precision_at_100": 0.00962,
        "precision_at_1000": 0.001,
        "mrr_at_1": 0.521484,
        "mrr_at_3": 0.603678,
        "mrr_at_5": 0.620988,
        "mrr_at_10": 0.630531,
        "mrr_at_20": 0.633752,
        "mrr_at_100": 0.635428,
        "mrr_at_1000": 0.635598,
        "nauc_ndcg_at_1_max": 0.271619,
        "nauc_ndcg_at_1_std": -0.120397,
        "nauc_ndcg_at_1_diff1": 0.527664,
        "nauc_ndcg_at_3_max": 0.29337,
        "nauc_ndcg_at_3_std": -0.128727,
        "nauc_ndcg_at_3_diff1": 0.460423,
        "nauc_ndcg_at_5_max": 0.294356,
        "nauc_ndcg_at_5_std": -0.131156,
        "nauc_ndcg_at_5_diff1": 0.449011,
        "nauc_ndcg_at_10_max": 0.303963,
        "nauc_ndcg_at_10_std": -0.120846,
        "nauc_ndcg_at_10_diff1": 0.446936,
        "nauc_ndcg_at_20_max": 0.306787,
        "nauc_ndcg_at_20_std": -0.107836,
        "nauc_ndcg_at_20_diff1": 0.446101,
        "nauc_ndcg_at_100_max": 0.302731,
        "nauc_ndcg_at_100_std": -0.104281,
        "nauc_ndcg_at_100_diff1": 0.455885,
        "nauc_ndcg_at_1000_max": 0.29789,
        "nauc_ndcg_at_1000_std": -0.113108,
        "nauc_ndcg_at_1000_diff1": 0.461525,
        "nauc_map_at_1_max": 0.271619,
        "nauc_map_at_1_std": -0.120397,
        "nauc_map_at_1_diff1": 0.527664,
        "nauc_map_at_3_max": 0.288047,
        "nauc_map_at_3_std": -0.125665,
        "nauc_map_at_3_diff1": 0.478086,
        "nauc_map_at_5_max": 0.288173,
        "nauc_map_at_5_std": -0.127038,
        "nauc_map_at_5_diff1": 0.472802,
        "nauc_map_at_10_max": 0.291393,
        "nauc_map_at_10_std": -0.122988,
        "nauc_map_at_10_diff1": 0.472798,
        "nauc_map_at_20_max": 0.29201,
        "nauc_map_at_20_std": -0.119924,
        "nauc_map_at_20_diff1": 0.47282,
        "nauc_map_at_100_max": 0.291424,
        "nauc_map_at_100_std": -0.119373,
        "nauc_map_at_100_diff1": 0.473962,
        "nauc_map_at_1000_max": 0.291296,
        "nauc_map_at_1000_std": -0.119624,
        "nauc_map_at_1000_diff1": 0.474135,
        "nauc_recall_at_1_max": 0.271619,
        "nauc_recall_at_1_std": -0.120397,
        "nauc_recall_at_1_diff1": 0.527664,
        "nauc_recall_at_3_max": 0.311577,
        "nauc_recall_at_3_std": -0.139769,
        "nauc_recall_at_3_diff1": 0.399333,
        "nauc_recall_at_5_max": 0.320671,
        "nauc_recall_at_5_std": -0.149134,
        "nauc_recall_at_5_diff1": 0.346563,
        "nauc_recall_at_10_max": 0.385981,
        "nauc_recall_at_10_std": -0.101766,
        "nauc_recall_at_10_diff1": 0.29064,
        "nauc_recall_at_20_max": 0.445462,
        "nauc_recall_at_20_std": 0.03006,
        "nauc_recall_at_20_diff1": 0.218611,
        "nauc_recall_at_100_max": 0.543669,
        "nauc_recall_at_100_std": 0.346932,
        "nauc_recall_at_100_diff1": 0.181105,
        "nauc_recall_at_1000_max": 0.613686,
        "nauc_recall_at_1000_std": 0.934633,
        "nauc_recall_at_1000_diff1": 0.218105,
        "nauc_precision_at_1_max": 0.271619,
        "nauc_precision_at_1_std": -0.120397,
        "nauc_precision_at_1_diff1": 0.527664,
        "nauc_precision_at_3_max": 0.311577,
        "nauc_precision_at_3_std": -0.139769,
        "nauc_precision_at_3_diff1": 0.399333,
        "nauc_precision_at_5_max": 0.320671,
        "nauc_precision_at_5_std": -0.149134,
        "nauc_precision_at_5_diff1": 0.346563,
        "nauc_precision_at_10_max": 0.385981,
        "nauc_precision_at_10_std": -0.101766,
        "nauc_precision_at_10_diff1": 0.29064,
        "nauc_precision_at_20_max": 0.445462,
        "nauc_precision_at_20_std": 0.03006,
        "nauc_precision_at_20_diff1": 0.218611,
        "nauc_precision_at_100_max": 0.543669,
        "nauc_precision_at_100_std": 0.346932,
        "nauc_precision_at_100_diff1": 0.181105,
        "nauc_precision_at_1000_max": 0.613686,
        "nauc_precision_at_1000_std": 0.934633,
        "nauc_precision_at_1000_diff1": 0.218105,
        "nauc_mrr_at_1_max": 0.272473,
        "nauc_mrr_at_1_std": -0.119124,
        "nauc_mrr_at_1_diff1": 0.527664,
        "nauc_mrr_at_3_max": 0.287238,
        "nauc_mrr_at_3_std": -0.12483,
        "nauc_mrr_at_3_diff1": 0.478086,
        "nauc_mrr_at_5_max": 0.288047,
        "nauc_mrr_at_5_std": -0.126011,
        "nauc_mrr_at_5_diff1": 0.472857,
        "nauc_mrr_at_10_max": 0.291263,
        "nauc_mrr_at_10_std": -0.1221,
        "nauc_mrr_at_10_diff1": 0.472854,
        "nauc_mrr_at_20_max": 0.291879,
        "nauc_mrr_at_20_std": -0.119028,
        "nauc_mrr_at_20_diff1": 0.472877,
        "nauc_mrr_at_100_max": 0.291292,
        "nauc_mrr_at_100_std": -0.118475,
        "nauc_mrr_at_100_diff1": 0.474021,
        "nauc_mrr_at_1000_max": 0.291164,
        "nauc_mrr_at_1000_std": -0.118725,
        "nauc_mrr_at_1000_diff1": 0.474193,
        "main_score": 0.6847,
        "hf_subset": "default",
        "languages": [
          "eng-Latn"
        ]
      }
    ]
  },
  "evaluation_time": 15.610096454620361,
  "kg_co2_emissions": null
}