{
  "dataset_revision": "ec0fa4fe99da2ff19ca1214b7966684033a58814",
  "task_name": "NFCorpus",
  "mteb_version": "1.34.8",
  "scores": {
    "test": [
      {
        "ndcg_at_1": 0.41176,
        "ndcg_at_3": 0.37258,
        "ndcg_at_5": 0.35499,
        "ndcg_at_10": 0.32589,
        "ndcg_at_20": 0.30838,
        "ndcg_at_100": 0.30665,
        "ndcg_at_1000": 0.39397,
        "map_at_1": 0.05636,
        "map_at_3": 0.08996,
        "map_at_5": 0.10423,
        "map_at_10": 0.1192,
        "map_at_20": 0.13381,
        "map_at_100": 0.15403,
        "map_at_1000": 0.16908,
        "recall_at_1": 0.05636,
        "recall_at_3": 0.10258,
        "recall_at_5": 0.12576,
        "recall_at_10": 0.15528,
        "recall_at_20": 0.19595,
        "recall_at_100": 0.31384,
        "recall_at_1000": 0.63279,
        "precision_at_1": 0.42415,
        "precision_at_3": 0.34675,
        "precision_at_5": 0.30588,
        "precision_at_10": 0.24056,
        "precision_at_20": 0.18375,
        "precision_at_100": 0.08084,
        "precision_at_1000": 0.02083,
        "mrr_at_1": 0.427245,
        "mrr_at_3": 0.493292,
        "mrr_at_5": 0.504128,
        "mrr_at_10": 0.513198,
        "mrr_at_20": 0.51761,
        "mrr_at_100": 0.519831,
        "mrr_at_1000": 0.520386,
        "nauc_ndcg_at_1_max": 0.400192,
        "nauc_ndcg_at_1_std": 0.123379,
        "nauc_ndcg_at_1_diff1": 0.326474,
        "nauc_ndcg_at_3_max": 0.428232,
        "nauc_ndcg_at_3_std": 0.153893,
        "nauc_ndcg_at_3_diff1": 0.274521,
        "nauc_ndcg_at_5_max": 0.401155,
        "nauc_ndcg_at_5_std": 0.160273,
        "nauc_ndcg_at_5_diff1": 0.234072,
        "nauc_ndcg_at_10_max": 0.370647,
        "nauc_ndcg_at_10_std": 0.16416,
        "nauc_ndcg_at_10_diff1": 0.199003,
        "nauc_ndcg_at_20_max": 0.370083,
        "nauc_ndcg_at_20_std": 0.175274,
        "nauc_ndcg_at_20_diff1": 0.197009,
        "nauc_ndcg_at_100_max": 0.415719,
        "nauc_ndcg_at_100_std": 0.220997,
        "nauc_ndcg_at_100_diff1": 0.216965,
        "nauc_ndcg_at_1000_max": 0.479115,
        "nauc_ndcg_at_1000_std": 0.307424,
        "nauc_ndcg_at_1000_diff1": 0.232794,
        "nauc_map_at_1_max": 0.067491,
        "nauc_map_at_1_std": -0.133123,
        "nauc_map_at_1_diff1": 0.325109,
        "nauc_map_at_3_max": 0.184011,
        "nauc_map_at_3_std": -0.065044,
        "nauc_map_at_3_diff1": 0.344779,
        "nauc_map_at_5_max": 0.215052,
        "nauc_map_at_5_std": -0.038614,
        "nauc_map_at_5_diff1": 0.332398,
        "nauc_map_at_10_max": 0.250383,
        "nauc_map_at_10_std": -0.006809,
        "nauc_map_at_10_diff1": 0.309471,
        "nauc_map_at_20_max": 0.280115,
        "nauc_map_at_20_std": 0.028676,
        "nauc_map_at_20_diff1": 0.285512,
        "nauc_map_at_100_max": 0.312415,
        "nauc_map_at_100_std": 0.086936,
        "nauc_map_at_100_diff1": 0.260026,
        "nauc_map_at_1000_max": 0.321421,
        "nauc_map_at_1000_std": 0.119657,
        "nauc_map_at_1000_diff1": 0.246707,
        "nauc_recall_at_1_max": 0.067491,
        "nauc_recall_at_1_std": -0.133123,
        "nauc_recall_at_1_diff1": 0.325109,
        "nauc_recall_at_3_max": 0.196167,
        "nauc_recall_at_3_std": -0.047049,
        "nauc_recall_at_3_diff1": 0.313898,
        "nauc_recall_at_5_max": 0.215076,
        "nauc_recall_at_5_std": -0.025217,
        "nauc_recall_at_5_diff1": 0.300881,
        "nauc_recall_at_10_max": 0.2384,
        "nauc_recall_at_10_std": 0.003434,
        "nauc_recall_at_10_diff1": 0.269341,
        "nauc_recall_at_20_max": 0.265374,
        "nauc_recall_at_20_std": 0.062754,
        "nauc_recall_at_20_diff1": 0.219787,
        "nauc_recall_at_100_max": 0.296922,
        "nauc_recall_at_100_std": 0.173256,
        "nauc_recall_at_100_diff1": 0.145793,
        "nauc_recall_at_1000_max": 0.297497,
        "nauc_recall_at_1000_std": 0.270873,
        "nauc_recall_at_1000_diff1": 0.066093,
        "nauc_precision_at_1_max": 0.409899,
        "nauc_precision_at_1_std": 0.113672,
        "nauc_precision_at_1_diff1": 0.335805,
        "nauc_precision_at_3_max": 0.449174,
        "nauc_precision_at_3_std": 0.196945,
        "nauc_precision_at_3_diff1": 0.208033,
        "nauc_precision_at_5_max": 0.406974,
        "nauc_precision_at_5_std": 0.227358,
        "nauc_precision_at_5_diff1": 0.124697,
        "nauc_precision_at_10_max": 0.345168,
        "nauc_precision_at_10_std": 0.254348,
        "nauc_precision_at_10_diff1": 0.024593,
        "nauc_precision_at_20_max": 0.297864,
        "nauc_precision_at_20_std": 0.272432,
        "nauc_precision_at_20_diff1": -0.029015,
        "nauc_precision_at_100_max": 0.191004,
        "nauc_precision_at_100_std": 0.303087,
        "nauc_precision_at_100_diff1": -0.100149,
        "nauc_precision_at_1000_max": 0.028898,
        "nauc_precision_at_1000_std": 0.197388,
        "nauc_precision_at_1000_diff1": -0.125432,
        "nauc_mrr_at_1_max": 0.402845,
        "nauc_mrr_at_1_std": 0.107575,
        "nauc_mrr_at_1_diff1": 0.327548,
        "nauc_mrr_at_3_max": 0.466572,
        "nauc_mrr_at_3_std": 0.163964,
        "nauc_mrr_at_3_diff1": 0.323709,
        "nauc_mrr_at_5_max": 0.46065,
        "nauc_mrr_at_5_std": 0.161104,
        "nauc_mrr_at_5_diff1": 0.317784,
        "nauc_mrr_at_10_max": 0.462759,
        "nauc_mrr_at_10_std": 0.168874,
        "nauc_mrr_at_10_diff1": 0.314399,
        "nauc_mrr_at_20_max": 0.464438,
        "nauc_mrr_at_20_std": 0.174143,
        "nauc_mrr_at_20_diff1": 0.314984,
        "nauc_mrr_at_100_max": 0.46484,
        "nauc_mrr_at_100_std": 0.174747,
        "nauc_mrr_at_100_diff1": 0.315637,
        "nauc_mrr_at_1000_max": 0.464415,
        "nauc_mrr_at_1000_std": 0.17423,
        "nauc_mrr_at_1000_diff1": 0.31547,
        "main_score": 0.32589,
        "hf_subset": "default",
        "languages": [
          "eng-Latn"
        ]
      }
    ]
  },
  "evaluation_time": 37.396140336990356,
  "kg_co2_emissions": null
}