{
  "dataset_revision": "f8c2fcf00f625baaa80f62ec5bd9e1fff3b8ae88",
  "task_name": "SCIDOCS",
  "mteb_version": "1.34.8",
  "scores": {
    "test": [
      {
        "ndcg_at_1": 0.208,
        "ndcg_at_3": 0.17452,
        "ndcg_at_5": 0.15473,
        "ndcg_at_10": 0.18989,
        "ndcg_at_20": 0.21827,
        "ndcg_at_100": 0.26942,
        "ndcg_at_1000": 0.32331,
        "map_at_1": 0.04223,
        "map_at_3": 0.07721,
        "map_at_5": 0.09372,
        "map_at_10": 0.11158,
        "map_at_20": 0.12218,
        "map_at_100": 0.13205,
        "map_at_1000": 0.1352,
        "recall_at_1": 0.04223,
        "recall_at_3": 0.09928,
        "recall_at_5": 0.13928,
        "recall_at_10": 0.20372,
        "recall_at_20": 0.27048,
        "recall_at_100": 0.43805,
        "recall_at_1000": 0.70037,
        "precision_at_1": 0.208,
        "precision_at_3": 0.16367,
        "precision_at_5": 0.1376,
        "precision_at_10": 0.1006,
        "precision_at_20": 0.0668,
        "precision_at_100": 0.0216,
        "precision_at_1000": 0.00345,
        "mrr_at_1": 0.208,
        "mrr_at_3": 0.285333,
        "mrr_at_5": 0.304033,
        "mrr_at_10": 0.317457,
        "mrr_at_20": 0.323942,
        "mrr_at_100": 0.328632,
        "mrr_at_1000": 0.329183,
        "nauc_ndcg_at_1_max": 0.259257,
        "nauc_ndcg_at_1_std": -0.011579,
        "nauc_ndcg_at_1_diff1": 0.246843,
        "nauc_ndcg_at_3_max": 0.283262,
        "nauc_ndcg_at_3_std": 0.029772,
        "nauc_ndcg_at_3_diff1": 0.161099,
        "nauc_ndcg_at_5_max": 0.314582,
        "nauc_ndcg_at_5_std": 0.053144,
        "nauc_ndcg_at_5_diff1": 0.1445,
        "nauc_ndcg_at_10_max": 0.33961,
        "nauc_ndcg_at_10_std": 0.087097,
        "nauc_ndcg_at_10_diff1": 0.117434,
        "nauc_ndcg_at_20_max": 0.358598,
        "nauc_ndcg_at_20_std": 0.112915,
        "nauc_ndcg_at_20_diff1": 0.118354,
        "nauc_ndcg_at_100_max": 0.389614,
        "nauc_ndcg_at_100_std": 0.165135,
        "nauc_ndcg_at_100_diff1": 0.115171,
        "nauc_ndcg_at_1000_max": 0.393792,
        "nauc_ndcg_at_1000_std": 0.177515,
        "nauc_ndcg_at_1000_diff1": 0.110066,
        "nauc_map_at_1_max": 0.256712,
        "nauc_map_at_1_std": -0.013414,
        "nauc_map_at_1_diff1": 0.248595,
        "nauc_map_at_3_max": 0.27947,
        "nauc_map_at_3_std": 0.017674,
        "nauc_map_at_3_diff1": 0.168996,
        "nauc_map_at_5_max": 0.310877,
        "nauc_map_at_5_std": 0.038548,
        "nauc_map_at_5_diff1": 0.152462,
        "nauc_map_at_10_max": 0.329213,
        "nauc_map_at_10_std": 0.061046,
        "nauc_map_at_10_diff1": 0.124683,
        "nauc_map_at_20_max": 0.342721,
        "nauc_map_at_20_std": 0.076525,
        "nauc_map_at_20_diff1": 0.121403,
        "nauc_map_at_100_max": 0.356502,
        "nauc_map_at_100_std": 0.097242,
        "nauc_map_at_100_diff1": 0.117916,
        "nauc_map_at_1000_max": 0.357695,
        "nauc_map_at_1000_std": 0.099989,
        "nauc_map_at_1000_diff1": 0.117805,
        "nauc_recall_at_1_max": 0.256712,
        "nauc_recall_at_1_std": -0.013414,
        "nauc_recall_at_1_diff1": 0.248595,
        "nauc_recall_at_3_max": 0.282339,
        "nauc_recall_at_3_std": 0.043547,
        "nauc_recall_at_3_diff1": 0.12479,
        "nauc_recall_at_5_max": 0.324974,
        "nauc_recall_at_5_std": 0.081179,
        "nauc_recall_at_5_diff1": 0.09645,
        "nauc_recall_at_10_max": 0.350184,
        "nauc_recall_at_10_std": 0.133023,
        "nauc_recall_at_10_diff1": 0.05276,
        "nauc_recall_at_20_max": 0.365905,
        "nauc_recall_at_20_std": 0.174209,
        "nauc_recall_at_20_diff1": 0.057154,
        "nauc_recall_at_100_max": 0.402648,
        "nauc_recall_at_100_std": 0.285286,
        "nauc_recall_at_100_diff1": 0.045523,
        "nauc_recall_at_1000_max": 0.384831,
        "nauc_recall_at_1000_std": 0.334556,
        "nauc_recall_at_1000_diff1": -0.002163,
        "nauc_precision_at_1_max": 0.259257,
        "nauc_precision_at_1_std": -0.011579,
        "nauc_precision_at_1_diff1": 0.246843,
        "nauc_precision_at_3_max": 0.285151,
        "nauc_precision_at_3_std": 0.046408,
        "nauc_precision_at_3_diff1": 0.123304,
        "nauc_precision_at_5_max": 0.327917,
        "nauc_precision_at_5_std": 0.083619,
        "nauc_precision_at_5_diff1": 0.096324,
        "nauc_precision_at_10_max": 0.350466,
        "nauc_precision_at_10_std": 0.1353,
        "nauc_precision_at_10_diff1": 0.052494,
        "nauc_precision_at_20_max": 0.367048,
        "nauc_precision_at_20_std": 0.175977,
        "nauc_precision_at_20_diff1": 0.056997,
        "nauc_precision_at_100_max": 0.400386,
        "nauc_precision_at_100_std": 0.285786,
        "nauc_precision_at_100_diff1": 0.041932,
        "nauc_precision_at_1000_max": 0.375924,
        "nauc_precision_at_1000_std": 0.332666,
        "nauc_precision_at_1000_diff1": -0.009458,
        "nauc_mrr_at_1_max": 0.259257,
        "nauc_mrr_at_1_std": -0.011579,
        "nauc_mrr_at_1_diff1": 0.246843,
        "nauc_mrr_at_3_max": 0.278599,
        "nauc_mrr_at_3_std": 0.025845,
        "nauc_mrr_at_3_diff1": 0.19123,
        "nauc_mrr_at_5_max": 0.287006,
        "nauc_mrr_at_5_std": 0.035918,
        "nauc_mrr_at_5_diff1": 0.184976,
        "nauc_mrr_at_10_max": 0.292674,
        "nauc_mrr_at_10_std": 0.044725,
        "nauc_mrr_at_10_diff1": 0.18298,
        "nauc_mrr_at_20_max": 0.293088,
        "nauc_mrr_at_20_std": 0.04712,
        "nauc_mrr_at_20_diff1": 0.185181,
        "nauc_mrr_at_100_max": 0.292548,
        "nauc_mrr_at_100_std": 0.04645,
        "nauc_mrr_at_100_diff1": 0.186354,
        "nauc_mrr_at_1000_max": 0.292385,
        "nauc_mrr_at_1000_std": 0.046183,
        "nauc_mrr_at_1000_diff1": 0.186449,
        "main_score": 0.18989,
        "hf_subset": "default",
        "languages": [
          "eng-Latn"
        ]
      }
    ]
  },
  "evaluation_time": 180.01098084449768,
  "kg_co2_emissions": null
}