{
  "dataset_revision": "0228b52cf27578f30900b9e5271d331663a030d7",
  "task_name": "SciFact",
  "mteb_version": "1.34.8",
  "scores": {
    "test": [
      {
        "ndcg_at_1": 0.51333,
        "ndcg_at_3": 0.59277,
        "ndcg_at_5": 0.62472,
        "ndcg_at_10": 0.64199,
        "ndcg_at_20": 0.65271,
        "ndcg_at_100": 0.66842,
        "ndcg_at_1000": 0.67919,
        "map_at_1": 0.4865,
        "map_at_3": 0.5638,
        "map_at_5": 0.58424,
        "map_at_10": 0.5923,
        "map_at_20": 0.59579,
        "map_at_100": 0.59836,
        "map_at_1000": 0.59875,
        "recall_at_1": 0.4865,
        "recall_at_3": 0.64739,
        "recall_at_5": 0.72833,
        "recall_at_10": 0.77789,
        "recall_at_20": 0.818,
        "recall_at_100": 0.89833,
        "recall_at_1000": 0.98333,
        "precision_at_1": 0.51333,
        "precision_at_3": 0.23667,
        "precision_at_5": 0.16133,
        "precision_at_10": 0.08733,
        "precision_at_20": 0.04633,
        "precision_at_100": 0.0102,
        "precision_at_1000": 0.00111,
        "mrr_at_1": 0.513333,
        "mrr_at_3": 0.582778,
        "mrr_at_5": 0.600111,
        "mrr_at_10": 0.606479,
        "mrr_at_20": 0.60879,
        "mrr_at_100": 0.610858,
        "mrr_at_1000": 0.611179,
        "nauc_ndcg_at_1_max": 0.609941,
        "nauc_ndcg_at_1_std": 0.220554,
        "nauc_ndcg_at_1_diff1": 0.724426,
        "nauc_ndcg_at_3_max": 0.627358,
        "nauc_ndcg_at_3_std": 0.218425,
        "nauc_ndcg_at_3_diff1": 0.682146,
        "nauc_ndcg_at_5_max": 0.605867,
        "nauc_ndcg_at_5_std": 0.189041,
        "nauc_ndcg_at_5_diff1": 0.670553,
        "nauc_ndcg_at_10_max": 0.618487,
        "nauc_ndcg_at_10_std": 0.196088,
        "nauc_ndcg_at_10_diff1": 0.676903,
        "nauc_ndcg_at_20_max": 0.643078,
        "nauc_ndcg_at_20_std": 0.238636,
        "nauc_ndcg_at_20_diff1": 0.676607,
        "nauc_ndcg_at_100_max": 0.632828,
        "nauc_ndcg_at_100_std": 0.228673,
        "nauc_ndcg_at_100_diff1": 0.676816,
        "nauc_ndcg_at_1000_max": 0.63118,
        "nauc_ndcg_at_1000_std": 0.227368,
        "nauc_ndcg_at_1000_diff1": 0.682661,
        "nauc_map_at_1_max": 0.530285,
        "nauc_map_at_1_std": 0.127129,
        "nauc_map_at_1_diff1": 0.715253,
        "nauc_map_at_3_max": 0.59322,
        "nauc_map_at_3_std": 0.18206,
        "nauc_map_at_3_diff1": 0.693512,
        "nauc_map_at_5_max": 0.590825,
        "nauc_map_at_5_std": 0.175418,
        "nauc_map_at_5_diff1": 0.686311,
        "nauc_map_at_10_max": 0.598908,
        "nauc_map_at_10_std": 0.181747,
        "nauc_map_at_10_diff1": 0.690394,
        "nauc_map_at_20_max": 0.607285,
        "nauc_map_at_20_std": 0.194932,
        "nauc_map_at_20_diff1": 0.689975,
        "nauc_map_at_100_max": 0.605798,
        "nauc_map_at_100_std": 0.194349,
        "nauc_map_at_100_diff1": 0.690063,
        "nauc_map_at_1000_max": 0.605717,
        "nauc_map_at_1000_std": 0.194241,
        "nauc_map_at_1000_diff1": 0.690212,
        "nauc_recall_at_1_max": 0.530285,
        "nauc_recall_at_1_std": 0.127129,
        "nauc_recall_at_1_diff1": 0.715253,
        "nauc_recall_at_3_max": 0.626453,
        "nauc_recall_at_3_std": 0.204355,
        "nauc_recall_at_3_diff1": 0.640895,
        "nauc_recall_at_5_max": 0.579395,
        "nauc_recall_at_5_std": 0.149513,
        "nauc_recall_at_5_diff1": 0.584884,
        "nauc_recall_at_10_max": 0.618305,
        "nauc_recall_at_10_std": 0.159341,
        "nauc_recall_at_10_diff1": 0.598331,
        "nauc_recall_at_20_max": 0.754379,
        "nauc_recall_at_20_std": 0.395987,
        "nauc_recall_at_20_diff1": 0.587558,
        "nauc_recall_at_100_max": 0.710958,
        "nauc_recall_at_100_std": 0.357243,
        "nauc_recall_at_100_diff1": 0.544811,
        "nauc_recall_at_1000_max": 0.918301,
        "nauc_recall_at_1000_std": 0.892157,
        "nauc_recall_at_1000_diff1": 0.602334,
        "nauc_precision_at_1_max": 0.609941,
        "nauc_precision_at_1_std": 0.220554,
        "nauc_precision_at_1_diff1": 0.724426,
        "nauc_precision_at_3_max": 0.689295,
        "nauc_precision_at_3_std": 0.377607,
        "nauc_precision_at_3_diff1": 0.526704,
        "nauc_precision_at_5_max": 0.631224,
        "nauc_precision_at_5_std": 0.36503,
        "nauc_precision_at_5_diff1": 0.395951,
        "nauc_precision_at_10_max": 0.619499,
        "nauc_precision_at_10_std": 0.393018,
        "nauc_precision_at_10_diff1": 0.327896,
        "nauc_precision_at_20_max": 0.657915,
        "nauc_precision_at_20_std": 0.546702,
        "nauc_precision_at_20_diff1": 0.243718,
        "nauc_precision_at_100_max": 0.531281,
        "nauc_precision_at_100_std": 0.508088,
        "nauc_precision_at_100_diff1": 0.097205,
        "nauc_precision_at_1000_max": 0.402953,
        "nauc_precision_at_1000_std": 0.531753,
        "nauc_precision_at_1000_diff1": -0.096429,
        "nauc_mrr_at_1_max": 0.609941,
        "nauc_mrr_at_1_std": 0.220554,
        "nauc_mrr_at_1_diff1": 0.724426,
        "nauc_mrr_at_3_max": 0.647103,
        "nauc_mrr_at_3_std": 0.245692,
        "nauc_mrr_at_3_diff1": 0.701519,
        "nauc_mrr_at_5_max": 0.635389,
        "nauc_mrr_at_5_std": 0.235083,
        "nauc_mrr_at_5_diff1": 0.692699,
        "nauc_mrr_at_10_max": 0.636689,
        "nauc_mrr_at_10_std": 0.233381,
        "nauc_mrr_at_10_diff1": 0.694738,
        "nauc_mrr_at_20_max": 0.640791,
        "nauc_mrr_at_20_std": 0.241558,
        "nauc_mrr_at_20_diff1": 0.695,
        "nauc_mrr_at_100_max": 0.639502,
        "nauc_mrr_at_100_std": 0.240399,
        "nauc_mrr_at_100_diff1": 0.695207,
        "nauc_mrr_at_1000_max": 0.639475,
        "nauc_mrr_at_1000_std": 0.240329,
        "nauc_mrr_at_1000_diff1": 0.695429,
        "main_score": 0.64199,
        "hf_subset": "default",
        "languages": [
          "eng-Latn"
        ]
      }
    ]
  },
  "evaluation_time": 50.82347846031189,
  "kg_co2_emissions": null
}