{
  "dataset_revision": "bb9466bac8153a0349341eb1b22e06409e78ef4e",
  "task_name": "TRECCOVID",
  "mteb_version": "1.34.8",
  "scores": {
    "test": [
      {
        "ndcg_at_1": 0.66,
        "ndcg_at_3": 0.56816,
        "ndcg_at_5": 0.54151,
        "ndcg_at_10": 0.49689,
        "ndcg_at_20": 0.44216,
        "ndcg_at_100": 0.35241,
        "ndcg_at_1000": 0.35394,
        "map_at_1": 0.00197,
        "map_at_3": 0.00444,
        "map_at_5": 0.0062,
        "map_at_10": 0.01029,
        "map_at_20": 0.01661,
        "map_at_100": 0.05109,
        "map_at_1000": 0.14172,
        "recall_at_1": 0.00197,
        "recall_at_3": 0.00463,
        "recall_at_5": 0.00706,
        "recall_at_10": 0.01302,
        "recall_at_20": 0.02257,
        "recall_at_100": 0.08403,
        "recall_at_1000": 0.34122,
        "precision_at_1": 0.72,
        "precision_at_3": 0.60667,
        "precision_at_5": 0.572,
        "precision_at_10": 0.52,
        "precision_at_20": 0.447,
        "precision_at_100": 0.3558,
        "precision_at_1000": 0.16186,
        "mrr_at_1": 0.72,
        "mrr_at_3": 0.783333,
        "mrr_at_5": 0.809333,
        "mrr_at_10": 0.81219,
        "mrr_at_20": 0.81219,
        "mrr_at_100": 0.81219,
        "mrr_at_1000": 0.81219,
        "nauc_ndcg_at_1_max": 0.376707,
        "nauc_ndcg_at_1_std": 0.424572,
        "nauc_ndcg_at_1_diff1": 0.043324,
        "nauc_ndcg_at_3_max": 0.360591,
        "nauc_ndcg_at_3_std": 0.509836,
        "nauc_ndcg_at_3_diff1": -0.051883,
        "nauc_ndcg_at_5_max": 0.364835,
        "nauc_ndcg_at_5_std": 0.546503,
        "nauc_ndcg_at_5_diff1": -0.037953,
        "nauc_ndcg_at_10_max": 0.426698,
        "nauc_ndcg_at_10_std": 0.630937,
        "nauc_ndcg_at_10_diff1": -0.02145,
        "nauc_ndcg_at_20_max": 0.419227,
        "nauc_ndcg_at_20_std": 0.67889,
        "nauc_ndcg_at_20_diff1": -0.049774,
        "nauc_ndcg_at_100_max": 0.444894,
        "nauc_ndcg_at_100_std": 0.739193,
        "nauc_ndcg_at_100_diff1": -0.100359,
        "nauc_ndcg_at_1000_max": 0.494042,
        "nauc_ndcg_at_1000_std": 0.690489,
        "nauc_ndcg_at_1000_diff1": -0.049532,
        "nauc_map_at_1_max": 0.189463,
        "nauc_map_at_1_std": 0.054955,
        "nauc_map_at_1_diff1": 0.087835,
        "nauc_map_at_3_max": 0.167512,
        "nauc_map_at_3_std": 0.193366,
        "nauc_map_at_3_diff1": 0.049024,
        "nauc_map_at_5_max": 0.238603,
        "nauc_map_at_5_std": 0.310971,
        "nauc_map_at_5_diff1": 0.033718,
        "nauc_map_at_10_max": 0.357072,
        "nauc_map_at_10_std": 0.427995,
        "nauc_map_at_10_diff1": 0.036999,
        "nauc_map_at_20_max": 0.350398,
        "nauc_map_at_20_std": 0.494739,
        "nauc_map_at_20_diff1": 0.004105,
        "nauc_map_at_100_max": 0.466022,
        "nauc_map_at_100_std": 0.7245,
        "nauc_map_at_100_diff1": -0.089107,
        "nauc_map_at_1000_max": 0.494904,
        "nauc_map_at_1000_std": 0.745334,
        "nauc_map_at_1000_diff1": -0.100777,
        "nauc_recall_at_1_max": 0.189463,
        "nauc_recall_at_1_std": 0.054955,
        "nauc_recall_at_1_diff1": 0.087835,
        "nauc_recall_at_3_max": 0.158518,
        "nauc_recall_at_3_std": 0.185132,
        "nauc_recall_at_3_diff1": 0.041381,
        "nauc_recall_at_5_max": 0.224725,
        "nauc_recall_at_5_std": 0.252638,
        "nauc_recall_at_5_diff1": 0.084077,
        "nauc_recall_at_10_max": 0.329338,
        "nauc_recall_at_10_std": 0.298625,
        "nauc_recall_at_10_diff1": 0.109807,
        "nauc_recall_at_20_max": 0.272884,
        "nauc_recall_at_20_std": 0.352749,
        "nauc_recall_at_20_diff1": 0.065282,
        "nauc_recall_at_100_max": 0.409321,
        "nauc_recall_at_100_std": 0.587919,
        "nauc_recall_at_100_diff1": -0.018285,
        "nauc_recall_at_1000_max": 0.457779,
        "nauc_recall_at_1000_std": 0.632199,
        "nauc_recall_at_1000_diff1": -0.045908,
        "nauc_precision_at_1_max": 0.504693,
        "nauc_precision_at_1_std": 0.601915,
        "nauc_precision_at_1_diff1": -0.018506,
        "nauc_precision_at_3_max": 0.380722,
        "nauc_precision_at_3_std": 0.561104,
        "nauc_precision_at_3_diff1": -0.07622,
        "nauc_precision_at_5_max": 0.377279,
        "nauc_precision_at_5_std": 0.576651,
        "nauc_precision_at_5_diff1": -0.031863,
        "nauc_precision_at_10_max": 0.472881,
        "nauc_precision_at_10_std": 0.667729,
        "nauc_precision_at_10_diff1": -0.016313,
        "nauc_precision_at_20_max": 0.440123,
        "nauc_precision_at_20_std": 0.698347,
        "nauc_precision_at_20_diff1": -0.049086,
        "nauc_precision_at_100_max": 0.456903,
        "nauc_precision_at_100_std": 0.750118,
        "nauc_precision_at_100_diff1": -0.098045,
        "nauc_precision_at_1000_max": 0.387624,
        "nauc_precision_at_1000_std": 0.602922,
        "nauc_precision_at_1000_diff1": -0.13409,
        "nauc_mrr_at_1_max": 0.504693,
        "nauc_mrr_at_1_std": 0.601915,
        "nauc_mrr_at_1_diff1": -0.018506,
        "nauc_mrr_at_3_max": 0.558058,
        "nauc_mrr_at_3_std": 0.657668,
        "nauc_mrr_at_3_diff1": -0.087521,
        "nauc_mrr_at_5_max": 0.545255,
        "nauc_mrr_at_5_std": 0.647963,
        "nauc_mrr_at_5_diff1": -0.045971,
        "nauc_mrr_at_10_max": 0.545104,
        "nauc_mrr_at_10_std": 0.641975,
        "nauc_mrr_at_10_diff1": -0.043839,
        "nauc_mrr_at_20_max": 0.545104,
        "nauc_mrr_at_20_std": 0.641975,
        "nauc_mrr_at_20_diff1": -0.043839,
        "nauc_mrr_at_100_max": 0.545104,
        "nauc_mrr_at_100_std": 0.641975,
        "nauc_mrr_at_100_diff1": -0.043839,
        "nauc_mrr_at_1000_max": 0.545104,
        "nauc_mrr_at_1000_std": 0.641975,
        "nauc_mrr_at_1000_diff1": -0.043839,
        "main_score": 0.49689,
        "hf_subset": "default",
        "languages": [
          "eng-Latn"
        ]
      }
    ]
  },
  "evaluation_time": 1233.8749787807465,
  "kg_co2_emissions": null
}