{
  "dataset_revision": "f22508f96b7a36c2415181ed8bb76f76e04ae2d5",
  "task_name": "AppsRetrieval",
  "mteb_version": "1.34.8",
  "scores": {
    "test": [
      {
        "ndcg_at_1": 0.03533,
        "ndcg_at_3": 0.05013,
        "ndcg_at_5": 0.05402,
        "ndcg_at_10": 0.05991,
        "ndcg_at_20": 0.06566,
        "ndcg_at_100": 0.08087,
        "ndcg_at_1000": 0.11133,
        "map_at_1": 0.03533,
        "map_at_3": 0.04644,
        "map_at_5": 0.04857,
        "map_at_10": 0.05103,
        "map_at_20": 0.05263,
        "map_at_100": 0.05452,
        "map_at_1000": 0.05541,
        "recall_at_1": 0.03533,
        "recall_at_3": 0.06082,
        "recall_at_5": 0.07039,
        "recall_at_10": 0.08845,
        "recall_at_20": 0.11102,
        "recall_at_100": 0.19628,
        "recall_at_1000": 0.45153,
        "precision_at_1": 0.03533,
        "precision_at_3": 0.02027,
        "precision_at_5": 0.01408,
        "precision_at_10": 0.00884,
        "precision_at_20": 0.00555,
        "precision_at_100": 0.00196,
        "precision_at_1000": 0.00045,
        "mrr_at_1": 0.03506,
        "mrr_at_3": 0.046348,
        "mrr_at_5": 0.048486,
        "mrr_at_10": 0.050941,
        "mrr_at_20": 0.052543,
        "mrr_at_100": 0.05443,
        "mrr_at_1000": 0.055317,
        "nauc_ndcg_at_1_max": 0.410866,
        "nauc_ndcg_at_1_std": 0.042682,
        "nauc_ndcg_at_1_diff1": 0.38816,
        "nauc_ndcg_at_3_max": 0.337556,
        "nauc_ndcg_at_3_std": 0.026819,
        "nauc_ndcg_at_3_diff1": 0.287688,
        "nauc_ndcg_at_5_max": 0.332077,
        "nauc_ndcg_at_5_std": 0.041299,
        "nauc_ndcg_at_5_diff1": 0.258393,
        "nauc_ndcg_at_10_max": 0.324103,
        "nauc_ndcg_at_10_std": 0.045873,
        "nauc_ndcg_at_10_diff1": 0.25049,
        "nauc_ndcg_at_20_max": 0.314656,
        "nauc_ndcg_at_20_std": 0.052644,
        "nauc_ndcg_at_20_diff1": 0.23742,
        "nauc_ndcg_at_100_max": 0.290242,
        "nauc_ndcg_at_100_std": 0.07479,
        "nauc_ndcg_at_100_diff1": 0.198427,
        "nauc_ndcg_at_1000_max": 0.275189,
        "nauc_ndcg_at_1000_std": 0.096698,
        "nauc_ndcg_at_1000_diff1": 0.17256,
        "nauc_map_at_1_max": 0.410866,
        "nauc_map_at_1_std": 0.042682,
        "nauc_map_at_1_diff1": 0.38816,
        "nauc_map_at_3_max": 0.353371,
        "nauc_map_at_3_std": 0.030186,
        "nauc_map_at_3_diff1": 0.308134,
        "nauc_map_at_5_max": 0.349603,
        "nauc_map_at_5_std": 0.039158,
        "nauc_map_at_5_diff1": 0.289281,
        "nauc_map_at_10_max": 0.344939,
        "nauc_map_at_10_std": 0.041749,
        "nauc_map_at_10_diff1": 0.283262,
        "nauc_map_at_20_max": 0.340901,
        "nauc_map_at_20_std": 0.044151,
        "nauc_map_at_20_diff1": 0.277901,
        "nauc_map_at_100_max": 0.335288,
        "nauc_map_at_100_std": 0.048077,
        "nauc_map_at_100_diff1": 0.269715,
        "nauc_map_at_1000_max": 0.334407,
        "nauc_map_at_1000_std": 0.049495,
        "nauc_map_at_1000_diff1": 0.268057,
        "nauc_recall_at_1_max": 0.410866,
        "nauc_recall_at_1_std": 0.042682,
        "nauc_recall_at_1_diff1": 0.38816,
        "nauc_recall_at_3_max": 0.301967,
        "nauc_recall_at_3_std": 0.019257,
        "nauc_recall_at_3_diff1": 0.242008,
        "nauc_recall_at_5_max": 0.295706,
        "nauc_recall_at_5_std": 0.04674,
        "nauc_recall_at_5_diff1": 0.193261,
        "nauc_recall_at_10_max": 0.286235,
        "nauc_recall_at_10_std": 0.054344,
        "nauc_recall_at_10_diff1": 0.192124,
        "nauc_recall_at_20_max": 0.271366,
        "nauc_recall_at_20_std": 0.068982,
        "nauc_recall_at_20_diff1": 0.171427,
        "nauc_recall_at_100_max": 0.227674,
        "nauc_recall_at_100_std": 0.120875,
        "nauc_recall_at_100_diff1": 0.096682,
        "nauc_recall_at_1000_max": 0.192259,
        "nauc_recall_at_1000_std": 0.178694,
        "nauc_recall_at_1000_diff1": 0.036002,
        "nauc_precision_at_1_max": 0.410866,
        "nauc_precision_at_1_std": 0.042682,
        "nauc_precision_at_1_diff1": 0.38816,
        "nauc_precision_at_3_max": 0.301967,
        "nauc_precision_at_3_std": 0.019257,
        "nauc_precision_at_3_diff1": 0.242008,
        "nauc_precision_at_5_max": 0.295706,
        "nauc_precision_at_5_std": 0.04674,
        "nauc_precision_at_5_diff1": 0.193261,
        "nauc_precision_at_10_max": 0.286235,
        "nauc_precision_at_10_std": 0.054344,
        "nauc_precision_at_10_diff1": 0.192124,
        "nauc_precision_at_20_max": 0.271366,
        "nauc_precision_at_20_std": 0.068982,
        "nauc_precision_at_20_diff1": 0.171427,
        "nauc_precision_at_100_max": 0.227674,
        "nauc_precision_at_100_std": 0.120875,
        "nauc_precision_at_100_diff1": 0.096682,
        "nauc_precision_at_1000_max": 0.192259,
        "nauc_precision_at_1000_std": 0.178694,
        "nauc_precision_at_1000_diff1": 0.036002,
        "nauc_mrr_at_1_max": 0.414514,
        "nauc_mrr_at_1_std": 0.04226,
        "nauc_mrr_at_1_diff1": 0.395457,
        "nauc_mrr_at_3_max": 0.354181,
        "nauc_mrr_at_3_std": 0.030056,
        "nauc_mrr_at_3_diff1": 0.309892,
        "nauc_mrr_at_5_max": 0.350371,
        "nauc_mrr_at_5_std": 0.03905,
        "nauc_mrr_at_5_diff1": 0.290928,
        "nauc_mrr_at_10_max": 0.345661,
        "nauc_mrr_at_10_std": 0.04165,
        "nauc_mrr_at_10_diff1": 0.284819,
        "nauc_mrr_at_20_max": 0.341597,
        "nauc_mrr_at_20_std": 0.044059,
        "nauc_mrr_at_20_diff1": 0.279408,
        "nauc_mrr_at_100_max": 0.335959,
        "nauc_mrr_at_100_std": 0.047994,
        "nauc_mrr_at_100_diff1": 0.271173,
        "nauc_mrr_at_1000_max": 0.335074,
        "nauc_mrr_at_1000_std": 0.049415,
        "nauc_mrr_at_1000_diff1": 0.269506,
        "main_score": 0.05991,
        "hf_subset": "default",
        "languages": [
          "eng-Latn",
          "python-Code"
        ]
      }
    ]
  },
  "evaluation_time": 41.00801420211792,
  "kg_co2_emissions": null
}