{
  "dataset_revision": "5d958fb6b31055495347724d46431ba41309b03a",
  "task_name": "ChemNQRetrieval",
  "mteb_version": "1.34.8",
  "scores": {
    "test": [
      {
        "ndcg_at_1": 0.40741,
        "ndcg_at_3": 0.46811,
        "ndcg_at_5": 0.52368,
        "ndcg_at_10": 0.58305,
        "ndcg_at_20": 0.58305,
        "ndcg_at_100": 0.61099,
        "ndcg_at_1000": 0.61601,
        "map_at_1": 0.30864,
        "map_at_3": 0.41667,
        "map_at_5": 0.45494,
        "map_at_10": 0.48289,
        "map_at_20": 0.48289,
        "map_at_100": 0.48838,
        "map_at_1000": 0.4886,
        "recall_at_1": 0.30864,
        "recall_at_3": 0.53086,
        "recall_at_5": 0.65432,
        "recall_at_10": 0.82099,
        "recall_at_20": 0.82099,
        "recall_at_100": 0.96296,
        "recall_at_1000": 1.0,
        "precision_at_1": 0.40741,
        "precision_at_3": 0.22222,
        "precision_at_5": 0.17037,
        "precision_at_10": 0.10741,
        "precision_at_20": 0.0537,
        "precision_at_100": 0.01259,
        "precision_at_1000": 0.0013,
        "mrr_at_1": 0.407407,
        "mrr_at_3": 0.512346,
        "mrr_at_5": 0.529012,
        "mrr_at_10": 0.551279,
        "mrr_at_20": 0.551279,
        "mrr_at_100": 0.553319,
        "mrr_at_1000": 0.553542,
        "nauc_ndcg_at_1_max": 0.172429,
        "nauc_ndcg_at_1_std": 0.241899,
        "nauc_ndcg_at_1_diff1": 0.329415,
        "nauc_ndcg_at_3_max": 0.22154,
        "nauc_ndcg_at_3_std": 0.286007,
        "nauc_ndcg_at_3_diff1": 0.250716,
        "nauc_ndcg_at_5_max": 0.304208,
        "nauc_ndcg_at_5_std": 0.309131,
        "nauc_ndcg_at_5_diff1": 0.259726,
        "nauc_ndcg_at_10_max": 0.36764,
        "nauc_ndcg_at_10_std": 0.292988,
        "nauc_ndcg_at_10_diff1": 0.282018,
        "nauc_ndcg_at_20_max": 0.36764,
        "nauc_ndcg_at_20_std": 0.292988,
        "nauc_ndcg_at_20_diff1": 0.282018,
        "nauc_ndcg_at_100_max": 0.318147,
        "nauc_ndcg_at_100_std": 0.275086,
        "nauc_ndcg_at_100_diff1": 0.291361,
        "nauc_ndcg_at_1000_max": 0.31731,
        "nauc_ndcg_at_1000_std": 0.284657,
        "nauc_ndcg_at_1000_diff1": 0.27631,
        "nauc_map_at_1_max": 0.247813,
        "nauc_map_at_1_std": 0.288376,
        "nauc_map_at_1_diff1": 0.296326,
        "nauc_map_at_3_max": 0.231435,
        "nauc_map_at_3_std": 0.27648,
        "nauc_map_at_3_diff1": 0.277327,
        "nauc_map_at_5_max": 0.288671,
        "nauc_map_at_5_std": 0.283751,
        "nauc_map_at_5_diff1": 0.275281,
        "nauc_map_at_10_max": 0.315442,
        "nauc_map_at_10_std": 0.276648,
        "nauc_map_at_10_diff1": 0.285603,
        "nauc_map_at_20_max": 0.315442,
        "nauc_map_at_20_std": 0.276648,
        "nauc_map_at_20_diff1": 0.285603,
        "nauc_map_at_100_max": 0.307876,
        "nauc_map_at_100_std": 0.278629,
        "nauc_map_at_100_diff1": 0.283005,
        "nauc_map_at_1000_max": 0.307837,
        "nauc_map_at_1000_std": 0.278981,
        "nauc_map_at_1000_diff1": 0.282448,
        "nauc_recall_at_1_max": 0.247813,
        "nauc_recall_at_1_std": 0.288376,
        "nauc_recall_at_1_diff1": 0.296326,
        "nauc_recall_at_3_max": 0.195792,
        "nauc_recall_at_3_std": 0.312501,
        "nauc_recall_at_3_diff1": 0.178459,
        "nauc_recall_at_5_max": 0.380959,
        "nauc_recall_at_5_std": 0.378328,
        "nauc_recall_at_5_diff1": 0.209568,
        "nauc_recall_at_10_max": 0.673204,
        "nauc_recall_at_10_std": 0.346159,
        "nauc_recall_at_10_diff1": 0.238742,
        "nauc_recall_at_20_max": 0.673204,
        "nauc_recall_at_20_std": 0.346159,
        "nauc_recall_at_20_diff1": 0.238742,
        "nauc_recall_at_100_max": 0.35755,
        "nauc_recall_at_100_std": -0.175564,
        "nauc_recall_at_100_diff1": 1.0,
        "nauc_recall_at_1000_max": NaN,
        "nauc_recall_at_1000_std": NaN,
        "nauc_recall_at_1000_diff1": NaN,
        "nauc_precision_at_1_max": 0.172429,
        "nauc_precision_at_1_std": 0.241899,
        "nauc_precision_at_1_diff1": 0.329415,
        "nauc_precision_at_3_max": 0.196864,
        "nauc_precision_at_3_std": 0.219424,
        "nauc_precision_at_3_diff1": 0.276057,
        "nauc_precision_at_5_max": 0.227404,
        "nauc_precision_at_5_std": 0.141612,
        "nauc_precision_at_5_diff1": 0.190301,
        "nauc_precision_at_10_max": 0.370474,
        "nauc_precision_at_10_std": 0.032874,
        "nauc_precision_at_10_diff1": 0.262602,
        "nauc_precision_at_20_max": 0.370474,
        "nauc_precision_at_20_std": 0.032874,
        "nauc_precision_at_20_diff1": 0.262602,
        "nauc_precision_at_100_max": 0.116683,
        "nauc_precision_at_100_std": -0.082355,
        "nauc_precision_at_100_diff1": 0.240463,
        "nauc_precision_at_1000_max": 0.093766,
        "nauc_precision_at_1000_std": -0.073486,
        "nauc_precision_at_1000_diff1": 0.168198,
        "nauc_mrr_at_1_max": 0.172429,
        "nauc_mrr_at_1_std": 0.241899,
        "nauc_mrr_at_1_diff1": 0.329415,
        "nauc_mrr_at_3_max": 0.187471,
        "nauc_mrr_at_3_std": 0.249266,
        "nauc_mrr_at_3_diff1": 0.243041,
        "nauc_mrr_at_5_max": 0.225775,
        "nauc_mrr_at_5_std": 0.274268,
        "nauc_mrr_at_5_diff1": 0.252823,
        "nauc_mrr_at_10_max": 0.240737,
        "nauc_mrr_at_10_std": 0.26922,
        "nauc_mrr_at_10_diff1": 0.258883,
        "nauc_mrr_at_20_max": 0.240737,
        "nauc_mrr_at_20_std": 0.26922,
        "nauc_mrr_at_20_diff1": 0.258883,
        "nauc_mrr_at_100_max": 0.236945,
        "nauc_mrr_at_100_std": 0.266831,
        "nauc_mrr_at_100_diff1": 0.259985,
        "nauc_mrr_at_1000_max": 0.236857,
        "nauc_mrr_at_1000_std": 0.267153,
        "nauc_mrr_at_1000_diff1": 0.259446,
        "main_score": 0.58305,
        "hf_subset": "default",
        "languages": [
          "eng-Latn"
        ]
      }
    ]
  },
  "evaluation_time": 24.184847831726074,
  "kg_co2_emissions": null
}