{
  "dataset_revision": "4adc7bc41202b5c13543c9c886a25f340634dab3",
  "task_name": "COIRCodeSearchNetRetrieval",
  "mteb_version": "1.34.8",
  "scores": {
    "test": [
      {
        "ndcg_at_1": 0.71973,
        "ndcg_at_3": 0.77671,
        "ndcg_at_5": 0.78784,
        "ndcg_at_10": 0.79826,
        "ndcg_at_20": 0.80512,
        "ndcg_at_100": 0.81366,
        "ndcg_at_1000": 0.81793,
        "map_at_1": 0.71973,
        "map_at_3": 0.76296,
        "map_at_5": 0.76915,
        "map_at_10": 0.77348,
        "map_at_20": 0.77537,
        "map_at_100": 0.77654,
        "map_at_1000": 0.77669,
        "recall_at_1": 0.71973,
        "recall_at_3": 0.8164,
        "recall_at_5": 0.84334,
        "recall_at_10": 0.87545,
        "recall_at_20": 0.90253,
        "recall_at_100": 0.94865,
        "recall_at_1000": 0.98284,
        "precision_at_1": 0.71973,
        "precision_at_3": 0.27213,
        "precision_at_5": 0.16867,
        "precision_at_10": 0.08755,
        "precision_at_20": 0.04513,
        "precision_at_100": 0.00949,
        "precision_at_1000": 0.00098,
        "mrr_at_1": 0.7196,
        "mrr_at_3": 0.762915,
        "mrr_at_5": 0.769089,
        "mrr_at_10": 0.773417,
        "mrr_at_20": 0.775305,
        "mrr_at_100": 0.776481,
        "mrr_at_1000": 0.776632,
        "nauc_ndcg_at_1_max": 0.734984,
        "nauc_ndcg_at_1_std": 0.065744,
        "nauc_ndcg_at_1_diff1": 0.841382,
        "nauc_ndcg_at_3_max": 0.75199,
        "nauc_ndcg_at_3_std": 0.076696,
        "nauc_ndcg_at_3_diff1": 0.815869,
        "nauc_ndcg_at_5_max": 0.753068,
        "nauc_ndcg_at_5_std": 0.084275,
        "nauc_ndcg_at_5_diff1": 0.814496,
        "nauc_ndcg_at_10_max": 0.751662,
        "nauc_ndcg_at_10_std": 0.092297,
        "nauc_ndcg_at_10_diff1": 0.813834,
        "nauc_ndcg_at_20_max": 0.749607,
        "nauc_ndcg_at_20_std": 0.094124,
        "nauc_ndcg_at_20_diff1": 0.812654,
        "nauc_ndcg_at_100_max": 0.750951,
        "nauc_ndcg_at_100_std": 0.096605,
        "nauc_ndcg_at_100_diff1": 0.815305,
        "nauc_ndcg_at_1000_max": 0.750567,
        "nauc_ndcg_at_1000_std": 0.093409,
        "nauc_ndcg_at_1000_diff1": 0.816872,
        "nauc_map_at_1_max": 0.734984,
        "nauc_map_at_1_std": 0.065744,
        "nauc_map_at_1_diff1": 0.841382,
        "nauc_map_at_3_max": 0.747959,
        "nauc_map_at_3_std": 0.073435,
        "nauc_map_at_3_diff1": 0.822601,
        "nauc_map_at_5_max": 0.748471,
        "nauc_map_at_5_std": 0.077253,
        "nauc_map_at_5_diff1": 0.822111,
        "nauc_map_at_10_max": 0.747903,
        "nauc_map_at_10_std": 0.080284,
        "nauc_map_at_10_diff1": 0.822002,
        "nauc_map_at_20_max": 0.747374,
        "nauc_map_at_20_std": 0.080617,
        "nauc_map_at_20_diff1": 0.821764,
        "nauc_map_at_100_max": 0.747562,
        "nauc_map_at_100_std": 0.08096,
        "nauc_map_at_100_diff1": 0.822159,
        "nauc_map_at_1000_max": 0.747551,
        "nauc_map_at_1000_std": 0.080873,
        "nauc_map_at_1000_diff1": 0.822198,
        "nauc_recall_at_1_max": 0.734984,
        "nauc_recall_at_1_std": 0.065744,
        "nauc_recall_at_1_diff1": 0.841382,
        "nauc_recall_at_3_max": 0.765981,
        "nauc_recall_at_3_std": 0.088409,
        "nauc_recall_at_3_diff1": 0.792095,
        "nauc_recall_at_5_max": 0.771207,
        "nauc_recall_at_5_std": 0.114067,
        "nauc_recall_at_5_diff1": 0.783803,
        "nauc_recall_at_10_max": 0.768417,
        "nauc_recall_at_10_std": 0.156951,
        "nauc_recall_at_10_diff1": 0.773665,
        "nauc_recall_at_20_max": 0.757776,
        "nauc_recall_at_20_std": 0.186148,
        "nauc_recall_at_20_diff1": 0.755657,
        "nauc_recall_at_100_max": 0.786785,
        "nauc_recall_at_100_std": 0.306449,
        "nauc_recall_at_100_diff1": 0.749919,
        "nauc_recall_at_1000_max": 0.826657,
        "nauc_recall_at_1000_std": 0.466004,
        "nauc_recall_at_1000_diff1": 0.746548,
        "nauc_precision_at_1_max": 0.734984,
        "nauc_precision_at_1_std": 0.065744,
        "nauc_precision_at_1_diff1": 0.841382,
        "nauc_precision_at_3_max": 0.765981,
        "nauc_precision_at_3_std": 0.088409,
        "nauc_precision_at_3_diff1": 0.792095,
        "nauc_precision_at_5_max": 0.771207,
        "nauc_precision_at_5_std": 0.114067,
        "nauc_precision_at_5_diff1": 0.783803,
        "nauc_precision_at_10_max": 0.768417,
        "nauc_precision_at_10_std": 0.156951,
        "nauc_precision_at_10_diff1": 0.773665,
        "nauc_precision_at_20_max": 0.757776,
        "nauc_precision_at_20_std": 0.186148,
        "nauc_precision_at_20_diff1": 0.755657,
        "nauc_precision_at_100_max": 0.786785,
        "nauc_precision_at_100_std": 0.306449,
        "nauc_precision_at_100_diff1": 0.749919,
        "nauc_precision_at_1000_max": 0.826657,
        "nauc_precision_at_1000_std": 0.466004,
        "nauc_precision_at_1000_diff1": 0.746548,
        "nauc_mrr_at_1_max": 0.734412,
        "nauc_mrr_at_1_std": 0.06548,
        "nauc_mrr_at_1_diff1": 0.841596,
        "nauc_mrr_at_3_max": 0.747657,
        "nauc_mrr_at_3_std": 0.073409,
        "nauc_mrr_at_3_diff1": 0.822746,
        "nauc_mrr_at_5_max": 0.748139,
        "nauc_mrr_at_5_std": 0.077127,
        "nauc_mrr_at_5_diff1": 0.822247,
        "nauc_mrr_at_10_max": 0.747564,
        "nauc_mrr_at_10_std": 0.080156,
        "nauc_mrr_at_10_diff1": 0.82214,
        "nauc_mrr_at_20_max": 0.747032,
        "nauc_mrr_at_20_std": 0.080487,
        "nauc_mrr_at_20_diff1": 0.821903,
        "nauc_mrr_at_100_max": 0.747218,
        "nauc_mrr_at_100_std": 0.080828,
        "nauc_mrr_at_100_diff1": 0.822298,
        "nauc_mrr_at_1000_max": 0.747207,
        "nauc_mrr_at_1000_std": 0.080741,
        "nauc_mrr_at_1000_diff1": 0.822338,
        "main_score": 0.79826,
        "hf_subset": "python",
        "languages": [
          "python-Code"
        ]
      }
    ]
  },
  "evaluation_time": 308.6216547489166,
  "kg_co2_emissions": null
}