{
  "dataset_revision": "27a168819829fe9bcd655c2df245fb19452e8e06",
  "task_name": "FiQA2018",
  "mteb_version": "1.34.8",
  "scores": {
    "test": [
      {
        "ndcg_at_1": 0.44599,
        "ndcg_at_3": 0.42891,
        "ndcg_at_5": 0.44689,
        "ndcg_at_10": 0.47188,
        "ndcg_at_20": 0.49875,
        "ndcg_at_100": 0.5419,
        "ndcg_at_1000": 0.56438,
        "map_at_1": 0.22046,
        "map_at_3": 0.33364,
        "map_at_5": 0.36406,
        "map_at_10": 0.38487,
        "map_at_20": 0.3963,
        "map_at_100": 0.40583,
        "map_at_1000": 0.40727,
        "recall_at_1": 0.22046,
        "recall_at_3": 0.39654,
        "recall_at_5": 0.47455,
        "recall_at_10": 0.55623,
        "recall_at_20": 0.63731,
        "recall_at_100": 0.81093,
        "recall_at_1000": 0.94614,
        "precision_at_1": 0.44599,
        "precision_at_3": 0.29115,
        "precision_at_5": 0.21821,
        "precision_at_10": 0.13302,
        "precision_at_20": 0.07816,
        "precision_at_100": 0.02065,
        "precision_at_1000": 0.00248,
        "mrr_at_1": 0.445988,
        "mrr_at_3": 0.522377,
        "mrr_at_5": 0.539815,
        "mrr_at_10": 0.549276,
        "mrr_at_20": 0.553132,
        "mrr_at_100": 0.556038,
        "mrr_at_1000": 0.556266,
        "nauc_ndcg_at_1_max": 0.48494,
        "nauc_ndcg_at_1_std": -0.035337,
        "nauc_ndcg_at_1_diff1": 0.563653,
        "nauc_ndcg_at_3_max": 0.411711,
        "nauc_ndcg_at_3_std": -0.062897,
        "nauc_ndcg_at_3_diff1": 0.438545,
        "nauc_ndcg_at_5_max": 0.410665,
        "nauc_ndcg_at_5_std": -0.075179,
        "nauc_ndcg_at_5_diff1": 0.445045,
        "nauc_ndcg_at_10_max": 0.408078,
        "nauc_ndcg_at_10_std": -0.066812,
        "nauc_ndcg_at_10_diff1": 0.448788,
        "nauc_ndcg_at_20_max": 0.424532,
        "nauc_ndcg_at_20_std": -0.042932,
        "nauc_ndcg_at_20_diff1": 0.451179,
        "nauc_ndcg_at_100_max": 0.443227,
        "nauc_ndcg_at_100_std": -0.025483,
        "nauc_ndcg_at_100_diff1": 0.452626,
        "nauc_ndcg_at_1000_max": 0.446109,
        "nauc_ndcg_at_1000_std": -0.026636,
        "nauc_ndcg_at_1000_diff1": 0.455885,
        "nauc_map_at_1_max": 0.309212,
        "nauc_map_at_1_std": -0.083945,
        "nauc_map_at_1_diff1": 0.52377,
        "nauc_map_at_3_max": 0.354972,
        "nauc_map_at_3_std": -0.083852,
        "nauc_map_at_3_diff1": 0.451155,
        "nauc_map_at_5_max": 0.377362,
        "nauc_map_at_5_std": -0.086057,
        "nauc_map_at_5_diff1": 0.448381,
        "nauc_map_at_10_max": 0.385582,
        "nauc_map_at_10_std": -0.079484,
        "nauc_map_at_10_diff1": 0.439839,
        "nauc_map_at_20_max": 0.395522,
        "nauc_map_at_20_std": -0.069143,
        "nauc_map_at_20_diff1": 0.440869,
        "nauc_map_at_100_max": 0.401493,
        "nauc_map_at_100_std": -0.065363,
        "nauc_map_at_100_diff1": 0.441973,
        "nauc_map_at_1000_max": 0.402153,
        "nauc_map_at_1000_std": -0.065109,
        "nauc_map_at_1000_diff1": 0.442092,
        "nauc_recall_at_1_max": 0.309212,
        "nauc_recall_at_1_std": -0.083945,
        "nauc_recall_at_1_diff1": 0.52377,
        "nauc_recall_at_3_max": 0.29765,
        "nauc_recall_at_3_std": -0.08342,
        "nauc_recall_at_3_diff1": 0.371288,
        "nauc_recall_at_5_max": 0.305781,
        "nauc_recall_at_5_std": -0.096803,
        "nauc_recall_at_5_diff1": 0.349811,
        "nauc_recall_at_10_max": 0.30638,
        "nauc_recall_at_10_std": -0.080707,
        "nauc_recall_at_10_diff1": 0.335421,
        "nauc_recall_at_20_max": 0.334506,
        "nauc_recall_at_20_std": -0.014513,
        "nauc_recall_at_20_diff1": 0.323487,
        "nauc_recall_at_100_max": 0.37238,
        "nauc_recall_at_100_std": 0.088663,
        "nauc_recall_at_100_diff1": 0.281711,
        "nauc_recall_at_1000_max": 0.368206,
        "nauc_recall_at_1000_std": 0.187986,
        "nauc_recall_at_1000_diff1": 0.214825,
        "nauc_precision_at_1_max": 0.48494,
        "nauc_precision_at_1_std": -0.035337,
        "nauc_precision_at_1_diff1": 0.563653,
        "nauc_precision_at_3_max": 0.396876,
        "nauc_precision_at_3_std": -0.016878,
        "nauc_precision_at_3_diff1": 0.275406,
        "nauc_precision_at_5_max": 0.392267,
        "nauc_precision_at_5_std": -0.009244,
        "nauc_precision_at_5_diff1": 0.215836,
        "nauc_precision_at_10_max": 0.366693,
        "nauc_precision_at_10_std": 0.031855,
        "nauc_precision_at_10_diff1": 0.144369,
        "nauc_precision_at_20_max": 0.356984,
        "nauc_precision_at_20_std": 0.101164,
        "nauc_precision_at_20_diff1": 0.102087,
        "nauc_precision_at_100_max": 0.310079,
        "nauc_precision_at_100_std": 0.146923,
        "nauc_precision_at_100_diff1": -0.000285,
        "nauc_precision_at_1000_max": 0.223747,
        "nauc_precision_at_1000_std": 0.138079,
        "nauc_precision_at_1000_diff1": -0.060744,
        "nauc_mrr_at_1_max": 0.48494,
        "nauc_mrr_at_1_std": -0.035337,
        "nauc_mrr_at_1_diff1": 0.563653,
        "nauc_mrr_at_3_max": 0.482198,
        "nauc_mrr_at_3_std": -0.028417,
        "nauc_mrr_at_3_diff1": 0.531838,
        "nauc_mrr_at_5_max": 0.482276,
        "nauc_mrr_at_5_std": -0.030408,
        "nauc_mrr_at_5_diff1": 0.526666,
        "nauc_mrr_at_10_max": 0.484513,
        "nauc_mrr_at_10_std": -0.02774,
        "nauc_mrr_at_10_diff1": 0.530626,
        "nauc_mrr_at_20_max": 0.48456,
        "nauc_mrr_at_20_std": -0.025422,
        "nauc_mrr_at_20_diff1": 0.529671,
        "nauc_mrr_at_100_max": 0.485276,
        "nauc_mrr_at_100_std": -0.024503,
        "nauc_mrr_at_100_diff1": 0.52997,
        "nauc_mrr_at_1000_max": 0.485304,
        "nauc_mrr_at_1000_std": -0.024476,
        "nauc_mrr_at_1000_diff1": 0.530098,
        "main_score": 0.47188,
        "hf_subset": "default",
        "languages": [
          "eng-Latn"
        ]
      }
    ]
  },
  "evaluation_time": 108.29819941520691,
  "kg_co2_emissions": null
}