{
  "dataset_revision": "ec0fa4fe99da2ff19ca1214b7966684033a58814",
  "task_name": "NFCorpus",
  "mteb_version": "1.34.8",
  "scores": {
    "test": [
      {
        "ndcg_at_1": 0.41796,
        "ndcg_at_3": 0.35813,
        "ndcg_at_5": 0.33745,
        "ndcg_at_10": 0.31064,
        "ndcg_at_20": 0.29021,
        "ndcg_at_100": 0.28354,
        "ndcg_at_1000": 0.36858,
        "map_at_1": 0.04991,
        "map_at_3": 0.07696,
        "map_at_5": 0.09082,
        "map_at_10": 0.10769,
        "map_at_20": 0.12015,
        "map_at_100": 0.13635,
        "map_at_1000": 0.14918,
        "recall_at_1": 0.04991,
        "recall_at_3": 0.08402,
        "recall_at_5": 0.10807,
        "recall_at_10": 0.14763,
        "recall_at_20": 0.18645,
        "recall_at_100": 0.29533,
        "recall_at_1000": 0.60387,
        "precision_at_1": 0.43344,
        "precision_at_3": 0.33437,
        "precision_at_5": 0.29226,
        "precision_at_10": 0.23158,
        "precision_at_20": 0.17198,
        "precision_at_100": 0.07291,
        "precision_at_1000": 0.0195,
        "mrr_at_1": 0.433437,
        "mrr_at_3": 0.493292,
        "mrr_at_5": 0.504283,
        "mrr_at_10": 0.512756,
        "mrr_at_20": 0.516951,
        "mrr_at_100": 0.519695,
        "mrr_at_1000": 0.520127,
        "nauc_ndcg_at_1_max": 0.519091,
        "nauc_ndcg_at_1_std": 0.208623,
        "nauc_ndcg_at_1_diff1": 0.32052,
        "nauc_ndcg_at_3_max": 0.514175,
        "nauc_ndcg_at_3_std": 0.234429,
        "nauc_ndcg_at_3_diff1": 0.211093,
        "nauc_ndcg_at_5_max": 0.522904,
        "nauc_ndcg_at_5_std": 0.24155,
        "nauc_ndcg_at_5_diff1": 0.208488,
        "nauc_ndcg_at_10_max": 0.520425,
        "nauc_ndcg_at_10_std": 0.283263,
        "nauc_ndcg_at_10_diff1": 0.188329,
        "nauc_ndcg_at_20_max": 0.499709,
        "nauc_ndcg_at_20_std": 0.286177,
        "nauc_ndcg_at_20_diff1": 0.181617,
        "nauc_ndcg_at_100_max": 0.525004,
        "nauc_ndcg_at_100_std": 0.296991,
        "nauc_ndcg_at_100_diff1": 0.234416,
        "nauc_ndcg_at_1000_max": 0.55959,
        "nauc_ndcg_at_1000_std": 0.355084,
        "nauc_ndcg_at_1000_diff1": 0.242451,
        "nauc_map_at_1_max": 0.27399,
        "nauc_map_at_1_std": -0.151748,
        "nauc_map_at_1_diff1": 0.522609,
        "nauc_map_at_3_max": 0.315494,
        "nauc_map_at_3_std": -0.076569,
        "nauc_map_at_3_diff1": 0.407296,
        "nauc_map_at_5_max": 0.338017,
        "nauc_map_at_5_std": -0.047508,
        "nauc_map_at_5_diff1": 0.357255,
        "nauc_map_at_10_max": 0.374939,
        "nauc_map_at_10_std": 0.016409,
        "nauc_map_at_10_diff1": 0.313791,
        "nauc_map_at_20_max": 0.394135,
        "nauc_map_at_20_std": 0.061776,
        "nauc_map_at_20_diff1": 0.287541,
        "nauc_map_at_100_max": 0.427234,
        "nauc_map_at_100_std": 0.127576,
        "nauc_map_at_100_diff1": 0.273389,
        "nauc_map_at_1000_max": 0.440153,
        "nauc_map_at_1000_std": 0.169821,
        "nauc_map_at_1000_diff1": 0.25878,
        "nauc_recall_at_1_max": 0.27399,
        "nauc_recall_at_1_std": -0.151748,
        "nauc_recall_at_1_diff1": 0.522609,
        "nauc_recall_at_3_max": 0.300562,
        "nauc_recall_at_3_std": -0.070156,
        "nauc_recall_at_3_diff1": 0.3754,
        "nauc_recall_at_5_max": 0.311403,
        "nauc_recall_at_5_std": -0.043438,
        "nauc_recall_at_5_diff1": 0.308916,
        "nauc_recall_at_10_max": 0.311377,
        "nauc_recall_at_10_std": 0.029077,
        "nauc_recall_at_10_diff1": 0.249282,
        "nauc_recall_at_20_max": 0.30025,
        "nauc_recall_at_20_std": 0.067755,
        "nauc_recall_at_20_diff1": 0.192349,
        "nauc_recall_at_100_max": 0.297775,
        "nauc_recall_at_100_std": 0.145418,
        "nauc_recall_at_100_diff1": 0.180098,
        "nauc_recall_at_1000_max": 0.247449,
        "nauc_recall_at_1000_std": 0.19269,
        "nauc_recall_at_1000_diff1": 0.113516,
        "nauc_precision_at_1_max": 0.532738,
        "nauc_precision_at_1_std": 0.20295,
        "nauc_precision_at_1_diff1": 0.337345,
        "nauc_precision_at_3_max": 0.496815,
        "nauc_precision_at_3_std": 0.284984,
        "nauc_precision_at_3_diff1": 0.101802,
        "nauc_precision_at_5_max": 0.493281,
        "nauc_precision_at_5_std": 0.310404,
        "nauc_precision_at_5_diff1": 0.064275,
        "nauc_precision_at_10_max": 0.477676,
        "nauc_precision_at_10_std": 0.417025,
        "nauc_precision_at_10_diff1": -0.014734,
        "nauc_precision_at_20_max": 0.416902,
        "nauc_precision_at_20_std": 0.451863,
        "nauc_precision_at_20_diff1": -0.056697,
        "nauc_precision_at_100_max": 0.338916,
        "nauc_precision_at_100_std": 0.500535,
        "nauc_precision_at_100_diff1": -0.077402,
        "nauc_precision_at_1000_max": 0.205244,
        "nauc_precision_at_1000_std": 0.435165,
        "nauc_precision_at_1000_diff1": -0.125731,
        "nauc_mrr_at_1_max": 0.532738,
        "nauc_mrr_at_1_std": 0.20295,
        "nauc_mrr_at_1_diff1": 0.337345,
        "nauc_mrr_at_3_max": 0.573114,
        "nauc_mrr_at_3_std": 0.263083,
        "nauc_mrr_at_3_diff1": 0.306842,
        "nauc_mrr_at_5_max": 0.5796,
        "nauc_mrr_at_5_std": 0.26894,
        "nauc_mrr_at_5_diff1": 0.312373,
        "nauc_mrr_at_10_max": 0.587456,
        "nauc_mrr_at_10_std": 0.28269,
        "nauc_mrr_at_10_diff1": 0.31736,
        "nauc_mrr_at_20_max": 0.586855,
        "nauc_mrr_at_20_std": 0.283122,
        "nauc_mrr_at_20_diff1": 0.314946,
        "nauc_mrr_at_100_max": 0.586517,
        "nauc_mrr_at_100_std": 0.282951,
        "nauc_mrr_at_100_diff1": 0.315996,
        "nauc_mrr_at_1000_max": 0.586224,
        "nauc_mrr_at_1000_std": 0.282496,
        "nauc_mrr_at_1000_diff1": 0.315966,
        "main_score": 0.31064,
        "hf_subset": "default",
        "languages": [
          "eng-Latn"
        ]
      }
    ]
  },
  "evaluation_time": 14.47629690170288,
  "kg_co2_emissions": null
}