{
  "dataset_revision": "f8c2fcf00f625baaa80f62ec5bd9e1fff3b8ae88",
  "task_name": "SCIDOCS",
  "mteb_version": "1.34.8",
  "scores": {
    "test": [
      {
        "ndcg_at_1": 0.226,
        "ndcg_at_3": 0.17446,
        "ndcg_at_5": 0.15071,
        "ndcg_at_10": 0.178,
        "ndcg_at_20": 0.20227,
        "ndcg_at_100": 0.24744,
        "ndcg_at_1000": 0.29728,
        "map_at_1": 0.04568,
        "map_at_3": 0.07845,
        "map_at_5": 0.09248,
        "map_at_10": 0.10604,
        "map_at_20": 0.11428,
        "map_at_100": 0.12304,
        "map_at_1000": 0.12563,
        "recall_at_1": 0.04568,
        "recall_at_3": 0.09715,
        "recall_at_5": 0.1312,
        "recall_at_10": 0.18073,
        "recall_at_20": 0.23807,
        "recall_at_100": 0.38388,
        "recall_at_1000": 0.62873,
        "precision_at_1": 0.226,
        "precision_at_3": 0.15933,
        "precision_at_5": 0.1292,
        "precision_at_10": 0.0892,
        "precision_at_20": 0.0587,
        "precision_at_100": 0.01894,
        "precision_at_1000": 0.00309,
        "mrr_at_1": 0.226,
        "mrr_at_3": 0.288,
        "mrr_at_5": 0.3051,
        "mrr_at_10": 0.317862,
        "mrr_at_20": 0.32465,
        "mrr_at_100": 0.328677,
        "mrr_at_1000": 0.329422,
        "nauc_ndcg_at_1_max": 0.213296,
        "nauc_ndcg_at_1_std": 0.004608,
        "nauc_ndcg_at_1_diff1": 0.215983,
        "nauc_ndcg_at_3_max": 0.26148,
        "nauc_ndcg_at_3_std": 0.037321,
        "nauc_ndcg_at_3_diff1": 0.176221,
        "nauc_ndcg_at_5_max": 0.295502,
        "nauc_ndcg_at_5_std": 0.057427,
        "nauc_ndcg_at_5_diff1": 0.180708,
        "nauc_ndcg_at_10_max": 0.310715,
        "nauc_ndcg_at_10_std": 0.081495,
        "nauc_ndcg_at_10_diff1": 0.178498,
        "nauc_ndcg_at_20_max": 0.330069,
        "nauc_ndcg_at_20_std": 0.116891,
        "nauc_ndcg_at_20_diff1": 0.173809,
        "nauc_ndcg_at_100_max": 0.361956,
        "nauc_ndcg_at_100_std": 0.166723,
        "nauc_ndcg_at_100_diff1": 0.173749,
        "nauc_ndcg_at_1000_max": 0.364199,
        "nauc_ndcg_at_1000_std": 0.188001,
        "nauc_ndcg_at_1000_diff1": 0.166894,
        "nauc_map_at_1_max": 0.213456,
        "nauc_map_at_1_std": 0.003393,
        "nauc_map_at_1_diff1": 0.21687,
        "nauc_map_at_3_max": 0.250587,
        "nauc_map_at_3_std": 0.023933,
        "nauc_map_at_3_diff1": 0.170226,
        "nauc_map_at_5_max": 0.286187,
        "nauc_map_at_5_std": 0.039377,
        "nauc_map_at_5_diff1": 0.177586,
        "nauc_map_at_10_max": 0.298429,
        "nauc_map_at_10_std": 0.054205,
        "nauc_map_at_10_diff1": 0.179734,
        "nauc_map_at_20_max": 0.309357,
        "nauc_map_at_20_std": 0.073722,
        "nauc_map_at_20_diff1": 0.175357,
        "nauc_map_at_100_max": 0.324085,
        "nauc_map_at_100_std": 0.094133,
        "nauc_map_at_100_diff1": 0.175305,
        "nauc_map_at_1000_max": 0.325205,
        "nauc_map_at_1000_std": 0.097736,
        "nauc_map_at_1000_diff1": 0.17463,
        "nauc_recall_at_1_max": 0.213456,
        "nauc_recall_at_1_std": 0.003393,
        "nauc_recall_at_1_diff1": 0.21687,
        "nauc_recall_at_3_max": 0.273613,
        "nauc_recall_at_3_std": 0.052616,
        "nauc_recall_at_3_diff1": 0.151339,
        "nauc_recall_at_5_max": 0.319676,
        "nauc_recall_at_5_std": 0.081289,
        "nauc_recall_at_5_diff1": 0.159335,
        "nauc_recall_at_10_max": 0.330945,
        "nauc_recall_at_10_std": 0.122068,
        "nauc_recall_at_10_diff1": 0.150807,
        "nauc_recall_at_20_max": 0.356517,
        "nauc_recall_at_20_std": 0.191452,
        "nauc_recall_at_20_diff1": 0.135586,
        "nauc_recall_at_100_max": 0.392786,
        "nauc_recall_at_100_std": 0.291117,
        "nauc_recall_at_100_diff1": 0.122715,
        "nauc_recall_at_1000_max": 0.352804,
        "nauc_recall_at_1000_std": 0.35303,
        "nauc_recall_at_1000_diff1": 0.071579,
        "nauc_precision_at_1_max": 0.213296,
        "nauc_precision_at_1_std": 0.004608,
        "nauc_precision_at_1_diff1": 0.215983,
        "nauc_precision_at_3_max": 0.271268,
        "nauc_precision_at_3_std": 0.049155,
        "nauc_precision_at_3_diff1": 0.153211,
        "nauc_precision_at_5_max": 0.319459,
        "nauc_precision_at_5_std": 0.079711,
        "nauc_precision_at_5_diff1": 0.161881,
        "nauc_precision_at_10_max": 0.330139,
        "nauc_precision_at_10_std": 0.120441,
        "nauc_precision_at_10_diff1": 0.15365,
        "nauc_precision_at_20_max": 0.354605,
        "nauc_precision_at_20_std": 0.189119,
        "nauc_precision_at_20_diff1": 0.13864,
        "nauc_precision_at_100_max": 0.391167,
        "nauc_precision_at_100_std": 0.289102,
        "nauc_precision_at_100_diff1": 0.126547,
        "nauc_precision_at_1000_max": 0.346554,
        "nauc_precision_at_1000_std": 0.347453,
        "nauc_precision_at_1000_diff1": 0.073565,
        "nauc_mrr_at_1_max": 0.213296,
        "nauc_mrr_at_1_std": 0.004608,
        "nauc_mrr_at_1_diff1": 0.215983,
        "nauc_mrr_at_3_max": 0.258186,
        "nauc_mrr_at_3_std": 0.041967,
        "nauc_mrr_at_3_diff1": 0.201282,
        "nauc_mrr_at_5_max": 0.266525,
        "nauc_mrr_at_5_std": 0.051408,
        "nauc_mrr_at_5_diff1": 0.200901,
        "nauc_mrr_at_10_max": 0.266552,
        "nauc_mrr_at_10_std": 0.057558,
        "nauc_mrr_at_10_diff1": 0.196324,
        "nauc_mrr_at_20_max": 0.268983,
        "nauc_mrr_at_20_std": 0.061152,
        "nauc_mrr_at_20_diff1": 0.196746,
        "nauc_mrr_at_100_max": 0.268334,
        "nauc_mrr_at_100_std": 0.061327,
        "nauc_mrr_at_100_diff1": 0.196387,
        "nauc_mrr_at_1000_max": 0.268137,
        "nauc_mrr_at_1000_std": 0.061025,
        "nauc_mrr_at_1000_diff1": 0.196537,
        "main_score": 0.178,
        "hf_subset": "default",
        "languages": [
          "eng-Latn"
        ]
      }
    ]
  },
  "evaluation_time": 63.69174075126648,
  "kg_co2_emissions": null
}