{
  "dataset_revision": "0228b52cf27578f30900b9e5271d331663a030d7",
  "task_name": "SciFact",
  "mteb_version": "1.34.8",
  "scores": {
    "test": [
      {
        "ndcg_at_1": 0.45333,
        "ndcg_at_3": 0.53435,
        "ndcg_at_5": 0.56522,
        "ndcg_at_10": 0.58595,
        "ndcg_at_20": 0.60856,
        "ndcg_at_100": 0.62496,
        "ndcg_at_1000": 0.63598,
        "map_at_1": 0.43083,
        "map_at_3": 0.5063,
        "map_at_5": 0.52604,
        "map_at_10": 0.5351,
        "map_at_20": 0.54241,
        "map_at_100": 0.54506,
        "map_at_1000": 0.54552,
        "recall_at_1": 0.43083,
        "recall_at_3": 0.58561,
        "recall_at_5": 0.663,
        "recall_at_10": 0.72439,
        "recall_at_20": 0.80922,
        "recall_at_100": 0.89333,
        "recall_at_1000": 0.97833,
        "precision_at_1": 0.45333,
        "precision_at_3": 0.21444,
        "precision_at_5": 0.14867,
        "precision_at_10": 0.08167,
        "precision_at_20": 0.04583,
        "precision_at_100": 0.0102,
        "precision_at_1000": 0.00111,
        "mrr_at_1": 0.453333,
        "mrr_at_3": 0.527222,
        "mrr_at_5": 0.543389,
        "mrr_at_10": 0.551562,
        "mrr_at_20": 0.557105,
        "mrr_at_100": 0.558928,
        "mrr_at_1000": 0.559351,
        "nauc_ndcg_at_1_max": 0.599964,
        "nauc_ndcg_at_1_std": 0.069212,
        "nauc_ndcg_at_1_diff1": 0.708008,
        "nauc_ndcg_at_3_max": 0.560178,
        "nauc_ndcg_at_3_std": 0.042997,
        "nauc_ndcg_at_3_diff1": 0.618019,
        "nauc_ndcg_at_5_max": 0.570424,
        "nauc_ndcg_at_5_std": 0.066527,
        "nauc_ndcg_at_5_diff1": 0.610347,
        "nauc_ndcg_at_10_max": 0.577349,
        "nauc_ndcg_at_10_std": 0.09171,
        "nauc_ndcg_at_10_diff1": 0.593765,
        "nauc_ndcg_at_20_max": 0.588905,
        "nauc_ndcg_at_20_std": 0.119557,
        "nauc_ndcg_at_20_diff1": 0.588421,
        "nauc_ndcg_at_100_max": 0.593964,
        "nauc_ndcg_at_100_std": 0.120087,
        "nauc_ndcg_at_100_diff1": 0.605907,
        "nauc_ndcg_at_1000_max": 0.591207,
        "nauc_ndcg_at_1000_std": 0.107565,
        "nauc_ndcg_at_1000_diff1": 0.60913,
        "nauc_map_at_1_max": 0.552434,
        "nauc_map_at_1_std": -0.000467,
        "nauc_map_at_1_diff1": 0.708032,
        "nauc_map_at_3_max": 0.551042,
        "nauc_map_at_3_std": 0.022802,
        "nauc_map_at_3_diff1": 0.637904,
        "nauc_map_at_5_max": 0.565295,
        "nauc_map_at_5_std": 0.043957,
        "nauc_map_at_5_diff1": 0.633453,
        "nauc_map_at_10_max": 0.569048,
        "nauc_map_at_10_std": 0.055553,
        "nauc_map_at_10_diff1": 0.626632,
        "nauc_map_at_20_max": 0.57447,
        "nauc_map_at_20_std": 0.065472,
        "nauc_map_at_20_diff1": 0.625348,
        "nauc_map_at_100_max": 0.576203,
        "nauc_map_at_100_std": 0.066737,
        "nauc_map_at_100_diff1": 0.628053,
        "nauc_map_at_1000_max": 0.576251,
        "nauc_map_at_1000_std": 0.066361,
        "nauc_map_at_1000_diff1": 0.628303,
        "nauc_recall_at_1_max": 0.552434,
        "nauc_recall_at_1_std": -0.000467,
        "nauc_recall_at_1_diff1": 0.708032,
        "nauc_recall_at_3_max": 0.512338,
        "nauc_recall_at_3_std": 0.017976,
        "nauc_recall_at_3_diff1": 0.553891,
        "nauc_recall_at_5_max": 0.543407,
        "nauc_recall_at_5_std": 0.087958,
        "nauc_recall_at_5_diff1": 0.519027,
        "nauc_recall_at_10_max": 0.550159,
        "nauc_recall_at_10_std": 0.170083,
        "nauc_recall_at_10_diff1": 0.437321,
        "nauc_recall_at_20_max": 0.597855,
        "nauc_recall_at_20_std": 0.345858,
        "nauc_recall_at_20_diff1": 0.354513,
        "nauc_recall_at_100_max": 0.677306,
        "nauc_recall_at_100_std": 0.479981,
        "nauc_recall_at_100_diff1": 0.460454,
        "nauc_recall_at_1000_max": 0.633592,
        "nauc_recall_at_1000_std": 0.616857,
        "nauc_recall_at_1000_diff1": 0.118293,
        "nauc_precision_at_1_max": 0.599964,
        "nauc_precision_at_1_std": 0.069212,
        "nauc_precision_at_1_diff1": 0.708008,
        "nauc_precision_at_3_max": 0.560119,
        "nauc_precision_at_3_std": 0.157399,
        "nauc_precision_at_3_diff1": 0.449577,
        "nauc_precision_at_5_max": 0.548622,
        "nauc_precision_at_5_std": 0.262256,
        "nauc_precision_at_5_diff1": 0.32734,
        "nauc_precision_at_10_max": 0.541739,
        "nauc_precision_at_10_std": 0.358879,
        "nauc_precision_at_10_diff1": 0.218438,
        "nauc_precision_at_20_max": 0.52718,
        "nauc_precision_at_20_std": 0.486966,
        "nauc_precision_at_20_diff1": 0.086383,
        "nauc_precision_at_100_max": 0.441254,
        "nauc_precision_at_100_std": 0.515486,
        "nauc_precision_at_100_diff1": 0.030855,
        "nauc_precision_at_1000_max": 0.345706,
        "nauc_precision_at_1000_std": 0.529079,
        "nauc_precision_at_1000_diff1": -0.153711,
        "nauc_mrr_at_1_max": 0.599964,
        "nauc_mrr_at_1_std": 0.069212,
        "nauc_mrr_at_1_diff1": 0.708008,
        "nauc_mrr_at_3_max": 0.585815,
        "nauc_mrr_at_3_std": 0.078718,
        "nauc_mrr_at_3_diff1": 0.642539,
        "nauc_mrr_at_5_max": 0.590795,
        "nauc_mrr_at_5_std": 0.090021,
        "nauc_mrr_at_5_diff1": 0.638322,
        "nauc_mrr_at_10_max": 0.594006,
        "nauc_mrr_at_10_std": 0.099654,
        "nauc_mrr_at_10_diff1": 0.633395,
        "nauc_mrr_at_20_max": 0.595216,
        "nauc_mrr_at_20_std": 0.10461,
        "nauc_mrr_at_20_diff1": 0.632897,
        "nauc_mrr_at_100_max": 0.59584,
        "nauc_mrr_at_100_std": 0.103881,
        "nauc_mrr_at_100_diff1": 0.635017,
        "nauc_mrr_at_1000_max": 0.595811,
        "nauc_mrr_at_1000_std": 0.103488,
        "nauc_mrr_at_1000_diff1": 0.635268,
        "main_score": 0.58595,
        "hf_subset": "default",
        "languages": [
          "eng-Latn"
        ]
      }
    ]
  },
  "evaluation_time": 18.508866786956787,
  "kg_co2_emissions": null
}